시도,구시,동,단지,거래수,제곱미터당,금액중간,면적중간,건축년도,최근연
경기,가평군,가평읍 달전리,세대넥스빌,11,1635590,145000000,84.8,1996,2026
경기,가평군,가평읍 달전리,신초,4,1559224,102500000,65.6,1993,2026
경기,가평군,가평읍 달전리,유성,4,1224264,71950000,58.8,1993,2026
경기,가평군,가평읍 대곡리,e편한세상가평퍼스트원,46,4452434,320000000,74.8,2023,2026
경기,가평군,가평읍 대곡리,가평자이,31,4824795,295000000,60.0,2023,2026
경기,가평군,가평읍 대곡리,삼성웰타운아파트,2,2410329,200000000,83.0,2019,2026
경기,가평군,가평읍 대곡리,삼익,1,1335492,99000000,74.1,2002,2024
경기,가평군,가평읍 대곡리,썬힐,18,2391279,168500000,74.5,2008,2026
경기,가평군,가평읍 대곡리,우림필유1단지,20,2932862,237500000,84.9,2006,2026
경기,가평군,가평읍 대곡리,우림필유2단지,1,2295082,280000000,122.0,2006,2026
경기,가평군,가평읍 대곡리,태광,7,1107772,70000000,59.5,1992,2025
경기,가평군,가평읍 읍내리,J정동,1,1908424,133000000,69.7,2010,2024
경기,가평군,가평읍 읍내리,가평블루핀,21,2928058,190000000,63.2,2019,2026
경기,가평군,가평읍 읍내리,가평센트럴파크더스카이,22,3719454,234500000,60.0,2022,2026
경기,가평군,가평읍 읍내리,가평코아루,25,3209318,272000000,84.8,2021,2026
경기,가평군,가평읍 읍내리,송안,2,1016961,69000000,67.2,2009,2026
경기,가평군,가평읍 읍내리,에덴,5,967541,62000000,64.1,1991,2026
경기,가평군,가평읍 읍내리,에이원파란채,27,2059138,175000000,85.0,2007,2026
경기,가평군,가평읍 읍내리,에코,2,1785485,132500000,74.0,2014,2026
경기,가평군,가평읍 읍내리,에코아파트2차,1,2058601,163000000,79.2,2016,2026
경기,가평군,가평읍 읍내리,정명힐탑빌라라동,2,894166,61000000,68.2,1991,2026
경기,가평군,가평읍 읍내리,제이정동101동,2,1500509,88500000,59.0,2012,2026
경기,가평군,가평읍 읍내리,준수아파트A동,16,1406048,108500000,85.0,1992,2026
경기,가평군,가평읍 읍내리,준수아파트B동,9,1205394,100000000,83.8,1992,2025
경기,가평군,가평읍 읍내리,중앙,6,1416431,105000000,84.1,1990,2026
경기,가평군,가평읍 읍내리,형진타워,10,1344086,90000000,59.9,1991,2026
경기,가평군,가평읍 읍내리,효신(101동),2,2059550,175000000,85.0,2004,2026
경기,가평군,가평읍 읍내리,힐스테이트가평더뉴클래스,25,4833760,367000000,85.0,2023,2026
경기,가평군,상면 덕현리,청향,3,1413449,235000000,166.3,2011,2026
경기,가평군,설악면 선촌리,북한강코아루,23,3366804,255000000,84.1,2014,2026
경기,가평군,설악면 신천리,디엘본가평설악아파트,28,4141504,340000000,84.9,2025,2026
경기,가평군,설악면 신천리,어젤리아(102동),4,3917973,235000000,60.0,2019,2026
경기,가평군,조종면 현리,임성,3,1142473,68000000,59.5,1994,2026
경기,가평군,조종면 현리,청수1동,2,1875702,180000000,95.9,1998,2026
경기,가평군,청평면 청평리,경남아너스빌,16,2579821,229500000,84.9,2008,2026
경기,가평군,청평면 청평리,로얄,6,2191845,186000000,84.9,2007,2026
경기,가평군,청평면 청평리,이안지안스청평,22,2954017,200500000,70.3,2018,2026
경기,가평군,청평면 청평리,청구,35,2172823,150000000,59.8,1998,2026
경기,가평군,청평면 청평리,청수,10,1438702,105500000,73.3,1992,2026
경기,가평군,청평면 청평리,청일덱스빌(1동),2,1636835,139000000,84.9,2004,2026
경기,가평군,청평면 청평리,청일덱스빌(6동),1,1654455,140000000,84.6,2004,2025
경기,가평군,청평면 청평리,청일덱스빌7동,1,1914975,150000000,78.3,2004,2026
경기,가평군,청평면 청평리,청평삼성쉐르빌,44,2958544,231500000,84.3,2012,2026
경기,가평군,청평면 청평리,청평세양청마루,23,2588540,228000000,85.0,2007,2026
경기,과천시,갈현동,과천르센토데시앙,14,21918414,1950000000,84.6,2023,2026
경기,과천시,갈현동,과천린파밀리에,2,17649135,1500000000,85.0,2024,2026
경기,과천시,갈현동,과천센트레빌아스테리움,10,19358018,1737500000,84.8,2020,2026
경기,과천시,갈현동,과천수자인아파트(13단지),1,22173369,1875000000,84.6,2024,2025
경기,과천시,갈현동,과천푸르지오라비엔오,21,21684995,1880000000,84.9,2021,2026
경기,과천시,갈현동,과천푸르지오벨라르테,15,19064139,1640000000,85.0,2022,2026
경기,과천시,갈현동,과천푸르지오오르투스,29,22008040,1650000000,75.0,2023,2026
경기,과천시,별양동,과천자이,142,28023215,2095000000,84.9,2022,2026
경기,과천시,별양동,과천타워,7,12479921,1025000000,84.6,1997,2026
경기,과천시,별양동,래미안센트럴스위트,51,26680007,1940000000,72.8,2018,2026
경기,과천시,별양동,래미안슈르,24,19332400,1632500000,84.9,2008,2026
경기,과천시,별양동,주공5,47,21709765,2490000000,124.0,1983,2025
경기,과천시,부림동,센트럴파크푸르지오써밋,108,26363817,2100000000,85.0,2020,2026
경기,과천시,부림동,주공8,38,26088743,2060000000,73.0,1983,2026
경기,과천시,부림동,주공9,32,30576576,1700000000,54.5,1982,2026
경기,과천시,원문동,과천위버필드,180,28481272,2100000000,60.0,2021,2026
경기,과천시,원문동,래미안슈르,270,22720316,1775000000,84.9,2008,2026
경기,과천시,중앙동,과천푸르지오써밋,125,28845112,2410000000,84.9,2020,2026
경기,과천시,중앙동,래미안에코팰리스,62,22611337,1845000000,84.9,2007,2026
경기,과천시,중앙동,주공10,19,25648333,3000000000,124.4,1984,2026
경기,광명시,광명동,광명(308-2),1,4348371,347000000,79.8,2004,2024
경기,광명시,광명동,광명동리버빌A동,2,4918424,358000000,73.1,2004,2025
경기,광명시,광명동,광명리버빌B동,1,4595588,275000000,59.8,2004,2025
경기,광명시,광명동,광명센트럴아이파크,1,19073113,941220000,49.3,2025,2026
경기,광명시,광명동,광명신원,19,6837892,420000000,60.0,1998,2026
경기,광명시,광명동,광명아크포레자이위브,467,13569399,810000000,60.0,2021,2026
경기,광명시,광명동,광명제일풍경채,29,8417707,667000000,84.9,2010,2026
경기,광명시,광명동,광명푸르지오센트베르,210,14260094,850000000,59.4,2022,2026
경기,광명시,광명동,광명푸르지오포레나,141,15006178,1075000000,60.0,2023,2026
경기,광명시,광명동,광명한진타운,150,9994114,750000000,85.0,1997,2026
경기,광명시,광명동,광명해모로이연,144,9649329,892500000,85.0,2015,2026
경기,광명시,광명동,광명현대,10,6328735,422500000,72.4,1999,2026
경기,광명시,광명동,금반석시티1차(158-854),1,10333610,810000000,78.4,2003,2025
경기,광명시,광명동,금반석시티2차,3,7074384,583000000,82.4,2003,2026
경기,광명시,광명동,더프라임타워,6,6948208,461500000,66.4,2015,2026
경기,광명시,광명동,상우1차,12,6061121,367500000,59.4,1995,2026
경기,광명시,광명동,상우2차,5,5661642,338000000,59.7,1995,2026
경기,광명시,광명동,상우3차,10,6672749,423500000,67.6,1997,2026
경기,광명시,광명동,성원아파트,6,7891395,405000000,52.8,2022,2026
경기,광명시,광명동,영화,11,4848485,389000000,82.5,1995,2026
경기,광명시,광명동,영화아이닉스,36,7420294,557500000,79.0,2005,2026
경기,광명시,광명동,우림아파트,2,6506072,487500000,74.9,2019,2026
경기,광명시,광명동,우림아파트2차,4,6520654,530000000,81.3,2022,2026
경기,광명시,광명동,월드메르디앙,75,8935518,690000000,84.8,2007,2026
경기,광명시,광명동,유자인,1,6207644,458000000,73.8,2010,2026
경기,광명시,광명동,이성,1,5251977,445000000,84.7,2006,2026
경기,광명시,광명동,중앙하이츠1,78,6332979,411000000,56.5,1993,2026
경기,광명시,광명동,중앙하이츠2,34,5896922,472500000,84.8,1993,2026
경기,광명시,광명동,중앙하이츠3,11,6165521,495000000,84.3,1999,2026
경기,광명시,광명동,트리우스광명(2단지),1,14600259,1240000000,84.9,2024,2025
경기,광명시,광명동,팰리스필,11,7799228,507000000,64.8,2004,2026
경기,광명시,광명동,팰리스필2차(782),32,6887631,557500000,84.9,2007,2026
경기,광명시,광명동,팰리스필3차,8,8231872,492500000,59.6,2022,2026
경기,광명시,광명동,현진에버빌,85,9781398,678000000,59.8,2005,2026
경기,광명시,광명동,호반써밋그랜드에비뉴,6,17208876,1031500000,59.9,2024,2026
경기,광명시,소하동,개운고층,5,4965243,400000000,80.6,1990,2026
경기,광명시,소하동,개운저층,4,4823428,258500000,52.6,1988,2026
경기,광명시,소하동,광명삼익,22,7355027,492500000,59.9,1998,2026
경기,광명시,소하동,광명소하휴먼시아2단지,41,8240748,989000000,119.8,2010,2026
경기,광명시,소하동,광명소하휴먼시아3단지,38,9177178,778500000,84.8,2009,2026
경기,광명시,소하동,광명소하휴먼시아5단지,79,10182460,758000000,84.8,2009,2026
경기,광명시,소하동,광명소하휴먼시아7단지,46,7867466,881000000,119.8,2010,2026
경기,광명시,소하동,광명신촌휴먼시아1단지,90,9470818,790000000,84.5,2010,2026
경기,광명시,소하동,광명역세권휴먼시아3단지,76,9160928,729000000,79.6,2011,2026
경기,광명시,소하동,광명역세권휴먼시아4단지,85,9272468,730000000,84.1,2010,2026
경기,광명시,소하동,광명역세권휴먼시아5단지,24,8045177,884500000,101.5,2011,2026
경기,광명시,소하동,금호어울림,48,7530298,623500000,85.0,2006,2026
경기,광명시,소하동,기아파크빌,2,5532171,92000000,16.6,2012,2026
경기,광명시,소하동,동양메이저1차,22,6902561,585000000,84.9,2000,2026
경기,광명시,소하동,동양메이저2차,78,8119271,691000000,85.0,2003,2026
경기,광명시,소하동,미도1차,5,5015291,410000000,81.8,1990,2026
경기,광명시,소하동,미도3차,12,5786703,352500000,59.8,1994,2026
경기,광명시,소하동,미도아파트2차,15,5480905,353000000,59.7,1993,2026
경기,광명시,소하동,바움캐슬주상복합아파트,4,6336480,394500000,62.3,2017,2025
경기,광명시,소하동,비엔팰리스,4,8201342,427000000,52.0,2019,2026
경기,광명시,소하동,성원아파트,17,5781224,350000000,59.3,1994,2026
경기,광명시,소하동,오덕,2,4208948,239500000,57.0,1990,2026
경기,광명시,소하동,오크팰리스,4,7471805,397500000,56.4,2014,2026
경기,광명시,소하동,우림필유,31,8288334,505000000,59.7,2005,2026
경기,광명시,소하동,윤정하이빌,2,5182054,380000000,73.3,2002,2026
경기,광명시,소하동,현대1,12,5146971,432500000,84.0,1991,2026
경기,광명시,소하동,현대2,10,5182891,439250000,84.8,1992,2026
경기,광명시,일직동,광명역센트럴자이,108,15336931,1210000000,84.9,2018,2026
경기,광명시,일직동,광명역써밋플레이스,153,16420169,1197000000,84.9,2018,2026
경기,광명시,일직동,광명역파크자이,89,14947578,1160000000,84.9,2017,2026
경기,광명시,일직동,광명역푸르지오,68,14821934,1117500000,84.9,2017,2026
경기,광명시,일직동,유-플래닛태영데시앙,152,15281504,1350000000,84.9,2019,2026
경기,광명시,철산동,광명푸르지오,53,11151933,805000000,84.8,2007,2026
경기,광명시,철산동,광복현대,113,7907908,600000000,59.9,1998,2026
경기,광명시,철산동,다나안,4,5514738,320000000,59.9,2018,2026
경기,광명시,철산동,도덕파크타운1단지,170,10007863,700000000,59.8,2002,2026
경기,광명시,철산동,도덕파크타운2단지,342,11076646,540000000,50.0,2001,2026
경기,광명시,철산동,두산위브,144,10023407,709000000,59.8,2007,2026
경기,광명시,철산동,롯데낙천대,69,8876511,655000000,84.2,2005,2026
경기,광명시,철산동,브라운스톤,33,11109241,785000000,84.9,2006,2026
경기,광명시,철산동,브라운스톤2차,53,8863886,750000000,84.6,2007,2026
경기,광명시,철산동,쌍마한신,53,9137984,695000000,65.7,1992,2026
경기,광명시,철산동,우성,96,8535785,637500000,76.2,1990,2026
경기,광명시,철산동,주공12,197,15058427,1025000000,61.4,1986,2026
경기,광명시,철산동,주공13,204,12766402,1093500000,83.5,1986,2026
경기,광명시,철산동,철산래미안자이,240,13956263,1130000000,84.4,2009,2026
경기,광명시,철산동,철산리버빌주공,78,9171538,472500000,49.7,2001,2026
경기,광명시,철산동,철산센트럴푸르지오,89,16836224,1135000000,60.0,2021,2026
경기,광명시,철산동,철산역롯데캐슬&SKVIEW클래스티지,179,17755919,1250000000,60.0,2022,2026
경기,광명시,철산동,철산푸르지오하늘채,141,14117813,1172000000,85.0,2010,2026
경기,광명시,철산동,철산한신,228,8065508,735250000,89.5,1992,2026
경기,광명시,철산동,힐팰리스,2,5653589,495000000,87.6,2008,2026
경기,광명시,하안동,광명 두산위브 트레지움,137,12825627,1090000000,85.0,2009,2026
경기,광명시,하안동,광명현대아파트,33,6242638,510000000,84.9,1995,2026
경기,광명시,하안동,이편한세상센트레빌,388,11732863,996000000,85.0,2010,2026
경기,광명시,하안동,주공1,347,11282334,450000000,41.3,1989,2026
경기,광명시,하안동,주공10,154,9208466,536000000,58.0,1990,2026
경기,광명시,하안동,주공11,105,10169492,415000000,41.3,1990,2026
경기,광명시,하안동,주공12,187,10638298,645000000,59.2,1990,2026
경기,광명시,하안동,주공2,105,9509103,530000000,59.4,1989,2026
경기,광명시,하안동,주공3,156,9173880,400000000,41.3,1989,2026
경기,광명시,하안동,주공4,88,8914136,440000000,45.9,1989,2026
경기,광명시,하안동,주공5,147,8127594,460000000,58.0,1990,2026
경기,광명시,하안동,주공6,104,9842615,382500000,41.3,1990,2026
경기,광명시,하안동,주공7,81,9176629,525000000,58.0,1990,2026
경기,광명시,하안동,주공8(고층),165,10774004,625000000,58.0,1990,2026
경기,광명시,하안동,주공8(저층),15,8257315,687000000,84.4,1990,2026
경기,광명시,하안동,주공9,125,9050164,518000000,58.0,1990,2026
경기,광명시,하안동,하안현대아파트,38,6648999,497500000,84.9,1995,2026
경기,광주시,경안동,경기광주역금호리첸시아,67,8083880,510000000,62.5,2021,2026
경기,광주시,경안동,두진,18,4149960,231500000,49.9,1995,2026
경기,광주시,경안동,푸르지오,27,4506460,315000000,72.6,2002,2026
경기,광주시,경안동,해태,23,5083884,330000000,59.0,2000,2026
경기,광주시,고산동,금호,51,4339504,387000000,84.1,2002,2026
경기,광주시,고산동,더샵오포센트럴포레,199,7860673,645000000,85.0,2022,2026
경기,광주시,고산동,더샵오포센트리체,52,8490090,570000000,68.5,2023,2026
경기,광주시,고산동,오포자이디오브(3단지),7,7532442,640000000,85.0,2024,2026
경기,광주시,고산동,오포자이디오브(4단지),11,8136848,600000000,75.0,2024,2026
경기,광주시,고산동,오포자이오브제,9,7612132,600000000,85.0,2024,2026
경기,광주시,고산동,우림(Lumiart),30,4121984,285000000,71.9,1998,2026
경기,광주시,곤지암읍 곤지암리,삼주노블리제,35,3759983,243000000,59.8,2005,2026
경기,광주시,곤지암읍 곤지암리,쌍용1,28,3324703,282500000,85.0,1998,2026
경기,광주시,곤지암읍 곤지암리,쌍용2,12,2919857,280000000,99.9,2000,2026
경기,광주시,곤지암읍 곤지암리,엘지,10,3531968,247500000,80.6,1997,2026
경기,광주시,곤지암읍 삼리,곤지암킴스빌리지,164,3873141,145000000,35.6,2001,2026
경기,광주시,곤지암읍 삼리,현진에버빌,47,3648518,305000000,85.0,2003,2026
경기,광주시,능평동,능평리금강KCC,15,4588775,390000000,85.0,2004,2026
경기,광주시,능평동,오포롯데캐슬포레스트,22,4976669,592500000,127.9,2009,2026
경기,광주시,능평동,오포베르빌,33,4235498,405000000,85.0,2001,2026
경기,광주시,능평동,오포아이파크,16,4801970,415000000,84.9,2001,2026
경기,광주시,능평동,오포우림필유골드135,12,4578755,702500000,146.5,2008,2026
경기,광주시,도척면 진우리,광주근형심포니,34,2206142,187500000,85.0,2005,2026
경기,광주시,매산동,오포대성,32,2594034,229000000,84.8,2000,2026
경기,광주시,목현동,신일드림빌,24,3543590,300500000,84.8,2002,2026
경기,광주시,문형동,신영프로방스,21,2671236,227000000,85.0,2004,2026
경기,광주시,문형동,오포문형양우내안애,49,3720053,316190000,85.0,2018,2026
경기,광주시,문형동,오포우림퓨전빌,62,2612299,220000000,84.2,2002,2026
경기,광주시,삼동,우남퍼스트빌,27,5759582,489000000,84.9,2004,2026
경기,광주시,삼동,힐스테이트삼동역,49,9098483,668000000,75.6,2023,2026
경기,광주시,송정동,광주행정타운아이파크,35,8118344,695000000,85.0,2024,2026
경기,광주시,송정동,금강펜테리움1단지,30,3725353,347500000,85.0,2010,2026
경기,광주시,송정동,금강펜테리움2단지,25,4001959,360000000,85.0,2010,2026
경기,광주시,송정동,나산,9,4434404,270000000,59.8,1995,2026
경기,광주시,송정동,대주파크빌,18,3212143,273000000,85.0,2005,2026
경기,광주시,송정동,브라운스톤,9,3298217,440000000,137.4,2004,2026
경기,광주시,송정동,송정동현대아이파크,37,4319680,368000000,85.0,2002,2026
경기,광주시,송정동,우림필유,26,4483093,380000000,84.8,2010,2026
경기,광주시,송정동,파라다이스,13,4059253,365000000,85.0,2001,2026
경기,광주시,송정동,파라다이스2단지,26,4609262,313000000,59.6,2001,2026
경기,광주시,신현동,e편한세상오포3차,62,8559348,625000000,79.0,2016,2026
경기,광주시,신현동,e편한세상테라스오포2단지,43,5775850,571000000,116.9,2018,2026
경기,광주시,신현동,e편한세상테라스오포3단지,38,5363289,455000000,84.8,2018,2026
경기,광주시,신현동,e편한세상테라스오포4단지,31,5834787,500000000,84.8,2018,2026
경기,광주시,신현동,신현라온프라이빗,53,7136061,515000000,72.4,2016,2026
경기,광주시,신현동,오포2차e-편한세상,18,7003296,595000000,85.0,2010,2026
경기,광주시,신현동,오포e편한세상,31,5409445,845000000,160.8,2010,2026
경기,광주시,신현동,이편한세상태재1단지,71,7059737,600000000,85.0,2018,2026
경기,광주시,신현동,이편한세상태재2단지,32,7667525,575000000,75.0,2018,2026
경기,광주시,신현동,현대모닝사이드1-A,22,4306936,635000000,150.5,2002,2026
경기,광주시,신현동,현대모닝사이드1-B,25,6121799,535000000,84.8,2002,2026
경기,광주시,신현동,현대모닝사이드2,35,4446908,377000000,84.8,2001,2026
경기,광주시,쌍령동,광주센트럴푸르지오,191,6229987,460000000,75.0,2018,2026
경기,광주시,쌍령동,광주역대광로제비앙,39,5389665,350000000,64.9,2017,2026
경기,광주시,쌍령동,동성1,42,3236056,320000000,85.0,2001,2026
경기,광주시,쌍령동,동성2,50,3933654,305000000,84.5,2002,2026
경기,광주시,쌍령동,서희스타힐스,22,4236042,362500000,85.0,2013,2026
경기,광주시,쌍령동,쌍령현대1차모닝사이드,29,2904005,330000000,104.7,2000,2026
경기,광주시,쌍령동,현대모닝사이드2,49,3533511,315000000,84.9,2003,2026
경기,광주시,양벌동,e편한세상 광주양벌,35,5318273,452000000,85.0,2018,2026
경기,광주시,양벌동,광주역우방아이유쉘1단지,56,6610740,520000000,77.9,2018,2026
경기,광주시,양벌동,광주역우방아이유쉘2단지,80,6754513,535000000,77.9,2018,2026
경기,광주시,양벌동,대주(2차),46,3252983,276500000,85.0,2002,2026
경기,광주시,양벌동,대주파크빌1차A블럭,30,2865043,243500000,85.0,2003,2026
경기,광주시,양벌동,대주파크빌1차C블럭,33,2765031,235000000,85.0,2003,2026
경기,광주시,양벌동,대주파크빌제1차B블럭,25,3000353,255000000,85.0,2003,2026
경기,광주시,양벌동,세양청마루,39,3241281,270000000,84.8,2004,2026
경기,광주시,양벌동,양벌리2쌍용,45,3508772,287000000,84.9,2002,2026
경기,광주시,양벌동,양벌리우림,35,3352330,280000000,84.9,2000,2026
경기,광주시,양벌동,양벌쌍용1차,29,3531489,290000000,85.0,1999,2026
경기,광주시,양벌동,양촌현대,31,3654712,313000000,84.8,2000,2026
경기,광주시,역동,광주역자연앤자이,120,9456234,776500000,84.6,2021,2026
경기,광주시,역동,이편한세상광주역1단지,83,8613818,615000000,73.2,2016,2026
경기,광주시,역동,이편한세상광주역2단지,47,8267587,702000000,84.9,2016,2026
경기,광주시,역동,이편한세상광주역3단지,66,8305079,637500000,84.7,2016,2026
경기,광주시,역동,이편한세상광주역4단지,60,8915896,646500000,73.1,2016,2026
경기,광주시,역동,이편한세상광주역5단지,41,8244033,675000000,84.9,2016,2026
경기,광주시,역동,이편한세상광주역6단지,45,7949603,647500000,84.9,2016,2026
경기,광주시,장지동,금광포란재,14,3704037,312500000,84.6,2004,2026
경기,광주시,장지동,태전경남아너스빌시그니처,108,6891335,450000000,64.0,2022,2026
경기,광주시,장지동,현대,41,4149818,370000000,84.8,2000,2026
경기,광주시,초월읍 대쌍령리,신일드림빌,20,2788882,236500000,84.8,2002,2026
경기,광주시,초월읍 대쌍령리,쌍용더플래티넘광주,100,5412351,391000000,73.5,2022,2026
경기,광주시,초월읍 대쌍령리,우림푸른마을,37,3412568,275000000,85.0,1999,2026
경기,광주시,초월읍 도평리,대주피오레,43,3191670,290000000,84.6,2007,2026
경기,광주시,초월읍 도평리,도평리1차우림퓨전빌,49,2885082,244000000,84.6,2002,2026
경기,광주시,초월읍 도평리,도평리2차우림퓨전빌,20,2837785,240000000,84.6,2002,2026
경기,광주시,초월읍 도평리,신일해피트리,23,2709708,278000000,84.9,2000,2026
경기,광주시,초월읍 산이리,대주파크빌,52,3586767,290000000,84.6,2004,2026
경기,광주시,초월읍 산이리,벽산블루밍,34,3767188,320000000,84.9,2004,2026
경기,광주시,초월읍 산이리,코아루햇빛마을,24,2407779,310000000,143.0,2000,2026
경기,광주시,초월읍 쌍동리,광주초월동광모닝스카이,16,4047083,355000000,85.0,2005,2026
경기,광주시,초월읍 쌍동리,초월e-편한세상1,26,3915865,329500000,84.9,2007,2026
경기,광주시,초월읍 쌍동리,초월e-편한세상2,23,4180848,355000000,84.9,2007,2026
경기,광주시,초월읍 쌍동리,초월롯데낙천대2,25,5639939,466000000,84.9,2004,2026
경기,광주시,초월읍 쌍동리,초월롯데캐슬,32,5846304,459000000,84.9,2004,2026
경기,광주시,초월읍 쌍동리,초월역모아미래도파크힐스,89,5299161,432000000,84.9,2020,2026
경기,광주시,초월읍 쌍동리,초월역한라비발디,66,5804795,440000000,75.8,2023,2026
경기,광주시,초월읍 쌍동리,힐스테이트초월역1블록,19,6828060,540000000,84.9,2024,2026
경기,광주시,초월읍 쌍동리,힐스테이트초월역2블록,20,6434505,540000000,84.9,2024,2026
경기,광주시,초월읍 용수리,광주초월2차동광모닝스카이,3,3668134,237000000,60.0,2009,2026
경기,광주시,초월읍 지월리,광주1차세광엔리치빌,28,2943670,250000000,84.9,2002,2026
경기,광주시,초월읍 지월리,광주초월금강아미움,23,2589149,220000000,85.0,2004,2026
경기,광주시,추자동,오포추자서희스타힐스,81,4358125,360000000,84.9,2019,2026
경기,광주시,탄벌동,경남아너스빌1단지,44,4662279,416500000,84.9,2011,2026
경기,광주시,탄벌동,경남아너스빌2단지,36,4296778,486250000,110.4,2011,2026
경기,광주시,탄벌동,광주탄벌서희스타힐스1단지,11,7171962,455000000,60.0,2025,2026
경기,광주시,탄벌동,광주탄벌서희스타힐스2단지,4,6895332,413500000,60.0,2025,2026
경기,광주시,탄벌동,동보,79,4063126,295000000,84.9,1996,2026
경기,광주시,탄벌동,두산위브광주센트럴파크,29,6875292,555000000,84.2,2024,2026
경기,광주시,탄벌동,벽산블루밍1단지,23,4380157,445000000,98.2,2011,2026
경기,광주시,탄벌동,벽산블루밍2단지,22,4041504,459950000,118.3,2011,2026
경기,광주시,탄벌동,산호,16,3925559,305000000,84.9,1994,2026
경기,광주시,탄벌동,우림루미아트,20,3953186,292500000,78.5,2005,2026
경기,광주시,탄벌동,현대,56,3932685,470000000,134.8,2000,2026
경기,광주시,태전동,e-편한세상,22,5388996,461250000,85.0,2006,2026
경기,광주시,태전동,광주태전아이파크,74,6631175,557000000,85.0,2017,2026
경기,광주시,태전동,광주태전지웰,15,5075663,430000000,84.6,2017,2026
경기,광주시,태전동,미진,20,4538243,279500000,59.9,1999,2026
경기,광주시,태전동,성원,57,4278960,337000000,84.6,1999,2026
경기,광주시,태전동,성원2,34,4165196,379000000,85.0,2000,2026
경기,광주시,태전동,성원3,29,3877110,395000000,101.9,2000,2026
경기,광주시,태전동,성원5,42,4152504,369000000,85.0,2002,2026
경기,광주시,태전동,쌍용스윗닷홈1,26,4159488,337000000,84.7,2004,2026
경기,광주시,태전동,쌍용스윗닷홈2,30,4011989,339000000,84.7,2004,2026
경기,광주시,태전동,쌍용스윗닷홈3,30,4590187,336250000,84.7,2004,2026
경기,광주시,태전동,이편한세상태전2차(101~106동),43,6414353,545000000,85.0,2017,2026
경기,광주시,태전동,이편한세상태전2차(201~205동),20,6490149,551500000,85.0,2017,2026
경기,광주시,태전동,이편한세상태전2차(301~306동),45,7150477,477500000,60.0,2017,2026
경기,광주시,태전동,태전7지구C-13BL태전파크자이,45,7450410,475000000,60.6,2019,2026
경기,광주시,태전동,태전7지구C-14BL태전파크자이,43,7411887,467000000,60.0,2019,2026
경기,광주시,태전동,태전동우림필유,54,5029996,500000000,101.9,2010,2026
경기,광주시,태전동,태전효성해링턴플레이스,89,6135889,495000000,84.7,2018,2026
경기,광주시,태전동,"힐스테이트태전(C-4,1501~1506동)",75,7408412,507000000,72.9,2017,2026
경기,광주시,태전동,"힐스테이트태전(C5,1507~1514동)",66,7365940,535000000,72.9,2017,2026
경기,광주시,태전동,"힐스테이트태전(C6,1515~1520동)",50,7603957,517750000,64.7,2017,2026
경기,광주시,태전동,힐스테이트태전2차에듀포레C10BL,44,7198687,547000000,72.9,2019,2026
경기,광주시,태전동,힐스테이트태전2차에듀포레C11BL,79,7417874,520000000,72.9,2019,2026
경기,광주시,태전동,힐스테이트태전6(1609~1614동),75,7408535,495000000,64.7,2017,2026
경기,광주시,태전동,힐스테이트태전6(1615동~1620동),64,7141527,484500000,64.7,2017,2026
경기,광주시,태전동,힐스테이트태전6지구(1601동~1608동),66,7472790,524000000,72.9,2017,2026
경기,광주시,회덕동,대주파크빌,14,3898407,238500000,59.8,2004,2026
경기,광주시,회덕동,벽산블루밍,20,4368072,269500000,59.8,2002,2026
경기,구리시,갈매동,갈매6단지,110,8850133,679000000,75.0,2018,2026
경기,구리시,갈매동,갈매더샵나인힐스,65,8598270,716000000,84.8,2016,2026
경기,구리시,갈매동,갈매역아이파크,115,9796776,832000000,84.9,2018,2026
경기,구리시,갈매동,갈매와이시티,44,8970573,700000000,75.0,2017,2026
경기,구리시,갈매동,구리갈매스타힐스,104,8770381,704000000,84.9,2017,2026
경기,구리시,갈매동,구리갈매푸르지오,55,9237074,810000000,84.8,2017,2026
경기,구리시,갈매동,엘에이치이스트힐,173,9654373,565000000,59.7,2016,2026
경기,구리시,갈매동,이룸넘버원리치안,36,5590788,87000000,15.0,2017,2026
경기,구리시,갈매동,한라비발디,116,8787385,720000000,84.6,2016,2026
경기,구리시,교문동,B.J빌(101동),1,5797101,430000000,74.2,2003,2024
경기,구리시,교문동,B.J빌(103동),1,6487714,400000000,61.7,2003,2025
경기,구리시,교문동,B.J빌(104동),1,6462864,315000000,48.7,2003,2025
경기,구리시,교문동,B.J빌(105동),1,6270575,400000000,63.8,2003,2026
경기,구리시,교문동,교문(대우),42,10038027,705000000,61.2,1994,2026
경기,구리시,교문동,교문(동양고속),49,9917824,780000000,61.2,1994,2026
경기,구리시,교문동,교문동금호어울림,20,7521009,648500000,85.0,2009,2026
경기,구리시,교문동,구리(우성),55,10369881,835000000,84.9,1994,2026
경기,구리시,교문동,구리(한양),47,10299166,792000000,60.4,1994,2026
경기,구리시,교문동,구리두산,47,10951825,657000000,60.0,1991,2026
경기,구리시,교문동,덕현,133,9645733,770000000,84.6,1993,2026
경기,구리시,교문동,동방,39,8220777,530000000,60.0,1998,2026
경기,구리시,교문동,신원,1,4123466,346000000,83.9,2003,2025
경기,구리시,교문동,아차산어울림아파트,27,8579351,728000000,84.9,2010,2026
경기,구리시,교문동,일성,42,7778433,590000000,84.8,1999,2026
경기,구리시,교문동,장자마을금호1-1,57,14642221,805000000,55.0,2001,2026
경기,구리시,교문동,장자마을금호1-2,70,14100244,775000000,54.9,2001,2026
경기,구리시,교문동,장자마을동양,13,11251865,1335000000,118.6,2001,2026
경기,구리시,교문동,토평신명,51,13588562,1150000000,84.6,2001,2026
경기,구리시,교문동,하나(유원)아파트,54,10059654,785000000,71.1,1994,2026
경기,구리시,교문동,하나(한성)아파트,44,9383188,822000000,84.7,1994,2026
경기,구리시,교문동,한가람아파트,95,10401548,723000000,62.0,1994,2026
경기,구리시,교문동,한성,39,9472071,730000000,71.8,1990,2026
경기,구리시,수택동,(625-0),2,7178350,428500000,59.7,1997,2026
경기,구리시,수택동,SK시티하우스,1,4122497,70000000,17.0,2011,2026
경기,구리시,수택동,e편한세상수택센트럴파크,135,11783074,845000000,74.9,2020,2026
경기,구리시,수택동,갑우,5,7435255,445000000,59.8,1998,2026
경기,구리시,수택동,개나리,3,11302682,295000000,27.0,1997,2026
경기,구리시,수택동,골든빌리지,1,9031611,540000000,59.8,2002,2026
경기,구리시,수택동,광덕(626-6),4,8337502,500000000,60.0,2001,2025
경기,구리시,수택동,광덕102동,1,7741287,462000000,59.7,2001,2025
경기,구리시,수택동,광명,1,5563663,305000000,54.8,1992,2026
경기,구리시,수택동,구리역한양수자인리버시티,84,14087841,920000000,60.0,2021,2026
경기,구리시,수택동,구리태영데시앙,22,8926467,726000000,84.9,2014,2026
경기,구리시,수택동,그린하우스,1,5784526,240000000,41.5,2015,2025
경기,구리시,수택동,금호베스트빌,36,11472516,1538500000,134.1,2001,2026
경기,구리시,수택동,나래,1,8886653,530000000,59.6,1999,2026
경기,구리시,수택동,남양아이좋은집,35,9167538,618000000,60.0,2004,2026
경기,구리시,수택동,뉴벽산,3,9171252,550000000,60.0,2003,2026
경기,구리시,수택동,다성,1,7515030,450000000,59.9,2000,2025
경기,구리시,수택동,다성2차,4,8149321,325000000,40.2,2003,2026
경기,구리시,수택동,대동,2,8387718,501250000,59.8,2000,2026
경기,구리시,수택동,대림한숲,192,11324672,610000000,51.7,1995,2026
경기,구리시,수택동,대성,2,5908632,410000000,69.4,1991,2026
경기,구리시,수택동,대원,1,9006004,540000000,60.0,2000,2026
경기,구리시,수택동,더바임,1,10990736,700000000,63.7,2022,2026
경기,구리시,수택동,동명A,2,9114583,577500000,63.4,1990,2026
경기,구리시,수택동,동명B,1,9293971,595000000,64.0,1990,2026
경기,구리시,수택동,동진뱅크빌,2,4738087,97000000,20.5,2011,2025
경기,구리시,수택동,동진타운빌,10,6493506,279500000,48.1,2014,2026
경기,구리시,수택동,럭키,113,9074410,495000000,59.3,1992,2026
경기,구리시,수택동,리라,3,8745375,520000000,59.5,1998,2026
경기,구리시,수택동,리라하이텔,1,4252172,230000000,54.1,1998,2025
경기,구리시,수택동,무지개,1,8550330,440000000,51.5,2000,2025
경기,구리시,수택동,무학수누피마을,3,8009291,680000000,84.9,2007,2026
경기,구리시,수택동,무학율촌마을,5,7803066,655000000,85.0,2007,2026
경기,구리시,수택동,미주,2,7835110,462500000,59.1,1998,2026
경기,구리시,수택동,바우하우스,1,9173462,495000000,54.0,2002,2026
경기,구리시,수택동,반석블레스,2,9384193,787500000,83.9,2008,2026
경기,구리시,수택동,범우,10,8114273,373500000,46.0,1988,2026
경기,구리시,수택동,보성,9,8284858,470000000,58.5,1998,2026
경기,구리시,수택동,성경(626-18),3,7202169,425000000,59.0,1997,2026
경기,구리시,수택동,성경훼밀리,1,7508294,430000000,57.3,1997,2025
경기,구리시,수택동,성원상떼빌,15,5488910,470000000,93.1,2006,2026
경기,구리시,수택동,수택동금호어울림,28,8792368,653500000,68.2,2006,2026
경기,구리시,수택동,수택원룸,1,5251067,160000000,30.5,2000,2026
경기,구리시,수택동,수택주공,46,8085625,608500000,84.8,2000,2026
경기,구리시,수택동,신래(441-12),2,7132052,482500000,67.6,1992,2026
경기,구리시,수택동,신성미소지움,11,7790985,662000000,85.0,2007,2026
경기,구리시,수택동,신원그린,2,7298898,422500000,57.8,1998,2025
경기,구리시,수택동,쌍용,25,9178905,610000000,84.7,1996,2026
경기,구리시,수택동,쌍용(623),1,7181029,430000000,59.9,1998,2025
경기,구리시,수택동,엘지원앙,142,11628159,657500000,52.1,1995,2026
경기,구리시,수택동,영풍마드레빌1차,24,7503531,635000000,85.0,2003,2026
경기,구리시,수택동,우림,33,6626648,500000000,84.9,1999,2026
경기,구리시,수택동,원일(552),16,6410532,425000000,69.9,1989,2026
경기,구리시,수택동,원일(555),17,6772977,400000000,58.3,1989,2026
경기,구리시,수택동,유창1동,3,8337502,500000000,59.7,1999,2026
경기,구리시,수택동,유탑트윈팰리스,18,6685207,210000000,33.9,2022,2026
경기,구리시,수택동,일우,2,6630345,322500000,48.6,1997,2025
경기,구리시,수택동,"일우(가,나동)",4,7387387,357500000,45.0,1997,2026
경기,구리시,수택동,일우(다동),2,9492048,460000000,48.5,1997,2026
경기,구리시,수택동,진양(626-25),5,8358409,500000000,59.8,1997,2026
경기,구리시,수택동,토평주공,80,9205709,530000000,59.9,2002,2026
경기,구리시,수택동,하이스트빌,16,5876457,251000000,42.7,2008,2026
경기,구리시,수택동,한성3,38,11754856,702000000,59.7,1994,2026
경기,구리시,수택동,한솔A,2,8266200,472000000,57.1,1999,2026
경기,구리시,수택동,한솔빌라트,1,6329872,317000000,50.1,1998,2025
경기,구리시,수택동,한솔푸른,2,6466393,386000000,59.7,1998,2025
경기,구리시,수택동,"한인(가,나동)",16,7769145,350000000,45.0,1989,2026
경기,구리시,수택동,한인(다동),3,7662835,520000000,67.9,1990,2026
경기,구리시,수택동,한인(라동),5,8812261,598000000,67.9,1990,2026
경기,구리시,수택동,현암,1,6784854,310000000,45.7,1989,2026
경기,구리시,수택동,현암(445-20),1,5293276,370000000,69.9,1990,2025
경기,구리시,수택동,힐스테이트구리역,33,16738082,1150000000,74.7,2024,2026
경기,구리시,인창동,(640-25),1,3261061,185000000,56.7,2003,2025
경기,구리시,인창동,e편한세상인창어반포레,158,14649851,930000000,60.0,2021,2026
경기,구리시,인창동,건영,99,7153929,580000000,83.9,1994,2026
경기,구리시,인창동,구리인창2차동문굿모닝힐,30,7754916,635000000,85.0,2007,2026
경기,구리시,인창동,구리인창공원우림필유,10,6989154,850000000,121.6,2008,2026
경기,구리시,인창동,구리인창금호어울림,35,6825424,510000000,85.0,2006,2026
경기,구리시,인창동,노엘103동,1,4093567,245000000,59.8,2005,2026
경기,구리시,인창동,노엘하이빌101동,1,4010025,240000000,59.8,2005,2025
경기,구리시,인창동,다우림,11,6028324,512000000,84.9,2006,2026
경기,구리시,인창동,대명(610-20),9,6182653,350000000,56.6,1989,2026
경기,구리시,인창동,대양,1,5069525,175000000,34.5,2004,2026
경기,구리시,인창동,더샵그린포레1단지,26,8073438,686000000,85.0,2015,2026
경기,구리시,인창동,더샵그린포레2단지,15,8201930,634000000,85.0,2015,2026
경기,구리시,인창동,동문굿모닝힐,42,9531026,810000000,85.0,2007,2026
경기,구리시,인창동,동산,1,4920477,297000000,60.4,2004,2025
경기,구리시,인창동,동양주택조합,67,8319605,707000000,85.0,2002,2026
경기,구리시,인창동,동원베네스트,87,9128908,610000000,59.8,2004,2026
경기,구리시,인창동,동흥,2,8626610,312500000,36.5,1994,2026
경기,구리시,인창동,부영101동,2,5401413,285000000,53.2,1997,2026
경기,구리시,인창동,부영102,2,4595710,275000000,59.8,1997,2025
경기,구리시,인창동,부영103동,1,5005005,300000000,59.9,1997,2026
경기,구리시,인창동,부영A,3,4666667,210000000,45.0,1996,2026
경기,구리시,인창동,부영apt,2,4569277,251000000,54.9,1997,2026
경기,구리시,인창동,부영바동,1,5681818,337500000,59.4,1997,2026
경기,구리시,인창동,삼보,83,8370390,850000000,101.9,1996,2026
경기,구리시,인창동,삼호,27,8388848,576000000,81.1,1991,2026
경기,구리시,인창동,삼환,20,8132440,841000000,100.0,1996,2026
경기,구리시,인창동,성원,52,8795152,742500000,85.0,2000,2026
경기,구리시,인창동,신동흥101동,5,5928476,310000000,52.3,1992,2026
경기,구리시,인창동,신동흥105동,1,5826772,333000000,57.2,1992,2026
경기,구리시,인창동,신일,19,8752626,880000000,100.0,1996,2026
경기,구리시,인창동,아름마을삼성,119,8063510,645000000,85.0,2000,2026
경기,구리시,인창동,아름마을성원,23,6725664,519000000,84.8,1999,2026
경기,구리시,인창동,아름마을엘지,65,8017371,548000000,59.9,1999,2026
경기,구리시,인창동,아름마을일신,56,8483351,661500000,85.0,1999,2026
경기,구리시,인창동,아름마을일신건영,17,7917059,620000000,79.6,2001,2026
경기,구리시,인창동,우림,4,3778477,213500000,56.0,2001,2025
경기,구리시,인창동,우림3동,2,4222002,252000000,59.7,2001,2026
경기,구리시,인창동,우방아이유쉘,16,6535464,554000000,84.8,2001,2026
경기,구리시,인창동,원일가대라곡,60,9916832,704000000,60.0,2005,2026
경기,구리시,인창동,원일아름,113,7669617,580000000,84.8,1998,2026
경기,구리시,인창동,이건그린,1,5763448,345000000,59.9,2004,2026
경기,구리시,인창동,이건필그린,1,5770196,345000000,59.8,2004,2026
경기,구리시,인창동,이건필그린(633-1),2,4938892,295000000,59.7,2003,2024
경기,구리시,인창동,이건필그린(633-2),3,5600134,335000000,59.8,2003,2026
경기,구리시,인창동,이건필그린102,3,6275100,375000000,59.8,2002,2026
경기,구리시,인창동,인창2차e-편한세상,77,10134054,790000000,84.4,2006,2026
경기,구리시,인창동,인창이편한세상,15,7897684,615000000,84.8,2004,2026
경기,구리시,인창동,인창칸타빌더헤리티지,40,10511791,743500000,59.9,2023,2026
경기,구리시,인창동,인창풍림아이원,12,7851779,667000000,84.9,2014,2026
경기,구리시,인창동,정은스카이빌,11,7065507,600000000,84.9,2008,2026
경기,구리시,인창동,주공1,217,9738079,550000000,59.6,1996,2026
경기,구리시,인창동,주공2,189,8824568,660000000,85.0,1997,2026
경기,구리시,인창동,주공4-1,139,9975920,525000000,58.1,1996,2026
경기,구리시,인창동,주공4-2,101,9287977,555000000,60.0,1996,2026
경기,구리시,인창동,주공6,199,10233918,580000000,58.1,1996,2026
경기,구리시,인창동,포스필아파트(101동),2,6882529,575000000,83.5,2007,2026
경기,구리시,인창동,한진,103,6531486,515000000,85.0,2002,2026
경기,구리시,인창동,한창그린(102동),1,4010025,240000000,59.8,2001,2024
경기,구리시,인창동,현대홈타운,54,9094786,779500000,82.1,2002,2026
경기,구리시,토평동,삼성,42,9843868,1150000000,116.8,2001,2026
경기,구리시,토평동,상록,47,9952135,840000000,84.4,2002,2026
경기,구리시,토평동,신명스카이뷰,6,6424735,528500000,82.3,2006,2025
경기,구리시,토평동,에스케이신일,51,7434453,630000000,84.7,2001,2026
경기,구리시,토평동,영풍마드레빌2차,3,6713860,570000000,84.9,2003,2026
경기,구리시,토평동,우남,33,8633494,515000000,59.7,2000,2026
경기,구리시,토평동,유진스웰,6,7524556,667000000,85.0,2009,2026
경기,구리시,토평동,토평마을 e편한세상,66,12056880,1020000000,84.6,2001,2026
경기,구리시,토평동,한일,77,13716044,820000000,59.8,2001,2026
경기,군포시,금정동,경아,9,4926108,300000000,60.9,1984,2026
경기,군포시,금정동,광문,2,3799482,322500000,84.9,2003,2026
경기,군포시,금정동,그린트루빌,2,3838885,325000000,84.7,2004,2026
경기,군포시,금정동,금오,3,5640284,429000000,76.1,2002,2026
경기,군포시,금정동,금정동쌍용,29,7014028,550000000,84.8,2002,2026
경기,군포시,금정동,금호(102동),3,5383403,410000000,76.2,2004,2026
경기,군포시,금정동,기오6,5,6259019,347000000,55.4,1986,2026
경기,군포시,금정동,기오7,6,5931587,234500000,41.2,1987,2026
경기,군포시,금정동,다산주공(3단지),104,6456456,432000000,66.6,1992,2026
경기,군포시,금정동,대경아파트,3,4129540,350000000,84.8,2015,2026
경기,군포시,금정동,대흥,2,4774610,309000000,65.5,1990,2026
경기,군포시,금정동,대흥5,1,3519256,159000000,45.2,1986,2026
경기,군포시,금정동,더트렌디,6,7189993,484000000,68.9,2021,2026
경기,군포시,금정동,롯데,2,4099151,425000000,103.7,2002,2025
경기,군포시,금정동,목화,36,5108244,645000000,134.9,1992,2026
경기,군포시,금정동,무궁화(화성),36,5176636,647500000,134.7,1992,2026
경기,군포시,금정동,무지개트윈스(101동),2,4389087,370000000,84.3,2002,2024
경기,군포시,금정동,무지개트윈스(102동),1,4424674,373000000,84.3,2002,2025
경기,군포시,금정동,삼익소월,58,5615817,685250000,130.0,1993,2026
경기,군포시,금정동,삼화(101동),2,6463649,537000000,83.1,2002,2025
경기,군포시,금정동,삼화(102동),1,6520699,545000000,83.6,2002,2026
경기,군포시,금정동,상안,6,4238160,177750000,41.0,1987,2026
경기,군포시,금정동,상훈(773-0),4,4214675,502500000,124.0,2008,2026
경기,군포시,금정동,성균,7,5539840,400000000,72.4,1986,2026
경기,군포시,금정동,신안A동,2,4162659,187850000,44.4,1988,2025
경기,군포시,금정동,신환,56,4898344,295000000,54.3,1990,2026
경기,군포시,금정동,아산나부빌,1,4942339,420000000,85.0,2004,2025
경기,군포시,금정동,영화(6차),1,5207831,270000000,51.8,1987,2026
경기,군포시,금정동,영화5차,1,5369971,299000000,55.7,1986,2025
경기,군포시,금정동,우양파크,1,5138177,436000000,84.9,2004,2024
경기,군포시,금정동,우주,1,3768696,320000000,84.9,1994,2025
경기,군포시,금정동,율곡,368,7055749,380000000,51.7,1994,2026
경기,군포시,금정동,은성,3,5950874,235000000,39.5,1987,2026
경기,군포시,금정동,장미,1,3386426,236000000,69.7,1989,2024
경기,군포시,금정동,적성,9,4392765,200000000,44.3,1986,2026
경기,군포시,금정동,주공(1단지),212,6668002,317000000,51.7,1992,2026
경기,군포시,금정동,주영리치빌(101동),2,4968062,420000000,84.5,2002,2025
경기,군포시,금정동,충무주공(872),324,7107530,300000000,42.8,1992,2026
경기,군포시,금정동,충무주공2단지2차(873-2),64,7514072,375500000,51.6,1993,2026
경기,군포시,금정동,태광처음빛,3,3517146,280000000,79.6,2002,2026
경기,군포시,금정동,퇴계주공(351~359동),150,6432749,275000000,42.8,1993,2026
경기,군포시,금정동,퇴계주공(360~368동),146,6270379,245000000,37.7,1995,2026
경기,군포시,금정동,한솔,1,2757100,200000000,72.5,2000,2024
경기,군포시,금정동,한양,4,5260521,315000000,59.9,1989,2026
경기,군포시,금정동,화남(6차),4,5632003,303100000,55.2,1985,2026
경기,군포시,금정동,힐스테이트금정역,121,13538986,1100000000,73.6,2022,2026
경기,군포시,당동,가인명가,1,9030636,395000000,43.7,2003,2026
경기,군포시,당동,건국,4,5141793,193000000,34.9,1987,2025
경기,군포시,당동,군포당동동도센트리움,37,7365563,370000000,50.1,2019,2026
경기,군포시,당동,그랑시티Ⅱ,3,4416311,290000000,65.8,2020,2026
경기,군포시,당동,금광럭키,1,4483247,380000000,84.8,2003,2025
경기,군포시,당동,남광팰리스(9B-5L),1,4449197,377000000,84.7,2004,2025
경기,군포시,당동,당동누리에뜰해밀,8,4147225,348000000,82.2,2006,2026
경기,군포시,당동,대흥(923),5,5008249,315000000,59.7,1998,2025
경기,군포시,당동,덕산101동(901-1),1,4569607,387000000,84.7,2000,2024
경기,군포시,당동,덕산102동(901-2),1,3898285,325000000,83.4,2001,2024
경기,군포시,당동,덕산103동(902),7,5750661,345000000,60.0,2002,2026
경기,군포시,당동,덕산106동(903-8),8,6699407,361500000,54.0,2004,2026
경기,군포시,당동,동막마을군포제일,7,4028897,290000000,70.2,2003,2026
경기,군포시,당동,동서노블레스,2,4906922,196500000,40.6,2015,2025
경기,군포시,당동,동아(900),31,5251331,443000000,84.6,1993,2026
경기,군포시,당동,동우넥스프리빌,2,3628041,272000000,75.1,2005,2026
경기,군포시,당동,두산,25,5051936,386000000,84.7,1992,2026
경기,군포시,당동,디에스더웰가,2,5534496,365000000,66.0,2020,2026
경기,군포시,당동,럭키베스트빌2차(749-8),5,3525234,275000000,78.0,2007,2026
경기,군포시,당동,럭키베스티빌,7,4795342,280000000,58.4,2005,2026
경기,군포시,당동,무지개마을2차케이씨씨,1,4590471,390000000,85.0,2006,2025
경기,군포시,당동,무지개마을대림,99,6185931,490000000,84.9,2003,2026
경기,군포시,당동,무지개마을마빌르,8,4953122,406500000,84.8,2004,2026
경기,군포시,당동,무지개마을마젤리안,6,4283512,364000000,85.0,2005,2026
경기,군포시,당동,무지개마을케이씨씨,19,6545118,450000000,59.6,2006,2026
경기,군포시,당동,베이101동,1,4967520,390000000,78.5,2004,2024
경기,군포시,당동,베이102동,1,4947950,385000000,77.8,2004,2025
경기,군포시,당동,베이103동,1,4570818,385000000,84.2,2004,2026
경기,군포시,당동,베이104동,1,4095362,347000000,84.7,2006,2026
경기,군포시,당동,블루오션,3,5225343,320000000,61.2,2018,2026
경기,군포시,당동,삼성마을시티프라디움(3단지),35,6553312,535000000,84.7,2014,2026
경기,군포시,당동,삼성미도2,6,4626444,375000000,84.3,1998,2026
경기,군포시,당동,스위스,1,3872571,265000000,68.4,2003,2026
경기,군포시,당동,신원(836-9),1,6013746,210000000,34.9,1987,2026
경기,군포시,당동,쌍용(873),55,6110694,650000000,99.8,1998,2026
경기,군포시,당동,씨티프라임,4,4552918,305000000,67.0,2017,2025
경기,군포시,당동,영광,3,4996392,277000000,55.4,1989,2025
경기,군포시,당동,영실,3,4070881,180000000,44.6,1987,2026
경기,군포시,당동,영진(786-12),3,4787126,227000000,49.1,1983,2026
경기,군포시,당동,용호마을e-편한세상,138,6826019,559500000,85.0,2005,2026
경기,군포시,당동,용호마을동문301동,8,4921389,414000000,84.1,2003,2026
경기,군포시,당동,용호마을쌍용,15,5363327,455000000,84.8,2003,2026
경기,군포시,당동,용호마을엘지,29,6241609,560000000,84.9,2003,2026
경기,군포시,당동,우양(766-17),1,3908563,330000000,84.4,2000,2026
경기,군포시,당동,우진아트리움,3,5065502,300000000,57.2,2018,2025
경기,군포시,당동,은성(746-22),1,3199712,178000000,55.6,1986,2025
경기,군포시,당동,장미,1,3940110,200000000,50.8,1988,2026
경기,군포시,당동,정진,1,4855275,208000000,42.8,1987,2025
경기,군포시,당동,주공2단지(874),98,6382335,320000000,49.6,1997,2026
경기,군포시,당동,주공3(886),59,6739130,529000000,84.8,1997,2026
경기,군포시,당동,주공4(885),83,6951159,417000000,60.0,1997,2026
경기,군포시,당동,진우,1,4488913,249000000,55.5,1988,2024
경기,군포시,당동,풍성1,1,5019393,220000000,43.8,1986,2025
경기,군포시,당동,풍성2,3,6879543,265000000,38.5,1988,2026
경기,군포시,당동,한마음,1,4057902,342000000,84.3,2006,2026
경기,군포시,당동,한세(911-6),1,3506227,290000000,82.7,2003,2024
경기,군포시,당동,홍솔주상복합,2,4463875,485000000,108.6,2007,2025
경기,군포시,당동,효성101동(922-18),3,4457100,360000000,80.8,2003,2026
경기,군포시,당동,효성102동(922-14),2,3721425,280000000,75.2,2003,2025
경기,군포시,당정동,Park30,5,4957150,295000000,59.5,2014,2026
경기,군포시,당정동,거성,1,3702485,450000000,121.5,2007,2025
경기,군포시,당정동,거성에이플101동,4,4562350,380500000,83.4,2004,2026
경기,군포시,당정동,거성에이플103동,2,4376499,365000000,83.4,2004,2026
경기,군포시,당정동,거성에이플104동,2,4238095,445000000,105.0,2006,2025
경기,군포시,당정동,당정동동도센트리움,35,7688784,235000000,30.6,2014,2026
경기,군포시,당정동,당정마을누리에뜰(102동),3,4095184,430000000,97.4,2007,2026
경기,군포시,당정동,"당정마을누리에뜰(103,104동)",5,3931200,448000000,119.7,2007,2026
경기,군포시,당정동,"당정마을누리에뜰(105,106동)",2,3773250,430000000,114.0,2007,2025
경기,군포시,당정동,당정마을엘지,69,5888311,525000000,84.9,2003,2026
경기,군포시,당정동,대우푸르지오,48,5824078,495000000,85.0,2004,2026
경기,군포시,당정동,대원칸타빌(102동),3,5214373,540000000,119.9,2009,2026
경기,군포시,당정동,대원칸타빌(103동),3,4583948,575000000,128.7,2009,2026
경기,군포시,당정동,"대원칸타빌(104동,105동)",3,4577562,535000000,126.7,2009,2026
경기,군포시,당정동,대원칸타빌(106동),6,4692001,594500000,126.7,2009,2026
경기,군포시,당정동,대원칸타빌(107동),4,4639647,587500000,126.6,2009,2026
경기,군포시,당정동,"덕산(101동)(1,2호)",4,4340587,365000000,84.1,2006,2026
경기,군포시,당정동,뷰티A동,1,3559693,260000000,73.0,2004,2026
경기,군포시,당정동,뷰티B동,1,3970255,315000000,79.3,2004,2026
경기,군포시,당정동,뷰티C동,1,3617788,301000000,83.2,2004,2025
경기,군포시,당정동,상훈(A동)(976-2),3,4300561,360000000,83.7,2006,2026
경기,군포시,당정동,상훈(B동),1,4416441,375000000,84.9,2006,2024
경기,군포시,당정동,상훈비동,2,3882451,325000000,83.7,2006,2026
경기,군포시,당정동,오르난자연애,5,3893983,310000000,79.6,2004,2026
경기,군포시,당정동,오성푸르메(1007-3),4,4614094,385000000,83.4,2007,2026
경기,군포시,당정동,오성푸르메(1007-4),2,4404362,367500000,83.4,2007,2025
경기,군포시,당정동,청천마을성원,42,5645883,478500000,84.1,2004,2026
경기,군포시,당정동,"한솔솔파크(101,102동)",6,5517217,468500000,84.9,2008,2026
경기,군포시,당정동,"한솔솔파크(201,202동)",4,5564322,472500000,84.9,2008,2026
경기,군포시,당정동,"한솔솔파크(301,302동)",6,5764520,489500000,84.9,2008,2026
경기,군포시,당정동,"한솔솔파크(401,402동)",6,5546658,471000000,84.9,2008,2026
경기,군포시,당정동,"한솔솔파크(501,502동)",15,6473356,420000000,59.9,2008,2026
경기,군포시,당정동,"한솔솔파크(601,602동)",13,5746856,488000000,84.9,2008,2026
경기,군포시,당정동,한솔솔파크(701동),8,5564322,472500000,84.9,2009,2026
경기,군포시,대야미동,건양1차,11,4635651,300000000,60.0,1997,2026
경기,군포시,대야미동,건양2,12,4810739,305000000,60.0,1998,2026
경기,군포시,대야미동,남경(16-2),1,5061682,430000000,85.0,2007,2026
경기,군포시,대야미동,대림e-편한세상,64,6199442,526500000,85.0,2008,2026
경기,군포시,대야미동,미영팰리스,1,4156276,300000000,72.2,2020,2025
경기,군포시,대야미동,서해그랑블,28,7509575,478500000,62.3,2021,2026
경기,군포시,대야미동,스타파크,2,3643739,300000000,82.3,2009,2026
경기,군포시,대야미동,신안실크밸리(28-7),8,5090392,338000000,59.9,2008,2026
경기,군포시,대야미동,장안정다운,2,4202053,356000000,84.7,2005,2025
경기,군포시,대야미동,현대아이파크,53,5902782,498000000,84.4,2007,2026
경기,군포시,도마교동,금강펜테리움센트럴파크1차,43,7304906,559000000,74.9,2018,2026
경기,군포시,도마교동,금강펜테리움센트럴파크2차,24,7443155,580000000,76.3,2018,2026
경기,군포시,도마교동,금강펜테리움센트럴파크3차,47,7533090,638000000,85.0,2019,2026
경기,군포시,도마교동,숲속반디채,9,7443683,430000000,59.1,2018,2026
경기,군포시,도마교동,엘에이치송정마을,61,7225676,428000000,59.5,2019,2026
경기,군포시,부곡동,삼성마을2단지,33,8094999,484000000,60.0,2013,2026
경기,군포시,부곡동,삼성마을5단지,19,5947893,640000000,101.0,2012,2026
경기,군포시,부곡동,삼성마을6단지,60,7311911,428500000,60.0,2014,2026
경기,군포시,부곡동,삼성마을센트럴파크,33,6793030,577000000,84.7,2014,2026
경기,군포시,부곡동,송부센트럴시티,15,5897965,695000000,121.6,2010,2026
경기,군포시,부곡동,의왕역센트럴시티(휴먼시아3단지),30,6948534,569000000,84.9,2010,2026
경기,군포시,부곡동,의왕역센트럴파크,22,6312566,528500000,84.9,2010,2026
경기,군포시,산본동,e편한세상 금정역 에코센트럴 아파트,104,9382905,734500000,85.0,2007,2026
경기,군포시,산본동,가야3주공,71,4865497,208000000,42.8,1993,2026
경기,군포시,산본동,가야주공,138,7245803,310000000,41.8,1993,2026
경기,군포시,산본동,개나리주공13,138,5826942,337500000,59.8,1995,2026
경기,군포시,산본동,개성하이뷰(103동),2,9081541,705000000,77.6,2004,2026
경기,군포시,산본동,개성하이뷰(104동),1,9024326,690000000,76.5,2004,2026
경기,군포시,산본동,계룡,57,5410553,605000000,115.5,1992,2026
경기,군포시,산본동,금강2단지주상복합,32,7087893,414500000,58.5,1996,2026
경기,군포시,산본동,금환,1,13396090,555000000,41.4,1987,2026
경기,군포시,산본동,덕유,35,6862745,399000000,58.1,1996,2026
경기,군포시,산본동,동백(우성),45,5811663,595000000,101.5,1993,2026
경기,군포시,산본동,래미안하이어스,291,11886548,970000000,85.0,2010,2026
경기,군포시,산본동,매화,77,7043671,350000000,49.7,1995,2026
경기,군포시,산본동,묘향(롯데),50,6017558,637000000,101.8,1993,2026
경기,군포시,산본동,백두(극동),42,6181739,705000000,114.4,1993,2026
경기,군포시,산본동,백두(동성),45,6281900,710000000,101.9,1993,2026
경기,군포시,산본동,백합,38,6837682,732500000,101.8,1993,2026
경기,군포시,산본동,산본동개성하이뷰,5,11530764,760000000,63.3,2015,2026
경기,군포시,산본동,산본이편한세상센트럴파크,70,8903028,747000000,84.2,2002,2026
경기,군포시,산본동,삼성,22,11863793,657500000,55.2,1987,2026
경기,군포시,산본동,삼성미도,22,5318888,332000000,71.7,1996,2026
경기,군포시,산본동,삼성장미,72,6806128,742500000,101.8,1993,2026
경기,군포시,산본동,삼익가든을지,32,7133041,727500000,99.3,1994,2026
경기,군포시,산본동,상남아파트,8,12391068,475000000,36.7,1987,2026
경기,군포시,산본동,설악,66,5165289,225000000,43.6,1996,2026
경기,군포시,산본동,설악2,127,6013229,300000000,49.9,1996,2026
경기,군포시,산본동,세경싸이버빌(101),1,8736479,735000000,84.1,2001,2026
경기,군포시,산본동,세경싸이버빌(102),1,9366457,788000000,84.1,2001,2026
경기,군포시,산본동,세경싸이버빌(103),4,8124331,785000000,84.1,2001,2026
경기,군포시,산본동,세종,284,8356147,496000000,58.7,1994,2026
경기,군포시,산본동,솔거대림,107,7437935,787000000,101.9,1993,2026
경기,군포시,산본동,신안모란,71,7209794,530000000,66.2,1994,2026
경기,군포시,산본동,에덴다모은정,3,5411537,458000000,84.6,2005,2026
경기,군포시,산본동,우륵,233,7013342,410000000,58.5,1994,2026
경기,군포시,산본동,"우방,한국공영목련",70,6925215,574000000,85.0,1994,2026
경기,군포시,산본동,우양파크빌,2,5994024,822500000,137.2,2006,2026
경기,군포시,산본동,임광그대가,14,6382027,542000000,84.9,2005,2026
경기,군포시,산본동,주공11,188,8619204,356500000,41.3,1991,2026
경기,군포시,산본동,주공9단지금강,162,5586782,323500000,58.2,1994,2026
경기,군포시,산본동,주몽2-10,130,6630149,299000000,42.9,1996,2026
경기,군포시,산본동,한라주공4,103,8482676,425000000,51.7,1992,2026
경기,군포시,산본동,한라주공4-2,157,5635212,337500000,60.0,1997,2026
경기,군포시,산본동,한양목련,100,5633639,645000000,126.8,1994,2026
경기,군포시,산본동,한양백두,94,6413516,647000000,96.4,1994,2026
경기,군포시,산본동,한양수리,122,5659022,680000000,128.1,1994,2026
경기,군포시,산본동,한일을지,28,6798957,710000000,101.7,1993,2026
경기,군포시,산본동,화남7,2,4253472,245000000,57.6,1985,2025
경기,김포시,감정동,건영,7,3116109,250000000,73.8,1995,2026
경기,김포시,감정동,김포센트럴헤센1단지,74,4818369,300000000,60.0,2021,2026
경기,김포시,감정동,김포센트럴헤센2단지,11,4592129,340000000,76.0,2022,2026
경기,김포시,감정동,김포한강신안실크밸리3차,65,4948897,438000000,84.9,2012,2026
경기,김포시,감정동,삼환,12,3339393,348000000,101.9,1995,2026
경기,김포시,감정동,삼환아파트(201동),1,3432719,350000000,102.0,1995,2026
경기,김포시,감정동,신안실크밸리2,4,2980934,252500000,84.8,2001,2026
경기,김포시,감정동,신한,28,2407873,111500000,44.3,1992,2026
경기,김포시,감정동,신화,32,3362832,285000000,84.8,1995,2026
경기,김포시,감정동,쌍용,33,4048488,278000000,59.8,1998,2026
경기,김포시,감정동,푸른마을(신안),93,3655830,270000000,68.9,2001,2026
경기,김포시,감정동,한국,30,3334416,279500000,84.6,1995,2026
경기,김포시,감정동,효성,11,3152901,324000000,99.9,1996,2026
경기,김포시,감정동,희영(무지개),15,3414175,260000000,84.9,1997,2026
경기,김포시,걸포동,오스타파라곤1단지,43,5883045,527000000,85.0,2010,2026
경기,김포시,걸포동,오스타파라곤2단지,33,5061801,602000000,119.7,2010,2026
경기,김포시,걸포동,오스타파라곤3단지,12,4728958,677500000,157.5,2010,2026
경기,김포시,걸포동,한강메트로자이1단지,96,7830766,608500000,74.4,2020,2026
경기,김포시,걸포동,한강메트로자이2단지,248,8341965,638000000,74.9,2020,2026
경기,김포시,걸포동,한강메트로자이3단지,29,7596073,650000000,84.9,2020,2026
경기,김포시,걸포동,한강파크뷰우방아이유쉘,60,6064842,497500000,84.9,2019,2026
경기,김포시,고촌읍 신곡리,강변마을 동부센트레빌,16,6196654,526500000,84.9,2006,2026
경기,김포시,고촌읍 신곡리,강변마을 월드메르디앙아파트,33,4996038,600000000,116.1,2010,2026
경기,김포시,고촌읍 신곡리,강변마을 청도솔리움,22,7086877,425000000,60.0,2006,2026
경기,김포시,고촌읍 신곡리,강변마을동일하이빌,13,5001326,655000000,123.0,2006,2026
경기,김포시,고촌읍 신곡리,고촌센트럴자이,8,9097772,747000000,84.4,2024,2026
경기,김포시,고촌읍 신곡리,고촌역양우내안애,23,7648541,480000000,73.9,2024,2026
경기,김포시,고촌읍 신곡리,고촌행정타운 한양수자인,39,8315760,640000000,77.0,2017,2026
경기,김포시,고촌읍 신곡리,길훈1차,15,4426534,358000000,84.6,1991,2026
경기,김포시,고촌읍 신곡리,길훈2차,24,4920389,340000000,59.6,1995,2026
경기,김포시,고촌읍 신곡리,김포고촌우방아이유쉘,24,5138328,602500000,128.9,2014,2026
경기,김포시,고촌읍 신곡리,김포뉴시티,3,4489338,80000000,17.8,2016,2026
경기,김포시,고촌읍 신곡리,등촌마을청구,9,5416544,450000000,84.9,2000,2026
경기,김포시,고촌읍 신곡리,수기마을힐스테이트1단지,95,6942810,630000000,85.0,2008,2026
경기,김포시,고촌읍 신곡리,수기마을힐스테이트2단지,93,7189157,710000000,102.0,2008,2026
경기,김포시,고촌읍 신곡리,수기마을힐스테이트3단지,7,5357360,880000000,164.3,2008,2026
경기,김포시,고촌읍 신곡리,숲속마을대우,38,4838938,451000000,84.9,2000,2026
경기,김포시,고촌읍 신곡리,아라베스트빌,3,3410341,62000000,18.2,2013,2025
경기,김포시,고촌읍 신곡리,오룡마을한화,30,5294554,498000000,85.0,2002,2026
경기,김포시,고촌읍 신곡리,정다운가,5,4333133,368000000,84.8,2008,2026
경기,김포시,고촌읍 신곡리,캐슬앤파밀리에시티 2단지,232,7321247,613000000,85.0,2020,2026
경기,김포시,고촌읍 태리,캐슬앤파밀리에시티 1단지,195,6791575,577000000,85.0,2020,2026
경기,김포시,고촌읍 향산리,힐스테이트 리버시티 1단지,124,7056522,570000000,84.9,2020,2026
경기,김포시,고촌읍 향산리,힐스테이트 리버시티 2단지,144,7065644,570000000,84.9,2020,2026
경기,김포시,구래동,구래역한강리슈빌,39,4592125,375000000,84.9,2012,2026
경기,김포시,구래동,구래역화성파크드림,74,4953414,395500000,79.9,2015,2026
경기,김포시,구래동,김포한강신도시모아엘가2차아파트,47,5702851,342000000,60.0,2017,2026
경기,김포시,구래동,김포한강아이파크,90,5084794,419500000,85.0,2018,2026
경기,김포시,구래동,메트로타워예미지,74,6840090,544500000,79.0,2021,2026
경기,김포시,구래동,한가람마을(우미린),104,4016770,456500000,105.8,2011,2026
경기,김포시,구래동,한강신도시3차푸르지오,192,6134969,365000000,59.5,2017,2026
경기,김포시,구래동,한강신도시반도유보라4차,49,5835275,473000000,79.0,2018,2026
경기,김포시,구래동,한강신도시반도유보라5차,45,4965477,515000000,104.3,2018,2026
경기,김포시,구래동,호반베르디움더레이크2차,49,5774495,485000000,84.9,2018,2026
경기,김포시,구래동,호반베르디움더레이크3차,38,5574156,467000000,84.9,2018,2026
경기,김포시,구래동,호반베르디움더레이크5차,21,5071172,430000000,84.9,2018,2026
경기,김포시,구래동,호수마을e편한세상아파트,93,4683681,397000000,84.7,2013,2026
경기,김포시,구래동,호수마을이편한세상,48,4843885,410000000,84.7,2014,2026
경기,김포시,마산동,e편한세상한강신도시2차,59,5490723,428000000,85.0,2018,2026
경기,김포시,마산동,은여울마을경남아너스빌,58,4686752,370000000,74.8,2013,2026
경기,김포시,마산동,한강 힐스테이트,96,4471672,380000000,84.9,2013,2026
경기,김포시,마산동,한강동일스위트TheParkView1단지,96,5031874,427500000,85.0,2020,2026
경기,김포시,마산동,한강동일스위트TheParkView2단지,68,5095632,433000000,85.0,2020,2026
경기,김포시,마산동,한강센트럴블루힐,60,4489660,340000000,75.0,2017,2026
경기,김포시,마산동,한강신도시레이크에일린의뜰,50,4946862,412500000,84.9,2017,2026
경기,김포시,마산동,한강신도시반도유보라3차,67,6150185,389000000,60.0,2017,2026
경기,김포시,북변동,대우,42,4428986,262500000,59.9,1995,2026
경기,김포시,북변동,동변마을(동양파라곤),6,3713747,338750000,84.8,2006,2026
경기,김포시,북변동,동변마을(동양파라곤2차),13,3881928,332000000,84.8,2009,2026
경기,김포시,북변동,산호,86,4087762,245000000,59.6,1995,2026
경기,김포시,북변동,풍년마을(대림),39,4608920,363000000,73.8,1999,2026
경기,김포시,북변동,풍년마을(동남),19,4296944,365000000,84.9,1999,2026
경기,김포시,북변동,풍년마을(삼성),29,3551803,427000000,108.8,2000,2026
경기,김포시,북변동,풍년마을(서광),19,4094878,347000000,84.7,1999,2026
경기,김포시,북변동,풍년마을(신안),16,4118480,349000000,84.7,1999,2026
경기,김포시,북변동,풍년마을(신일),27,3951910,455000000,126.0,1999,2026
경기,김포시,북변동,풍년마을(영풍),18,4099509,420000000,99.9,1999,2026
경기,김포시,북변동,풍년마을(청구),34,5564351,333750000,60.0,2000,2026
경기,김포시,북변동,풍년마을(한라),42,5501834,330000000,60.0,1998,2026
경기,김포시,북변동,함성2차,10,3031267,190000000,67.1,1991,2026
경기,김포시,북변동,현대,12,3174678,225000000,67.2,1995,2026
경기,김포시,사우동,길훈4차,20,4004501,266000000,59.3,1996,2026
경기,김포시,사우동,김포,14,2567508,110000000,40.8,1986,2026
경기,김포시,사우동,김포사우아이파크,156,7383966,540000000,75.8,2018,2026
경기,김포시,사우동,농장마을(신안),47,3231293,249000000,84.4,1998,2026
경기,김포시,사우동,다솜마을(한신휴플러스),7,5063565,350000000,84.9,2006,2026
경기,김포시,사우동,백암주택,2,1612728,105000000,65.2,1994,2026
경기,김포시,사우동,태산,2,2371690,139000000,58.6,1986,2026
경기,김포시,사우동,풍년마을(건영),19,3614172,305000000,84.4,2001,2026
경기,김포시,사우동,풍년마을(대우),7,4526134,360000000,76.2,2002,2026
경기,김포시,사우동,풍년마을(동양),13,5177689,440000000,85.0,1999,2026
경기,김포시,사우동,풍년마을(삼보),18,4070359,343750000,84.5,1998,2026
경기,김포시,사우동,풍년마을(신명),11,5060014,430000000,85.0,1999,2026
경기,김포시,사우동,풍년마을(진흥),28,4836961,290000000,59.9,1998,2026
경기,김포시,사우동,풍년마을(현대),52,5358780,321500000,60.0,1998,2026
경기,김포시,사우동,풍년마을(흥화),24,4746413,284500000,59.9,1998,2026
경기,김포시,양촌읍 양곡리,My더퍼스트,2,4000861,282500000,70.6,2021,2025
경기,김포시,양촌읍 양곡리,김포한강 신원 아침도시 고다니,18,3743008,316500000,84.9,2010,2026
경기,김포시,양촌읍 양곡리,김포한강삼정그린코아더베스트,52,4601239,334000000,78.2,2020,2026
경기,김포시,양촌읍 양곡리,수아비스,1,3792776,220000000,58.0,2018,2025
경기,김포시,양촌읍 양곡리,양곡 더숲,27,3416991,290000000,84.9,2010,2026
경기,김포시,양촌읍 양곡리,한강금호어울림1단지,27,4707053,367000000,78.0,2020,2026
경기,김포시,양촌읍 양곡리,한강금호어울림2단지,31,4588559,375000000,84.9,2020,2026
경기,김포시,양촌읍 양곡리,희영아파트(곡촌마을),18,2856131,243000000,84.7,1999,2026
경기,김포시,양촌읍 학운리,자연앤데시앙(금빛마을),60,3144537,267000000,84.8,2010,2026
경기,김포시,운양동,김포한강신도시반도유보라2차,203,7578846,450000000,59.3,2013,2026
경기,김포시,운양동,김포한강이랜드타운힐스,54,6754070,505000000,72.9,2018,2026
경기,김포시,운양동,모담마을한강화성파크드림,33,4823586,410000000,85.0,2012,2026
경기,김포시,운양동,전원마을(월드3차1단지),79,4333913,288000000,59.5,1999,2026
경기,김포시,운양동,전원마을(월드4차2단지),32,3602395,340000000,85.0,2000,2026
경기,김포시,운양동,전원마을(월드5차3단지),19,3765592,355000000,85.0,2000,2026
경기,김포시,운양동,전원마을(월드6차4단지),17,3824429,360000000,85.0,2000,2026
경기,김포시,운양동,풍경마을래미안한강2차,142,5995528,488500000,85.0,2014,2026
경기,김포시,운양동,풍경마을한강한라비발디,56,5360203,567000000,106.0,2013,2026
경기,김포시,운양동,한강신도시e편한세상,54,5508932,668500000,122.0,2012,2026
경기,김포시,운양동,한강신도시롯데캐슬,116,6193769,552500000,84.8,2014,2026
경기,김포시,운양동,한강신도시리버에일린의뜰,42,5082312,420000000,84.9,2017,2026
경기,김포시,운양동,한강신도시반도유보라6차,18,6939492,505000000,72.8,2017,2026
경기,김포시,운양동,한강신도시운양KCC스위첸,75,5689226,480000000,84.9,2018,2026
경기,김포시,운양동,한강신도시운양푸르지오,21,7069045,580000000,84.9,2016,2026
경기,김포시,운양동,한강신도시푸르지오,91,6305486,378000000,59.9,2013,2026
경기,김포시,장기동,e편한세상캐널시티,51,7029881,595000000,84.6,2017,2026
경기,김포시,장기동,고창마을(반도유보라),26,4561808,505000000,112.7,2008,2026
경기,김포시,장기동,고창마을(신영지웰),18,5296186,450000000,85.0,2008,2026
경기,김포시,장기동,고창마을(이니스더원),17,3812231,427000000,112.0,2008,2026
경기,김포시,장기동,고창마을(이지더원),24,5068778,428000000,84.4,2008,2026
경기,김포시,장기동,고창마을(자연앤어울림),55,4832057,410000000,84.8,2009,2026
경기,김포시,장기동,고창마을(제일풍경채),16,5030945,427500000,85.0,2008,2026
경기,김포시,장기동,고창마을(케이씨씨스위첸),122,6623230,397000000,60.0,2011,2026
경기,김포시,장기동,고창마을한양수자인리버팰리스,86,5361058,449000000,84.9,2012,2026
경기,김포시,장기동,수정마을(쌍용예가),110,4973031,421000000,84.8,2011,2026
경기,김포시,장기동,청송마을(현대1),24,3651744,396500000,114.2,2001,2026
경기,김포시,장기동,청송마을(현대2),104,4291019,482500000,114.2,2001,2026
경기,김포시,장기동,청송마을(현대3),48,3853160,440000000,134.7,2001,2026
경기,김포시,장기동,청송마을모아미래도엘가,102,4834039,410000000,84.8,2014,2026
경기,김포시,장기동,청송마을중흥에스-클래스,86,4330667,470000000,107.6,2012,2026
경기,김포시,장기동,초당마을(우남퍼스트빌),67,5262696,590000000,114.3,2011,2026
경기,김포시,장기동,초당마을(우미린),26,4437107,439500000,98.5,2008,2026
경기,김포시,장기동,초당마을래미안한강,28,6433733,676500000,101.2,2012,2026
경기,김포시,장기동,한강센트럴자이1단지,282,5999551,485000000,85.0,2017,2026
경기,김포시,장기동,한강센트럴자이2단지,36,5754803,493750000,85.0,2017,2026
경기,김포시,장기동,한강신도시초당마을중흥에스-클래스리버티,119,5706319,460000000,85.0,2012,2026
경기,김포시,장기동,한강현대성우오스타,25,4164280,505000000,122.6,2012,2026
경기,김포시,장기동,한강호반베르디움,178,6003052,360000000,60.0,2012,2026
경기,김포시,장기동,호반베르디움더퍼스트,57,5018514,510000000,102.0,2020,2026
경기,김포시,통진읍 도사리,백석마을(신일해피),31,2828821,240000000,84.8,2004,2026
경기,김포시,통진읍 마송리,e편한세상김포로얄하임,37,4623693,379000000,85.0,2021,2026
경기,김포시,통진읍 마송리,e편한세상김포어반베뉴,87,5067064,275000000,53.9,2022,2026
경기,김포시,통진읍 마송리,김포마송1차대방엘리움센트럴파크,74,4769729,371500000,75.9,2023,2026
경기,김포시,통진읍 마송리,김포마송디에트르퍼스티지,45,5118825,307000000,60.0,2023,2026
경기,김포시,통진읍 마송리,현대1,46,3101654,195000000,60.0,1997,2026
경기,김포시,통진읍 마송리,현대2,10,3040660,265500000,84.8,1999,2026
경기,김포시,통진읍 서암리,화수싱그리아,7,2245892,178000000,79.4,2004,2025
경기,김포시,풍무동,길훈,22,2683438,169500000,59.6,1993,2026
경기,김포시,풍무동,김포풍무꿈에그린더포레듀3단지,23,5853646,439000000,75.0,2018,2026
경기,김포시,풍무동,김포풍무꿈에그린더포레듀4단지,99,6455379,408000000,60.0,2018,2026
경기,김포시,풍무동,당곡마을(범양),28,3835203,256500000,59.8,1998,2026
경기,김포시,풍무동,당곡마을(월드메르디앙),139,4187450,306000000,80.0,2002,2026
경기,김포시,풍무동,당곡마을(현대),39,3862316,330000000,84.1,2001,2026
경기,김포시,풍무동,대림e-편한세상,44,4150380,330000000,79.5,2003,2026
경기,김포시,풍무동,삼용,24,3635561,275000000,72.4,1997,2026
경기,김포시,풍무동,신안,49,3841015,277000000,84.8,1997,2026
경기,김포시,풍무동,양도마을(서해그랑블),76,3313334,452500000,134.6,2000,2026
경기,김포시,풍무동,유현마을(신동아),68,3827582,355000000,84.9,1999,2026
경기,김포시,풍무동,유현마을(현대프라임빌),80,3396547,450000000,134.5,2003,2026
경기,김포시,풍무동,장릉마을(삼성쉐르빌),74,3460838,197000000,59.8,2002,2026
경기,김포시,풍무동,풍무꿈에그린더포레듀5단지,31,6080067,364500000,60.0,2018,2026
경기,김포시,풍무동,풍무센트럴푸르지오,367,8391138,663000000,85.0,2018,2026
경기,김포시,풍무동,풍무자이1단지,33,4605099,500000000,106.4,2010,2026
경기,김포시,풍무동,풍무자이2단지,17,4085944,560000000,133.8,2010,2026
경기,김포시,풍무동,풍무푸르지오센트레빌,367,7978151,618000000,84.9,2016,2026
경기,김포시,풍무동,한화유로메트로1차,111,5471425,475000000,85.0,2014,2026
경기,김포시,풍무동,한화유로메트로2차,96,5254361,464500000,85.0,2014,2026
경기,김포시,하성면 마곡리,베스트드웰,4,4157442,246350000,59.1,2023,2026
경기,김포시,하성면 마곡리,에이원아파트,2,3660401,179870000,49.1,2018,2025
경기,남양주시,금곡동,거환,6,1820594,90000000,51.2,1989,2026
경기,남양주시,금곡동,광아,2,2120793,92000000,43.4,1990,2026
경기,남양주시,금곡동,광일,9,3009259,130000000,43.2,1986,2026
경기,남양주시,금곡동,금강아파트,8,4291517,364500000,84.9,1997,2026
경기,남양주시,금곡동,금곡GS,12,4162857,415000000,98.4,1997,2026
경기,남양주시,금곡동,금곡역디에브스,19,5060330,415000000,84.9,2020,2026
경기,남양주시,금곡동,금곡역한신더휴,25,7511223,430000000,60.0,2025,2026
경기,남양주시,금곡동,금성하이빌,1,2997288,315000000,105.1,2003,2026
경기,남양주시,금곡동,금성훼밀리,4,2402696,143500000,59.8,1992,2026
경기,남양주시,금곡동,명지해드는터,11,4296139,350000000,85.0,2005,2026
경기,남양주시,금곡동,미라보,21,4002668,250000000,60.0,1996,2026
경기,남양주시,금곡동,서울,10,3338097,154250000,46.0,1986,2026
경기,남양주시,금곡동,신대림,4,2638353,129000000,47.5,1989,2025
경기,남양주시,금곡동,신대림(1동),1,2340094,135000000,57.7,1989,2026
경기,남양주시,금곡동,신도브래뉴,14,4930756,360000000,85.0,2008,2026
경기,남양주시,금곡동,신성푸른솔,87,4002401,240000000,60.0,1997,2026
경기,남양주시,금곡동,신우,8,2519926,167000000,67.4,1990,2026
경기,남양주시,금곡동,실로암,1,1745682,95000000,54.4,1990,2025
경기,남양주시,금곡동,인정프린스,20,3158109,162000000,49.1,1986,2026
경기,남양주시,금곡동,한양,5,2274904,95000000,41.8,1990,2026
경기,남양주시,금곡동,화창,4,2561475,162500000,63.4,1996,2026
경기,남양주시,금곡동,효창,13,2594879,126000000,44.0,1989,2026
경기,남양주시,다산동,e편한세상 다산,258,10598024,878000000,85.0,2017,2026
경기,남양주시,다산동,경남아너스빌,50,7027663,575000000,85.0,2008,2026
경기,남양주시,다산동,다산 이편한세상자이,346,11545712,878000000,74.9,2018,2026
경기,남양주시,다산동,다산 펜테리움 리버테라스 Ⅰ,120,10114200,859000000,84.9,2018,2026
경기,남양주시,다산동,다산 한신 더휴 6단지,9,6150566,750000000,125.0,2009,2026
경기,남양주시,다산동,다산 한신 더휴 7단지,11,5854454,725000000,121.9,2009,2026
경기,남양주시,다산동,다산 한신 더휴 8단지,6,6054140,747500000,121.9,2009,2026
경기,남양주시,다산동,다산e편한세상더퍼스트,77,9646226,795000000,84.6,2019,2026
경기,남양주시,다산동,다산롯데캐슬,235,11142487,915000000,85.0,2017,2026
경기,남양주시,다산동,다산리버펠리체1단지,35,7754705,595000000,70.9,2005,2026
경기,남양주시,다산동,다산리버펠리체2단지,57,7177940,600000000,85.0,2005,2026
경기,남양주시,다산동,다산리버펠리체3단지,16,7266193,617500000,85.0,2005,2026
경기,남양주시,다산동,다산반도유보라메이플타운,152,10036899,828000000,82.2,2018,2026
경기,남양주시,다산동,다산센트레빌,62,8412754,692500000,85.0,2016,2026
경기,남양주시,다산동,다산신안인스빌퍼스트리버,125,9768728,830000000,85.0,2019,2026
경기,남양주시,다산동,다산신안인스빌퍼스트포레,168,9474489,805000000,85.0,2020,2026
경기,남양주시,다산동,다산아이파크,68,10715422,947500000,85.0,2017,2026
경기,남양주시,다산동,다산유보라마크뷰,25,10442712,675000000,60.0,2024,2026
경기,남양주시,다산동,다산유승한내들골든뷰,47,10097548,950000000,91.6,2018,2026
경기,남양주시,다산동,다산유승한내들센트럴,129,10768951,898000000,84.0,2018,2026
경기,남양주시,다산동,다산자연앤e편한세상3차,52,14197080,816500000,60.0,2019,2026
경기,남양주시,다산동,다산자이아이비플레이스,152,12376404,1230000000,99.9,2021,2026
경기,남양주시,다산동,다산자이폴라리스,114,11065149,898000000,85.0,2021,2026
경기,남양주시,다산동,다산지금센트럴에일린의뜰,96,8963903,760000000,84.8,2019,2026
경기,남양주시,다산동,다산펜테리움리버테라스Ⅱ,166,10483699,890000000,84.9,2019,2026
경기,남양주시,다산동,다산푸르지오,253,11719452,685000000,59.6,2021,2026
경기,남양주시,다산동,다산한강반도유보라,159,10002330,842000000,85.0,2019,2026
경기,남양주시,다산동,다산한신휴플러스,33,6061676,455000000,85.0,1999,2026
경기,남양주시,다산동,다산한양수자인리버파크,38,10058992,997500000,97.7,2018,2026
경기,남양주시,다산동,다산한양수자인리버팰리스,125,11215187,925000000,84.6,2017,2026
경기,남양주시,다산동,다산해모로,82,10550144,654500000,59.9,2021,2026
경기,남양주시,다산동,다산효성해링턴타워,29,6173316,722000000,129.6,2010,2026
경기,남양주시,다산동,더힐포레3단지,15,7049238,570000000,84.7,2008,2026
경기,남양주시,다산동,더힐포레4단지,42,7033549,583750000,85.0,2008,2026
경기,남양주시,다산동,동양,2,3600134,215000000,59.7,2002,2024
경기,남양주시,다산동,동원베네스트,32,6356606,540000000,85.0,2005,2026
경기,남양주시,다산동,롯데낙천대,82,7268982,569000000,85.0,2005,2026
경기,남양주시,다산동,부영사랑으로,14,6533286,537500000,84.9,2007,2026
경기,남양주시,다산동,부영사랑으로7단지,20,6848404,681000000,125.6,2013,2026
경기,남양주시,다산동,부영애시앙,9,6605185,950000000,143.8,2008,2026
경기,남양주시,다산동,신우가든,14,3402747,243500000,72.1,1990,2026
경기,남양주시,다산동,제일,2,4469488,291500000,65.2,1988,2025
경기,남양주시,다산동,창조,5,3180662,175000000,59.0,1995,2026
경기,남양주시,다산동,충일,6,5866421,326500000,56.0,1994,2026
경기,남양주시,다산동,플루리움1단지,71,5041593,770000000,162.5,2001,2026
경기,남양주시,다산동,플루리움2단지,117,6178833,700000000,124.6,2002,2026
경기,남양주시,다산동,플루리움3단지,87,5536876,715000000,134.9,2001,2026
경기,남양주시,다산동,"플루리움4,5단지",147,5817732,750000000,124.6,2000,2026
경기,남양주시,다산동,한화꿈에그린,102,7995667,638000000,84.9,2008,2026
경기,남양주시,다산동,해링턴플레이스다산파크,26,9821638,833750000,84.9,2024,2026
경기,남양주시,다산동,힐스테이트 황금산,117,9236381,755000000,85.0,2017,2026
경기,남양주시,다산동,힐스테이트다산,207,11571436,940000000,84.7,2018,2026
경기,남양주시,별내동,KCC스위첸,55,6736314,760000000,116.9,2012,2026
경기,남양주시,별내동,남광하우스토리,55,5602128,650000000,123.7,2012,2026
경기,남양주시,별내동,남양주별내리슈빌,65,7415254,630000000,85.0,2013,2026
경기,남양주시,별내동,대원칸타빌,37,6411707,727000000,107.6,2012,2026
경기,남양주시,별내동,동익미라벨(1058),43,7595486,810000000,101.6,2013,2026
경기,남양주시,별내동,동익미라벨(1060),51,7402947,770000000,101.4,2013,2026
경기,남양주시,별내동,모아미래도아파트,67,7178717,610000000,85.0,2014,2026
경기,남양주시,별내동,별내별가람역 한라비발디,65,8238202,692000000,85.0,2013,2026
경기,남양주시,별내동,별내아이파크2차,141,9657837,775000000,84.6,2015,2026
경기,남양주시,별내동,별내역우미린더퍼스트,31,7230756,840000000,118.0,2012,2026
경기,남양주시,별내동,별내우미린스타포레,72,7589823,644500000,84.8,2019,2026
경기,남양주시,별내동,별내유승한내들이노스타,20,6769941,542500000,75.3,2014,2026
경기,남양주시,별내동,별내자이더스타,65,12945228,1140000000,85.0,2023,2026
경기,남양주시,별내동,별내퍼스트포레,36,10601977,577500000,55.6,2022,2026
경기,남양주시,별내동,별내푸르지오,165,7309649,600000000,84.8,2015,2026
경기,남양주시,별내동,신안인스빌,83,8353727,710000000,85.0,2012,2026
경기,남양주시,별내동,신일유토빌,39,6537199,750000000,104.8,2012,2026
경기,남양주시,별내동,쌍용예가,59,7778140,875000000,122.8,2012,2026
경기,남양주시,별내동,유승한내들,56,6748591,569000000,84.3,2014,2026
경기,남양주시,별내동,포레나별내,47,8324091,705000000,84.9,2012,2026
경기,남양주시,별내동,포스코더샵,45,7124476,845000000,116.7,2012,2026
경기,남양주시,별내동,현대아이파크,76,6880962,835000000,124.8,2012,2026
경기,남양주시,별내면 청학리,거성수락산,16,3000956,185000000,60.0,1995,2026
경기,남양주시,별내면 청학리,극동마이다스빌,6,2942679,250000000,85.0,2004,2026
경기,남양주시,별내면 청학리,동부일신,33,2941869,190000000,59.9,1996,2026
경기,남양주시,별내면 청학리,별내반도유보라,10,4084708,347000000,85.0,2010,2026
경기,남양주시,별내면 청학리,청학주공(1단지),28,3760019,319000000,84.8,1999,2026
경기,남양주시,별내면 청학리,청학주공(2단지),68,4191017,251000000,59.9,1999,2026
경기,남양주시,별내면 청학리,청학주공(3단지),50,3948609,335000000,84.8,1999,2026
경기,남양주시,별내면 청학리,청학주공(4단지),50,4007347,240000000,59.9,1999,2026
경기,남양주시,별내면 청학리,청학주공(5단지),38,3612282,400000000,118.6,2000,2026
경기,남양주시,별내면 청학리,청학주공(6단지),23,3534164,219000000,59.4,2002,2026
경기,남양주시,별내면 청학리,청학주공(7단지),77,3752945,235000000,59.4,2002,2026
경기,남양주시,오남읍 양지리,극동,22,2398082,138000000,54.2,1992,2026
경기,남양주시,오남읍 양지리,대림e편한세상1단지,79,5178603,460000000,85.0,2009,2026
경기,남양주시,오남읍 양지리,대림e편한세상2단지,54,5042095,440000000,85.0,2009,2026
경기,남양주시,오남읍 양지리,삼신,33,2995527,230000000,85.0,1995,2026
경기,남양주시,오남읍 양지리,성호,20,2668891,177750000,60.0,1998,2026
경기,남양주시,오남읍 양지리,양지,31,2822581,209000000,84.9,2001,2026
경기,남양주시,오남읍 양지리,양지현대,25,3476642,275000000,84.9,1996,2026
경기,남양주시,오남읍 양지리,오남1청구,48,3614517,300000000,85.0,2000,2026
경기,남양주시,오남읍 양지리,오남쌍용스윗닷홈지티(2단지),50,4503227,275000000,60.0,2005,2026
경기,남양주시,오남읍 양지리,오남쌍용스윗닷홈지티1단지,31,3970451,337000000,84.9,2005,2026
경기,남양주시,오남읍 오남리,금호어울림,51,3683653,295000000,85.0,2006,2026
경기,남양주시,오남읍 오남리,남양주대한,35,2802803,168000000,59.9,1998,2026
경기,남양주시,오남읍 오남리,남양주오남푸르지오,28,4384241,396500000,85.0,2009,2026
경기,남양주시,오남읍 오남리,동부,23,3419231,215000000,60.0,1998,2026
경기,남양주시,오남읍 오남리,두산1,37,3534818,235000000,59.9,1998,2026
경기,남양주시,오남읍 오남리,두산2,18,3483813,279000000,84.9,1998,2026
경기,남양주시,오남읍 오남리,두산위브,32,3794493,322500000,85.0,2006,2026
경기,남양주시,오남읍 오남리,롯데,23,3625125,226000000,59.9,2002,2026
경기,남양주시,오남읍 오남리,보영,10,1473995,73500000,53.6,1991,2026
경기,남양주시,오남읍 오남리,성도,26,2345059,140000000,59.7,1993,2026
경기,남양주시,오남읍 오남리,신동아파밀리에,19,3001059,255000000,85.0,2004,2026
경기,남양주시,오남읍 오남리,신우아이딜(1차),42,3468806,209500000,60.0,2004,2026
경기,남양주시,오남읍 오남리,신우아이딜2차,28,3502160,227000000,60.0,2004,2026
경기,남양주시,오남읍 오남리,신일해피트리(1차),37,3123490,255000000,84.8,2004,2026
경기,남양주시,오남읍 오남리,신일해피트리(2차),34,2940795,243250000,84.8,2004,2026
경기,남양주시,오남읍 오남리,오남아이파크,50,4593073,390000000,84.9,2009,2026
경기,남양주시,오남읍 오남리,유호,21,3117977,257000000,85.0,2003,2026
경기,남양주시,오남읍 오남리,진주(10차),17,2329749,145000000,55.8,1991,2026
경기,남양주시,오남읍 오남리,진주(1차),17,2452452,98000000,40.0,1988,2026
경기,남양주시,오남읍 오남리,진주(2차),11,2677678,107000000,40.0,1990,2026
경기,남양주시,오남읍 오남리,진주(3차),16,2690190,107500000,40.0,1990,2026
경기,남양주시,오남읍 오남리,진주(4차),20,2484246,98750000,39.5,1990,2026
경기,남양주시,오남읍 오남리,진주(5차),22,2302963,120500000,53.6,1990,2026
경기,남양주시,오남읍 오남리,진주(6차),13,2427427,97000000,40.0,1990,2026
경기,남양주시,오남읍 오남리,진주(7차),26,2364221,117500000,55.8,1990,2026
경기,남양주시,오남읍 오남리,진주(8차),25,2326758,105000000,55.8,1990,2026
경기,남양주시,오남읍 오남리,진주(9차),6,2406370,135000000,62.4,1991,2026
경기,남양주시,오남읍 오남리,파라다이스빌,34,3224098,270000000,85.0,2004,2026
경기,남양주시,오남읍 오남리,한국1,26,3100517,195000000,60.0,1999,2026
경기,남양주시,오남읍 오남리,한신(2차),18,3273197,242250000,60.0,1998,2026
경기,남양주시,오남읍 오남리,한신1,15,2929851,210000000,84.4,1997,2026
경기,남양주시,오남읍 오남리,휴먼빌,19,3353730,245000000,85.0,2003,2026
경기,남양주시,와부읍 덕소리,강변삼익,97,6730127,435000000,59.9,1996,2026
경기,남양주시,와부읍 덕소리,강산마을코오롱대성,28,5647723,476500000,85.0,1999,2026
경기,남양주시,와부읍 덕소리,강산마을코오롱대성107동,90,5689446,428000000,85.0,1999,2026
경기,남양주시,와부읍 덕소리,경남아너스빌,23,6754723,480000000,84.8,2007,2026
경기,남양주시,와부읍 덕소리,금정,3,3684598,300000000,81.4,1990,2026
경기,남양주시,와부읍 덕소리,덕소강변라온프라이빗,27,9753918,600000000,59.9,2023,2026
경기,남양주시,와부읍 덕소리,덕소강변현대,25,5758157,800000000,133.1,2001,2026
경기,남양주시,와부읍 덕소리,덕소아이파크,136,7377714,662000000,84.8,2007,2026
경기,남양주시,와부읍 덕소리,덕소주공3,80,6696802,410000000,60.0,1998,2026
경기,남양주시,와부읍 덕소리,동부센트레빌,91,6707461,586000000,85.0,2006,2026
경기,남양주시,와부읍 덕소리,벽산메가트리움,14,6190698,543750000,84.9,2007,2026
경기,남양주시,와부읍 덕소리,성일우리미,21,6064853,515000000,84.9,2008,2026
경기,남양주시,와부읍 덕소리,세양아르비채리버,2,5547679,389000000,69.8,2007,2026
경기,남양주시,와부읍 덕소리,세양청마루,19,6766610,615000000,85.0,2007,2026
경기,남양주시,와부읍 덕소리,신암,10,5675243,333500000,58.8,2005,2026
경기,남양주시,와부읍 덕소리,신한,37,5786490,417000000,84.7,1998,2026
경기,남양주시,와부읍 덕소리,우림루미아트,8,7187108,610000000,84.9,2005,2026
경기,남양주시,와부읍 덕소리,우송2,5,6218366,400000000,69.2,1992,2026
경기,남양주시,와부읍 덕소리,인정하이츠1,2,8082581,483500000,59.8,1987,2025
경기,남양주시,와부읍 덕소리,일성맨션,1,7881068,440000000,55.8,1985,2026
경기,남양주시,와부읍 덕소리,주공1,101,5331957,310000000,58.1,1996,2026
경기,남양주시,와부읍 덕소리,주공2,64,5766741,464000000,85.0,1998,2026
경기,남양주시,와부읍 덕소리,진도,62,5934044,472000000,84.9,1998,2026
경기,남양주시,와부읍 덕소리,한솔,41,7619525,577000000,80.2,2003,2026
경기,남양주시,와부읍 덕소리,현대,139,5769459,410000000,59.4,1997,2026
경기,남양주시,와부읍 도곡리,강변해태,36,5813270,469000000,85.0,1999,2026
경기,남양주시,와부읍 도곡리,건영덕소리버파크,75,6172316,535000000,85.0,2002,2026
경기,남양주시,와부읍 도곡리,덕소강변서희스타힐스,38,9833353,655000000,59.8,2026,2026
경기,남양주시,와부읍 도곡리,덕소두산위브,115,5942435,785000000,134.7,2002,2026
경기,남양주시,와부읍 도곡리,덕소쌍용,40,5059555,550000000,121.6,2000,2026
경기,남양주시,와부읍 도곡리,벽산,101,5502935,380000000,60.0,1999,2026
경기,남양주시,와부읍 도곡리,쌍용스윗닷홈리버,65,6589758,507000000,85.0,2005,2026
경기,남양주시,와부읍 도곡리,아리스빌,1,3246958,515000000,158.6,2004,2024
경기,남양주시,와부읍 도곡리,우창리버빌(101),4,2891439,462500000,160.0,2003,2026
경기,남양주시,와부읍 도곡리,한강우성,169,5589715,413500000,84.9,1998,2026
경기,남양주시,진건읍 사능리,경남,1,1981051,92000000,46.4,1994,2025
경기,남양주시,진건읍 사능리,동명나동,2,2421980,150000000,61.6,1996,2026
경기,남양주시,진건읍 사능리,동명다동,1,2192982,100000000,45.6,1996,2026
경기,남양주시,진건읍 사능리,미창,3,2703236,137000000,50.7,1995,2025
경기,남양주시,진건읍 신월리,동성,16,3872054,230000000,59.4,1999,2026
경기,남양주시,진건읍 용정리,금강,15,3724285,291000000,84.6,1999,2026
경기,남양주시,진건읍 용정리,남양주진건주공,22,4150751,164500000,39.3,1990,2026
경기,남양주시,진건읍 용정리,남양주진건주공2단지,55,3603604,170000000,50.0,1998,2026
경기,남양주시,진건읍 용정리,세아,42,3177602,190000000,58.2,1997,2026
경기,남양주시,진건읍 용정리,심미에셈빌,5,2726204,180000000,66.4,2003,2025
경기,남양주시,진건읍 용정리,한신그린1차,54,2824859,240000000,85.0,1991,2026
경기,남양주시,진건읍 용정리,한신그린2차,20,2916765,240000000,84.9,1993,2026
경기,남양주시,진건읍 용정리,한신그린3차,15,3237110,210000000,59.9,1995,2026
경기,남양주시,진건읍 용정리,한신그린4차,17,3180212,234000000,84.9,1996,2026
경기,남양주시,진건읍 용정리,한신조합,13,2824859,186900000,85.0,1991,2026
경기,남양주시,진건읍 용정리,현대,19,4237790,280000000,59.4,1998,2026
경기,남양주시,진건읍 용정리,현대A,3,2297410,110000000,47.9,1995,2026
경기,남양주시,진건읍 용정리,현대B,1,2388060,120000000,50.2,1995,2026
경기,남양주시,진건읍 용정리,현대C,1,2022004,136000000,67.3,1996,2025
경기,남양주시,진건읍 용정리,현대D,3,2058041,178000000,86.5,1996,2025
경기,남양주시,진건읍 진관리,화성타운,15,5000000,315000000,60.0,1999,2026
경기,남양주시,진접읍 금곡리,금강펜테리움,94,5648727,480000000,84.9,2010,2026
경기,남양주시,진접읍 금곡리,남양휴튼,41,5413249,460000000,85.0,2010,2026
경기,남양주시,진접읍 금곡리,부영사랑으로,85,4400476,374000000,85.0,2009,2026
경기,남양주시,진접읍 금곡리,삼금,10,3484321,179000000,51.7,1986,2025
경기,남양주시,진접읍 금곡리,신도브래뉴,40,4910645,654000000,134.6,2009,2026
경기,남양주시,진접읍 금곡리,신영지웰,31,4855953,610000000,129.5,2009,2026
경기,남양주시,진접읍 금곡리,예당마을신안인스빌,148,5294990,450000000,85.0,2010,2026
경기,남양주시,진접읍 금곡리,원일플로라,23,3978873,510000000,128.2,2009,2026
경기,남양주시,진접읍 금곡리,자연&어울림,51,5065379,430000000,85.0,2009,2026
경기,남양주시,진접읍 금곡리,진접삼부르네상스더퍼스트,41,5981751,358000000,59.8,2023,2026
경기,남양주시,진접읍 금곡리,해밀마을5단지 반도유보라 메이플타운,102,5100232,433000000,84.9,2009,2026
경기,남양주시,진접읍 금곡리,해밀마을신안인스빌,104,5412720,460000000,85.0,2010,2026
경기,남양주시,진접읍 내각리,우남,5,2121641,150000000,79.9,1992,2026
경기,남양주시,진접읍 내각리,원일대궐터,28,3830388,228000000,59.5,2004,2026
경기,남양주시,진접읍 내각리,창조,3,2006933,110000000,59.6,1996,2025
경기,남양주시,진접읍 내각리,한신,30,3160329,242000000,85.0,1999,2026
경기,남양주시,진접읍 부평리,대림강변,2,2717226,177750000,65.4,1992,2026
경기,남양주시,진접읍 부평리,더샵남양주퍼스트시티,153,5548996,435000000,75.9,2021,2026
경기,남양주시,진접읍 부평리,신한미,4,1861791,111000000,59.6,1991,2026
경기,남양주시,진접읍 부평리,진접센트레빌시티1단지,110,3984193,352500000,85.0,2009,2026
경기,남양주시,진접읍 부평리,진접센트레빌시티2단지,25,3647917,327000000,85.0,2009,2026
경기,남양주시,진접읍 부평리,진접센트레빌시티3단지,20,3488007,340000000,93.5,2009,2026
경기,남양주시,진접읍 부평리,진접스타힐스,148,5252285,355000000,60.0,2022,2026
경기,남양주시,진접읍 부평리,진접한일,31,3383333,210000000,60.0,2000,2026
경기,남양주시,진접읍 연평리,원일궁의문,35,4081560,415000000,101.8,2010,2026
경기,남양주시,진접읍 장현리,금강펜터리움,57,3707845,315000000,85.0,2007,2026
경기,남양주시,진접읍 장현리,길훈,26,3414416,300000000,84.9,2009,2026
경기,남양주시,진접읍 장현리,남양주진접롯데캐슬,50,4503971,374500000,84.9,2009,2026
경기,남양주시,진접읍 장현리,대명,37,2971123,185000000,59.9,1995,2026
경기,남양주시,진접읍 장현리,삼신,87,2751196,166000000,57.6,1992,2026
경기,남양주시,진접읍 장현리,신동아,38,2855463,185000000,59.5,1997,2026
경기,남양주시,진접읍 장현리,신우,28,3059183,237000000,85.0,1999,2026
경기,남양주시,진접읍 장현리,신진,3,1890104,140000000,74.1,1994,2025
경기,남양주시,진접읍 장현리,원일에이플러스,13,3156097,260000000,84.9,1999,2026
경기,남양주시,진접읍 장현리,장미,8,2113466,119500000,59.8,1992,2026
경기,남양주시,진접읍 장현리,장현주공,83,4125688,250000000,60.0,1999,2026
경기,남양주시,진접읍 장현리,정광산호,53,2944467,215000000,75.3,1994,2026
경기,남양주시,진접읍 장현리,진양,1,1761518,130000000,73.8,1994,2025
경기,남양주시,진접읍 장현리,진접하우스토리,38,4399650,485000000,121.6,2010,2026
경기,남양주시,진접읍 장현리,현대,11,1949470,93000000,51.3,1991,2026
경기,남양주시,진접읍 진벌리,신창비바패밀리,52,2806345,241000000,85.0,2006,2026
경기,남양주시,진접읍 팔야리,광릉,11,1558818,86000000,55.2,1989,2026
경기,남양주시,퇴계원읍 퇴계원리,강남건영2,21,5191128,325000000,59.8,1997,2026
경기,남양주시,퇴계원읍 퇴계원리,강남아파트,67,5216802,357000000,59.0,1994,2026
경기,남양주시,퇴계원읍 퇴계원리,극동,30,5197291,435000000,84.9,1999,2026
경기,남양주시,퇴계원읍 퇴계원리,벽산타워빌,1,3318113,218000000,65.7,2003,2026
경기,남양주시,퇴계원읍 퇴계원리,성원,67,5414313,430000000,85.0,1999,2026
경기,남양주시,퇴계원읍 퇴계원리,신도,39,5319149,430000000,84.6,2000,2026
경기,남양주시,퇴계원읍 퇴계원리,신별내퇴계원어울림,58,6122632,528500000,85.0,2012,2026
경기,남양주시,퇴계원읍 퇴계원리,신우가든,19,3773348,244000000,68.6,1992,2026
경기,남양주시,퇴계원읍 퇴계원리,신현대(177-2),2,3811953,392250000,102.9,2003,2026
경기,남양주시,퇴계원읍 퇴계원리,쌍용,23,5889464,400000000,64.5,2002,2026
경기,남양주시,퇴계원읍 퇴계원리,엘리시아,11,6001730,510000000,85.0,2005,2026
경기,남양주시,퇴계원읍 퇴계원리,일신건영,17,4541165,405000000,84.8,2000,2026
경기,남양주시,퇴계원읍 퇴계원리,퇴계원쌍용예가,37,5323910,452000000,84.9,2007,2026
경기,남양주시,퇴계원읍 퇴계원리,퇴계원힐스테이트,104,7189909,621250000,85.0,2014,2026
경기,남양주시,평내동,e편한세상평내메트로원,154,7647626,476000000,60.0,2022,2026
경기,남양주시,평내동,대명,67,4008961,310000000,84.8,2000,2026
경기,남양주시,평내동,세종리젠시빌,25,4014642,310000000,84.7,2000,2026
경기,남양주시,평내동,우남퍼스트빌,37,4063509,345000000,84.9,2004,2026
경기,남양주시,평내동,진주(1단지),3,2119461,110000000,52.8,1985,2024
경기,남양주시,평내동,평내마을금호어울림,69,4824750,422000000,85.0,2005,2026
경기,남양주시,평내동,평내마을상록데시앙,44,5102962,383500000,69.6,2005,2026
경기,남양주시,평내동,평내마을신명스카이뷰,74,5154286,317750000,59.9,2004,2026
경기,남양주시,평내동,평내마을주공,134,4821099,287000000,59.5,2004,2026
경기,남양주시,평내동,평내마을중흥에스-클래스(1단지),54,5007229,435000000,84.9,2005,2026
경기,남양주시,평내동,평내마을중흥에스-클래스(2단지),31,4945412,418000000,84.9,2004,2026
경기,남양주시,평내동,평내마을중흥에스-클래스(3단지),35,4603943,430000000,84.9,2005,2026
경기,남양주시,평내동,평내마을평내1차대주파크빌,37,4591709,390000000,84.9,2005,2026
경기,남양주시,평내동,평내마을평내2차대주파크빌,56,4374577,339000000,84.8,2005,2026
경기,남양주시,평내동,평내마젤란21,49,4354381,356000000,85.0,2005,2026
경기,남양주시,평내동,평내호평역대명루첸포레스티움,173,8108619,485000000,59.8,2020,2026
경기,남양주시,평내동,평내화성파크힐즈,23,4531182,385000000,85.0,2004,2026
경기,남양주시,평내동,효성타운,43,4364237,350000000,84.8,1998,2026
경기,남양주시,호평동,남양,19,3858025,208000000,51.8,1984,2026
경기,남양주시,호평동,두산알프하임,279,6576243,490000000,73.0,2021,2026
경기,남양주시,호평동,라인그린,46,3504088,218000000,59.9,1997,2026
경기,남양주시,호평동,로제카운티,10,4432042,133500000,30.5,2012,2026
경기,남양주시,호평동,메이플카운티,7,4790419,72000000,15.0,2011,2026
경기,남양주시,호평동,평내호평역KCC스위첸,37,8472283,680000000,85.0,2017,2026
경기,남양주시,호평동,호평두산위브파크,9,5056265,700000000,131.5,2009,2026
경기,남양주시,호평동,호평마을금강,69,6134347,467000000,72.5,2004,2026
경기,남양주시,호평동,호평마을대주파크빌,56,4833766,412500000,84.8,2004,2026
경기,남양주시,호평동,호평마을동원로얄듀크,62,4764992,405000000,85.0,2005,2026
경기,남양주시,호평동,호평마을신명스카이뷰하트,39,5411860,495000000,85.0,2006,2026
경기,남양주시,호평동,호평마을쌍용스윗닷홈,14,5144202,438500000,85.0,2006,2026
경기,남양주시,호평동,호평마을우림필유,25,4153650,353000000,85.0,2005,2026
경기,남양주시,호평동,호평마을우미이노스빌,24,6024722,387500000,60.0,2004,2026
경기,남양주시,호평동,호평마을중흥에스-클래스,90,5143444,430000000,84.8,2005,2026
경기,남양주시,호평동,호평마을중흥에스-클래스로하스,42,3763434,505000000,132.9,2006,2026
경기,남양주시,호평동,호평마을한라비발디,63,5504679,342000000,59.9,2005,2026
경기,남양주시,호평동,호평마을한화꿈에그린,44,4971758,422500000,85.0,2005,2026
경기,남양주시,호평동,호평마을효성백년가약,63,4700602,398000000,84.5,2004,2026
경기,남양주시,호평동,호평오네뜨센트럴,67,7827262,545000000,75.0,2019,2026
경기,남양주시,호평동,호평임광그대가,48,4430334,375000000,85.0,2008,2026
경기,남양주시,호평동,호평파라곤,149,5115859,530000000,99.7,2010,2026
경기,남양주시,호평동,호평현대아이파크아파트,81,5236126,430000000,85.0,2004,2026
경기,남양주시,화도읍 가곡리,신마석신도브래뉴,21,2976821,259000000,85.0,2008,2026
경기,남양주시,화도읍 녹촌리,남양주녹촌두산위브,27,2788563,237000000,85.0,2006,2026
경기,남양주시,화도읍 녹촌리,남양주라온프라이빗1단지,27,5542330,399000000,72.7,2019,2026
경기,남양주시,화도읍 녹촌리,남양주라온프라이빗2단지,41,5844889,400000000,72.7,2019,2026
경기,남양주시,화도읍 녹촌리,남양주라온프라이빗3단지,17,5844889,412000000,72.7,2019,2026
경기,남양주시,화도읍 녹촌리,남양주라온프라이빗4단지,22,5741744,392500000,72.7,2019,2026
경기,남양주시,화도읍 녹촌리,남양주라온프라이빗5단지,39,5773829,402000000,72.7,2019,2026
경기,남양주시,화도읍 녹촌리,삼신,20,3003254,190000000,59.9,1995,2026
경기,남양주시,화도읍 녹촌리,신창현두산위브,18,3752896,318500000,84.9,2008,2026
경기,남양주시,화도읍 녹촌리,화도센트럴우방아이유쉘,60,5417501,472500000,85.0,2018,2026
경기,남양주시,화도읍 답내리,남양주월산사랑으로부영2단지,10,2763435,409000000,148.0,2015,2026
경기,남양주시,화도읍 마석우리,그랜드힐(2차),16,3451645,292500000,84.7,2007,2026
경기,남양주시,화도읍 마석우리,대림,21,2549807,340000000,134.5,2001,2026
경기,남양주시,화도읍 마석우리,마석그랜드힐,36,3839496,235000000,59.9,2004,2026
경기,남양주시,화도읍 마석우리,마석역신도브래뉴,17,4240437,446000000,123.8,2009,2026
경기,남양주시,화도읍 마석우리,마석힐즈파크푸르지오,57,5650728,355000000,60.0,2018,2026
경기,남양주시,화도읍 마석우리,보미청광플러스원,56,4051459,320000000,85.0,2005,2026
경기,남양주시,화도읍 마석우리,신마석서희스타힐스,19,2784979,272000000,97.7,2011,2026
경기,남양주시,화도읍 마석우리,신명스카이뷰그린,43,4765087,380000000,85.0,2005,2026
경기,남양주시,화도읍 마석우리,중흥S클래스,34,4125918,350000000,84.8,2004,2026
경기,남양주시,화도읍 묵현리,경성큰마을(1단지),24,2894858,184000000,59.9,1998,2026
경기,남양주시,화도읍 묵현리,경성큰마을(2단지),31,2849070,209000000,59.9,1998,2026
경기,남양주시,화도읍 묵현리,귀뚜라미,2,1392236,78000000,56.0,1997,2025
경기,남양주시,화도읍 묵현리,남양주두산위브트레지움,195,5169062,365000000,74.9,2020,2026
경기,남양주시,화도읍 묵현리,동호,1,1327614,65000000,49.0,1998,2025
경기,남양주시,화도읍 묵현리,마석LIG아파트,23,3501792,235000000,60.0,2005,2026
경기,남양주시,화도읍 묵현리,마석건영,17,2510040,155000000,59.8,1994,2026
경기,남양주시,화도읍 묵현리,마석역신도브래뉴2차,20,3805052,450000000,125.0,2010,2026
경기,남양주시,화도읍 묵현리,마석역신도브래뉴3차,26,3642291,315000000,85.0,2010,2026
경기,남양주시,화도읍 묵현리,삼신푸른솔,53,2725138,204000000,84.9,1998,2026
경기,남양주시,화도읍 묵현리,삼익,26,2954331,244000000,85.0,2003,2026
경기,남양주시,화도읍 묵현리,스카이타워,2,4126393,350000000,84.8,2018,2025
경기,남양주시,화도읍 묵현리,영진그린필,37,3003654,250000000,84.9,2003,2026
경기,남양주시,화도읍 묵현리,장미,21,2271901,135000000,59.9,1995,2026
경기,남양주시,화도읍 월산리,남양주월산사랑으로부영1단지,27,2770192,410000000,148.0,2015,2026
경기,남양주시,화도읍 월산리,화도효성해링턴플레이스,56,4042237,336000000,85.0,2015,2026
경기,남양주시,화도읍 차산리,신창현풍림아이원1차,38,3707366,327500000,85.0,2009,2026
경기,남양주시,화도읍 차산리,신창현풍림아이원2차,21,3529786,310000000,85.0,2009,2026
경기,남양주시,화도읍 창현리,경향,14,2903677,332500000,114.5,1997,2026
경기,남양주시,화도읍 창현리,광원(A동),1,1344086,90000000,67.0,1991,2025
경기,남양주시,화도읍 창현리,남양주창현도뮤토,40,6171089,370000000,60.0,2017,2026
경기,남양주시,화도읍 창현리,보람,1,1467586,115000000,78.4,1995,2025
경기,남양주시,화도읍 창현리,신명,68,4045038,240000000,60.0,1997,2026
경기,남양주시,화도읍 창현리,신한토탈,27,3593308,298000000,84.9,1997,2026
경기,남양주시,화도읍 창현리,영남탑스빌,16,2975056,237500000,91.6,2000,2026
경기,남양주시,화도읍 창현리,이안남양주,22,4172915,372500000,92.9,2009,2026
경기,남양주시,화도읍 창현리,창현대주피오레,20,3057061,242500000,84.7,2006,2026
경기,남양주시,화도읍 창현리,창현두산1단지아파트,12,3480790,347000000,99.7,1997,2026
경기,남양주시,화도읍 창현리,창현두산2단지아파트,44,4091516,245000000,59.9,1997,2026
경기,남양주시,화도읍 창현리,창현주공,31,3500251,209000000,59.7,1997,2026
경기,남양주시,화도읍 창현리,청구,9,3377362,228000000,59.8,2000,2026
경기,남양주시,화도읍 창현리,현대1,20,2156500,140000000,64.9,1991,2026
경기,남양주시,화도읍 창현리,현대2,9,2312344,195000000,84.3,1993,2026
경기,동두천시,광암동,한성,17,658492,27550000,44.0,1989,2026
경기,동두천시,동두천동,리젠시빌하우스,1,1468968,120000000,81.7,2012,2025
경기,동두천시,동두천동,신창비바패밀리(1단지),27,2217798,197000000,84.9,2009,2026
경기,동두천시,동두천동,신창비바패밀리(2단지),7,2297523,195000000,84.9,2009,2026
경기,동두천시,동두천동,우방아이유쉘아파트,13,2119392,180000000,84.9,2009,2026
경기,동두천시,보산동,보산주공아파트,9,1259763,50000000,39.7,1990,2026
경기,동두천시,보산동,한전아파트(B동),2,975793,77500000,79.4,1990,2025
경기,동두천시,상패동,동남,3,1043493,62500000,59.9,1993,2025
경기,동두천시,상패동,상패주공,55,1620973,79000000,49.8,1997,2026
경기,동두천시,상패동,조흥(1동),3,871614,74000000,84.9,1991,2025
경기,동두천시,상패동,조흥(2동),3,620077,37000000,59.7,1991,2025
경기,동두천시,생연동,건영아파트,37,1632997,110000000,59.4,1995,2026
경기,동두천시,생연동,근남아파트,2,865438,62000000,71.6,1990,2025
경기,동두천시,생연동,기상,16,1135354,70000000,64.4,1994,2026
경기,동두천시,생연동,대방노블랜드1차,23,1702810,93500000,50.0,2000,2026
경기,동두천시,생연동,대방노블랜드2차,18,2684943,255000000,84.6,2005,2026
경기,동두천시,생연동,대진아파트,2,990854,58500000,59.0,1988,2026
경기,동두천시,생연동,동두천센트레빌,46,3772763,256250000,67.3,2020,2026
경기,동두천시,생연동,동양아파트,3,734067,44000000,59.9,1991,2026
경기,동두천시,생연동,동원아파트,2,846680,50750000,59.9,1991,2026
경기,동두천시,생연동,로뎀빌,7,3191829,50000000,15.7,2011,2026
경기,동두천시,생연동,명품하우스,24,1766604,54000000,30.9,2012,2026
경기,동두천시,생연동,부영아파트(1단지),74,2353379,165500000,59.8,2004,2026
경기,동두천시,생연동,부영아파트(5단지),46,2632001,157500000,59.8,2004,2026
경기,동두천시,생연동,부영아파트(6단지),64,2367244,118000000,49.8,2003,2026
경기,동두천시,생연동,브라운스톤동두천,19,3060264,244000000,84.9,2014,2026
경기,동두천시,생연동,상우아파트,17,1156069,95000000,83.0,1991,2026
경기,동두천시,생연동,생연주공아파트(1단지),41,1393682,79000000,58.1,1996,2026
경기,동두천시,생연동,세아프라자,5,1122931,95000000,84.6,1993,2026
경기,동두천시,생연동,에이스아파트(1차),21,1430976,113000000,84.7,1992,2026
경기,동두천시,생연동,에이스아파트(2차),26,1487252,115500000,84.7,1993,2026
경기,동두천시,생연동,에이스아파트(3차),18,1522023,107500000,72.2,1993,2026
경기,동두천시,생연동,에이스아파트(4차),17,1636428,112500000,59.8,1995,2026
경기,동두천시,생연동,에이스아파트(5차),22,1741340,121500000,59.9,2002,2026
경기,동두천시,생연동,우성아파트,14,1173235,95000000,72.4,1992,2026
경기,동두천시,생연동,월드메르디앙,28,2250721,189500000,84.4,2009,2026
경기,동두천시,생연동,조흥아파트,18,865500,58000000,65.5,1990,2026
경기,동두천시,생연동,중앙역아파트제1동,13,4586347,250000000,56.7,2025,2026
경기,동두천시,생연동,태양아파트(1동),2,1070553,55000000,54.1,1990,2026
경기,동두천시,생연동,태양아파트(2동),3,917065,69000000,75.2,1990,2026
경기,동두천시,생연동,파크타운아파트,3,1271413,95000000,74.7,2003,2026
경기,동두천시,생연동,한영아파트,3,673180,39000000,57.9,1992,2026
경기,동두천시,생연동,화성아파트1차,3,825593,48000000,58.1,1989,2025
경기,동두천시,생연동,화성아파트2차,4,888665,53000000,59.6,1990,2026
경기,동두천시,생연동,화성아파트3차,4,990782,65250000,62.7,1991,2026
경기,동두천시,생연동,화성아파트5차,6,771294,46000000,59.6,1991,2026
경기,동두천시,생연동,화성아파트6차,4,1021918,61000000,59.6,1991,2026
경기,동두천시,송내동,LH지행역더퍼스트,26,3859060,230000000,59.7,2021,2026
경기,동두천시,송내동,송내주공4단지,144,2509392,140000000,59.9,2003,2026
경기,동두천시,송내동,송내주공5단지,45,2122642,180000000,84.8,2003,2026
경기,동두천시,송내동,아이파크,35,2507880,253000000,101.7,2005,2026
경기,동두천시,지행동,대방노블랜드(7단지),62,2853492,151000000,50.3,2004,2026
경기,동두천시,지행동,대방노블랜드(8단지),34,2884423,160000000,58.7,2004,2026
경기,동두천시,지행동,동양엔파트,39,2506186,230000000,85.0,2011,2026
경기,동두천시,지행동,동원베네스트,33,3066725,265000000,84.9,2009,2026
경기,동두천시,지행동,부영아파트(3단지),31,2235641,190000000,85.0,2003,2026
경기,동두천시,지행동,부영아파트(9단지),20,2735803,232500000,85.0,2004,2026
경기,동두천시,지행동,송내주공1단지,177,2635997,167000000,59.6,2004,2026
경기,동두천시,지행동,송내주공2단지,87,2872012,150000000,51.9,2004,2026
경기,동두천시,지행동,씨티PARK,4,4282524,310000000,72.4,2022,2026
경기,동두천시,지행동,에코휴먼빌2차,44,2943601,250000000,84.9,2018,2026
경기,동두천시,지행동,지행역센트레빌파크뷰,24,4591855,390000000,84.9,2023,2026
경기,동두천시,지행동,지행주공1단지,26,2000333,120000000,60.0,2000,2026
경기,동두천시,지행동,지행주공2단지,37,2000333,117500000,60.0,1999,2026
경기,동두천시,지행동,지행현대1차아파트,22,2056878,142500000,59.8,1999,2026
경기,동두천시,지행동,지행현대2차아파트,9,2118893,134500000,70.6,1999,2026
경기,동두천시,지행동,하이텍아파트,1,1368061,52000000,38.0,1990,2026
경기,동두천시,지행동,현성하이츠,2,762666,64875000,85.1,1994,2026
경기,동두천시,지행동,현진에버빌,33,3195674,317000000,101.7,2005,2026
경기,동두천시,지행동,휴먼빌아파트,31,2983987,290000000,84.8,2009,2026
경기,시흥시,거모동,군자서희스타힐스,73,5000658,310000000,60.0,2023,2026
경기,시흥시,거모동,녹원,11,2588540,220000000,85.0,1992,2026
경기,시흥시,거모동,동보,132,2348726,59000000,25.1,1999,2026
경기,시흥시,거모동,동운디오빌,5,2830846,199000000,70.5,2004,2026
경기,시흥시,거모동,동원,40,2443393,130000000,53.6,1991,2026
경기,시흥시,거모동,동하시티주상복합,4,3078476,261500000,84.9,2007,2026
경기,시흥시,거모동,보우,8,2699766,161500000,59.8,1995,2026
경기,시흥시,거모동,아주1,1,1696353,100000000,59.0,1989,2026
경기,시흥시,거모동,아주2,1,2349782,140000000,59.6,1991,2024
경기,시흥시,거모동,아주3,12,2651610,158500000,59.8,1992,2026
경기,시흥시,거모동,아주4차아파트,25,2626516,158000000,59.8,1993,2026
경기,시흥시,거모동,아주5,9,3403971,204000000,59.9,1994,2026
경기,시흥시,거모동,유호,34,3493815,210000000,59.8,1998,2026
경기,시흥시,거모동,일우,18,2844101,121500000,42.7,1988,2026
경기,시흥시,거모동,하이얀(1772-15),3,3034856,202000000,66.6,2003,2026
경기,시흥시,거모동,하이얀(1772-4),1,2962286,227000000,76.6,2002,2024
경기,시흥시,거모동,하이얀(1772-5),5,3131933,240000000,76.6,2002,2026
경기,시흥시,거모동,해오름아파트101동,1,3445430,167000000,48.5,2016,2026
경기,시흥시,광석동,시흥시청역동원로얄듀크,82,7176986,598000000,85.0,2020,2026
경기,시흥시,군자동,시흥장현금강펜테리움센트럴파크,90,8354047,705000000,85.0,2021,2026
경기,시흥시,군자동,장현동원로얄듀크메트로포레,35,6235676,552000000,85.0,2021,2026
경기,시흥시,논곡동,목감한양수자인아파트,60,7099985,430000000,59.9,2016,2026
경기,시흥시,논곡동,산호,14,4217998,270000000,59.8,1992,2026
경기,시흥시,논곡동,산호2,6,3456593,282500000,85.0,1999,2026
경기,시흥시,논곡동,황제,7,4112432,245000000,53.0,1986,2026
경기,시흥시,능곡동,상록힐스테이트,18,6264706,532500000,85.0,2009,2026
경기,시흥시,능곡동,시흥능곡신안인스빌,20,6023884,512000000,85.0,2008,2026
경기,시흥시,능곡동,시흥능곡엘드수목토,6,5549979,470000000,84.7,2008,2026
경기,시흥시,능곡동,시흥능곡자연앤(4단지),22,6203202,526000000,84.8,2009,2026
경기,시흥시,능곡동,시흥시청역트리플포레,110,8256881,491000000,60.0,2020,2026
경기,시흥시,능곡동,신일해피트리,13,5340430,590000000,110.5,2009,2026
경기,시흥시,능곡동,우남퍼스트빌,25,5889698,505000000,84.9,2011,2026
경기,시흥시,능곡동,제일풍경채센텀,106,8419094,706500000,84.9,2020,2026
경기,시흥시,능곡동,현진에버빌,5,6370178,540000000,84.8,2010,2025
경기,시흥시,대야동,극동,18,5051893,327500000,59.8,2000,2026
경기,시흥시,대야동,늘푸른벽산,20,4578645,417500000,84.9,1995,2026
경기,시흥시,대야동,대야역두산위브더파크,207,7526591,485000000,59.8,2021,2026
경기,시흥시,대야동,동신,9,5175583,400000000,82.7,2004,2026
경기,시흥시,대야동,벽산,8,4501295,356500000,77.2,1992,2025
경기,시흥시,대야동,삼보,9,4949795,357000000,70.7,1991,2026
경기,시흥시,대야동,삼호,18,3105590,120000000,38.6,1986,2026
경기,시흥시,대야동,서강1,13,4118774,215000000,49.6,1995,2026
경기,시흥시,대야동,서강2,56,5126709,310000000,60.0,1997,2026
경기,시흥시,대야동,서해,46,5342031,319000000,59.6,1997,2026
경기,시흥시,대야동,시흥센트럴푸르지오,253,8750702,706000000,84.9,2020,2026
경기,시흥시,대야동,시흥은계우미린레이크,43,6941879,590000000,85.0,2018,2026
경기,시흥시,대야동,우남한신,15,4762701,285000000,59.8,1996,2026
경기,시흥시,대야동,우성1,9,3986366,420000000,101.9,1995,2026
경기,시흥시,대야동,우성2,58,5282503,315500000,60.0,1995,2026
경기,시흥시,대야동,은계어반리더스,207,7044696,560000000,75.0,2019,2026
경기,시흥시,대야동,이편한세상시흥센텀하임,48,7188242,610000000,84.8,2019,2026
경기,시흥시,대야동,청구1,8,4941176,440000000,85.0,1995,2026
경기,시흥시,대야동,청구2,40,5557667,356500000,59.8,1997,2026
경기,시흥시,대야동,현대,2,5474743,268500000,49.2,1986,2026
경기,시흥시,도창동,에이스,53,3882810,250000000,59.3,1997,2026
경기,시흥시,매화동,금강1차101동,7,2924554,163000000,55.7,1994,2026
경기,시흥시,매화동,금강1차102동,1,3125217,225000000,72.0,1994,2024
경기,시흥시,매화동,금강2차,13,3180023,190000000,59.7,1997,2026
경기,시흥시,매화동,대성101동,1,2965753,252000000,85.0,2001,2026
경기,시흥시,매화동,대원,2,2148403,103000000,48.0,1990,2025
경기,시흥시,매화동,동진,2,3137094,219500000,70.5,1993,2026
경기,시흥시,매화동,매화마을홍익,13,3930423,249500000,59.8,2000,2026
경기,시흥시,매화동,삼화그린,8,3430388,205000000,59.8,1998,2026
경기,시흥시,매화동,서능1차(101~103동),16,2398160,109500000,45.7,1991,2026
경기,시흥시,매화동,서능아파트(201동202동203동),6,2234032,149000000,66.3,1992,2026
경기,시흥시,매화동,영동,1,2335085,120000000,51.4,1990,2025
경기,시흥시,매화동,제성,2,2838605,140000000,49.3,1985,2025
경기,시흥시,매화동,"진양101,102동",16,2345606,116500000,50.5,1990,2026
경기,시흥시,목감동,대명,9,5393743,410000000,74.2,1990,2026
경기,시흥시,목감동,동우,3,6058673,285000000,47.0,1986,2025
경기,시흥시,목감동,명신,1,5009841,280000000,55.9,1986,2025
경기,시흥시,목감동,목감지음재파크뷰,17,7762124,294000000,36.1,2021,2026
경기,시흥시,목감동,청도,3,6045082,295000000,48.8,1986,2025
경기,시흥시,목감동,호반베르디움더프라임(1차),61,9334306,745000000,84.7,2017,2026
경기,시흥시,미산동,경신,9,1907404,110000000,57.7,1992,2026
경기,시흥시,미산동,부국미산아파트(1동2동3동),13,1896426,78000000,41.1,1991,2026
경기,시흥시,미산동,상아그린,13,2335279,120000000,60.0,1995,2026
경기,시흥시,미산동,해가든더클래식,17,3225806,460000000,148.8,2009,2026
경기,시흥시,배곧동,센텀베이1차,7,5416568,425000000,84.7,2019,2026
경기,시흥시,배곧동,센텀베이2차,8,5858423,485000000,84.8,2019,2026
경기,시흥시,배곧동,시흥배곧C1호반써밋플레이스,76,7224328,614000000,85.0,2019,2026
경기,시흥시,배곧동,시흥배곧C2호반써밋플레이스,65,7295027,620000000,85.0,2019,2026
경기,시흥시,배곧동,시흥배곧SK뷰,94,7560023,516000000,73.0,2015,2026
경기,시흥시,배곧동,시흥배곧신도시 이지더원2차 에듀그린,67,6014123,500000000,84.8,2017,2026
경기,시흥시,배곧동,시흥배곧신도시골드클래스,50,6378815,441500000,65.7,2016,2026
경기,시흥시,배곧동,시흥배곧신도시대방노블랜드엘리트시티,93,7156930,429000000,59.9,2019,2026
경기,시흥시,배곧동,시흥배곧신도시이지더원1차더퍼스트,127,6566176,390000000,59.5,2017,2026
경기,시흥시,배곧동,시흥배곧신도시호반베르디움센트럴파크,88,7379053,490000000,65.4,2015,2026
경기,시흥시,배곧동,시흥배곧중흥에스-클래스,93,5995731,488000000,84.9,2019,2026
경기,시흥시,배곧동,시흥배곧한신더휴,88,7297974,602000000,85.0,2018,2026
경기,시흥시,배곧동,한라비발디캠퍼스,177,6469655,528500000,85.0,2017,2026
경기,시흥시,배곧동,한라비발디캠퍼스2차,198,6390770,523250000,84.8,2018,2026
경기,시흥시,배곧동,한라비발디캠퍼스3차,93,6447264,548000000,85.0,2018,2026
경기,시흥시,배곧동,호반베르디움더프라임,95,7370514,507000000,63.8,2016,2026
경기,시흥시,배곧동,호반베르디움센트로하임,130,6949704,580000000,84.9,2017,2026
경기,시흥시,산현동,목감레이크푸르지오,63,7603069,449000000,59.1,2018,2026
경기,시흥시,산현동,목감중흥에스-클래스레이크힐스,68,6425026,520000000,85.0,2018,2026
경기,시흥시,산현동,호반베르디움더숲,96,6355166,540000000,85.0,2019,2026
경기,시흥시,신천동,MS스타리움아파트1단지,3,6243296,390000000,63.3,2023,2026
경기,시흥시,신천동,경남아너스빌아파트,13,5184021,408000000,84.9,2005,2026
경기,시흥시,신천동,경신둥지,3,3473723,225000000,57.3,1991,2026
경기,시흥시,신천동,그랜드102동,3,3371544,250000000,74.2,2005,2026
경기,시흥시,신천동,그랜드103동,1,2783190,200000000,71.9,2005,2026
경기,시흥시,신천동,금보,7,2819345,140000000,46.1,1990,2026
경기,시흥시,신천동,뉴월드,13,4119586,257000000,59.8,1997,2026
경기,시흥시,신천동,대보,3,3205128,165000000,51.5,1989,2026
경기,시흥시,신천동,"동경1,2",4,2557371,124000000,47.4,1987,2025
경기,시흥시,신천동,동경3,3,2926911,175000000,59.8,1988,2025
경기,시흥시,신천동,동경4,3,2735230,150000000,54.8,1989,2026
경기,시흥시,신천동,동진,11,3348894,175000000,52.3,1991,2026
경기,시흥시,신천동,동진1,4,2768175,155000000,58.4,1990,2026
경기,시흥시,신천동,동진2,12,3021932,180500000,59.7,1991,2026
경기,시흥시,신천동,명성,5,2205882,128000000,50.0,1984,2026
경기,시흥시,신천동,무지개,4,1854193,84000000,47.5,1987,2025
경기,시흥시,신천동,부강,2,3225008,147000000,45.5,1989,2025
경기,시흥시,신천동,산호3차,6,4069767,251500000,59.3,1997,2026
경기,시흥시,신천동,상아,5,3755633,225000000,59.9,1996,2026
경기,시흥시,신천동,성지타워1차,1,3874724,193000000,49.8,2019,2026
경기,시흥시,신천동,시흥5차푸르지오,17,5161183,500000000,110.4,2011,2026
경기,시흥시,신천동,시흥신천삼환나우빌,32,5595345,472500000,84.9,2012,2026
경기,시흥시,신천동,시흥신천휴먼시아,18,6032754,382500000,59.8,2010,2026
경기,시흥시,신천동,신천센트럴,2,4228037,276000000,65.7,2016,2025
경기,시흥시,신천동,신천코아루웰라움,27,5681088,435000000,77.7,2020,2026
경기,시흥시,신천동,신천팰리스,2,4630562,230000000,49.7,2017,2025
경기,시흥시,신천동,연희아파트,14,3864167,167000000,44.7,1986,2026
경기,시흥시,신천동,우남한신휴플러스,8,3838681,280000000,72.5,1996,2026
경기,시흥시,신천동,우진둥지,4,2605647,137500000,52.8,1991,2026
경기,시흥시,신천동,은하수드림힐,4,4556791,325000000,72.3,2009,2026
경기,시흥시,신천동,장미,3,3274394,150000000,45.8,1986,2026
경기,시흥시,신천동,제성,2,2261905,85500000,37.8,1987,2026
경기,시흥시,신천동,조양휴캐슬,2,4851042,394000000,81.3,2010,2026
경기,시흥시,신천동,청담아이리스,6,4942529,215000000,43.5,2016,2026
경기,시흥시,신천동,청담예가,10,4504232,211000000,47.9,2016,2026
경기,시흥시,신천동,태광,8,2945924,106750000,37.2,1986,2026
경기,시흥시,신천동,한미금강,2,2871190,146000000,50.8,1994,2026
경기,시흥시,신천동,한영둥지,5,3528374,205000000,68.0,1991,2026
경기,시흥시,신천동,현대,11,2915452,120000000,41.2,1988,2026
경기,시흥시,신천동,현진1,6,3631321,207500000,56.4,1995,2026
경기,시흥시,신천동,현진2차,5,3796574,215000000,56.6,1998,2026
경기,시흥시,월곶동,나보나시티,17,3844306,80000000,20.8,2020,2026
경기,시흥시,월곶동,부성파인하버뷰,23,3669957,290000000,79.0,2019,2026
경기,시흥시,월곶동,승윤노블리안시티,27,3270703,47000000,14.4,2014,2026
경기,시흥시,월곶동,시흥센트럴헤센,20,5167252,315000000,60.0,2022,2026
경기,시흥시,월곶동,시흥월곶역블루밍더마크,27,5895753,365000000,66.0,2021,2026
경기,시흥시,월곶동,알파시티,38,2559524,43000000,16.8,2013,2026
경기,시흥시,월곶동,월곶4차풍림아이원,43,4243181,360000000,84.8,2006,2026
경기,시흥시,월곶동,월곶Ⅱ유호N플러스빌,17,3783826,365000000,96.5,2009,2026
경기,시흥시,월곶동,월곶동유호NPLUSVILLE,20,3472310,194500000,59.2,2004,2026
경기,시흥시,월곶동,풍림아이원1차,229,4097117,138000000,33.0,2002,2026
경기,시흥시,월곶동,풍림아이원2차,150,4748978,277500000,60.0,2005,2026
경기,시흥시,월곶동,풍림아이원3차,46,4067005,330000000,84.8,2005,2026
경기,시흥시,은행동,광덕,2,2647218,147000000,55.5,1989,2026
경기,시흥시,은행동,광덕2,3,3100198,250000000,80.6,1991,2026
경기,시흥시,은행동,네이처포레,57,7169056,460000000,60.0,2018,2026
경기,시흥시,은행동,대우2차,25,4991746,267000000,50.9,1997,2026
경기,시흥시,은행동,대우푸르지오1차,31,5254729,330000000,59.9,1996,2026
경기,시흥시,은행동,대우푸르지오3차,121,5568868,352500000,59.9,1998,2026
경기,시흥시,은행동,대우푸르지오4차,90,5751798,490000000,84.8,2004,2026
경기,시흥시,은행동,동경6차,1,3051882,180000000,59.0,1990,2025
경기,시흥시,은행동,두산,35,4829211,375000000,71.6,1997,2026
경기,시흥시,은행동,벽산3차,34,4870726,332000000,60.0,1998,2026
경기,시흥시,은행동,산호아파트,9,3657050,180000000,49.2,1989,2026
경기,시흥시,은행동,삼성홈타운,6,4863600,377500000,84.3,2008,2026
경기,시흥시,은행동,삼은넥스타운,1,2684685,298000000,111.0,2001,2025
경기,시흥시,은행동,시흥성원샹떼빌,68,4436632,230000000,49.5,1995,2026
경기,시흥시,은행동,시흥은계우미린더퍼스트,40,7225022,750000000,101.7,2018,2026
경기,시흥시,은행동,시흥은계한양수자인더클래스,117,7074541,585000000,84.7,2018,2026
경기,시흥시,은행동,시흥은계호반써밋플레이스,53,7623249,690000000,84.0,2019,2026
경기,시흥시,은행동,신명,45,4258517,210000000,48.8,1995,2026
경기,시흥시,은행동,신천역에피트아파트,4,7016483,757500000,111.7,2025,2026
경기,시흥시,은행동,연희,5,3286385,147000000,44.7,1986,2026
경기,시흥시,은행동,예스라이프,11,5283854,301000000,57.0,2008,2026
경기,시흥시,은행동,우남,21,5098873,424000000,84.7,2001,2026
경기,시흥시,은행동,은계브리즈힐,125,6836398,542000000,84.2,2019,2026
경기,시흥시,은행동,은계센트럴타운,147,7159353,410000000,52.0,2017,2026
경기,시흥시,은행동,은계파크자이,201,7978652,595000000,75.0,2020,2026
경기,시흥시,은행동,은행대우,7,2847945,115000000,40.4,1987,2025
경기,시흥시,은행동,은행마을녹원,12,3815560,234500000,56.9,1997,2026
경기,시흥시,은행동,제일풍경채더숲,60,7297887,610000000,85.0,2020,2026
경기,시흥시,은행동,진주,6,3953910,169000000,42.7,1986,2026
경기,시흥시,은행동,풍림아이원,15,4260960,360000000,84.5,2003,2026
경기,시흥시,은행동,한영,4,3906221,210000000,53.7,1986,2025
경기,시흥시,장곡동,동양덱스빌,20,4537871,272000000,59.9,1999,2026
경기,시흥시,장곡동,삼성래미안,31,4177945,344000000,85.0,1999,2026
경기,시흥시,장곡동,숲속마을,190,4419245,273000000,60.0,1999,2026
경기,시흥시,장곡동,시흥장현데시앙,1,5604484,420000000,74.9,2024,2026
경기,시흥시,장곡동,시흥장현예다음아르테,104,8082575,680000000,84.4,2022,2026
경기,시흥시,장곡동,연성대우3,15,5698649,415000000,79.6,2000,2026
경기,시흥시,장곡동,연성쉐르빌,18,2557160,85000000,33.7,2002,2026
경기,시흥시,장곡동,유승한내들퍼스트파크,79,8018470,690000000,84.5,2022,2026
경기,시흥시,장곡동,진말대우아파트,20,4855313,466500000,84.9,1999,2026
경기,시흥시,장곡동,진말삼환한진아파트,66,5035247,319000000,59.6,1999,2026
경기,시흥시,장곡동,진말우성아파트,19,5050909,460000000,100.0,1999,2026
경기,시흥시,장현동,J-PARK,5,4236472,295000000,66.2,2004,2026
경기,시흥시,장현동,네이처뷰,4,7059654,600000000,85.0,2019,2026
경기,시흥시,장현동,드림펠리스,3,4118132,350000000,85.0,2004,2025
경기,시흥시,장현동,새재마을대동,18,5413675,378500000,67.7,1999,2026
경기,시흥시,장현동,새재마을청구,24,5518095,367000000,60.0,2001,2026
경기,시흥시,장현동,시흥능곡역모아미래도에듀포레,156,6355835,557000000,85.0,2020,2026
경기,시흥시,장현동,시흥능곡역장현리슈빌퍼스트클래스,131,6002627,515000000,84.9,2020,2026
경기,시흥시,장현동,시흥웅진스위트홈,8,6057629,92500000,15.3,2018,2026
경기,시흥시,장현동,엘에이치트리플센텀,50,8041459,450000000,55.9,2022,2026
경기,시흥시,장현동,이즈라이프,3,3833828,323000000,84.4,2006,2026
경기,시흥시,장현동,장현II엔플러스빌,30,3836414,223000000,59.2,2004,2026
경기,시흥시,장현동,장현I엔플러스빌,14,3757418,221000000,59.2,2004,2026
경기,시흥시,장현동,장현호반써밋,118,7012111,591000000,85.0,2020,2026
경기,시흥시,장현동,제일풍경채에듀,71,6417352,530000000,84.9,2020,2026
경기,시흥시,장현동,포레미엘더파크,34,8110991,452000000,55.9,2022,2026
경기,시흥시,정왕동,건영1,52,3893101,245000000,60.0,1997,2026
경기,시흥시,정왕동,건영2,47,3667889,225000000,60.0,1997,2026
경기,시흥시,정왕동,건영3,13,3706755,315000000,84.9,2002,2026
경기,시흥시,정왕동,건영4,23,3862004,328000000,84.9,2000,2026
경기,시흥시,정왕동,건영5,23,3883267,330000000,84.9,2002,2026
경기,시흥시,정왕동,건영7,15,3532321,289000000,84.9,2001,2026
경기,시흥시,정왕동,계룡2,65,3886468,240000000,59.8,1998,2026
경기,시흥시,정왕동,계룡리슈빌,42,3926483,303500000,72.4,1997,2026
경기,시흥시,정왕동,고합,26,3560707,220000000,60.0,1998,2026
경기,시흥시,정왕동,금강,53,4335501,299000000,84.8,1996,2026
경기,시흥시,정왕동,대림1,51,4089945,263000000,59.9,1998,2026
경기,시흥시,정왕동,대림2,63,4123470,242000000,59.9,1998,2026
경기,시흥시,정왕동,대림3,16,3880564,450000000,117.3,1998,2026
경기,시흥시,정왕동,대림4,17,4110839,430000000,117.3,1997,2026
경기,시흥시,정왕동,대우,8,3634760,289000000,85.0,1996,2026
경기,시흥시,정왕동,동남,82,3940362,209000000,59.0,1998,2026
경기,시흥시,정왕동,동보,48,3594249,267500000,84.9,1997,2026
경기,시흥시,정왕동,동원,15,4483776,380000000,84.8,1998,2026
경기,시흥시,정왕동,모아,34,4418876,265000000,60.0,1997,2026
경기,시흥시,정왕동,무진,37,3860356,223000000,59.6,1995,2026
경기,시흥시,정왕동,문영센스빌,33,4888466,293000000,59.9,2002,2026
경기,시흥시,정왕동,미주,51,4122851,268000000,59.9,1996,2026
경기,시흥시,정왕동,보성,44,5107942,221000000,42.0,1998,2026
경기,시흥시,정왕동,부성파스텔,39,4848200,299500000,60.0,1997,2026
경기,시흥시,정왕동,삼성,22,3718524,308500000,85.0,1996,2026
경기,시흥시,정왕동,삼환,32,4050086,226500000,51.7,1997,2026
경기,시흥시,정왕동,서해1,27,4236291,360000000,85.0,1997,2026
경기,시흥시,정왕동,서해2,33,4368776,288500000,62.3,1998,2026
경기,시흥시,정왕동,세종1,29,4220996,365000000,84.9,1996,2026
경기,시흥시,정왕동,세종2,27,4243281,280000000,59.9,1997,2026
경기,시흥시,정왕동,세종3,22,3506452,410000000,124.8,1998,2026
경기,시흥시,정왕동,시화MTV호반써밋더퍼스트오션,44,5268509,363500000,59.9,2022,2026
경기,시흥시,정왕동,시화두산,75,4257446,217000000,50.0,1996,2026
경기,시흥시,정왕동,시흥금강펜테리움오션베이,68,6001210,411500000,60.1,2023,2026
경기,시흥시,정왕동,신동아,48,3546058,290000000,84.9,1996,2026
경기,시흥시,정왕동,신우,11,3496998,300000000,84.9,1996,2026
경기,시흥시,정왕동,신한미지엔,15,4069565,460000000,115.0,1997,2026
경기,시흥시,정왕동,신호새피앙,24,3731651,348500000,85.0,1997,2026
경기,시흥시,정왕동,아주,58,3167010,185750000,60.6,1994,2026
경기,시흥시,정왕동,영남1,23,4072912,244000000,59.9,1996,2026
경기,시흥시,정왕동,영남2,39,4006143,240000000,59.9,1996,2026
경기,시흥시,정왕동,영남3,46,3864259,231500000,59.9,1996,2026
경기,시흥시,정왕동,영남4,35,4006143,240000000,59.9,1996,2026
경기,시흥시,정왕동,영남5,22,3781120,335000000,84.9,1996,2026
경기,시흥시,정왕동,영남6,75,4687500,270000000,60.0,1997,2026
경기,시흥시,정왕동,영화하이닉스,19,4187426,298000000,84.3,2002,2026
경기,시흥시,정왕동,요진,58,3842555,301500000,84.9,1997,2026
경기,시흥시,정왕동,월드,50,4004338,230000000,59.9,1995,2026
경기,시흥시,정왕동,유천,67,3755007,280000000,84.7,1996,2026
경기,시흥시,정왕동,주공1,36,4020480,247500000,59.6,1997,2026
경기,시흥시,정왕동,주공2,61,3544423,223000000,59.9,1997,2026
경기,시흥시,정왕동,주공3,45,3532609,218000000,59.7,1997,2026
경기,시흥시,정왕동,주공4,56,3986621,242500000,59.6,1998,2026
경기,시흥시,정왕동,주공5,67,4029550,255000000,59.6,1998,2026
경기,시흥시,정왕동,주공6,35,4079079,244500000,59.9,1998,2026
경기,시흥시,정왕동,진로,31,3763801,225000000,59.3,1997,2026
경기,시흥시,정왕동,청솔아파트,109,3653251,177000000,48.4,1999,2026
경기,시흥시,정왕동,파라곤센트럴오션시티,71,5392957,345000000,59.7,2023,2026
경기,시흥시,정왕동,한신공영,27,3830893,272000000,73.1,1996,2026
경기,시흥시,정왕동,한일,42,3961475,245500000,59.9,1996,2026
경기,시흥시,정왕동,호반써밋더프라임,61,5937199,360000000,59.8,2023,2026
경기,시흥시,정왕동,화성,16,4517079,420000000,84.9,1997,2026
경기,시흥시,조남동,가야,5,4339831,205000000,53.8,1990,2026
경기,시흥시,조남동,가온수플,29,6241168,493000000,84.9,2018,2026
경기,시흥시,조남동,그레미움,25,6832179,362500000,60.0,2017,2026
경기,시흥시,조남동,네이처하임,66,7801300,610000000,74.7,2016,2026
경기,시흥시,조남동,리벤티움,59,7004670,415000000,60.0,2017,2026
경기,시흥시,조남동,목감역호반써밋,27,7713528,807000000,102.8,2018,2026
경기,시흥시,조남동,목감퍼스트리움,86,9102305,545000000,59.8,2015,2026
경기,시흥시,조남동,목감한신더휴센트럴파크,63,7059654,540000000,85.0,2017,2026
경기,시흥시,조남동,목감호반써밋더레이크,72,7340727,558000000,84.7,2017,2026
경기,시흥시,조남동,삼호가든아파트,14,5577783,357500000,60.0,1997,2026
경기,시흥시,조남동,세우,9,4612850,213000000,45.5,1986,2026
경기,시흥시,조남동,세원,1,7267442,300000000,41.3,1986,2025
경기,시흥시,조남동,수정,3,4441093,265000000,59.7,1994,2026
경기,시흥시,조남동,신안인스빌,53,7145041,520000000,70.0,2017,2026
경기,시흥시,조남동,장미,5,3949447,240000000,60.8,1985,2026
경기,시흥시,조남동,포레하임,7,5710847,435000000,74.8,2016,2026
경기,시흥시,죽율동,시흥6차푸르지오1단지,79,4529945,380000000,85.0,2014,2026
경기,시흥시,죽율동,시흥6차푸르지오2단지,36,4548129,386500000,85.0,2013,2026
경기,시흥시,포동,동진,5,3138040,188000000,59.9,1992,2026
경기,시흥시,포동,서강,8,3887309,226000000,59.7,1997,2026
경기,시흥시,포동,신관1차아파트,5,2753124,150000000,54.9,1991,2026
경기,시흥시,포동,태산아파트,59,3227594,231000000,72.2,1993,2026
경기,시흥시,포동,태헌3차아파트,7,3147954,180000000,57.2,1992,2026
경기,시흥시,하상동,써미트빌,5,2627628,105000000,40.0,2003,2026
경기,시흥시,하상동,연꽃마을금호,72,3772948,245500000,59.8,1999,2026
경기,시흥시,하상동,연꽃마을대우삼호아파트,99,3674015,235000000,59.9,1999,2026
경기,시흥시,하상동,연꽃마을태평1,19,3397460,380000000,116.4,2003,2026
경기,시흥시,하상동,연꽃마을태평2,24,3687142,300000000,84.8,2003,2026
경기,시흥시,하중동,관곡마을동아,47,4216667,253000000,60.0,2000,2026
경기,시흥시,하중동,관곡마을성원,39,3766951,225000000,59.7,1999,2026
경기,시흥시,하중동,대우4,9,4143105,338000000,84.3,2002,2026
경기,시흥시,하중동,데코빌,8,3021644,106500000,35.5,2003,2026
경기,시흥시,하중동,유호NPLUSVILLE,11,3169165,170000000,59.5,2004,2026
경기,시흥시,하중동,제나하임아파트,1,2995120,178000000,59.4,2016,2025
경기,시흥시,하중동,참이슬마을,55,4001883,360000000,85.0,1999,2026
경기,안성시,가사동,안성푸르지오,63,4001649,242000000,60.0,2017,2026
경기,안성시,공도읍 마정리,대림2차,6,1070128,48500000,44.0,1991,2026
경기,안성시,공도읍 마정리,대림한숲원,36,1383801,34000000,24.6,1997,2026
경기,안성시,공도읍 마정리,로데오,1,1258993,52500000,41.7,1989,2025
경기,안성시,공도읍 마정리,안성베르빌,14,1825825,110000000,60.0,2001,2026
경기,안성시,공도읍 마정리,임광그대가,26,2308093,198000000,84.9,2007,2026
경기,안성시,공도읍 만정리,공도정보,5,1193655,76000000,63.7,2004,2026
경기,안성시,공도읍 만정리,금호어울림1단지,32,2841645,241500000,84.7,2007,2026
경기,안성시,공도읍 만정리,금호어울림2단지,8,2545913,291500000,127.0,2007,2026
경기,안성시,공도읍 만정리,금호어울림3단지,17,2833497,240000000,84.7,2008,2026
경기,안성시,공도읍 만정리,디자인시티블루밍,118,2941488,275500000,85.0,2010,2026
경기,안성시,공도읍 만정리,라포르테공도,5,4168105,250000000,60.0,2025,2026
경기,안성시,공도읍 만정리,부영,75,2020882,115000000,59.4,2001,2026
경기,안성시,공도읍 만정리,안성E.TRINITY공도센트럴파크,60,3980559,280000000,74.1,2023,2026
경기,안성시,공도읍 만정리,안성공도KCC스위첸,85,3047346,268000000,85.0,2010,2026
경기,안성시,공도읍 만정리,한일타운,24,2500657,149500000,59.8,2005,2026
경기,안성시,공도읍 승두리,공도서희스타힐스,73,4400433,270000000,60.0,2024,2026
경기,안성시,공도읍 승두리,공도우방아이유쉘,70,4317163,283000000,63.3,2020,2026
경기,안성시,공도읍 승두리,쌍용더플래티넘프리미어,81,4964125,315000000,59.9,2023,2026
경기,안성시,공도읍 승두리,효성해링턴플레이스안성공도,8,4573018,300000000,60.0,2024,2026
경기,안성시,공도읍 양기리,송정그린빌,95,2059044,148000000,59.9,2001,2026
경기,안성시,공도읍 양기리,안성공도서해그랑블아파트,131,3656614,227500000,60.0,2019,2026
경기,안성시,공도읍 양기리,안성우방아이유쉘에스티지,17,4567549,388000000,84.9,2025,2026
경기,안성시,공도읍 용두리,산수화,50,1836087,110000000,59.9,2003,2026
경기,안성시,공도읍 용두리,안성공도센트럴카운티에듀파크아파트,1,4471461,380000000,85.0,2024,2026
경기,안성시,공도읍 용두리,안성공도우미린더퍼스트,106,4582373,325500000,73.7,2018,2026
경기,안성시,공도읍 용두리,주은풍림,378,2359438,118000000,49.8,2002,2026
경기,안성시,공도읍 용두리,태산1차,48,1923406,115000000,59.7,1999,2026
경기,안성시,공도읍 진사리,삼성,29,2614871,165000000,59.8,2002,2026
경기,안성시,공도읍 진사리,쌍용스윗닷홈,86,2944984,242000000,84.9,2005,2026
경기,안성시,공도읍 진사리,안성수창해뜨레,1,3138848,255000000,81.2,2019,2026
경기,안성시,공도읍 진사리,우림,86,2352720,124000000,53.1,1998,2026
경기,안성시,공도읍 진사리,우림루미아트,48,2588784,220000000,85.0,2004,2026
경기,안성시,공도읍 진사리,주은청설,277,2100629,97000000,39.8,2000,2026
경기,안성시,공도읍 진사리,해링턴플레이스진사1단지,1,5297164,450100000,85.0,2026,2026
경기,안성시,공도읍 진사리,해링턴플레이스진사2단지,1,4854628,364000000,75.0,2026,2026
경기,안성시,금광면 신양복리,홍익,149,2234928,102000000,53.7,2001,2026
경기,안성시,금산동,금산주공,17,2673936,105000000,38.5,1987,2026
경기,안성시,금산동,벨라스,3,1502630,141000000,84.2,2004,2026
경기,안성시,금산동,삼부,16,1594948,125000000,74.4,1991,2026
경기,안성시,금산동,주은청설,35,2191988,145000000,65.6,1999,2026
경기,안성시,금석동,동남,51,1395982,82000000,58.7,1998,2026
경기,안성시,낙원동,삼보,5,1312106,106000000,84.2,1992,2025
경기,안성시,낙원동,서광,9,1596500,135000000,84.6,1992,2026
경기,안성시,낙원동,유웅,6,1005782,76500000,74.0,1989,2026
경기,안성시,당왕동,e편한세상안성그랑루체,81,5001748,440370000,85.0,2024,2026
경기,안성시,당왕동,대우1,53,2362561,174000000,70.7,1993,2026
경기,안성시,당왕동,대우경남,62,2611758,155000000,59.3,1997,2026
경기,안성시,당왕동,삼정그린코아더베스트,186,4106573,310000000,84.9,2019,2026
경기,안성시,당왕동,쌍용,26,2137242,165000000,78.0,1993,2026
경기,안성시,당왕동,태영,11,2118145,170000000,85.0,2000,2026
경기,안성시,대덕면 내리,남용,10,1022377,40000000,38.9,1990,2026
경기,안성시,대덕면 내리,신라,144,2040816,72000000,35.3,1999,2026
경기,안성시,대덕면 신령리,안성롯데캐슬,243,3412570,220000000,60.0,2016,2026
경기,안성시,대덕면 진현리,유안,27,1885176,115000000,59.1,2005,2026
경기,안성시,동본동,벨라스,1,1760633,178000000,101.1,2005,2025
경기,안성시,미양면 보체리,경동메르빌,58,1705245,100000000,58.6,2010,2026
경기,안성시,미양면 양변리,금화마을,43,1250601,52000000,41.6,2000,2026
경기,안성시,보개면 기좌리,리치타운,22,1629549,90000000,55.2,2003,2026
경기,안성시,봉산동,한주,28,1652021,111000000,72.2,1992,2026
경기,안성시,석정동,ELYSIA,17,4460303,98000000,22.4,2019,2026
경기,안성시,석정동,신원아침도시,38,3294505,280000000,85.0,2009,2026
경기,안성시,석정동,안성센트럴파밀리에,42,4651401,365000000,84.8,2021,2026
경기,안성시,석정동,우남퍼스트빌,26,3329418,340000000,112.4,2007,2026
경기,안성시,석정동,화성하이츠,5,1399711,103000000,74.5,1990,2026
경기,안성시,숭인동,동신,30,1907458,150000000,84.8,1994,2026
경기,안성시,숭인동,안성우정에쉐르,4,2397194,285000000,118.9,2006,2025
경기,안성시,신소현동,안성신소현코아루,72,2588540,219000000,85.0,2006,2026
경기,안성시,신흥동,신흥빌리지,2,1358760,115250000,84.8,2001,2026
경기,안성시,아양동,서희스타힐스 NHF,1,3533153,300000000,84.9,2017,2025
경기,안성시,아양동,아양주공1,62,2474123,100000000,40.0,1991,2026
경기,안성시,아양동,아양주공2,62,2619337,115500000,42.9,1995,2026
경기,안성시,아양동,안성아양흥화HaaV,26,4445884,377500000,85.0,2024,2026
경기,안성시,옥산동,안성아양 광신프로그레스,15,4155136,350000000,84.2,2018,2026
경기,안성시,옥산동,안성아양시티프라디움,32,4470888,380000000,85.0,2018,2026
경기,안성시,옥산동,옥산주공,18,2401350,92500000,38.5,1988,2026
경기,안성시,원곡면 반제리,산수화,47,1874163,112000000,59.8,2003,2026
경기,안성시,원곡면 외가천리,원곡,6,1316277,71000000,53.9,1991,2026
경기,안성시,원곡면 외가천리,원곡 제일 오투그란데,90,3167195,190000000,60.0,2018,2026
경기,안성시,인지동,골든캐슬타워,42,3738318,75000000,19.7,2016,2026
경기,안성시,일죽면 송천리,일죽아이시타운,46,1629300,122000000,80.5,2002,2026
경기,안성시,죽산면 장원리,지에프,62,1810292,84000000,46.1,2002,2026
경기,안성시,죽산면 죽산리,강림,1,736278,33000000,44.8,1992,2026
경기,안성시,죽산면 죽산리,무지개,3,466592,25000000,53.6,1994,2026
경기,안성시,죽산면 죽산리,안성하우스토리퍼스트시티,1,4458197,333100000,74.7,2025,2026
경기,안성시,중리동,동광,105,1921342,128000000,59.9,2007,2026
경기,안성시,중리동,안성중리2차동광,124,1792134,152250000,85.0,2009,2026
경기,안성시,창전동,코스모스,13,1410412,118000000,84.0,1988,2026
경기,양주시,고암동,덕정중흥에스클래스,20,3225076,385000000,117.8,2011,2026
경기,양주시,고암동,동안마을(주공3단지),87,2816395,200000000,83.4,2001,2026
경기,양주시,고암동,주원마을(주공2단지),183,3029283,172000000,59.4,2000,2026
경기,양주시,고암동,하늘빛마을,45,2943254,243000000,84.9,2007,2026
경기,양주시,고읍동,TS푸른솔1차,22,3918626,238000000,60.0,1999,2026
경기,양주시,고읍동,TS푸른솔2차,13,3416991,220000000,60.0,2000,2026
경기,양주시,고읍동,산내들마을우남퍼스트빌,26,3653747,310000000,84.8,2009,2026
경기,양주시,고읍동,산내들마을우미린아파트,36,4002207,340000000,84.9,2009,2026
경기,양주시,고읍동,산내들마을한양수자인,23,4132683,414000000,101.5,2009,2026
경기,양주시,고읍동,현대,11,2963117,300000000,99.8,1999,2026
경기,양주시,광사동,대방노블랜드,36,2313424,192500000,83.2,2003,2026
경기,양주시,광사동,신도8푸른숲(브레뉴),23,2670673,167000000,59.9,1999,2026
경기,양주시,광사동,해동마을신도브래뉴,49,3446484,305000000,85.0,2009,2026
경기,양주시,광사동,해동마을유승한내들,22,3718141,316000000,85.0,2009,2026
경기,양주시,광사동,해동마을한양수자인,63,3672377,225000000,59.9,2010,2026
경기,양주시,광적면 가납리,양주벨라시티아파트,42,3309049,198500000,60.0,2017,2026
경기,양주시,광적면 가납리,양주성우헤스티아,36,2416828,145000000,60.0,2004,2026
경기,양주시,광적면 광석리,희망,26,1888038,104000000,59.9,1996,2026
경기,양주시,남면 신산리,거산,7,904636,48000000,53.1,1993,2025
경기,양주시,덕계동,금광,45,2338437,130000000,55.6,2002,2026
경기,양주시,덕계동,금용,14,1988459,120500000,59.8,1991,2026
경기,양주시,덕계동,덕계신도브래뉴,20,2659182,226000000,85.0,2012,2026
경기,양주시,덕계동,덕계역금강펜테리움센트럴파크,152,5674842,336500000,59.3,2023,2026
경기,양주시,덕계동,덕계역대광로제비앙더메트로팰리스,18,5670681,497500000,85.0,2023,2026
경기,양주시,덕계동,덕계한주,27,2336449,153000000,59.9,1999,2026
경기,양주시,덕계동,명성,20,1727358,77500000,42.8,1986,2026
경기,양주시,덕계동,범양1단지,7,3278766,277000000,84.5,2006,2026
경기,양주시,덕계동,범양2단지,34,3067760,260000000,84.8,2006,2026
경기,양주시,덕계동,삼희푸른마을아파트,15,2199367,95000000,44.5,1996,2026
경기,양주시,덕계동,센트럴휴티스,5,4588635,390000000,85.0,2024,2026
경기,양주시,덕계동,신우,37,2352438,153000000,59.9,1994,2026
경기,양주시,덕계동,양주2차금광포란재,32,2894565,245750000,84.9,2002,2026
경기,양주시,덕계동,양주윤중아파트,45,2755682,155000000,52.8,2002,2026
경기,양주시,덕계동,양주푸르지오,56,3014968,263500000,84.9,2006,2026
경기,양주시,덕계동,양주회천신도시디에트르센트럴시티,88,6003305,486500000,84.9,2022,2026
경기,양주시,덕계동,양주회천한양수자인,58,6045161,345000000,55.8,2022,2026
경기,양주시,덕계동,이레하이니스,19,6003314,300000000,50.0,2021,2025
경기,양주시,덕계동,현대,33,2941938,183000000,60.0,1997,2026
경기,양주시,덕계동,현진에버빌1단지,28,2912107,250500000,84.9,2007,2026
경기,양주시,덕계동,현진에버빌2단지,39,2941661,250000000,85.0,2007,2026
경기,양주시,덕계동,혜동타워,29,2047244,45000000,19.7,2014,2026
경기,양주시,덕계동,회천대광로제비앙더센트럴,9,5647085,480000000,85.0,2023,2026
경기,양주시,덕계동,회천베네스트하우스,33,5489356,450000000,84.6,2023,2026
경기,양주시,덕계동,회천트루엘시그니쳐,25,5169251,310000000,60.0,2024,2026
경기,양주시,덕계동,회천파밀리에더퍼스트,40,5520895,435000000,85.0,2024,2026
경기,양주시,덕정동,덕정역서희스타힐스에듀포레뷰,86,5138967,320000000,60.0,2025,2026
경기,양주시,덕정동,명지,4,2327731,138500000,59.5,1996,2026
경기,양주시,덕정동,봉우마을(주공5단지),105,3009921,174000000,59.5,2000,2026
경기,양주시,덕정동,아트시티,2,3179464,108000000,34.0,2015,2025
경기,양주시,덕정동,양주서희스타힐스1단지,20,3884638,321500000,85.0,2014,2026
경기,양주시,덕정동,양주서희스타힐스2단지,54,3877383,300000000,85.0,2014,2026
경기,양주시,덕정동,융보,13,1783518,145000000,81.3,1992,2026
경기,양주시,덕정동,일성트루엘,15,3413371,290000000,85.0,2011,2026
경기,양주시,덕정동,주공1(은동마을),54,3142044,265000000,84.3,2001,2026
경기,양주시,덕정동,청담마을(주공4단지),50,2919370,290000000,93.0,2001,2026
경기,양주시,덕정동,한국(101.102.103동),4,2411426,130000000,53.9,1989,2026
경기,양주시,덕정동,한국(104동),1,2504174,135000000,53.9,1989,2026
경기,양주시,덕정동,한국(105.106.107동),8,2096063,134750000,62.3,1990,2026
경기,양주시,덕정동,한국(108동),3,1890136,128000000,67.7,1991,2026
경기,양주시,만송동,은빛마을유승한내들,36,4334511,260000000,60.0,2009,2026
경기,양주시,만송동,은빛마을한양수자인,15,3607482,360000000,99.8,2010,2026
경기,양주시,백석읍 가업리,동화5차옥시죤,32,2547858,175000000,59.9,2005,2026
경기,양주시,백석읍 가업리,서광(아침의빛),38,1943760,155250000,84.6,2008,2026
경기,양주시,백석읍 가업리,세아청솔3차,53,1927267,110000000,59.7,2001,2026
경기,양주시,백석읍 방성리,대교산과내,20,1949436,142000000,72.4,1999,2026
경기,양주시,백석읍 방성리,백석세아2차,9,1450017,85000000,58.6,1997,2026
경기,양주시,백석읍 복지리,가야1,9,1669728,95000000,59.9,1996,2026
경기,양주시,백석읍 복지리,가야3,11,2417876,149000000,60.0,1999,2026
경기,양주시,백석읍 복지리,가야5차써니빌,26,2573119,218500000,84.9,2004,2026
경기,양주시,백석읍 복지리,가야아파트2단지,16,2084376,125000000,60.0,1997,2026
경기,양주시,백석읍 복지리,동화(장미마을),20,2090066,159000000,84.9,1999,2026
경기,양주시,백석읍 복지리,동화6차옥시죤,7,2988288,254000000,85.0,2010,2026
경기,양주시,백석읍 복지리,동화은하수(초록마을),24,2019867,158000000,84.9,1999,2026
경기,양주시,백석읍 복지리,동화은하수옥시죤,16,2351401,170000000,72.3,2003,2026
경기,양주시,백석읍 복지리,태영데시안,12,2235820,170000000,85.0,1999,2026
경기,양주시,백석읍 오산리,백석세아(101동),4,1359285,96000000,70.0,1993,2026
경기,양주시,백석읍 오산리,백석세아(102동),2,1410416,83000000,58.9,1993,2026
경기,양주시,백석읍 오산리,한승리메이드,20,1926703,163500000,84.9,2001,2026
경기,양주시,백석읍 홍죽리,新양주모아엘가니케,15,3900585,270000000,60.0,2024,2026
경기,양주시,산북동,양주한승,34,2009528,170000000,84.6,2001,2026
경기,양주시,삼숭동,TS푸른솔3차아파트,29,2766985,220000000,84.9,2001,2026
경기,양주시,삼숭동,나래,27,2334890,188000000,84.9,1999,2026
경기,양주시,삼숭동,성우아파트아침의미소,84,2875293,172000000,59.8,2004,2026
경기,양주시,삼숭동,양주자이(6단지),70,2506419,210000000,84.9,2006,2026
경기,양주시,삼숭동,양주자이(7단지),55,2470474,215000000,84.9,2006,2026
경기,양주시,삼숭동,양주자이1단지,115,2922009,205000000,74.9,2005,2026
경기,양주시,삼숭동,양주자이2단지,59,2979211,190000000,59.9,2005,2026
경기,양주시,삼숭동,양주자이3단지,81,2673047,227000000,84.9,2005,2026
경기,양주시,삼숭동,양주자이4단지,97,2826129,200000000,74.9,2005,2026
경기,양주시,삼숭동,양주자이5단지,62,2708374,210000000,84.9,2005,2026
경기,양주시,삼숭동,옥정역로제비앙메트로파크1단지,67,4475511,380000000,84.9,2022,2026
경기,양주시,삼숭동,옥정역로제비앙메트로파크2단지,14,4551667,386250000,84.9,2022,2026
경기,양주시,옥정동,e편한세상 옥정어반센트럴,68,5410048,440000000,84.6,2017,2026
경기,양주시,옥정동,e편한세상옥정더퍼스트,162,4920146,399500000,84.9,2019,2026
경기,양주시,옥정동,e편한세상옥정리더스가든,25,5176921,440000000,85.0,2024,2026
경기,양주시,옥정동,e편한세상옥정메트로포레,171,5285712,410000000,84.9,2020,2026
경기,양주시,옥정동,e편한세상옥정에듀써밋,121,5534817,436000000,85.0,2018,2026
경기,양주시,옥정동,대성베르힐옥정더센트로,55,4814881,425000000,84.7,2022,2026
경기,양주시,옥정동,리젠시빌란트,70,4690273,264000000,56.3,2018,2026
경기,양주시,옥정동,세창리베하우스,101,2388623,203000000,85.0,2003,2026
경기,양주시,옥정동,양주옥정LH엘리프,74,5159368,282000000,59.6,2023,2026
경기,양주시,옥정동,양주옥정더원파크빌리지,42,4353146,370000000,85.0,2023,2026
경기,양주시,옥정동,양주옥정린파밀리에,70,4808977,398000000,84.9,2024,2026
경기,양주시,옥정동,양주옥정신도시대방노블랜드더시그니처,115,6200146,527000000,85.0,2021,2026
경기,양주시,옥정동,양주옥정신도시디에트르에듀포레,62,4919636,391500000,80.0,2023,2026
경기,양주시,옥정동,양주옥정신도시디에트르프레스티지,143,5648162,475000000,85.0,2022,2026
경기,양주시,옥정동,양주옥정신도시제일풍경채레이크시티1단지,72,5477400,470000000,84.9,2023,2026
경기,양주시,옥정동,양주옥정신도시제일풍경채레이크시티2단지,76,5535729,470000000,84.9,2023,2026
경기,양주시,옥정동,양주옥정신도시한신더휴,39,5062188,430000000,85.0,2023,2026
경기,양주시,옥정동,양주옥정유림노르웨이숲,142,4705916,385000000,85.0,2023,2026
경기,양주시,옥정동,옥정센트럴파크푸르지오,240,5925275,349500000,59.0,2016,2026
경기,양주시,옥정동,옥정중앙역중흥S-클래스센텀시티(1단지),81,6001525,505000000,85.0,2022,2026
경기,양주시,옥정동,옥정중앙역중흥S-클래스센텀시티(2단지),76,6119649,500000000,85.0,2022,2026
경기,양주시,옥정동,율정마을13단지,113,3766922,317000000,85.0,2014,2026
경기,양주시,옥정동,지에스건설제이드웰엔에이치에프,3,3859278,300000000,85.0,2018,2026
경기,양주시,장흥면 부곡리,송추역북한산경남아너스빌,81,4848470,310000000,63.9,2022,2026
경기,양주시,장흥면 부곡리,써밋더테라스,3,5484137,465000000,84.8,2023,2026
경기,양주시,장흥면 부곡리,우남송추마을,30,2706659,230000000,85.0,2001,2026
경기,양주시,장흥면 부곡리,우리마을,10,3343327,167500000,49.4,2011,2026
경기,양주시,장흥면 부곡리,푸른마을,9,2661544,305000000,127.4,1999,2026
경기,양주시,장흥면 일영리,브라운힐아파트102동,2,5810185,502000000,86.4,2022,2025
경기,양주시,장흥면 일영리,장흥역경남아너스빌북한산뷰1단지,6,4647792,395000000,85.0,2025,2026
경기,양주시,장흥면 일영리,장흥역경남아너스빌북한산뷰2단지,10,5147568,437500000,85.0,2025,2026
경기,양주시,장흥면 일영리,푸른옥,18,2860020,264000000,84.9,2001,2026
경기,양주시,회정동,e편한세상덕정역더스카이,35,4947999,327000000,59.9,2023,2026
경기,양주시,회정동,금용2,10,1967593,131500000,60.5,1992,2026
경기,양주시,회정동,양주회정범양,54,2681211,225000000,85.0,2003,2026
경기,양평군,강상면 병산리,양평우방아이유쉘에코리버아파트,11,4491850,350000000,77.9,2025,2026
경기,양평군,강상면 병산리,양평현대성우(1단지),15,3106357,275000000,85.0,2010,2026
경기,양평군,강상면 병산리,양평현대성우(2단지),11,2885449,252500000,84.9,2010,2026
경기,양평군,강상면 병산리,양평현대성우(3단지),16,3020888,258000000,84.9,2010,2026
경기,양평군,강상면 병산리,양평휴먼빌2차,55,4000227,249000000,60.0,2017,2026
경기,양평군,개군면 하자포리,양평비바체,1,2418478,178000000,73.6,2009,2024
경기,양평군,양동면 쌍학리,양동하이츠빌라,1,1345362,85000000,63.2,1994,2025
경기,양평군,양서면 양수리,W-Castle,12,5174624,455000000,84.8,2018,2026
경기,양평군,양서면 양수리,더리버파크,12,5463380,450000000,83.5,2019,2026
경기,양평군,양서면 양수리,랑데뷰(A동),1,3922594,225000000,57.4,2012,2025
경기,양평군,양서면 양수리,랑데뷰(B동),3,3489184,200000000,58.9,2012,2026
경기,양평군,양서면 양수리,삼익,20,4389700,277000000,59.9,2000,2026
경기,양평군,양서면 양수리,양수아이파크(1단지),1,4918033,600000000,122.0,2009,2026
경기,양평군,양서면 양수리,프라임파크뷰,4,4313127,350000000,83.4,2017,2026
경기,양평군,양서면 양수리,훼미리,9,2562922,175000000,65.2,1992,2026
경기,양평군,양서면 용담리,양수역에델바움,9,5476451,320000000,58.4,2018,2026
경기,양평군,양서면 용담리,양수역이지움리버뷰,6,6110764,572500000,84.8,2024,2026
경기,양평군,양평읍 공흥리,양평공흥3휴먼빌아틀리에,43,5419163,445000000,84.7,2025,2026
경기,양평군,양평읍 공흥리,예청그린팰리스,4,1993938,250000000,121.5,2008,2026
경기,양평군,양평읍 공흥리,한신휴플러스,37,4019971,290000000,75.9,2016,2026
경기,양평군,양평읍 공흥리,행복마을(공흥주공),60,3820346,175000000,46.2,2003,2026
경기,양평군,양평읍 백안리,블루밍1단지,38,3002925,288500000,101.8,2010,2026
경기,양평군,양평읍 백안리,블루밍2단지,30,2764774,307500000,114.9,2010,2026
경기,양평군,양평읍 양근리,그린맨션1,25,2354603,204000000,84.9,1992,2026
경기,양평군,양평읍 양근리,그린맨션2,23,2713224,175000000,59.8,1995,2026
경기,양평군,양평읍 양근리,금광1,11,2678273,160000000,59.7,1992,2026
경기,양평군,양평읍 양근리,금광2,6,2875105,177500000,59.6,1995,2026
경기,양평군,양평읍 양근리,대은팰리스뷰,3,4062169,230000000,56.6,2013,2026
경기,양평군,양평읍 양근리,더샵양평리버포레,35,6461348,520000000,76.6,2024,2026
경기,양평군,양평읍 양근리,리버뷰101,26,4644538,345300000,74.3,2025,2025
경기,양평군,양평읍 양근리,미르젠101동102동,1,3109289,355000000,114.2,2008,2025
경기,양평군,양평읍 양근리,부림,2,1807870,153000000,84.6,1991,2025
경기,양평군,양평읍 양근리,센트럴파크써밋,83,6681415,510000000,80.4,2022,2026
경기,양평군,양평읍 양근리,양평스카이파크,4,3043221,249500000,82.0,2013,2026
경기,양평군,양평읍 양근리,양평역센트럴시티,24,5289452,402500000,75.0,2023,2026
경기,양평군,양평읍 양근리,양평역한라비발디,132,5922060,469000000,84.5,2023,2026
경기,양평군,양평읍 양근리,양평현대,33,3819095,241000000,59.7,1996,2026
경기,양평군,양평읍 양근리,에스케이뷰아파트,24,3997880,343500000,84.9,2006,2026
경기,양평군,양평읍 양근리,원석비바체,2,2249021,290000000,128.9,2007,2026
경기,양평군,양평읍 양근리,제이파크,3,2985760,195000000,64.9,2016,2025
경기,양평군,양평읍 양근리,코아루리버팰리스,8,4221253,492500000,116.7,2010,2026
경기,양평군,양평읍 양근리,한진해모로,6,4058457,344750000,85.0,2007,2026
경기,양평군,양평읍 양근리,현대성우오스타코아루주상복합,19,4328860,555000000,131.8,2012,2026
경기,양평군,양평읍 양근리,휴먼빌,19,4456792,377000000,84.6,2009,2026
경기,양평군,양평읍 창대리,양평휴먼빌리버파크어반,45,5133751,409000000,84.9,2023,2026
경기,양평군,양평읍 창대리,한화포레나양평,50,5660444,395000000,75.0,2023,2026
경기,양평군,용문면 다문리,밀레니엄,3,3151987,266000000,84.7,2020,2026
경기,양평군,용문면 다문리,비바체(1동),1,1764914,150000000,85.0,2010,2025
경기,양평군,용문면 다문리,스파아파트,2,2569100,217500000,84.7,2011,2026
경기,양평군,용문면 다문리,심미,8,2578783,218000000,84.5,2004,2026
경기,양평군,용문면 다문리,양평다문월드메르디앙,2,4388673,260900000,59.4,2022,2026
경기,양평군,용문면 다문리,용문그린,13,2242417,147000000,59.7,2004,2026
경기,양평군,용문면 다문리,용문역반도유보라아이비파크,90,4821184,313500000,60.0,2023,2026
경기,양평군,용문면 다문리,용문코아루,38,4322691,292500000,69.4,2016,2026
경기,양평군,용문면 다문리,원석비바체,3,1882574,160000000,85.0,2010,2026
경기,양평군,용문면 마룡리,꽃여울,7,1482391,94000000,71.2,2007,2026
경기,여주시,가남읍 신해리,동남,36,1631253,97500000,59.8,1997,2026
경기,여주시,가남읍 신해리,현진에버빌-1,97,2015661,83000000,39.6,2000,2026
경기,여주시,가남읍 신해리,현진에버빌-2,23,2399605,170000000,70.8,2001,2026
경기,여주시,가남읍 심석리,세광리치타운(101동-108동),38,1430031,84000000,58.7,1999,2026
경기,여주시,가남읍 태평리,굿모닝타워,8,1640336,92500000,56.4,2008,2026
경기,여주시,가남읍 태평리,을성,3,1286125,80000000,60.7,1986,2026
경기,여주시,교동,강남,37,2503338,168000000,59.9,1998,2026
경기,여주시,교동,삼성명가타운,21,2355407,200000000,84.9,2001,2026
경기,여주시,교동,여주역금호어울림베르티스,84,5298300,450000000,84.9,2022,2026
경기,여주시,교동,여주역센트레빌트리니체,27,5027569,357100000,76.7,2024,2026
경기,여주시,교동,여주역우남퍼스트빌,56,6297785,395500000,60.0,2023,2026
경기,여주시,교동,여주역푸르지오클라테르,40,5825428,495000000,85.0,2021,2026
경기,여주시,교동,여주역휴먼빌아트라움,42,5882491,479000000,85.0,2023,2026
경기,여주시,교동,예일세띠앙,56,3448964,295000000,85.0,2006,2026
경기,여주시,교동,호반리젠시빌,75,2521379,202000000,84.9,2003,2026
경기,여주시,멱곡동,정광휴레나,19,2251204,180000000,84.9,2008,2026
경기,여주시,세종대왕면 신지리,우찬셀레스,12,2504342,152500000,57.6,2016,2026
경기,여주시,연양동,영진리버빌,36,2184713,185000000,84.7,2006,2026
경기,여주시,오학동,성일우리미,16,2156398,311500000,146.4,2009,2026
경기,여주시,오학동,신도브래뉴리버뷰,27,2856032,360000000,126.0,2009,2026
경기,여주시,오학동,여주오드카운티,79,3244781,205000000,60.0,2014,2026
경기,여주시,오학동,현진에버빌,53,1728774,85000000,52.1,1998,2026
경기,여주시,월송동,두풍리치빌,32,2276918,193000000,84.8,2003,2026
경기,여주시,월송동,보광그랑베르,41,2403575,155000000,62.0,2005,2026
경기,여주시,월송동,한성,60,1950163,117000000,60.0,2000,2026
경기,여주시,점봉동,부영사랑으로,118,2361673,97500000,38.7,2000,2026
경기,여주시,점봉동,세종그랑시아,12,2343219,175000000,74.7,2006,2026
경기,여주시,점봉동,인창,12,1175214,99000000,84.2,1991,2026
경기,여주시,천송동,서해스카이팰리스,10,4671821,388050000,82.9,2024,2026
경기,여주시,천송동,여주KCC스위첸,44,5356811,455000000,84.9,2019,2026
경기,여주시,천송동,월드타워,5,3533028,60000000,17.0,2017,2026
경기,여주시,천송동,중앙하이빌,9,2559183,153000000,59.8,2012,2026
경기,여주시,하동,삼한강변,3,1802704,113000000,59.9,1993,2025
경기,여주시,하동,하나,7,1761449,105000000,59.6,1992,2026
경기,여주시,하동,현대,14,2834042,171500000,60.0,1995,2026
경기,여주시,현암동,e편한세상여주,38,3259785,275500000,84.6,2014,2026
경기,여주시,현암동,벽산,101,1812367,68000000,37.5,1997,2026
경기,여주시,현암동,삼진,21,1337614,79000000,57.2,1990,2026
경기,여주시,현암동,여주아이파크,63,4448084,378000000,85.0,2020,2026
경기,여주시,현암동,영동,8,1193005,65500000,54.8,1997,2026
경기,여주시,현암동,이안여주강변,43,2977171,255000000,84.8,2009,2026
경기,여주시,홍문동,대우,1,1252579,85000000,67.9,1991,2025
경기,여주시,홍문동,동원,54,2597992,133250000,49.3,2001,2026
경기,여주시,홍문동,삼한,11,1450189,115000000,79.3,1991,2026
경기,여주시,홍문동,상우1차,20,1753139,148000000,84.4,1993,2026
경기,여주시,홍문동,상우2차,9,1607550,79500000,59.6,1994,2026
경기,여주시,홍문동,홍문현대,62,2553583,164500000,59.7,1996,2026
경기,연천군,신서면 도신리,대광빌라,3,612465,51000000,79.1,1998,2025
경기,연천군,연천읍 옥산리,e편한세상연천웰스하임,45,3447116,253000000,75.0,2023,2026
경기,연천군,연천읍 옥산리,조흥,18,1645781,98000000,59.8,1996,2026
경기,연천군,연천읍 차탄리,원철그린빌,3,1070840,65000000,60.7,2002,2026
경기,연천군,연천읍 현가리,로하스,10,2026727,172000000,84.9,2014,2026
경기,연천군,전곡읍 은대리,가람채아파트,16,1704739,90000000,58.7,2009,2026
경기,연천군,전곡읍 은대리,연천전곡코아루더클래스,25,2934762,240000000,85.0,2020,2026
경기,연천군,전곡읍 전곡리,강민,13,1400800,49000000,35.0,1997,2026
경기,연천군,전곡읍 전곡리,명정,17,1633606,100000000,60.0,1995,2026
경기,연천군,전곡읍 전곡리,방림,3,1010323,50000000,45.5,1991,2025
경기,연천군,전곡읍 전곡리,삼민,1,1497847,160000000,106.8,1995,2025
경기,연천군,전곡읍 전곡리,샤인,7,1662426,98000000,59.2,2009,2026
경기,연천군,전곡읍 전곡리,석미모닝파크,6,2785923,215000000,74.9,2006,2026
경기,연천군,전곡읍 전곡리,세원1동,1,1080059,80000000,74.1,1991,2024
경기,연천군,전곡읍 전곡리,세원2동,1,849473,50000000,58.9,1991,2025
경기,연천군,전곡읍 전곡리,세원3,1,956284,70000000,73.2,1991,2025
경기,연천군,전곡읍 전곡리,영도플라자,3,1645390,116000000,70.9,1998,2026
경기,연천군,전곡읍 전곡리,영풍,5,846820,50000000,53.1,1991,2026
경기,연천군,전곡읍 전곡리,유명,7,1223875,65000000,53.1,1995,2026
경기,연천군,전곡읍 전곡리,은서,8,1210553,94750000,78.3,1999,2026
경기,연천군,전곡읍 전곡리,전곡석미모닝파크3차,22,2894704,210600000,78.5,2020,2026
경기,연천군,전곡읍 전곡리,전곡석미한아름,19,2413714,140000000,56.8,2002,2026
경기,연천군,전곡읍 전곡리,전곡예일세띠앙,40,2238929,171000000,84.9,2006,2026
경기,연천군,전곡읍 전곡리,전곡제일풍경채리버파크,14,4003367,337820000,84.9,2024,2026
경기,연천군,전곡읍 전곡리,조흥,17,770648,59500000,77.4,1992,2026
경기,연천군,전곡읍 전곡리,진상,10,868338,41000000,46.2,1993,2026
경기,연천군,전곡읍 전곡리,청와,7,1121196,63000000,56.2,1992,2026
경기,연천군,청산면 백의리,백의리아느칸빌,15,1263596,75000000,59.4,2006,2026
경기,연천군,청산면 초성리,태창그린빌리지101동-105동,1,1252595,105000000,83.8,2003,2025
경기,오산시,가수동,가수동늘푸른오스카빌,69,3294703,280000000,85.0,2006,2026
경기,오산시,가수동,가수주공,36,3192848,131000000,39.7,1990,2026
경기,오산시,가수동,오산SKVIEW1차,11,5489419,452250000,85.0,2024,2026
경기,오산시,가수동,오산SKVIEW2차,9,5665480,411870000,72.0,2025,2025
경기,오산시,갈곶동,대주피오레,24,3695352,350000000,85.0,2010,2026
경기,오산시,갈곶동,동부,67,2941349,205000000,85.0,2000,2026
경기,오산시,갈곶동,오산KCC스위첸,34,3736376,330000000,85.0,2010,2026
경기,오산시,갈곶동,우림,100,3021176,149000000,49.5,1998,2026
경기,오산시,갈곶동,우방,29,2965404,235000000,85.0,1999,2026
경기,오산시,갈곶동,원영,6,2093017,137500000,67.3,1999,2026
경기,오산시,갈곶동,태양,3,1973001,114000000,57.8,1990,2026
경기,오산시,갈곶동,한솔솔파크,57,3648776,310000000,85.0,2007,2026
경기,오산시,갈곶동,화남,29,2694097,197000000,81.7,1998,2026
경기,오산시,갈곶동,힐스테이트오산더퍼스트,81,5833878,375000000,60.0,2024,2026
경기,오산시,고현동,고현아이파크,51,3849980,339000000,84.9,2009,2026
경기,오산시,고현동,오산라온프라이빗스위트,11,5296274,450000000,85.0,2024,2026
경기,오산시,궐동,대우3,23,2894913,173000000,59.8,1997,2026
경기,오산시,궐동,랜드마크1,14,2946743,40000000,13.6,2012,2026
경기,오산시,궐동,무궁화,10,1981665,143750000,72.5,1981,2026
경기,오산시,궐동,세교우남퍼스트빌,112,3624237,285000000,85.0,2004,2026
경기,오산시,궐동,세교파라곤,17,5771659,490000000,85.0,2026,2026
경기,오산시,궐동,센트하임,10,2747382,233500000,85.0,2005,2026
경기,오산시,궐동,안국,2,1793148,112000000,62.5,1991,2025
경기,오산시,궐동,오산세교하우스토리더센트럴,2,6060199,435000000,71.9,2025,2026
경기,오산시,궐동,제일하이빌,28,3846512,274000000,84.9,2004,2026
경기,오산시,궐동,중흥S-클래스에듀파크,24,7001704,452500000,60.0,2024,2026
경기,오산시,궐동,호반써밋라센트,1,6477180,550000000,84.9,2024,2026
경기,오산시,궐동,호반써밋라포레,70,6495669,590000000,84.9,2023,2026
경기,오산시,금암동,꿈에그린 더 센트럴,28,4051920,437500000,101.3,2011,2026
경기,오산시,금암동,세교 서희스타힐스,48,4287392,357500000,84.8,2011,2026
경기,오산시,금암동,세교 센트럴파크,113,4303230,363000000,84.8,2009,2026
경기,오산시,금암동,세교데시앙포레,103,3805476,409000000,101.2,2010,2026
경기,오산시,금암동,죽미마을휴튼9단지,97,4660767,388000000,84.9,2011,2026
경기,오산시,내삼미동,세교쌍용예가엔에이치에프,47,5532666,458000000,85.0,2017,2026
경기,오산시,내삼미동,오산대역세교자이,125,6546145,525000000,83.0,2018,2026
경기,오산시,내삼미동,오산대역호반써밋,95,6118496,520000000,85.0,2017,2026
경기,오산시,누읍동,이림,84,2882306,108000000,37.5,2000,2026
경기,오산시,누읍동,중흥S-클래스에듀하이,13,6471974,540000000,85.0,2024,2026
경기,오산시,누읍동,한라그린타운,70,3056885,220000000,75.2,2000,2026
경기,오산시,벌음동,호반써밋라프리미어,7,6171573,395000000,60.0,2026,2026
경기,오산시,부산동,오산센트럴푸르지오,111,5294678,440000000,85.0,2018,2026
경기,오산시,부산동,오산시티자이1차1단지,113,5807850,363000000,60.0,2017,2026
경기,오산시,부산동,오산시티자이1차2단지,87,5874607,365000000,59.9,2017,2026
경기,오산시,부산동,오산시티자이2차,114,5960046,435000000,73.6,2019,2026
경기,오산시,부산동,주공1,197,3767295,229000000,60.0,2000,2026
경기,오산시,부산동,주공3,186,4209463,255000000,59.4,2000,2026
경기,오산시,서동,더샵오산엘리포레,37,6427346,487000000,75.5,2023,2026
경기,오산시,서동,신동아(파밀리에),36,2478254,130000000,52.9,1995,2026
경기,오산시,서동,신동아(파밀리에)2,85,2791394,195000000,73.4,1999,2026
경기,오산시,서동,오산세교한양수자인,72,6217878,372500000,60.0,2024,2026
경기,오산시,세교동,세마역 트루엘 더퍼스트,132,5409704,443000000,84.6,2013,2026
경기,오산시,세교동,세마역에듀파크,160,5571835,333000000,59.8,2010,2026
경기,오산시,수청동,대우,95,4052909,240000000,60.9,1993,2026
경기,오산시,수청동,더샵오산센트럴,79,7829708,620000000,77.9,2020,2026
경기,오산시,수청동,삼익수청,14,2847926,171500000,54.2,1992,2026
경기,오산시,수청동,수청주공,15,3971256,156000000,39.7,1989,2026
경기,오산시,수청동,오산대역 엘크루,41,5361141,450000000,84.9,2013,2026
경기,오산시,수청동,오산대역 우미린,111,4751671,305000000,60.0,2004,2026
경기,오산시,수청동,오산대역꿈에그린,43,4597887,505000000,101.8,2011,2026
경기,오산시,양산동,늘푸른오스카빌,35,3059205,260000000,85.0,2004,2026
경기,오산시,양산동,오산세마e편한세상,149,4658872,455000000,85.0,2010,2026
경기,오산시,양산동,오산세마효성백년가약,42,4006832,420000000,108.3,2010,2026
경기,오산시,오산동,그린빌,1,3060712,183000000,59.8,2016,2025
경기,오산시,오산동,금성A,14,2200034,121250000,56.8,1986,2026
경기,오산시,오산동,대동,38,3657681,424000000,99.8,2000,2026
경기,오산시,오산동,대동다숲,15,3163431,188000000,58.5,2006,2026
경기,오산시,오산동,씨앤엠파크,1,5598914,165000000,29.5,2021,2025
경기,오산시,오산동,에이스페리체주상복합,3,2108505,178000000,84.4,2007,2025
경기,오산시,오산동,에코빌,2,4122966,114000000,27.6,2014,2026
경기,오산시,오산동,엘리시아,5,2930742,180000000,58.4,2018,2026
경기,오산시,오산동,오산렉스빌,7,3356643,80000000,28.6,2013,2026
경기,오산시,오산동,이화B,1,2077295,86000000,41.4,1991,2025
경기,오산시,오산동,주공2단지,77,3900877,329000000,84.3,2000,2026
경기,오산시,오산동,주공4,31,4090586,345000000,84.3,2000,2026
경기,오산시,오산동,청담하우스,1,3333613,199000000,59.7,2017,2024
경기,오산시,오산동,헬리오스빌,2,3080045,51000000,16.7,2013,2025
경기,오산시,오산동,현대,30,3801658,380000000,100.0,2000,2026
경기,오산시,오산동,휴-스토리,1,3027245,180000000,59.5,2015,2025
경기,오산시,외삼미동,서동탄역더샵파크시티,376,7297960,530000000,74.7,2019,2026
경기,오산시,원동,KS건영아느칸빌,15,3001448,250000000,85.0,2004,2026
경기,오산시,원동,가림,5,2514970,210000000,83.5,2016,2026
경기,오산시,원동,대남,5,1453488,90000000,61.9,1985,2025
경기,오산시,원동,대우푸르지오,98,3252244,275000000,84.6,2005,2026
경기,오산시,원동,대원레스피아,71,3106887,186000000,59.9,2000,2026
경기,오산시,원동,동부,60,3186998,191000000,59.9,1996,2026
경기,오산시,원동,미소지움아파트,25,4733909,284000000,60.0,2017,2026
경기,오산시,원동,삼환,62,3122912,187000000,59.9,1996,2026
경기,오산시,원동,신양,15,2904357,180000000,59.9,1995,2026
경기,오산시,원동,어반휴플러스,1,2570952,154000000,59.9,2015,2026
경기,오산시,원동,오산롯데캐슬스카이파크,85,5823756,470000000,85.0,2024,2026
경기,오산시,원동,오산센트럴타워,10,3223727,64500000,20.0,2015,2026
경기,오산시,원동,오산역e-편한세상1단지,86,4947178,420000000,85.0,2007,2026
경기,오산시,원동,오산역e-편한세상2단지,111,4825142,410000000,85.0,2007,2026
경기,오산시,원동,오산역영무파라드,71,5232992,290000000,56.4,2022,2026
경기,오산시,원동,오산원동한양수자인아파트,61,4867316,350000000,75.0,2019,2026
경기,오산시,원동,오산원동힐스테이트,33,3904088,370000000,103.0,2009,2026
경기,오산시,원동,우경싸이트빌,23,2619048,84500000,34.9,2005,2026
경기,오산시,원동,우주마루101동,5,2911478,173000000,57.8,2014,2026
경기,오산시,원동,우주마루102동,1,2743316,157000000,57.2,2014,2026
경기,오산시,원동,우주마루103동,4,2875537,158500000,54.1,2014,2026
경기,오산시,원동,운암주공5단지,133,4167361,250000000,60.0,1999,2026
경기,오산시,원동,운암청구(814-2),15,3627897,371500000,92.3,2001,2026
경기,오산시,원동,원동동아,20,3238963,253500000,79.5,1999,2026
경기,오산시,원동,원동두산,19,3109878,275000000,84.7,1999,2026
경기,오산시,원동,원동주공,17,3512133,161000000,47.0,1988,2026
경기,오산시,원동,청구,21,2969474,250000000,84.2,1996,2026
경기,오산시,원동,케렌시아,2,4505022,310000000,69.0,2022,2025
경기,오산시,원동,태영,37,2765682,173000000,60.0,1996,2026
경기,오산시,원동,한주,24,2110277,206000000,84.9,1992,2026
경기,오산시,은계동,리버빌,11,3198653,210000000,59.4,2004,2026
경기,오산시,은계동,"영산그린맨션(가,나,다,라)",3,2218241,130000000,64.8,1985,2025
경기,오산시,은계동,은계주공,29,3724868,153000000,38.5,1987,2026
경기,오산시,은계동,현대,10,3037695,212500000,77.7,1996,2026
경기,오산시,은계동,현대복지,8,2025090,122000000,55.8,1990,2026
경기,오산시,지곶동,e편한세상오산세교,264,4412658,320000000,74.9,2018,2026
경기,오산시,청호동,LG아파트,11,2058527,102000000,49.6,1992,2026
경기,오산시,청호동,오산자이,91,3628684,310000000,84.1,2007,2026
경기,오산시,청호동,오산청호엘리시아,25,2813897,320000000,115.5,2010,2026
경기,오산시,탑동,오산세교우미린센트럴시티,31,6314364,393700000,60.0,2025,2026
경기,오산시,탑동,오산세교한신더휴,34,5746213,540000000,99.7,2025,2026
경기,의왕시,고천동,e편한세상고천파크루체,3,12625083,717000000,60.0,2023,2026
경기,의왕시,고천동,대방디에트르센트럴,6,9105244,773750000,85.0,2026,2026
경기,의왕시,고천동,영광(101동),2,7576288,465000000,61.5,1990,2025
경기,의왕시,고천동,의왕시청역풍경채어바니티,5,9158761,771360000,84.2,2026,2026
경기,의왕시,내손동,대원칸타빌1,69,9289371,557000000,59.9,2002,2026
경기,의왕시,내손동,대원칸타빌2,39,8294410,620000000,85.0,2002,2026
경기,의왕시,내손동,래미안에버하임,116,10658659,887500000,84.7,2009,2026
경기,의왕시,내손동,반도보라빌리지1,66,7517245,670000000,84.8,2002,2026
경기,의왕시,내손동,반도보라빌리지2,97,7841519,665000000,84.8,2002,2026
경기,의왕시,내손동,삼성래미안,109,10225336,680000000,79.2,2001,2026
경기,의왕시,내손동,세양청마루,15,5974806,482000000,84.9,2005,2026
경기,의왕시,내손동,우미린,23,8766459,775000000,85.0,2009,2026
경기,의왕시,내손동,의왕내손e편한세상,360,11674001,965000000,84.8,2012,2026
경기,의왕시,내손동,의왕상록,49,7830623,665000000,84.9,2002,2026
경기,의왕시,내손동,인덕원 센트럴 자이 1단지,140,12355558,1082500000,85.0,2009,2026
경기,의왕시,내손동,인덕원 센트럴 자이 2단지,181,13034759,983000000,84.9,2009,2026
경기,의왕시,내손동,테라팰리스인덕원1차,12,7174393,419000000,58.9,2024,2026
경기,의왕시,삼동,개성하이뷰아파트,3,7493680,260000000,33.2,2018,2025
경기,의왕시,삼동,대우장미,37,5505836,275000000,49.9,1995,2026
경기,의왕시,삼동,더스카이,1,5221722,325000000,62.2,2017,2026
경기,의왕시,삼동,백두킹스빌,1,4977309,340000000,68.3,2002,2025
경기,의왕시,삼동,백운,3,3750543,285000000,76.0,2001,2026
경기,의왕시,삼동,벨라루체,1,4394414,365000000,83.1,2017,2026
경기,의왕시,삼동,부곡대우이안,41,6349037,447000000,85.0,2003,2026
경기,의왕시,삼동,삼신8차,17,4291845,210000000,48.9,1986,2026
경기,의왕시,삼동,삼호한아름1차(101동),11,4443659,279000000,59.4,1993,2026
경기,의왕시,삼동,삼호한아름2차(201동),19,4713805,305000000,59.4,1994,2026
경기,의왕시,삼동,새천년미주,20,5075902,409000000,84.7,2000,2026
경기,의왕시,삼동,신광월드3차,2,6402272,495000000,78.4,2003,2025
경기,의왕시,삼동,신우(A),2,4091167,253500000,62.3,1985,2024
경기,의왕시,삼동,신우(B),6,4492658,205000000,44.4,1986,2025
경기,의왕시,삼동,우성2차,6,3886961,202500000,48.3,1983,2026
경기,의왕시,삼동,우성4차,8,5552674,245000000,41.3,1985,2026
경기,의왕시,삼동,우성5차,22,7141000,270000000,38.0,1986,2026
경기,의왕시,삼동,우성6차,15,7236228,295000000,42.8,1986,2026
경기,의왕시,삼동,운양까치,1,4118217,340000000,82.6,1992,2025
경기,의왕시,삼동,의왕역푸르지오라포레,96,8000254,665000000,85.0,2019,2026
경기,의왕시,삼동,의왕푸르지오포레움1블럭,33,9548970,480000000,50.3,2020,2026
경기,의왕시,삼동,의왕푸르지오포레움2블럭,59,9916766,600000000,60.0,2020,2026
경기,의왕시,삼동,하이캐슬,2,6269242,224000000,35.7,2015,2025
경기,의왕시,삼동,효성청솔,26,6048185,387500000,59.8,1997,2026
경기,의왕시,오전동,개나리쌍용,9,5835278,300000000,60.0,1994,2026
경기,의왕시,오전동,국화뉴서울,14,6390439,417500000,66.0,1994,2026
경기,의왕시,오전동,남양모란,1,7912345,473000000,59.8,1999,2025
경기,의왕시,오전동,대명구름채,53,6307623,535000000,84.8,2004,2026
경기,의왕시,오전동,대명솔채,54,6463964,525500000,84.6,2009,2026
경기,의왕시,오전동,동백,72,5698140,484000000,84.9,1995,2026
경기,의왕시,오전동,디에이루미체,3,6674676,500000000,74.9,2021,2026
경기,의왕시,오전동,매화,12,5777828,380000000,59.7,1997,2026
경기,의왕시,오전동,모락산현대,185,7337221,535000000,79.0,2002,2026
경기,의왕시,오전동,목련풍림,44,6202020,318000000,49.5,1994,2026
경기,의왕시,오전동,목화케이티이자리에,11,5793115,486500000,84.0,2004,2026
경기,의왕시,오전동,무궁화선경,28,4706713,398000000,85.0,1995,2026
경기,의왕시,오전동,민들레베스파트,17,5773128,460000000,84.9,2000,2026
경기,의왕시,오전동,백합벽산,34,6618532,340000000,49.9,1994,2026
경기,의왕시,오전동,삼성미도(봉선화),1,6122257,650000000,106.2,1999,2024
경기,의왕시,오전동,삼신9차,15,9749969,388000000,39.8,1986,2025
경기,의왕시,오전동,삼호백조,4,6324451,417500000,72.4,1992,2025
경기,의왕시,오전동,성원1차이화,31,5759471,477000000,84.7,2000,2026
경기,의왕시,오전동,성원2차이화,17,5783076,463000000,84.7,1999,2026
경기,의왕시,오전동,신미주해당화,16,5387066,428500000,84.7,2000,2026
경기,의왕시,오전동,신안(3동),12,4816781,330000000,64.8,1991,2026
경기,의왕시,오전동,신안1단지(1동2동),25,4768072,355000000,66.8,1991,2026
경기,의왕시,오전동,신양,1,5363036,455000000,84.8,1996,2025
경기,의왕시,오전동,신원수선화,29,4980526,425000000,84.7,2000,2026
경기,의왕시,오전동,의왕더샵캐슬,146,10861231,846500000,84.9,2021,2026
경기,의왕시,오전동,의왕모락산동문굿모닝힐,7,6190454,524000000,84.7,2008,2026
경기,의왕시,오전동,의왕서해그랑블(블루스퀘어),40,8086809,685000000,84.7,2018,2026
경기,의왕시,오전동,진달래(LG),51,5588922,362000000,59.9,1998,2026
경기,의왕시,오전동,청호,8,8731718,412500000,45.8,1990,2025
경기,의왕시,오전동,한진해모로,124,6782056,527500000,84.9,2004,2026
경기,의왕시,왕곡동,솔거,40,5858586,318000000,49.5,1994,2026
경기,의왕시,왕곡동,원효,34,6811332,361500000,49.8,1994,2026
경기,의왕시,왕곡동,인스빌1단지,18,5738107,597500000,102.0,1994,2026
경기,의왕시,왕곡동,인스빌2단지,16,5590976,602500000,102.0,1994,2026
경기,의왕시,왕곡동,충무,18,5025206,577000000,118.0,1994,2026
경기,의왕시,왕곡동,포은,13,5649385,480000000,84.9,1994,2026
경기,의왕시,청계동,청계포레스트,29,9645877,790000000,84.9,2007,2026
경기,의왕시,청계동,휴먼시아청계마을(1단지),11,10283307,1057000000,101.6,2009,2026
경기,의왕시,청계동,휴먼시아청계마을(2단지),33,9844080,830000000,84.9,2007,2026
경기,의왕시,초평동,엘리프의왕역,1,12591534,705000000,56.0,2023,2026
경기,의왕시,포일동,동부새롬,32,7110666,438500000,59.9,1997,2026
경기,의왕시,포일동,두산위브인덕원센트럴2단지,102,11501150,746000000,70.6,2009,2026
경기,의왕시,포일동,래미안인덕원더포인트,9,8648076,690000000,59.8,2000,2026
경기,의왕시,포일동,위브호수마을1단지,88,10328655,806000000,85.0,2009,2026
경기,의왕시,포일동,인덕원동아에코빌,98,9598600,727500000,85.0,2001,2026
경기,의왕시,포일동,인덕원삼호,78,10736557,927500000,85.0,1991,2026
경기,의왕시,포일동,인덕원센트럴푸르지오,61,10250000,794000000,85.0,2001,2026
경기,의왕시,포일동,인덕원숲속마을3단지,45,12144794,1000000000,84.8,2011,2026
경기,의왕시,포일동,인덕원숲속마을4단지,69,12402827,1020000000,84.8,2011,2026
경기,의왕시,포일동,인덕원숲속마을5단지,21,10891963,1160000000,101.9,2012,2026
경기,의왕시,포일동,인덕원푸르지오엘센트로,195,15766728,1350000000,85.0,2019,2026
경기,의왕시,포일동,한일나래,32,6526104,501500000,84.7,1997,2026
경기,의왕시,학의동,백운밸리레이크포레2단지,42,10167514,620000000,60.0,2020,2026
경기,의왕시,학의동,백운밸리레이크포레4단지,34,9413292,698000000,74.9,2020,2026
경기,의왕시,학의동,의왕백운 해링턴 플레이스 1단지,91,9241774,793000000,84.9,2019,2026
경기,의왕시,학의동,의왕백운 해링턴 플레이스 2단지,50,9391947,784000000,84.9,2019,2026
경기,의왕시,학의동,의왕백운 해링턴 플레이스 3단지,10,9918719,842500000,85.0,2019,2026
경기,의왕시,학의동,의왕백운 해링턴 플레이스 4단지,22,9739142,827500000,84.9,2019,2026
경기,의왕시,학의동,의왕백운 해링턴 플레이스 5단지,62,9753898,830000000,84.9,2019,2026
경기,의정부시,가능동,E.Q.빌아파트,9,2878630,207000000,63.3,2016,2026
경기,의정부시,가능동,SKVIEW,78,4591476,370000000,84.9,2007,2026
경기,의정부시,가능동,e편한세상녹양역,53,5610080,390000000,74.8,2019,2026
경기,의정부시,가능동,가능신진,2,2156810,159000000,73.7,2002,2026
경기,의정부시,가능동,가능역하우스토리리버블리스,2,6307127,419370000,67.5,2025,2026
경기,의정부시,가능동,가재울일신건영휴먼빌,12,3654212,300000000,84.8,2007,2026
경기,의정부시,가능동,궁전,2,2581887,202500000,78.4,2005,2026
경기,의정부시,가능동,금광포란재이너스,16,3539352,298000000,84.6,2008,2026
경기,의정부시,가능동,금용,7,2714825,181000000,60.0,1996,2026
경기,의정부시,가능동,녹양2차동원아파트,9,2727273,165000000,63.1,1995,2026
경기,의정부시,가능동,더샵파크에비뉴,56,6118367,500000000,85.0,2021,2026
경기,의정부시,가능동,동성아파트(101동),1,2903005,170000000,58.6,2004,2025
경기,의정부시,가능동,동원,36,2627628,186500000,67.3,1993,2026
경기,의정부시,가능동,동일수정,7,3331079,173000000,50.0,1986,2026
경기,의정부시,가능동,문화늘푸른,5,3346827,273000000,81.6,2004,2026
경기,의정부시,가능동,브라운스톤흥선,45,4302723,340000000,84.8,2008,2026
경기,의정부시,가능동,신도,3,2588540,220000000,85.0,1994,2026
경기,의정부시,가능동,신동아파라디움,18,3780769,317500000,84.9,2006,2026
경기,의정부시,가능동,유성벨로스,8,3880180,250000000,64.4,2008,2026
경기,의정부시,가능동,의정부롯데캐슬골드포레,54,6031905,409500000,59.9,2024,2026
경기,의정부시,가능동,일심,2,3176067,184250000,58.0,2003,2025
경기,의정부시,가능동,청솔,7,2711864,160000000,59.0,1993,2026
경기,의정부시,가능동,행복한세상,2,3320053,225000000,67.8,2005,2026
경기,의정부시,가능동,희망,2,3076730,176500000,57.6,1985,2026
경기,의정부시,가능동,힐스테이트녹양역,55,6267377,400000000,60.0,2018,2026
경기,의정부시,고산동,고산리슈빌포레,202,5359236,320000000,59.7,2021,2026
경기,의정부시,고산동,의정부고산대방노블랜드에듀파크아파트,109,6471106,512000000,74.4,2020,2026
경기,의정부시,금오동,거성,50,2973822,220000000,84.9,1997,2026
경기,의정부시,금오동,금오2차신도브래뉴업,82,4465336,360000000,85.0,2007,2026
경기,의정부시,금오동,금오주공그린빌1,44,4363925,347000000,84.5,2002,2026
경기,의정부시,금오동,금오주공그린빌3,76,4740941,280000000,59.1,2003,2026
경기,의정부시,금오동,벽산블루밍,43,4236989,270000000,60.0,2005,2026
경기,의정부시,금오동,세아,6,2407015,220000000,85.0,1992,2026
경기,의정부시,금오동,신도브래뉴1차,23,4213748,320000000,83.3,2004,2026
경기,의정부시,금오동,아남주상복합,9,2835696,179300000,60.0,1998,2026
경기,의정부시,금오동,우암센스뷰,14,2509022,212250000,84.8,2004,2026
경기,의정부시,금오동,케이에스씨,5,2607677,178000000,68.3,1986,2026
경기,의정부시,금오동,파스텔,31,2836170,170000000,59.9,1998,2026
경기,의정부시,금오동,현대아이파크,61,4664620,395000000,84.7,2002,2026
경기,의정부시,금오동,힐스테이트금오더퍼스트,3,6170153,370000000,60.0,2025,2026
경기,의정부시,낙양동,대광로제비앙포레스트,45,4768867,395000000,82.8,2018,2026
경기,의정부시,낙양동,라디언트캐슬,7,4588775,355000000,75.0,2018,2026
경기,의정부시,낙양동,민락노블랜드엔에이치에프,3,4800640,360000000,75.0,2018,2026
경기,의정부시,낙양동,반도유보라아이비파크,96,5120937,431000000,84.9,2017,2026
경기,의정부시,낙양동,엘에이치휴스토리,33,5031363,400000000,79.9,2016,2026
경기,의정부시,낙양동,의정부민락금강펜테리움아파트,72,5938584,391500000,60.9,2016,2026
경기,의정부시,낙양동,의정부민락푸르지오,94,5194009,430000000,84.9,2015,2026
경기,의정부시,낙양동,호반베르디움２차,47,5354277,455000000,85.0,2017,2026
경기,의정부시,녹양동,녹양힐스테이트,92,4237288,338500000,85.0,2006,2026
경기,의정부시,녹양동,대림,16,3543724,215000000,59.9,2000,2026
경기,의정부시,녹양동,신도9,21,3592462,270000000,84.9,2000,2026
경기,의정부시,녹양동,영무예다음,8,3716771,237500000,60.9,2007,2026
경기,의정부시,녹양동,청구,32,2739479,207500000,82.6,1994,2026
경기,의정부시,녹양동,현대,43,3378856,280000000,84.9,1990,2026
경기,의정부시,녹양동,휴먼시아(3단지),18,4887528,415000000,84.9,2008,2026
경기,의정부시,녹양동,휴먼시아(4단지),16,4810976,408500000,84.9,2008,2026
경기,의정부시,민락동,민락2지구18단지호반베르디움,55,5260135,447000000,85.0,2017,2026
경기,의정부시,민락동,민락e-편한세상,45,4825851,390000000,85.0,2006,2026
경기,의정부시,민락동,민락센트럴15단지,40,4282541,355000000,85.0,2013,2026
경기,의정부시,민락동,민락센트럴17단지,34,4313541,366500000,85.0,2013,2026
경기,의정부시,민락동,민락엘레트,243,5371553,313000000,59.9,2017,2026
경기,의정부시,민락동,민락주공2단지,91,3535949,207000000,59.4,1999,2026
경기,의정부시,민락동,산들마을(길훈),65,3916667,235000000,60.0,2000,2026
경기,의정부시,민락동,산들마을(서광),30,4006845,336000000,84.7,1999,2026
경기,의정부시,민락동,산들마을(신안),67,3916667,235000000,60.0,1999,2026
경기,의정부시,민락동,산들마을(청구),26,3953735,332500000,84.7,2001,2026
경기,의정부시,민락동,산들마을(현대),57,3825000,229500000,60.0,1999,2026
경기,의정부시,민락동,산들마을4단지아이파크,55,3605408,400000000,100.0,1999,2026
경기,의정부시,민락동,송산 그랜드캐슬아파트,26,3533318,298000000,84.3,2000,2026
경기,의정부시,민락동,송산대우푸르지오,60,4589693,390000000,85.0,2005,2026
경기,의정부시,민락동,송산리버빌아파트,19,3616315,305000000,84.3,2000,2026
경기,의정부시,민락동,송산센트럴아파트,37,3912734,330000000,84.3,2002,2026
경기,의정부시,민락동,송산팰리스,91,4005385,235000000,59.4,2002,2026
경기,의정부시,민락동,엘에이치브라운빌리지,2,4507408,234250000,52.0,2015,2025
경기,의정부시,민락동,의정부민락우미린더스카이,66,5543289,471000000,85.0,2018,2026
경기,의정부시,민락동,청구1차,56,3991379,293000000,75.2,2000,2026
경기,의정부시,민락동,탑석드림캐슬,60,5528442,328500000,59.4,2002,2026
경기,의정부시,민락동,한라비발디,37,5577127,474000000,85.0,2003,2026
경기,의정부시,민락동,호반베르디움1차,146,6472202,550000000,85.0,2017,2026
경기,의정부시,산곡동,고산더라피니엘,83,6695310,373000000,55.9,2022,2026
경기,의정부시,산곡동,고산수자인디에스티지1단지,23,6500236,520000000,80.0,2023,2026
경기,의정부시,산곡동,고산수자인디에스티지2단지,95,6886497,645000000,101.6,2023,2026
경기,의정부시,산곡동,고산수자인디에스티지아트포레,98,7125258,570000000,80.0,2023,2026
경기,의정부시,산곡동,대광로제비앙더퍼스트,76,5737314,487250000,84.9,2020,2026
경기,의정부시,산곡동,더샵리듬시티,3,7772936,580000000,84.9,2024,2026
경기,의정부시,신곡동,e편한세상신곡파크비스타,173,6515399,465000000,72.9,2019,2026
경기,의정부시,신곡동,e편한세상신곡파크프라임,10,6932183,588500000,84.9,2024,2026
경기,의정부시,신곡동,e편한세상신곡포레스타뷰,185,6502102,459000000,74.6,2020,2026
경기,의정부시,신곡동,극동,62,3681704,180000000,47.9,1995,2026
경기,의정부시,신곡동,극동스타클래스,28,3300392,276000000,84.8,2006,2026
경기,의정부시,신곡동,금오풍림,26,4379732,372000000,84.9,2005,2026
경기,의정부시,신곡동,대우,35,3285743,245000000,85.0,2000,2026
경기,의정부시,신곡동,동성,67,3583333,173000000,47.9,1995,2026
경기,의정부시,신곡동,드림밸리,70,4709627,461500000,95.5,2002,2026
경기,의정부시,신곡동,벽산,26,3254626,259500000,78.4,1993,2026
경기,의정부시,신곡동,벽산조합,26,3036723,254500000,85.0,1994,2026
경기,의정부시,신곡동,부용,18,3303303,154000000,46.6,1994,2026
경기,의정부시,신곡동,산호클래식,2,1973208,163500000,82.9,1989,2026
경기,의정부시,신곡동,삼도세라믹,38,3427435,210000000,65.4,1993,2026
경기,의정부시,신곡동,삼부,5,3180282,320000000,100.6,1994,2026
경기,의정부시,신곡동,삼성래미안진흥,49,4305955,490000000,120.8,2002,2026
경기,의정부시,신곡동,삼익,18,4087184,395000000,92.8,1998,2026
경기,의정부시,신곡동,삼환,40,3319252,165000000,49.7,1994,2026
경기,의정부시,신곡동,상록아이파크,34,4236482,356500000,84.2,2003,2026
경기,의정부시,신곡동,성원,43,2523553,153000000,59.4,1993,2026
경기,의정부시,신곡동,성원2,37,3333333,260000000,84.9,1998,2026
경기,의정부시,신곡동,신곡건영,69,3125430,198000000,59.8,1999,2026
경기,의정부시,신곡동,신곡동신,30,3959811,335000000,84.6,1993,2026
경기,의정부시,신곡동,신곡동현진에버빌,9,5107167,313000000,59.7,2006,2026
경기,의정부시,신곡동,신곡서해,132,3349817,241250000,84.9,1998,2026
경기,의정부시,신곡동,신곡신일2,4,3565583,217500000,59.9,1998,2025
경기,의정부시,신곡동,신곡주공4,103,3783420,210000000,59.5,2001,2026
경기,의정부시,신곡동,신곡현대,39,2666667,146000000,49.5,1990,2026
경기,의정부시,신곡동,신동아파밀리에,35,5134288,437000000,84.7,2004,2026
경기,의정부시,신곡동,신명,67,3613761,305000000,84.9,2000,2026
경기,의정부시,신곡동,신명스카이뷰,13,2946225,242000000,82.1,2002,2026
경기,의정부시,신곡동,신명스카이뷰-2,5,2882235,168000000,58.2,2004,2026
경기,의정부시,신곡동,신성,15,3259814,264000000,84.6,1993,2026
경기,의정부시,신곡동,신성2,11,2905122,190000000,65.8,1994,2026
경기,의정부시,신곡동,신일1,20,3415278,227750000,59.9,1997,2026
경기,의정부시,신곡동,은하수,40,3406814,415000000,134.7,1994,2026
경기,의정부시,신곡동,의정부역브라운스톤리버뷰,27,4142651,157260000,38.0,2024,2025
경기,의정부시,신곡동,장암동신,19,4114146,407000000,96.5,1998,2026
경기,의정부시,신곡동,장암주공5,124,4200161,224000000,49.8,1999,2026
경기,의정부시,신곡동,장암현대1,27,3998926,318000000,74.5,1998,2026
경기,의정부시,신곡동,장암현대2,79,4873570,355000000,70.8,1998,2026
경기,의정부시,신곡동,주공그린빌4,47,4385371,259000000,59.1,2003,2026
경기,의정부시,신곡동,추동,59,3357753,165000000,49.1,1994,2026
경기,의정부시,신곡동,풍림,83,4575557,260000000,59.7,1998,2026
경기,의정부시,신곡동,한국아파트,75,4568691,240000000,49.7,1999,2026
경기,의정부시,신곡동,한일,21,4023158,410000000,101.3,1998,2026
경기,의정부시,신곡동,한일유앤아이,63,4106555,314000000,74.3,2006,2026
경기,의정부시,신곡동,현대3,17,4195587,405000000,96.5,1998,2026
경기,의정부시,신곡동,현대파크빌,1,2258111,158000000,70.0,2014,2026
경기,의정부시,용현동,건영,60,3177425,210000000,72.6,1998,2026
경기,의정부시,용현동,그랜드,12,4001334,265000000,60.0,1998,2026
경기,의정부시,용현동,금용,5,3068933,250000000,84.7,1996,2026
경기,의정부시,용현동,동문1단지,7,3118503,180000000,57.7,1991,2026
경기,의정부시,용현동,베르우스M,20,3674902,155500000,43.1,2019,2026
경기,의정부시,용현동,보광,15,3163968,177000000,53.7,1990,2026
경기,의정부시,용현동,산호,1,2651738,180000000,67.9,1988,2025
경기,의정부시,용현동,송산주공1단지,168,3534164,200000000,59.4,2002,2026
경기,의정부시,용현동,신도10차파크힐타운,39,3159000,245000000,76.0,2001,2026
경기,의정부시,용현동,신도브래뉴아파트,59,3741599,310000000,85.0,2006,2026
경기,의정부시,용현동,애디안아파트,7,3621089,250000000,69.0,2018,2026
경기,의정부시,용현동,용현동건영캐스빌,18,3284594,277000000,84.9,2006,2026
경기,의정부시,용현동,용현동신도브래뉴PLUS,30,4073887,325000000,84.7,2006,2026
경기,의정부시,용현동,용현세아1차,11,2238454,190000000,84.9,1990,2025
경기,의정부시,용현동,용현세아2차,10,2962454,217000000,71.5,1996,2026
경기,의정부시,용현동,용현현대1차,39,4726588,400000000,84.9,1992,2026
경기,의정부시,용현동,용현현대2차,14,4266698,269000000,59.4,1996,2026
경기,의정부시,용현동,웰링턴,17,3616599,170000000,45.2,2020,2026
경기,의정부시,용현동,장미1,6,3825996,195000000,47.7,1989,2026
경기,의정부시,용현동,장미2,2,3325021,280000000,84.2,1990,2025
경기,의정부시,용현동,탑석센트럴자이,262,8497929,590000000,60.0,2021,2026
경기,의정부시,용현동,힐스테이트탑석,3,7595035,545000000,75.0,2025,2026
경기,의정부시,의정부동,DS더웰가,13,3809001,203000000,54.6,2017,2026
경기,의정부시,의정부동,골든하우스,3,3159022,177000000,56.0,2015,2025
경기,의정부시,의정부동,공간라움,12,3307361,115500000,33.3,2018,2026
경기,의정부시,의정부동,남해오네뜨,23,3649728,57500000,15.8,2014,2026
경기,의정부시,의정부동,다솜프라임,1,4458001,190000000,42.6,2013,2026
경기,의정부시,의정부동,대가트라움,5,3865396,282000000,72.8,2020,2026
경기,의정부시,의정부동,대봉그린아파트B,5,3869858,135000000,34.9,2013,2026
경기,의정부시,의정부동,대상센트럴,5,3863344,260000000,66.0,2018,2026
경기,의정부시,의정부동,더웰가2,10,3849806,220000000,58.5,2019,2026
경기,의정부시,의정부동,동화,40,3144457,189000000,59.9,1995,2026
경기,의정부시,의정부동,드림타운,13,2798507,45000000,16.1,2012,2026
경기,의정부시,의정부동,드어반트라움,3,5062437,150000000,28.4,2019,2025
경기,의정부시,의정부동,디에스타워,1,3386960,60000000,17.7,2012,2025
경기,의정부시,의정부동,라움M주상복합아파트,3,3942742,157000000,39.8,2018,2026
경기,의정부시,의정부동,럭스타워,19,4311774,170000000,40.0,2019,2026
경기,의정부시,의정부동,로즈데일,3,4001143,140000000,35.0,2013,2025
경기,의정부시,의정부동,리버카운티,2,3868665,271000000,70.0,2021,2026
경기,의정부시,의정부동,맥스타워,23,3730115,68000000,18.2,2013,2026
경기,의정부시,의정부동,메트로타워,1,2907991,50000000,17.2,2018,2025
경기,의정부시,의정부동,메트하임의정부,9,4655099,98000000,23.6,2020,2026
경기,의정부시,의정부동,미리온타워,9,2293578,45000000,19.6,2012,2026
경기,의정부시,의정부동,베르우스,22,4337819,181500000,39.5,2018,2026
경기,의정부시,의정부동,부성파인,14,3643461,205000000,57.6,2018,2026
경기,의정부시,의정부동,비비르타워,2,4064096,135000000,33.3,2016,2025
경기,의정부시,의정부동,비비르파크,7,3514056,70000000,19.9,2013,2026
경기,의정부시,의정부동,스마트트라움,3,3512881,245000000,72.6,2019,2026
경기,의정부시,의정부동,스카이파크,6,3441343,51500000,13.6,2015,2026
경기,의정부시,의정부동,승윤노블리안시티,23,2685714,47000000,17.5,2016,2026
경기,의정부시,의정부동,승윤노블리안시티II,24,3596525,115000000,34.3,2019,2026
경기,의정부시,의정부동,신도2,32,3920587,236250000,59.9,1995,2026
경기,의정부시,의정부동,신도3,13,4133696,270000000,59.9,1995,2026
경기,의정부시,의정부동,신도아크라티움,5,4843340,670000000,144.4,2009,2026
경기,의정부시,의정부동,신한헤스티아,6,3624126,70500000,19.3,2013,2026
경기,의정부시,의정부동,아이비타워,8,4328212,65500000,15.4,2013,2026
경기,의정부시,의정부동,아이콘스타로데오,6,5226039,95000000,16.4,2019,2026
경기,의정부시,의정부동,아이콘스타리버뷰,9,4702086,90000000,20.2,2019,2026
경기,의정부시,의정부동,아이콘스타센트럴,14,4001224,91500000,22.9,2019,2026
경기,의정부시,의정부동,아토팰리스,3,2788656,212000000,84.3,2010,2026
경기,의정부시,의정부동,우미쁘띠린1차,8,4042450,80000000,19.8,2014,2026
경기,의정부시,의정부동,우미쁘띠린2차,10,3609288,71500000,19.8,2014,2026
경기,의정부시,의정부동,우주마루6차,10,4141666,263250000,64.7,2018,2026
경기,의정부시,의정부동,월드메르디앙스마트시티,1,5762307,375000000,65.1,2023,2026
경기,의정부시,의정부동,월드메르디앙웰라시티,7,5666016,438000000,77.3,2023,2026
경기,의정부시,의정부동,의정부디베뉴스타,13,6190150,94000000,14.6,2020,2026
경기,의정부시,의정부동,의정부롯데캐슬골드파크1단지,99,7085695,555000000,85.0,2018,2026
경기,의정부시,의정부동,의정부롯데캐슬골드파크2단지,90,7050377,567000000,85.0,2018,2026
경기,의정부시,의정부동,의정부역센트럴자이앤위브캐슬,370,9925269,610000000,59.9,2022,2026
경기,의정부시,의정부동,의정부역스카이자이,4,7587076,540000000,76.8,2024,2026
경기,의정부시,의정부동,의정부역진산&월드메르디앙,15,5354041,390000000,77.1,2020,2026
경기,의정부시,의정부동,의정부역코아루퍼스트원,13,5341758,93000000,17.4,2020,2026
경기,의정부시,의정부동,의정부역푸르지오더센트럴,115,9321327,562500000,60.0,2023,2026
경기,의정부시,의정부동,의정부일성트루엘,13,5625581,440000000,85.0,2014,2026
경기,의정부시,의정부동,의정부한원힐트리움-더테라스,9,3866128,76000000,20.0,2019,2026
경기,의정부시,의정부동,이든타워,1,3407217,93000000,27.3,2018,2025
경기,의정부시,의정부동,이안더메트로,16,5255952,360750000,69.0,2021,2026
경기,의정부시,의정부동,이안더센트로의정부,11,6404053,540000000,84.3,2024,2026
경기,의정부시,의정부동,젠하우트(482-3),3,2315227,52000000,22.5,2010,2026
경기,의정부시,의정부동,케렌시아433,2,5098721,164500000,32.1,2021,2025
경기,의정부시,의정부동,태림더끌리움씨티,8,4778157,70000000,14.8,2020,2026
경기,의정부시,의정부동,토암비체,3,3180593,118000000,37.1,2012,2026
경기,의정부시,의정부동,팰리체,1,3258929,146000000,44.8,2014,2025
경기,의정부시,의정부동,한라비발디루트,12,4261281,364000000,85.0,2005,2026
경기,의정부시,의정부동,한솔그랑빌A,1,2262188,100000000,44.2,2012,2026
경기,의정부시,의정부동,한양수자인파크뷰,13,4814835,70000000,14.5,2020,2026
경기,의정부시,의정부동,해뜨는마을,4,2807203,132500000,47.2,2013,2026
경기,의정부시,의정부동,현대그린,1,3695216,258000000,69.8,2014,2025
경기,의정부시,의정부동,효성팰리스,10,3805264,249000000,65.8,2018,2026
경기,의정부시,의정부동,힐스테이트의정부역,4,7678145,474000000,59.9,2024,2026
경기,의정부시,장암동,동아,143,4825232,332800000,59.9,1997,2026
경기,의정부시,장암동,삼환나우빌,11,3590094,305000000,85.0,2008,2026
경기,의정부시,장암동,수락리버시티1단지,31,7463742,568000000,84.7,2009,2026
경기,의정부시,장암동,수락리버시티2단지,32,7438895,585000000,84.7,2009,2026
경기,의정부시,장암동,신곡우성,35,3295087,305000000,85.0,1992,2026
경기,의정부시,장암동,장암1차푸르지오,42,5274037,432500000,84.7,2004,2026
경기,의정부시,장암동,장암2차푸르지오,14,4685269,393750000,84.0,2004,2026
경기,의정부시,장암동,장암더샵포레스트,88,6686366,550000000,84.5,2021,2026
경기,의정부시,장암동,장암주공2,122,4100994,190000000,51.7,1993,2026
경기,의정부시,장암동,장암주공7,80,3903904,187500000,50.0,1998,2026
경기,의정부시,호원동,I-PARK,35,6415577,545000000,85.0,2003,2026
경기,의정부시,호원동,건영,56,4958707,348500000,70.2,1992,2026
경기,의정부시,호원동,그랑베르,17,4714044,321000000,68.1,2016,2026
경기,의정부시,호원동,뉴삼익호원2,39,5015341,327000000,59.8,1997,2026
경기,의정부시,호원동,뉴익호원가든3,33,5002501,318000000,60.0,1999,2026
경기,의정부시,호원동,롯데,5,5512403,345000000,59.9,1999,2026
경기,의정부시,호원동,르네상스시티,24,4619565,72250000,15.6,2017,2026
경기,의정부시,호원동,삼성미도,35,4450724,270000000,59.9,1995,2026
경기,의정부시,호원동,삼익,56,4530581,289000000,59.6,1998,2026
경기,의정부시,호원동,서하뜰,7,4308195,95000000,21.7,2018,2026
경기,의정부시,호원동,성호,31,4417697,280000000,60.0,1996,2026
경기,의정부시,호원동,성호(443-0),5,4167639,250000000,60.0,1996,2026
경기,의정부시,호원동,신도101,12,4253363,254500000,59.8,2000,2026
경기,의정부시,호원동,신도4,17,4270938,330000000,84.7,1996,2026
경기,의정부시,호원동,신도5,8,4200560,256500000,60.0,1996,2026
경기,의정부시,호원동,신도6,53,4484081,315000000,84.9,1997,2026
경기,의정부시,호원동,신도6-1,8,4017336,241000000,60.0,1997,2026
경기,의정부시,호원동,신도7,15,4990731,350000000,59.1,1998,2026
경기,의정부시,호원동,신원,44,4356529,265500000,60.0,1997,2026
경기,의정부시,호원동,신일,12,4467560,268000000,60.0,1998,2026
경기,의정부시,호원동,신일엘리시움,50,4693310,272500000,58.6,2006,2026
경기,의정부시,호원동,신일유토빌,156,6249264,531000000,85.0,2003,2026
경기,의정부시,호원동,신일유토빌플러스,42,6970123,462500000,67.7,2004,2026
경기,의정부시,호원동,쌍용,43,3971119,320000000,85.0,1991,2026
경기,의정부시,호원동,쌍용스윗닷홈,4,4912788,417500000,85.0,2005,2026
경기,의정부시,호원동,양우내안애팰리스,15,3576346,60000000,18.6,2013,2026
경기,의정부시,호원동,엘리시아,26,4873996,87000000,18.1,2018,2026
경기,의정부시,호원동,우남,31,4435816,295000000,59.9,1996,2026
경기,의정부시,호원동,우남2,4,4118683,307000000,72.4,1997,2026
경기,의정부시,호원동,우남푸르미아,5,4765827,405000000,85.0,2009,2026
경기,의정부시,호원동,우성1,25,3919030,333000000,85.0,1993,2026
경기,의정부시,호원동,우성2,16,4638468,384500000,85.0,1993,2026
경기,의정부시,호원동,우성3,39,5201916,425000000,85.0,1993,2026
경기,의정부시,호원동,우성5,36,5215895,350000000,60.0,1995,2026
경기,의정부시,호원동,유원,14,4623602,280000000,59.9,1996,2026
경기,의정부시,호원동,푸른마을,8,3888758,330000000,84.9,1998,2026
경기,의정부시,호원동,하늘빛(덕림),14,3490157,210000000,59.9,1996,2026
경기,의정부시,호원동,한국개나리,27,3789017,230000000,59.9,1997,2026
경기,의정부시,호원동,한승,15,4704079,290000000,60.0,1998,2026
경기,의정부시,호원동,한신1차,10,4447384,345500000,84.9,1991,2026
경기,의정부시,호원동,한신2차,17,4590395,380000000,85.0,1994,2026
경기,의정부시,호원동,한아름월드,23,4941758,345000000,60.0,1998,2026
경기,의정부시,호원동,한주1,61,4088103,248000000,59.9,1994,2026
경기,의정부시,호원동,한주3,26,4680709,293500000,59.8,1995,2026
경기,의정부시,호원동,한주4,15,5000417,310000000,60.0,1996,2026
경기,의정부시,호원동,한주4-1,3,4882640,405000000,85.0,1995,2026
경기,의정부시,호원동,한주5,24,4863324,290000000,59.6,1996,2026
경기,의정부시,호원동,현대,13,4056761,258000000,60.0,1995,2026
경기,의정부시,호원동,호원가든1,64,4637476,329500000,85.0,1997,2026
경기,의정부시,호원동,호원동한승미메이드,42,6148098,507500000,84.6,2006,2026
경기,의정부시,호원동,호원두산,37,3874321,255000000,59.9,1997,2026
경기,의정부시,호원동,호원풍림,4,3742780,317500000,84.8,2000,2026
경기,의정부시,호원동,회룡역풍림아이원,38,6177197,493000000,85.0,2007,2026
경기,의정부시,호원동,회룡한주6차,9,4412284,325000000,85.0,1997,2026
경기,의정부시,호원동,흥화브라운,10,4267367,362500000,84.9,2002,2026
경기,이천시,갈산동,갈산동현진에버빌,20,3619350,320000000,85.0,2008,2026
경기,이천시,갈산동,갈산화성파크드림,6,4621257,417500000,84.9,2013,2026
경기,이천시,갈산동,보은,3,1605781,80000000,40.3,1984,2026
경기,이천시,갈산동,설봉1차푸르지오,8,4165905,525000000,127.1,2008,2026
경기,이천시,갈산동,신일해피트리,22,2693253,210000000,84.8,2003,2026
경기,이천시,갈산동,우성,25,2118145,160000000,85.0,1997,2026
경기,이천시,갈산동,큰산,5,1709140,145000000,84.8,2000,2026
경기,이천시,갈산동,힐스테이트,27,3752052,330000000,85.0,2006,2026
경기,이천시,고담동,지엠하이빌,20,2080696,176500000,84.8,2006,2026
경기,이천시,관고동,대원새설봉,4,2686464,158750000,59.1,1994,2025
경기,이천시,관고동,두산,49,2767962,205000000,75.9,1998,2026
경기,이천시,관고동,문성홈아트(A동),1,2295285,185000000,80.6,2014,2025
경기,이천시,관고동,벽산블루밍,12,3870686,377500000,85.0,2010,2026
경기,이천시,관고동,산호1,14,1842043,127000000,71.0,1991,2026
경기,이천시,관고동,은하,3,1929378,132500000,68.7,1993,2025
경기,이천시,관고동,이천자이더파크,11,5892609,443400000,84.9,2024,2026
경기,이천시,관고동,한마음,2,1637341,100500000,61.4,1989,2026
경기,이천시,대월면 사동리,사동6현대,33,2117372,160000000,85.0,1999,2026
경기,이천시,대월면 사동리,사동리현대아이파크,84,1868687,111000000,59.4,1994,2026
경기,이천시,대월면 사동리,삼진(1동),2,1159420,60000000,51.8,1990,2026
경기,이천시,대월면 사동리,삼진(2동),1,1256039,65000000,51.8,1990,2025
경기,이천시,대월면 사동리,삼진(4동),2,1111111,57500000,51.8,1990,2026
경기,이천시,대월면 사동리,삼진(5동),2,1188406,61500000,51.8,1990,2025
경기,이천시,대월면 사동리,"성창(101,102동)",11,950899,52000000,46.1,1991,2026
경기,이천시,대월면 사동리,유호,3,1260023,55000000,43.6,1987,2025
경기,이천시,대월면 사동리,이천사동신원아침도시아파트,42,3845151,271000000,74.5,2018,2026
경기,이천시,대월면 사동리,장미(2동),2,1296296,73500000,56.7,1994,2026
경기,이천시,대월면 사동리,천호(6동),2,954412,55000000,59.1,1995,2026
경기,이천시,대월면 사동리,현대5,26,2061431,154500000,85.0,1997,2026
경기,이천시,대월면 사동리,휴먼빌에듀파크시티,20,4837536,410000000,85.0,2024,2026
경기,이천시,대월면 초지리,삼원엑스포,31,1894489,160000000,84.5,2002,2026
경기,이천시,마장면 오천리,덕평로얄,7,1485314,89000000,59.9,2000,2026
경기,이천시,마장면 오천리,이천마장리젠시빌란트,43,4900622,280000000,57.1,2020,2026
경기,이천시,마장면 오천리,이천마장리젠시빌란트더웰,48,4725600,270000000,57.1,2020,2026
경기,이천시,마장면 오천리,이천마장호반베르디움1차,53,4521651,375000000,82.9,2019,2026
경기,이천시,마장면 오천리,이천마장호반베르디움2차,57,4340785,360000000,82.9,2019,2026
경기,이천시,백사면 모전리,건일,7,1679261,100000000,59.6,1994,2026
경기,이천시,백사면 모전리,모전리현대,38,2197400,149500000,59.9,1997,2026
경기,이천시,백사면 모전리,신안실크밸리더포레,9,4474067,368000000,79.0,2025,2026
경기,이천시,백사면 조읍리,한솔,27,1736199,100000000,59.3,2001,2026
경기,이천시,부발읍 가산리,기영,16,1634549,95000000,58.1,2008,2026
경기,이천시,부발읍 마암리,현광,8,1432292,112500000,84.5,1995,2026
경기,이천시,부발읍 무촌리,그린,9,1029601,48000000,46.6,1999,2026
경기,이천시,부발읍 무촌리,남서울,3,1093793,40000000,36.6,1989,2025
경기,이천시,부발읍 무촌리,진주,3,1361613,52000000,38.2,1989,2026
경기,이천시,부발읍 무촌리,효양,16,2318281,156500000,59.9,2003,2026
경기,이천시,부발읍 신원리,동서,2,1211609,69825000,57.6,1995,2026
경기,이천시,부발읍 신원리,신세계,8,1123377,43250000,38.5,1989,2026
경기,이천시,부발읍 신원리,신지,10,1259416,100000000,85.0,1994,2026
경기,이천시,부발읍 신원리,이안퍼스티엄이천부발,18,3450216,262185000,76.0,2024,2026
경기,이천시,부발읍 신하리,거평,15,1672520,100000000,59.8,1992,2026
경기,이천시,부발읍 신하리,로얄1동,1,1296296,77000000,59.4,1992,2025
경기,이천시,부발읍 신하리,로얄2동,1,936819,43000000,45.9,1992,2025
경기,이천시,부발읍 신하리,삼익세라믹,47,2647370,200000000,75.7,2000,2026
경기,이천시,부발읍 신하리,성광,11,1486794,85000000,57.2,1990,2026
경기,이천시,부발읍 신하리,신한,36,2762016,185000000,59.9,1998,2026
경기,이천시,부발읍 신하리,유승(487-9),4,2902414,229000000,84.9,2001,2025
경기,이천시,부발읍 신하리,진우,51,2818546,169000000,60.0,2000,2026
경기,이천시,부발읍 신하리,청구,22,2543010,181000000,72.4,1999,2026
경기,이천시,부발읍 아미리,쁘띠안,2,2606791,119000000,45.6,2012,2025
경기,이천시,부발읍 아미리,신일해피트리앤,5,3284380,70000000,21.3,2013,2025
경기,이천시,부발읍 아미리,은강훼미리,1,1812375,227000000,125.2,1997,2024
경기,이천시,부발읍 아미리,이천신일해피트리트리빌1단지,12,3524174,299500000,85.0,2014,2026
경기,이천시,부발읍 아미리,이천신일해피트리트리빌2단지,7,3648016,310000000,85.0,2014,2026
경기,이천시,부발읍 아미리,이천하이클래스,1,3633552,94000000,25.9,2017,2025
경기,이천시,부발읍 아미리,현대3,27,2740413,183000000,59.8,1997,2026
경기,이천시,부발읍 아미리,현대7,55,3514056,238000000,59.8,1999,2026
경기,이천시,부발읍 아미리,현대성우오스타1단지,13,4236974,360000000,85.0,2010,2026
경기,이천시,부발읍 아미리,현대성우오스타2단지,31,5118707,460000000,85.0,2010,2026
경기,이천시,부발읍 아미리,현대성우오스타3단지,27,4058772,358000000,85.0,2010,2026
경기,이천시,부발읍 아미리,현대성우오스타4단지,27,4084381,350000000,85.0,2010,2026
경기,이천시,부발읍 응암리,이화1차,43,1594510,85000000,49.5,1996,2026
경기,이천시,부발읍 응암리,이화2차,48,1580747,90000000,59.9,1997,2026
경기,이천시,부발읍 응암리,주은다솜,64,1649519,60000000,35.8,2001,2026
경기,이천시,사음동,이천2차현진에버빌,13,2881059,240000000,84.3,2006,2026
경기,이천시,송정동,동양,44,2670675,193750000,85.0,2000,2026
경기,이천시,송정동,동양파라곤,18,3516210,390000000,105.6,2009,2026
경기,이천시,송정동,수림1차,59,2475248,185000000,72.7,2002,2026
경기,이천시,송정동,수림2차,33,2522280,190000000,84.9,2002,2026
경기,이천시,송정동,신일1차,48,2611101,160000000,59.9,2001,2026
경기,이천시,송정동,신일2차,47,2502795,168000000,59.9,2001,2026
경기,이천시,송정동,이천라온프라이빗,74,4510267,369500000,84.8,2021,2026
경기,이천시,송정동,증포지구대원칸타빌2차더테라스,44,4883083,415000000,85.0,2021,2026
경기,이천시,송정동,풍산,24,2256458,130000000,59.5,1997,2026
경기,이천시,송정동,현진에버빌1차,30,3142075,214500000,78.6,2005,2026
경기,이천시,신둔면 남정리,한솔,1,3072923,260000000,84.6,1995,2025
경기,이천시,신둔면 도봉리,대신푸른마을,17,1990050,168000000,84.4,2004,2026
경기,이천시,신둔면 수광리,수광엘리시움,20,2798546,122000000,40.0,2009,2026
경기,이천시,신둔면 수하리,신둔반석아르미,15,2221681,158000000,78.8,2008,2026
경기,이천시,신둔면 수하리,이천신둔코아루,15,3535772,250000000,78.7,2017,2026
경기,이천시,안흥동,브라운스톤이천,17,4085451,345000000,84.4,2014,2026
경기,이천시,안흥동,안흥주공,95,2897455,160000000,59.7,1997,2026
경기,이천시,안흥동,이천롯데캐슬골드스카이,53,5764842,490000000,85.0,2018,2026
경기,이천시,안흥동,이천롯데캐슬페라즈스카이,19,6181561,525000000,85.0,2023,2026
경기,이천시,안흥동,이천빌리브어바인시티1단지,2,4480921,380000000,84.8,2026,2026
경기,이천시,안흥동,이천빌리브어바인시티2단지,3,4987236,422000000,84.7,2026,2026
경기,이천시,안흥동,이천센트레빌레이크뷰,1,6429017,545000000,84.8,2025,2026
경기,이천시,안흥동,이천코아루휴티스1단지,28,4294618,365000000,85.0,2021,2026
경기,이천시,안흥동,이천코아루휴티스2단지,15,4212161,358000000,85.0,2021,2026
경기,이천시,안흥동,일성,9,2669336,160000000,59.9,1997,2026
경기,이천시,장호원읍 노탑리,기산,9,1535119,125000000,84.7,1997,2026
경기,이천시,장호원읍 노탑리,상호2,2,1200000,72000000,60.0,1995,2026
경기,이천시,장호원읍 장호원리,세진,4,1285476,77000000,59.9,1995,2026
경기,이천시,장호원읍 장호원리,호원베스트빌,3,2209131,165000000,74.7,2018,2026
경기,이천시,장호원읍 진암리,동양,16,1222055,79500000,59.9,1992,2026
경기,이천시,장호원읍 진암리,로얄,5,1067901,88000000,81.0,1990,2026
경기,이천시,장호원읍 진암리,삼진동산,16,1776777,106500000,59.9,1995,2026
경기,이천시,장호원읍 진암리,송전더존빌,29,1517885,70000000,46.1,2007,2026
경기,이천시,장호원읍 진암리,이천진암지구우방아이유쉘메가하이브,42,3738797,225000000,60.0,2023,2026
경기,이천시,장호원읍 진암리,장호원코아루1단지,30,2936910,249000000,84.8,2009,2026
경기,이천시,장호원읍 진암리,장호원코아루2단지,3,3280012,390000000,118.9,2009,2026
경기,이천시,장호원읍 진암리,현대,23,2036708,152000000,84.4,1997,2026
경기,이천시,중리동,(463-2),4,2675647,151500000,55.7,2016,2026
경기,이천시,중리동,(468-16),1,3222558,160000000,49.6,2012,2025
경기,이천시,중리동,(468-5),5,3578618,170000000,50.7,2015,2025
경기,이천시,중리동,고려중리,6,1950056,145000000,71.3,1992,2026
경기,이천시,중리동,부악2,2,1320235,155000000,117.5,1992,2026
경기,이천시,중리동,산호3차,7,2179034,175000000,84.9,1993,2026
경기,이천시,중리동,이천라온팰리스,14,3889844,340500000,84.8,2009,2026
경기,이천시,중리동,이천중리우미린어반퍼스트,1,6648412,565000000,85.0,2026,2026
경기,이천시,중리동,이천중리우미린트리쉐이드,8,5970212,505000000,84.6,2026,2026
경기,이천시,증일동,이천역현대홈타운,45,3766922,320000000,85.0,2005,2026
경기,이천시,증일동,힐스테이트이천역1단지,9,6331965,537000000,84.8,2026,2026
경기,이천시,증일동,힐스테이트이천역2단지,7,6234455,397000000,61.0,2026,2026
경기,이천시,증포동,대림휴먼빌,19,2760226,170000000,60.1,2002,2026
경기,이천시,증포동,대우1,16,2500417,159000000,60.0,1997,2026
경기,이천시,증포동,대우2,47,2612256,196000000,85.0,1998,2026
경기,이천시,증포동,대우3,17,2713452,250000000,84.8,2000,2026
경기,이천시,증포동,대원,20,2144928,96500000,51.8,1996,2026
경기,이천시,증포동,대호3,26,1773870,115000000,59.3,1993,2026
경기,이천시,증포동,부악,8,2021736,123750000,60.0,1994,2026
경기,이천시,증포동,선경1,16,2623373,186500000,59.5,1997,2026
경기,이천시,증포동,선경2,32,2798319,195000000,59.5,1997,2026
경기,이천시,증포동,설봉2차푸르지오,19,4802667,415000000,85.0,2011,2026
경기,이천시,증포동,신한,40,2939732,190000000,59.9,1997,2026
경기,이천시,증포동,이천설봉KCC스위첸,67,5024764,330000000,59.7,2016,2026
경기,이천시,증포동,이천센트럴푸르지오,60,5451697,350000000,60.0,2016,2026
경기,이천시,증포동,이천증포대원칸타빌,34,4577203,389000000,85.0,2019,2026
경기,이천시,증포동,이천증포새도시한양수자인3블럭,40,4389727,350000000,73.0,2017,2026
경기,이천시,증포동,이천증포새도시한양수자인5블럭,75,4594884,356000000,73.0,2017,2026
경기,이천시,증포동,증포동한솔솔파크,35,3536485,300000000,84.8,2006,2026
경기,이천시,증포동,증포동한솔솔파크2차,8,3477543,295000000,84.8,2007,2026
경기,이천시,증포동,증포동한솔솔파크3,14,3910428,347500000,84.9,2010,2026
경기,이천시,창전동,(457-19),1,2730375,120000000,44.0,2014,2025
경기,이천시,창전동,고려1,2,1462414,112500000,76.5,1990,2026
경기,이천시,창전동,대원2차,1,1412429,120000000,85.0,1990,2024
경기,이천시,창전동,대원3차A동,2,1650047,139000000,84.2,1990,2026
경기,이천시,창전동,대원4,1,2191166,127000000,58.0,1991,2026
경기,이천시,창전동,대호1,3,2063755,112000000,54.3,1991,2026
경기,이천시,창전동,대호2,5,1756503,131000000,74.6,1993,2026
경기,이천시,창전동,미도,3,2847394,238000000,85.0,1994,2025
경기,이천시,창전동,산호2,9,1977750,168000000,84.9,1991,2026
경기,이천시,창전동,세영,3,1422035,115000000,79.5,1992,2026
경기,이천시,창전동,유진,1,1208313,75000000,62.1,1990,2025
경기,이천시,창전동,일심,9,2167630,155000000,65.2,1991,2026
경기,이천시,창전동,중앙,3,1548587,80000000,51.7,1989,2026
경기,이천시,창전동,청자국민주택,5,1458733,91000000,65.1,1986,2026
경기,이천시,창전동,타미나홈스,3,3022706,166000000,56.2,2012,2026
경기,이천시,창전동,한솔스파빌(102),5,3301692,400000000,121.2,2003,2026
경기,이천시,창전동,한솔파크빌,2,3097820,262500000,84.7,2014,2026
경기,이천시,창전동,한신,9,1507761,102000000,67.6,1992,2026
경기,이천시,창전동,현대1,21,2377012,135000000,52.9,1985,2026
경기,이천시,창전동,"현대2(201동,202동)",16,2354465,185000000,78.1,1991,2026
경기,이천시,창전동,현대2(203동),8,2354465,200000000,84.9,1992,2026
경기,이천시,호법면 유산리,이천내안애,29,2417876,145000000,60.0,2010,2026
경기,파주시,검산동,성원포레스타운(130-8),35,2147493,170500000,84.8,2000,2026
경기,파주시,검산동,유승,34,2075668,167500000,84.8,2001,2026
경기,파주시,광탄면 신산리,동신라메르,12,2300623,193500000,85.0,2005,2026
경기,파주시,금릉동,동양부로미(196-2),5,2594646,220000000,84.8,2006,2026
경기,파주시,금릉동,장안6흰돌마을(199-6),27,2647993,200000000,85.0,2000,2026
경기,파주시,금촌동,건일장미5차,21,2801868,187000000,60.0,1998,2026
경기,파주시,금촌동,경신그린아파트,19,2389307,143000000,59.8,1999,2026
경기,파주시,금촌동,그린,23,3573252,70000000,19.6,2012,2026
경기,파주시,금촌동,금촌시티라이프,55,5887943,83370000,14.2,2020,2024
경기,파주시,금촌동,금촌주공7단지(1019-0),75,3750493,310000000,84.0,2005,2026
경기,파주시,금촌동,대방노블랜드(1015-0),29,2741356,238000000,90.1,2006,2026
경기,파주시,금촌동,더트루엘센트리지,5,5929757,262000000,42.3,2025,2026
경기,파주시,금촌동,동문1차아파트101동,6,2010123,141000000,71.9,1993,2026
경기,파주시,금촌동,동문1차아파트201동,5,2026096,170000000,75.1,1993,2025
경기,파주시,금촌동,동문2차아파트301동,3,2510040,150000000,59.8,1995,2026
경기,파주시,금촌동,동문2차아파트501동,8,2356252,140000000,59.3,1995,2026
경기,파주시,금촌동,동문3차아파트701동,4,2189708,152500000,72.2,1999,2026
경기,파주시,금촌동,동문3차아파트801동,1,2447995,208000000,85.0,1999,2025
경기,파주시,금촌동,동현(781-2),29,2336012,130000000,53.5,1990,2026
경기,파주시,금촌동,두보1(234-8),13,2307499,138000000,59.8,1994,2026
경기,파주시,금촌동,두보2(234-20),11,2369431,142000000,59.9,1996,2026
경기,파주시,금촌동,두보3(234-22),24,2668446,165000000,60.0,1997,2026
경기,파주시,금촌동,보광그랑베르,7,4133985,65500000,15.8,2013,2026
경기,파주시,금촌동,새꽃마을1단지뜨란채(972-0),203,3412568,236500000,60.0,2004,2026
경기,파주시,금촌동,쇠재마을1단지풍림아이원(1008-0),28,3696452,372000000,97.2,2005,2026
경기,파주시,금촌동,쇠재마을5단지뜨란채주공,190,3725025,222000000,59.1,2004,2026
경기,파주시,금촌동,아림프라자,1,1585048,134000000,84.5,1997,2025
경기,파주시,금촌동,에이스큐브,3,5853798,82000000,14.0,2020,2026
경기,파주시,금촌동,장미1(230-1),13,1990050,160000000,84.4,1994,2026
경기,파주시,금촌동,장미2(230-2),14,2551701,156000000,60.0,1996,2026
경기,파주시,금촌동,장미3(233-6),26,2401601,170000000,60.0,1997,2026
경기,파주시,금촌동,장미8(255-5),1,3356212,200000000,59.6,2002,2025
경기,파주시,금촌동,장미아파트601동,10,2674897,220000000,84.9,2000,2026
경기,파주시,금촌동,장안7밀레니엄(792-1),12,2030220,212500000,85.0,2000,2026
경기,파주시,금촌동,장안귀빈(769-5),3,1766709,83000000,47.0,1998,2026
경기,파주시,금촌동,장안미래(51-49),13,2186761,153000000,59.5,1993,2026
경기,파주시,금촌동,장안아파트,2,1115023,57000000,51.1,1985,2026
경기,파주시,금촌동,장안하나(951-5),7,2154882,128000000,59.4,1996,2026
경기,파주시,금촌동,주공(922-0),66,2825706,153500000,60.0,1997,2026
경기,파주시,금촌동,천년가골든뷰,3,4149173,84000000,20.2,2021,2026
경기,파주시,금촌동,파주금촌금호어울림,53,4083286,109900000,26.9,2026,2026
경기,파주시,금촌동,한일유앤아이1차(1014-0),11,2857929,214000000,74.9,2006,2026
경기,파주시,금촌동,한일유앤아이2차(1014-1),9,3044360,265000000,84.9,2007,2026
경기,파주시,금촌동,홍우(768-1),2,1048026,51500000,49.1,1990,2025
경기,파주시,금촌동,후곡마을1단지중앙하이츠(997-0),12,3760648,400500000,102.0,2005,2026
경기,파주시,금촌동,후곡마을4단지뜨란채주공,147,3652645,305000000,84.9,2004,2026
경기,파주시,금촌동,후곡마을6단지주공,98,4088314,242000000,59.6,2004,2026
경기,파주시,다율동,운정신도시한라비발디파크젠해오름마을13단지,33,6189361,380000000,59.8,2024,2026
경기,파주시,다율동,운정자이퍼스트시티,19,5823653,500000000,85.0,2024,2026
경기,파주시,다율동,중흥S-클래스에듀하이해오름마을1단지,25,5647903,490000000,85.0,2024,2026
경기,파주시,다율동,청석마을8단지동문굿모닝힐,72,3652172,310000000,84.9,2005,2026
경기,파주시,다율동,청석마을9단지대원효성,92,2870317,340500000,129.2,2006,2026
경기,파주시,다율동,파주운정신도시디에트르에듀타운,41,6082574,552000000,85.0,2024,2026
경기,파주시,다율동,해오름마을10단지파크푸르지오,130,6637226,502500000,84.4,2021,2026
경기,파주시,다율동,해오름마을14단지푸르지오파르세나,223,6837219,445000000,60.0,2022,2026
경기,파주시,다율동,해오름마을3단지제일풍경채그랑베뉴2차,29,5696099,465500000,84.3,2023,2026
경기,파주시,다율동,해오름마을5단지중흥S클래스2차에듀파크,9,5436106,455000000,85.0,2024,2026
경기,파주시,다율동,해오름마을6단지제일풍경채그랑포레,20,5480244,470000000,85.0,2024,2026
경기,파주시,동패동,경남아너스빌운정,1,5822924,494290000,84.9,2025,2025
경기,파주시,동패동,숲속길마을6단지동문굿모닝힐,30,3433055,367500000,102.0,2005,2026
경기,파주시,동패동,숲속길마을7단지월드메르디앙센트럴파크,39,3882810,330000000,85.0,2006,2026
경기,파주시,동패동,신영지웰운정신도시,34,5588840,547500000,93.0,2024,2026
경기,파주시,동패동,운정시티프라디움,1,6116369,519840000,85.0,2025,2025
경기,파주시,동패동,운정자이시그니처,13,6660493,595000000,97.0,2026,2026
경기,파주시,동패동,책향기마을10단지동문굿모닝힐(1698),68,4093967,347500000,84.9,2005,2026
경기,파주시,동패동,책향기마을11단지신동아파밀리에,18,3648586,405000000,107.8,2005,2026
경기,파주시,동패동,책향기마을12단지진흥효자,29,4120071,350000000,85.0,2005,2026
경기,파주시,동패동,책향기마을14단지우남퍼스트빌(1711),34,4020491,437500000,102.0,2006,2026
경기,파주시,동패동,책향기마을15단지상록데시앙,38,4906460,417000000,85.0,2007,2026
경기,파주시,동패동,초롱꽃마을11단지운정하우스디,42,6795422,380000000,56.0,2022,2026
경기,파주시,동패동,초롱꽃마을12단지e편한세상운정어반프라임,141,7751899,527500000,60.0,2021,2026
경기,파주시,동패동,초롱꽃마을13단지디에트르더퍼스트,84,8236622,658500000,85.0,2021,2026
경기,파주시,동패동,초롱꽃마을5단지우미린파크힐스,13,6000431,510000000,85.0,2024,2026
경기,파주시,동패동,초롱꽃마을6단지금강펜테리움,93,6717320,570000000,84.9,2022,2026
경기,파주시,동패동,초롱꽃마을8단지중흥S클래스,162,8648569,546000000,59.3,2022,2026
경기,파주시,동패동,한울마을1단지운정신도시IPARK,374,8592784,720000000,84.9,2020,2026
경기,파주시,동패동,한울마을2단지운정벽산블루밍아파트,77,4139269,330000000,84.6,2001,2026
경기,파주시,동패동,한울마을3단지운정더클래스,55,4529328,375000000,84.6,2011,2026
경기,파주시,동패동,한울마을6단지아모리움에듀파크,50,4501902,374500000,84.3,2011,2026
경기,파주시,동패동,한울마을7단지삼부르네상스,76,4936179,443750000,84.2,2010,2026
경기,파주시,목동동,산내마을11단지현대아이파크,39,3681769,350000000,85.0,2002,2026
경기,파주시,목동동,산내마을13단지디에트르라포레,21,6647442,607000000,85.0,2023,2026
경기,파주시,목동동,산내마을2단지센트럴리움(공공임대),73,5589855,355000000,59.9,2017,2026
경기,파주시,목동동,산내마을3단지운정센트레빌,56,4893680,470000000,84.8,2014,2026
경기,파주시,목동동,산내마을6단지한라비발디,71,5047653,452000000,85.0,2013,2026
경기,파주시,목동동,산내마을7단지화성파크드림,109,6000600,493000000,85.0,2020,2026
경기,파주시,목동동,산내마을8단지월드메르디앙(114-37),97,3753763,330000000,84.7,2001,2026
경기,파주시,목동동,산내마을9단지힐스테이트운정,401,7952147,527000000,64.9,2018,2026
경기,파주시,목동동,운정신도시 센트럴 푸르지오,227,7792086,658000000,85.0,2018,2026
경기,파주시,목동동,파주운정신도시디에트르더클래스아파트,25,6706269,590000000,85.0,2023,2026
경기,파주시,목동동,파주운정신도시디에트르센트럴,15,6459773,588000000,85.0,2025,2026
경기,파주시,목동동,해솔마을1단지두산위브(647),42,4443001,377500000,85.0,2010,2026
경기,파주시,목동동,해솔마을2단지월드메르디앙(2-117),121,3578997,280000000,84.9,2001,2026
경기,파주시,목동동,해솔마을3단지운정현대,96,3588531,295000000,85.0,2001,2026
경기,파주시,목동동,해솔마을4단지벽산우남연리지(667),93,4353238,388000000,85.0,2010,2026
경기,파주시,목동동,해솔마을5단지삼부르네상스(679),117,4749268,425000000,84.2,2010,2026
경기,파주시,문발동,숲속길마을동문굿모닝힐(560),19,3768252,320000000,84.9,2005,2026
경기,파주시,문산읍 당동리,당동주공2단지,33,2574891,148000000,59.4,2002,2026
경기,파주시,문산읍 당동리,문산세성,20,1710069,130000000,84.6,1995,2026
경기,파주시,문산읍 당동리,산호,5,1490535,100000000,67.1,1987,2026
경기,파주시,문산읍 당동리,세아산호(92-4),7,1680365,138000000,82.1,1991,2026
경기,파주시,문산읍 당동리,자연앤꿈에그린5단지아파트,33,2695069,229000000,85.0,2010,2026
경기,파주시,문산읍 당동리,자연앤꿈에그린6단지아파트,70,2509710,213200000,84.9,2010,2026
경기,파주시,문산읍 당동리,파주한양수자인리버팰리스아파트,131,2946029,244000000,84.7,2015,2026
경기,파주시,문산읍 당동리,파주힐스테이트1차,42,3165947,300000000,85.0,2009,2026
경기,파주시,문산읍 당동리,파주힐스테이트2차,32,2650586,242500000,85.0,2010,2026
경기,파주시,문산읍 당동리,효형,4,2005750,120000000,59.8,1997,2025
경기,파주시,문산읍 문산리,문산주공,17,1523897,66000000,43.3,1980,2026
경기,파주시,문산읍 문산리,문산호수,12,1746257,117000000,67.1,1995,2026
경기,파주시,문산읍 문산리,미림,1,1295505,100000000,77.2,1991,2025
경기,파주시,문산읍 문산리,스타파크힐,1,2558158,160000000,62.5,2017,2024
경기,파주시,문산읍 문산리,신원아침도시,36,2471574,200000000,85.0,2006,2026
경기,파주시,문산읍 문산리,율곡,5,2318986,139000000,59.9,1996,2026
경기,파주시,문산읍 문산리,일신건영휴먼빌,36,3351134,237500000,69.9,2006,2026
경기,파주시,문산읍 문산리,장안8차,13,1977136,168000000,85.0,2003,2026
경기,파주시,문산읍 문산리,청도훼미리맨션,4,1494574,163000000,104.0,1994,2026
경기,파주시,문산읍 문산리,한진,11,2047470,157000000,76.7,1992,2026
경기,파주시,문산읍 선유리,경남아너스빌(문산선유4단지),23,2390767,203000000,84.9,2011,2026
경기,파주시,문산읍 선유리,두산위브,35,2376988,210000000,85.0,2006,2026
경기,파주시,문산읍 선유리,선유주공,21,1901944,82000000,40.0,1991,2026
경기,파주시,문산읍 선유리,양우내안애1단지,5,2060305,175000000,84.9,2007,2025
경기,파주시,문산읍 선유리,양우내안애2단지,3,2189809,186000000,84.9,2007,2025
경기,파주시,문산읍 선유리,양우내안애3단지,6,2524451,167000000,72.4,2007,2026
경기,파주시,문산읍 선유리,진흥소슬마을,21,2471170,210000000,85.0,2007,2026
경기,파주시,문산읍 선유리,파주문산역1차동문굿모닝힐,56,3752283,225000000,60.0,2020,2026
경기,파주시,문산읍 선유리,파주문산역2차동문디이스트,74,4663802,378000000,85.0,2024,2026
경기,파주시,문산읍 선유리,한진2차,6,2006018,122000000,68.2,1993,2026
경기,파주시,법원읍 가야리,동원주택,14,897802,52500000,59.6,1991,2026
경기,파주시,법원읍 가야리,안산율곡2차,17,1561618,83000000,53.2,1994,2026
경기,파주시,법원읍 가야리,율곡,8,1334100,80000000,60.0,1993,2026
경기,파주시,법원읍 법원리,율곡3차,4,1911585,111000000,58.2,2000,2025
경기,파주시,아동동,"무궁화APT<1동,2동>",23,1769464,100000000,50.4,1990,2026
경기,파주시,아동동,신안실크밸리1차(897-0),67,3354567,265000000,85.0,2009,2026
경기,파주시,아동동,신안실크밸리2차(900-0),40,3355654,300000000,84.8,2010,2026
경기,파주시,아동동,장안(미우)5(339-0),13,2120891,180000000,84.9,1997,2026
경기,파주시,아동동,장안빌라트(328-52),1,1571215,200000000,127.3,1992,2025
경기,파주시,아동동,장안초원1(329-6),8,1849757,109500000,59.7,1990,2025
경기,파주시,아동동,장안초원2(328-49),4,2233751,156500000,69.4,1991,2026
경기,파주시,아동동,파라다이스(275-9),30,2256817,152500000,59.9,1998,2026
경기,파주시,아동동,팜스프링(283-0),238,2472275,200000000,84.9,2001,2026
경기,파주시,야당동,운정아모리움,97,5414950,375000000,74.8,2011,2026
경기,파주시,야당동,한빛마을1단지한라비발디,53,4907016,520000000,100.6,2009,2026
경기,파주시,야당동,한빛마을2단지휴먼빌,79,5096120,433000000,85.0,2009,2026
경기,파주시,야당동,한빛마을3단지아이파크,100,4026850,348000000,85.0,2004,2026
경기,파주시,야당동,한빛마을4단지롯데캐슬Ⅱ,163,7566815,474000000,60.7,2018,2026
경기,파주시,야당동,한빛마을5단지캐슬앤칸타빌,156,6155101,527500000,84.2,2012,2026
경기,파주시,야당동,한빛마을7단지(한신휴플러스),147,4475327,380000000,84.9,2011,2026
경기,파주시,야당동,한빛마을9단지롯데캐슬1차,115,7026050,580000000,84.3,2017,2026
경기,파주시,야동동,대방노블랜드(587-0),118,2260171,135000000,59.7,2001,2026
경기,파주시,와동동,가람마을10단지월드메르디앙(1356),71,4562201,400000000,84.5,2010,2026
경기,파주시,와동동,가람마을11단지동문굿모닝힐(1368),39,4632593,420000000,118.7,2010,2026
경기,파주시,와동동,가람마을1단지벽산한라(1308),93,4768072,410000000,84.9,2010,2026
경기,파주시,와동동,가람마을3단지동문굿모닝힐,77,3403978,287500000,84.5,2001,2026
경기,파주시,와동동,가람마을4단지한양수자인,67,4287739,388000000,84.7,2011,2026
경기,파주시,와동동,가람마을7단지한라비발디,46,5532015,479500000,85.0,2012,2026
경기,파주시,와동동,가람마을8단지동문굿모닝힐,76,3988666,312500000,84.5,2001,2026
경기,파주시,와동동,가람마을9단지남양휴튼(1344),57,4355196,390000000,85.0,2010,2026
경기,파주시,와동동,별숲오르트가람마을12단지,2,6014804,335000000,55.7,2023,2026
경기,파주시,와동동,별하람마을1단지제일풍경채그랑퍼스트,35,6427250,420000000,59.9,2023,2026
경기,파주시,와동동,엘크루가람마을5단지,43,4461973,370000000,84.9,2014,2026
경기,파주시,와동동,해솔마을7단지롯데캐슬,159,5667738,500000000,84.7,2014,2026
경기,파주시,와동동,호반써밋이스트파크,1,5947309,356650000,60.0,2025,2025
경기,파주시,와동동,힐스테이트더운정,42,8932252,759030000,85.0,2025,2026
경기,파주시,적성면 마지리,삼산그린빌라(41-6),2,817996,48000000,58.7,1994,2026
경기,파주시,조리읍 대원리,그린시티동문(218-0),103,2149581,255000000,134.7,2000,2026
경기,파주시,조리읍 대원리,한라비발디(992-1),68,2473207,251000000,117.1,2000,2026
경기,파주시,조리읍 봉일천리,강실(157-4),1,1520973,95000000,62.5,1991,2026
경기,파주시,조리읍 봉일천리,대화무궁화(157-1),6,1641757,72500000,45.7,1988,2026
경기,파주시,조리읍 봉일천리,동원(157-18),6,1448295,84000000,58.0,1990,2026
경기,파주시,조리읍 봉일천리,미림(237-1),6,1460870,81500000,57.5,1989,2026
경기,파주시,조리읍 봉일천리,봉일천2차동문아파트,9,2297632,175000000,84.9,1996,2026
경기,파주시,조리읍 봉일천리,봉일천프린스(158-2),8,1465461,71250000,44.4,1989,2026
경기,파주시,조리읍 봉일천리,성원(156-1),13,2550764,159000000,59.6,1997,2026
경기,파주시,조리읍 봉일천리,성호(125-22),14,2501459,157500000,60.0,1997,2026
경기,파주시,조리읍 봉일천리,성호2파크힐(259-2),13,2667067,170000000,60.0,2001,2026
경기,파주시,조리읍 봉일천리,송촌토파즈(13-15),32,2195151,150000000,60.0,1998,2026
경기,파주시,조리읍 봉일천리,윤창(237-5),10,1874915,132750000,72.4,1993,2026
경기,파주시,조리읍 봉일천리,태양(157-40),1,1606979,70000000,43.6,1989,2026
경기,파주시,조리읍 봉일천리,태형내산마을(262-0),5,2125399,180000000,84.7,1996,2026
경기,파주시,조리읍 봉일천리,태형미림(262-23),5,1837928,110000000,59.8,1993,2026
경기,파주시,조리읍 봉일천리,파주봉일천효성해링턴플레이스,50,4202255,253000000,60.0,2018,2026
경기,파주시,조리읍 봉일천리,파주푸르지오(269-0),18,3533819,314000000,84.9,2010,2026
경기,파주시,탄현면 축현리,e편한세상헤이리,5,4142054,352000000,85.0,2025,2026
경기,파주시,파주읍 연풍리,동광모닝스카이,14,2118881,180000000,85.0,2009,2026
경기,파주시,파주읍 연풍리,파주연풍양우내안愛에코하임,34,2984292,179000000,60.0,2022,2026
경기,파주시,파주읍 파주리,기용,3,1502253,90000000,59.9,1998,2026
경기,평택시,가재동,우림필유,23,2588844,220000000,85.0,2006,2026
경기,평택시,가재동,지제역반도체밸리풍경채어바니티,3,5226259,444000000,85.0,2026,2026
경기,평택시,고덕동,고덕국제신도시 포레스트자이,69,6494940,550000000,84.6,2019,2026
경기,평택시,고덕동,고덕국제신도시금호어울림,178,6443815,386500000,60.0,2023,2026
경기,평택시,고덕동,고덕국제신도시대광로제비앙THEART,110,6239295,530000000,85.0,2022,2026
경기,평택시,고덕동,고덕국제신도시로제비앙&엘가에듀센트럴,2,6121594,520000000,84.9,2025,2025
경기,평택시,고덕동,고덕국제신도시르플로랑,144,7700367,425000000,56.0,2021,2026
경기,평택시,고덕동,고덕국제신도시리슈빌레이크파크,101,6236013,530000000,85.0,2021,2026
경기,평택시,고덕동,고덕국제신도시아너스,141,5922589,355000000,59.8,2022,2026
경기,평택시,고덕동,고덕국제신도시제일풍경채,104,6942810,605000000,85.0,2019,2026
경기,평택시,고덕동,고덕국제신도시제일풍경채2차에듀,111,7596457,637000000,84.9,2023,2026
경기,평택시,고덕동,고덕국제신도시제일풍경채3차센텀,104,7890894,656500000,84.9,2023,2026
경기,평택시,고덕동,고덕국제신도시파라곤,71,7282516,610000000,85.0,2019,2026
경기,평택시,고덕동,고덕국제신도시파라곤에듀포레,78,6397436,542500000,84.8,2021,2026
경기,평택시,고덕동,고덕국제신도시헤스티블,16,7268485,405000000,55.7,2023,2026
경기,평택시,고덕동,고덕자이센트로,25,6091267,517280000,84.9,2025,2026
경기,평택시,고덕동,신안인스빌시그니처,52,6319800,552500000,85.0,2020,2026
경기,평택시,고덕동,평택고덕신동아파밀리에엔에이치에프7단지,7,5297234,450000000,85.0,2019,2026
경기,평택시,고덕동,호반써밋고덕국제신도시에듀파크,104,6981075,590000000,84.5,2022,2026
경기,평택시,고덕동,호반써밋고덕신도시,73,7301918,640000000,85.0,2021,2026
경기,평택시,고덕동,힐스테이트고덕센트럴,16,9989459,847500000,84.4,2024,2026
경기,평택시,고덕동,힐스테이트고덕스카이시티,10,9622009,862500000,90.3,2024,2026
경기,평택시,고덕면 궁리,고덕하늘채시그니처,243,4503828,275000000,59.9,2021,2026
경기,평택시,고덕면 궁리,태평,100,2122391,130000000,59.9,1994,2026
경기,평택시,고덕면 궁리,평택영화블렌하임,39,2706838,210000000,85.0,2008,2026
경기,평택시,군문동,군문주공2,79,3452302,205000000,60.0,1999,2026
경기,평택시,군문동,평택군문1단지주공,45,3398746,160000000,49.4,1999,2026
경기,평택시,독곡동,대림,8,2602909,212500000,84.9,1994,2026
경기,평택시,독곡동,대옥,2,1579104,108750000,68.8,1989,2026
경기,평택시,독곡동,동부,12,2326028,262500000,114.8,1993,2026
경기,평택시,독곡동,라이프,14,2552519,325000000,131.0,1992,2026
경기,평택시,독곡동,삼익,19,2322097,159000000,66.8,1994,2026
경기,평택시,독곡동,아주2,24,2501251,150000000,60.0,1995,2026
경기,평택시,독곡동,한일,34,2173913,129000000,59.3,1993,2026
경기,평택시,동삭동,e편한세상지제역,204,6188528,453000000,74.7,2022,2026
경기,평택시,동삭동,더샵지제역센트럴파크1BL,271,6037878,415000000,75.0,2020,2026
경기,평택시,동삭동,더샵지제역센트럴파크2BL,246,6298360,452750000,75.0,2020,2026
경기,평택시,동삭동,더샵지제역센트럴파크3BL,150,5200492,390000000,75.0,2021,2026
경기,평택시,동삭동,삼익사이버,21,2943947,250000000,84.9,2000,2026
경기,평택시,동삭동,서재자이,51,3886926,300000000,74.6,2014,2026
경기,평택시,동삭동,이안,21,2827854,240000000,84.9,2005,2026
경기,평택시,동삭동,지제역푸르지오엘리아츠,23,5953286,505000000,84.8,2024,2026
경기,평택시,동삭동,평택센트럴자이 4단지,59,5153872,390000000,75.7,2018,2026
경기,평택시,동삭동,평택센트럴자이 5단지,62,5087018,399500000,84.5,2018,2026
경기,평택시,동삭동,평택센트럴자이1단지,124,5363234,354500000,72.6,2017,2026
경기,평택시,동삭동,평택센트럴자이2단지,88,5182988,331000000,59.5,2017,2026
경기,평택시,동삭동,평택센트럴자이3단지,277,5327752,410000000,84.3,2019,2026
경기,평택시,동삭동,평택지제역자이,122,8471057,690000000,85.0,2023,2026
경기,평택시,동삭동,현대,23,2588844,213000000,85.0,1992,2026
경기,평택시,동삭동,힐스테이트지제역,192,7190784,535000000,75.0,2020,2026
경기,평택시,동삭동,힐스테이트지제역퍼스티움,107,7022555,562500000,84.7,2022,2026
경기,평택시,비전동,SK비전,2,3032373,257500000,84.9,2003,2026
경기,평택시,비전동,덕동마을신일유토빌,1,2118145,180000000,85.0,2005,2025
경기,평택시,비전동,동성한아름,20,2559327,185500000,72.5,1994,2026
경기,평택시,비전동,동성효성,6,2717991,197000000,72.5,1994,2026
경기,평택시,비전동,동아동백,12,2649927,190000000,84.9,1994,2026
경기,평택시,비전동,동아모란,15,2591040,157000000,58.3,1995,2026
경기,평택시,비전동,동아목련,14,2444916,214000000,84.9,1993,2026
경기,평택시,비전동,동아백합,7,2572766,150000000,58.3,1994,2026
경기,평택시,비전동,뜨레휴이곡마을7단지,8,3706971,311500000,85.0,2017,2026
경기,평택시,비전동,명진비전파크,5,2493390,205000000,84.2,2004,2026
경기,평택시,비전동,문화,46,2567188,128000000,49.9,1994,2026
경기,평택시,비전동,벽산,21,2901693,189000000,60.0,1994,2026
경기,평택시,비전동,비전경남아너스빌,69,3529993,285000000,84.7,2009,2026
경기,평택시,비전동,비전롯데캐슬,30,3444773,360000000,122.6,2011,2026
경기,평택시,비전동,비전현대,40,3311286,185000000,59.7,1994,2026
경기,평택시,비전동,새한,2,1602817,121750000,76.0,1985,2026
경기,평택시,비전동,소사벌리더스하임,92,3707191,310000000,85.0,2014,2026
경기,평택시,비전동,솔매마을한일유앤아이,9,2941730,210000000,59.8,2007,2026
경기,평택시,비전동,시대코아,6,2698327,301500000,111.2,1995,2026
경기,평택시,비전동,시대한우리,69,2937638,115000000,35.7,1995,2026
경기,평택시,비전동,신명나리,18,2784726,167000000,60.0,1995,2026
경기,평택시,비전동,신세계타운,10,2581330,219000000,84.8,2001,2026
경기,평택시,비전동,엘지덕동,20,2356264,213000000,84.9,1994,2026
경기,평택시,비전동,와이엠프라젠,2,2550059,216500000,84.9,2008,2025
경기,평택시,비전동,외기노조,9,1733333,97000000,52.7,1985,2026
경기,평택시,비전동,우림필유,7,2824031,240000000,85.0,2006,2026
경기,평택시,비전동,우미린센트럴파크,71,4648169,395000000,85.0,2016,2026
경기,평택시,비전동,윤중수신제가,5,3006012,203000000,74.3,2004,2026
경기,평택시,비전동,은행,9,2356506,130000000,59.4,1991,2026
경기,평택시,비전동,이곡마을6단지,6,3521235,294500000,84.8,2016,2026
경기,평택시,비전동,진성,1,1164338,70000000,60.1,1984,2025
경기,평택시,비전동,태산,34,2837590,170000000,59.9,1994,2026
경기,평택시,비전동,태산신그린,22,2704056,162000000,59.9,1995,2026
경기,평택시,비전동,평택,2,1616778,87500000,54.1,1979,2026
경기,평택시,비전동,평택센트럴해링턴플레이스,81,4118456,350000000,85.0,2012,2026
경기,평택시,비전동,평택소사벌푸르지오,76,4525426,380000000,84.0,2019,2026
경기,평택시,비전동,평택진우,8,2418279,145000000,60.0,1998,2026
경기,평택시,비전동,한강,2,1591512,108000000,67.9,1987,2026
경기,평택시,비전동,한미,3,2005013,160000000,79.8,1993,2025
경기,평택시,비전동,한빛,22,3034133,302500000,90.8,1997,2026
경기,평택시,비전동,한성,23,2972344,225000000,77.4,1997,2026
경기,평택시,비전동,현대,2,1501018,88500000,59.0,1985,2026
경기,평택시,비전동,현대이화,54,2800920,205000000,62.4,1993,2026
경기,평택시,서정동,SkyView,1,2782931,135000000,48.5,2017,2025
경기,평택시,서정동,금호타운,48,2963475,211000000,84.3,1996,2026
경기,평택시,서정동,대양아리스타,14,3675105,60000000,16.5,2018,2026
경기,평택시,서정동,대옥3,1,1952901,102000000,52.2,1990,2025
경기,평택시,서정동,대옥7,6,1785530,168500000,84.7,1992,2026
경기,평택시,서정동,더프라임,1,2540835,210000000,82.6,2016,2024
경기,평택시,서정동,동산1,12,3024301,172500000,59.4,1998,2026
경기,평택시,서정동,동산2,9,3120783,185000000,59.3,1989,2026
경기,평택시,서정동,서정메트로하임,22,2726862,75000000,26.4,2016,2026
경기,평택시,서정동,서정벨루스하임,20,2650739,80000000,26.4,2016,2026
경기,평택시,서정동,서정스마트빌듀오3차,28,2673493,71500000,26.4,2016,2026
경기,평택시,서정동,서정역꿈의도시두드림주상복합,22,2893214,55000000,19.0,2018,2026
경기,평택시,서정동,서정트인자리애1차,15,2958580,80000000,27.0,2017,2026
경기,평택시,서정동,서정트인자리애2차,15,3145161,80000000,24.8,2017,2026
경기,평택시,서정동,세경1,15,2507780,137000000,54.6,1987,2026
경기,평택시,서정동,세경2,10,2407102,131500000,54.6,1988,2026
경기,평택시,서정동,신한헤센스마트서정아트타워,24,3972808,90000000,22.7,2018,2026
경기,평택시,서정동,영광,6,2266811,128500000,59.9,1997,2026
경기,평택시,서정동,주공3,20,3535354,135000000,39.6,1988,2026
경기,평택시,서정동,청천,10,2301202,93000000,39.1,1997,2026
경기,평택시,서정동,평택the#,41,4008187,355000000,85.0,2009,2026
경기,평택시,서정동,평택서정동롯데캐슬,57,3836197,358000000,85.0,2010,2026
경기,평택시,서정동,휴먼파크리움,9,3411131,76000000,22.3,2018,2026
경기,평택시,서정동,힐스테이트평택더퍼스트,64,5881825,384000000,74.9,2024,2026
경기,평택시,세교동,개나리,43,3002502,180000000,60.0,1995,2026
경기,평택시,세교동,매봉,2,1770956,105000000,59.3,1986,2026
경기,평택시,세교동,범양,4,2753623,95000000,34.5,1987,2026
경기,평택시,세교동,부영1,109,2752753,160000000,59.9,1996,2026
경기,평택시,세교동,부영2,49,3047625,259000000,85.0,2000,2026
경기,평택시,세교동,세용,1,2412900,205000000,85.0,2003,2025
경기,평택시,세교동,우성꿈그린,50,2671531,210000000,85.0,1995,2026
경기,평택시,세교동,청실보성,32,2747436,300000000,115.4,2000,2026
경기,평택시,세교동,태영청솔,65,3054327,183000000,59.9,1996,2026
경기,평택시,세교동,현대향촌,24,2766333,234500000,85.0,1998,2026
경기,평택시,세교동,힐스테이트 평택 1차,83,4704283,375000000,84.9,2018,2026
경기,평택시,세교동,힐스테이트 평택2차,98,4908347,378000000,84.8,2018,2026
경기,평택시,세교동,힐스테이트평택3차(3-1블록),50,4936962,370000000,73.4,2019,2026
경기,평택시,소사동,평택소사에스케이뷰,47,3355246,310000000,85.0,2007,2026
경기,평택시,소사동,평택효성해링턴플레이스1단지,68,4638028,363250000,84.8,2019,2026
경기,평택시,소사동,평택효성해링턴플레이스2단지,294,4505176,331750000,72.8,2019,2026
경기,평택시,신장동,MadisonSquare2,1,1948131,160000000,82.1,2015,2024
경기,평택시,신장동,대양아리스타II,3,3382900,91000000,26.9,2019,2026
경기,평택시,신장동,대준블루온3,3,3198670,125100000,39.1,2017,2026
경기,평택시,신장동,로얄코리아,2,2810575,237000000,84.3,2021,2025
경기,평택시,신장동,메디슨스퀘어3차,6,2456415,188500000,76.1,2018,2026
경기,평택시,신장동,문영프라임,4,2364087,133000000,56.3,2015,2025
경기,평택시,신장동,미도,15,1547389,72000000,46.5,1986,2026
경기,평택시,신장동,미래타운,2,1767692,132500000,75.4,2015,2026
경기,평택시,신장동,송탄역서희스타힐스,52,3698815,305000000,84.6,2019,2026
경기,평택시,신장동,신미,2,845666,40000000,47.3,1988,2025
경기,평택시,신장동,일신가든,2,963524,56000000,58.1,1985,2026
경기,평택시,신장동,청솔아다모,2,2680067,128000000,47.8,2015,2026
경기,평택시,신장동,평택송탄역클래시아,4,3515821,70000000,19.9,2017,2026
경기,평택시,신장동,한도,7,1211650,70000000,68.8,1979,2026
경기,평택시,신장동,화신노블레스2,1,1852710,120000000,64.8,2015,2025
경기,평택시,신장동,힐탑포레스트,4,2192817,67500000,31.8,2015,2026
경기,평택시,안중읍 금곡리,우림,87,1981070,90000000,50.0,1999,2026
경기,평택시,안중읍 송담리,송담지엔하임1차,63,4007561,295000000,74.9,2018,2026
경기,평택시,안중읍 송담리,송담지엔하임2차,39,3852396,240000000,59.7,2018,2026
경기,평택시,안중읍 송담리,"신창(1동,2동,3동)",15,1585315,95000000,59.9,1999,2026
경기,평택시,안중읍 송담리,힐스테이트송담,77,3943496,255000000,59.9,2016,2026
경기,평택시,안중읍 안중리,명원,1,807855,65000000,80.5,1996,2026
경기,평택시,안중읍 안중리,신세계고대광실,1,1152605,100000000,86.8,1994,2025
경기,평택시,안중읍 학현리,광성,2,1003412,50000000,49.8,1989,2026
경기,평택시,안중읍 학현리,다인,6,959797,79500000,82.8,1994,2026
경기,평택시,안중읍 현화리,건영캐스빌,64,2295468,189000000,85.0,2005,2026
경기,평택시,안중읍 현화리,늘푸른사랑마을,139,2238183,134000000,59.9,1999,2026
경기,평택시,안중읍 현화리,동신사랑마을,36,2312771,180440000,85.0,2003,2026
경기,평택시,안중읍 현화리,동신아름마을,43,2540353,215000000,84.6,2005,2026
경기,평택시,안중읍 현화리,동신행복마을,23,2118569,180000000,85.0,2003,2026
경기,평택시,안중읍 현화리,동환,13,1470048,120000000,81.6,1992,2026
경기,평택시,안중읍 현화리,서광프리메라,56,2472625,210000000,84.9,2005,2026
경기,평택시,안중읍 현화리,성원,65,2436324,145000000,59.5,2002,2026
경기,평택시,안중읍 현화리,안중우림필유골드154,11,2728883,350000000,128.3,2010,2026
경기,평택시,안중읍 현화리,한양빌리지,5,833938,69000000,84.9,1991,2026
경기,평택시,안중읍 현화리,해동마을삼익참드림,9,2125148,180000000,84.7,2004,2026
경기,평택시,안중읍 현화리,현대(3차),47,2153042,183000000,85.0,2004,2026
경기,평택시,안중읍 현화리,현대(824-5),21,2360550,200000000,84.7,2002,2026
경기,평택시,안중읍 현화리,현대아파트(현대(824-5)),32,2460838,170500000,84.7,2002,2026
경기,평택시,안중읍 현화리,화현마을우림필유,62,2484048,218500000,84.9,2005,2026
경기,평택시,오성면 숙성리,그린빌,7,1976190,165000000,83.5,2003,2026
경기,평택시,용이동,e편한세상비전센터포레,78,5513991,411500000,74.4,2022,2026
경기,평택시,용이동,e편한세상평택,68,4125140,318500000,84.6,2015,2026
경기,평택시,용이동,e편한세상평택용이1단지,67,3851136,325000000,84.9,2017,2026
경기,평택시,용이동,e편한세상평택용이2단지,29,3888758,330000000,84.9,2017,2026
경기,평택시,용이동,비전아이파크평택,37,5177080,425000000,84.9,2018,2026
경기,평택시,용이동,신영평택비전지웰푸르지오,67,6544773,560000000,84.8,2019,2026
경기,평택시,용이동,용이반도유보라,45,3419162,325000000,101.8,2010,2026
경기,평택시,용이동,평택비전레이크푸르지오,66,6082317,502500000,84.2,2019,2026
경기,평택시,용이동,평택비전센트럴푸르지오,47,5323176,441000000,84.7,2018,2026
경기,평택시,용이동,평택비전에듀포레푸르지오,112,5767759,485000000,84.9,2018,2026
경기,평택시,용이동,평택비전푸르지오,64,5046128,417500000,85.0,2016,2026
경기,평택시,용이동,평택용이2차푸르지오,59,3593632,373000000,100.1,2010,2026
경기,평택시,용이동,평택용이금호어울림1단지,165,3764910,307000000,85.0,2015,2026
경기,평택시,용이동,평택용이금호어울림2단지,44,3882417,330000000,85.0,2015,2026
경기,평택시,용이동,푸르지오1차,32,3377015,354000000,108.8,2009,2026
경기,평택시,이충동,LIG아파트,34,2719603,262500000,92.4,1997,2026
경기,평택시,이충동,고덕시티,25,3665414,78000000,21.3,2020,2026
경기,평택시,이충동,고덕코아루더블루시티,212,3053191,63610000,21.0,2021,2026
경기,평택시,이충동,대진,8,2208589,132500000,60.0,1997,2026
경기,평택시,이충동,더퍼스트서정,4,3345173,166500000,49.9,2016,2026
경기,평택시,이충동,미주3(이충),55,2471461,189000000,71.5,1996,2026
경기,평택시,이충동,서정라페온빌3차,27,3410265,67000000,20.6,2018,2026
경기,평택시,이충동,서정스마트빌듀오1차,22,2603399,65000000,24.3,2016,2026
경기,평택시,이충동,서정스마트빌듀오2차,31,3012941,66500000,20.2,2016,2026
경기,평택시,이충동,서정아트타워2차트인,7,3620073,80000000,22.1,2018,2026
경기,평택시,이충동,스카이빌,3,3452381,85000000,24.4,2013,2025
경기,평택시,이충동,우미이노스빌5차,21,2845511,373000000,136.4,2006,2026
경기,평택시,이충동,이충동부영1단지,44,2360944,120000000,50.0,1996,2026
경기,평택시,이충동,이충동부영2단지,49,2340936,135000000,59.9,1996,2026
경기,평택시,이충동,이충동부영3단지,48,2380952,140000000,59.9,1996,2026
경기,평택시,이충동,이충이-편한세상,8,3680223,375000000,101.9,2007,2026
경기,평택시,이충동,정암마을뜨란채,68,3144980,259000000,84.9,2006,2026
경기,평택시,이충동,주공4,29,3682418,160000000,39.7,1990,2026
경기,평택시,이충동,현대(이충),61,3133128,260000000,84.6,1992,2026
경기,평택시,이충동,휴먼시아추담마을,39,3120952,256500000,84.9,2007,2026
경기,평택시,장당동,우미이노스빌1차,40,3008623,250000000,84.9,2005,2026
경기,평택시,장당동,우미이노스빌2차,31,3061954,260000000,84.9,2005,2026
경기,평택시,장당동,우미이노스빌3차,20,3264016,266000000,81.5,2006,2026
경기,평택시,장당동,제일풍경채장당센트럴,39,4339369,299000000,66.9,2018,2026
경기,평택시,장당동,제일하이빌1차,70,3838217,230000000,59.9,2005,2026
경기,평택시,장당동,제일하이빌2차,35,3874752,232000000,59.9,2005,2026
경기,평택시,장당동,평택석정공원화성파크드림,11,5294442,440000000,85.0,2025,2026
경기,평택시,장당동,한국아델리움,34,3149304,267500000,84.9,2005,2026
경기,평택시,장당동,한양,9,2212806,179000000,85.0,1994,2026
경기,평택시,장당동,효명,14,1851195,156500000,84.5,1991,2026
경기,평택시,장안동,평택장안마을코오롱하늘채,151,3546095,295000000,84.9,2013,2026
경기,평택시,죽백동,소사벌더샵마스터뷰,58,5120630,472000000,89.8,2018,2026
경기,평택시,죽백동,우미린레이크파크,56,4118296,350000000,85.0,2017,2026
경기,평택시,죽백동,평택소사벌반도유보라아이비파크,64,3969488,330500000,84.9,2016,2026
경기,평택시,죽백동,평택소사벌반도유보라아이비파크1단지,36,4222734,349000000,84.9,2016,2026
경기,평택시,죽백동,평택소사벌중흥에스-클래스에코시티,114,4473272,375000000,85.0,2017,2026
경기,평택시,죽백동,평택소사벌호반베르디움,75,4988047,420000000,84.2,2018,2026
경기,평택시,지산동,THECLASS1,1,2621483,123000000,46.9,2016,2026
경기,평택시,지산동,THECLASS2,1,3382706,169000000,50.0,2016,2025
경기,평택시,지산동,THEH,1,3212206,160000000,49.8,2017,2024
경기,평택시,지산동,건영(지산),32,2332960,132000000,53.6,1993,2026
경기,평택시,지산동,대준블루온,1,3210917,160000000,49.8,2016,2025
경기,평택시,지산동,대준블루인102동,17,2909766,188000000,66.1,2019,2026
경기,평택시,지산동,미주(지산1091),7,2589759,220000000,85.0,1992,2026
경기,평택시,지산동,미주2(지산1134),43,2410979,140000000,59.8,1994,2026
경기,평택시,지산동,미켈란빌,1,3639304,180000000,49.5,2016,2025
경기,평택시,지산동,삼익,18,2418507,152500000,66.6,1992,2026
경기,평택시,지산동,아이웰,16,4475986,380000000,84.9,2019,2026
경기,평택시,지산동,아주,52,2552127,153000000,60.0,1994,2026
경기,평택시,지산동,어반스페이스,1,4940711,100000000,20.2,2017,2025
경기,평택시,지산동,에코빌,1,2630907,206000000,78.3,2014,2025
경기,평택시,지산동,엘리시아,3,4799122,340000000,72.9,2021,2025
경기,평택시,지산동,우성,11,3007519,250000000,84.8,1992,2026
경기,평택시,지산동,이안힐시티타워2차아파트,3,3364023,190000000,56.5,2017,2025
경기,평택시,지산동,이한렉스빌플러스,19,2936803,79000000,27.0,2017,2026
경기,평택시,지산동,장미,20,2377377,115000000,50.0,1994,2026
경기,평택시,지산동,제일,15,2603124,151000000,59.4,1991,2026
경기,평택시,지산동,지산코아루,18,2843250,420000000,160.9,2011,2026
경기,평택시,지산동,진성포레스트힐,2,2269718,166500000,73.5,2015,2026
경기,평택시,지산동,케이씨씨스위첸,38,3319124,302500000,84.4,2006,2026
경기,평택시,지산동,한양청솔,23,2380553,142000000,59.6,1996,2026
경기,평택시,지산동,현대(지산),17,2259215,120000000,50.5,1992,2026
경기,평택시,지제동,지제역더샵센트럴시티,303,9437189,765000000,84.9,2022,2026
경기,평택시,진위면 가곡리,서원양지마을,12,1446413,70000000,49.7,1993,2026
경기,평택시,진위면 가곡리,화영그린,9,1486306,85000000,54.3,1995,2026
경기,평택시,진위면 갈곶리,한일,36,2335669,141500000,59.9,1996,2026
경기,평택시,진위면 견산리,경원,10,1546265,72750000,44.1,1987,2026
경기,평택시,진위면 견산리,서원,6,1275489,58000000,51.6,1991,2026
경기,평택시,진위면 견산리,청도,13,1347897,70000000,56.0,1992,2026
경기,평택시,진위면 견산리,한승아파트,75,2392975,89000000,34.4,2000,2026
경기,평택시,진위면 봉남리,성우,2,1845145,127000000,69.0,2000,2026
경기,평택시,진위면 봉남리,유명,1,1225190,100000000,81.6,2002,2025
경기,평택시,청북읍 옥길리,부영사랑으로(3차),11,2379073,185000000,74.0,2012,2026
경기,평택시,청북읍 옥길리,부영사랑으로1단지,141,2284838,137000000,60.0,2011,2026
경기,평택시,청북읍 옥길리,부영사랑으로2단지,152,2326532,139500000,60.0,2011,2026
경기,평택시,청북읍 옥길리,브라운스톤청북,61,3020973,240000000,77.8,2017,2026
경기,평택시,청북읍 옥길리,사랑으로부영5차,10,2441869,206000000,84.4,2012,2026
경기,평택시,청북읍 옥길리,유승한내들,47,2464876,286000000,116.2,2010,2026
경기,평택시,청북읍 옥길리,유승한내들퍼스트뷰,39,2888528,245000000,84.8,2015,2026
경기,평택시,청북읍 옥길리,청북풍림아이원,25,2593859,220000000,84.8,2013,2026
경기,평택시,청북읍 옥길리,평택청북세종헤르메스,2,4378838,369760000,84.4,2025,2025
경기,평택시,청북읍 옥길리,평택청북이안,62,2412497,205000000,85.0,2011,2026
경기,평택시,청북읍 옥길리,평택청북이지더원,57,3345196,256000000,76.8,2016,2026
경기,평택시,청북읍 옥길리,평택청북한양수자인,66,3018442,256500000,85.0,2016,2026
경기,평택시,칠괴동,우림필유,15,2941869,250000000,85.0,2006,2026
경기,평택시,칠원동,동광,50,2756708,169000000,59.9,2003,2026
경기,평택시,칠원동,평택지제역동문굿모닝힐맘시티1단지,102,4170093,295000000,74.8,2019,2026
경기,평택시,칠원동,평택지제역동문굿모닝힐맘시티2단지,157,4153346,286000000,73.4,2019,2026
경기,평택시,칠원동,평택지제역동문굿모닝힐맘시티3단지,178,4595473,285000000,60.0,2021,2026
경기,평택시,칠원동,평택지제역동문굿모닝힐맘시티4단지,141,4186840,290000000,73.4,2019,2026
경기,평택시,칠원동,평택지제역동문디이스트5단지,15,4709395,400000000,85.0,2024,2026
경기,평택시,통복동,기흥,2,1701183,103500000,60.8,1990,2026
경기,평택시,통복동,꿈의도시두드림,14,3219704,61000000,19.0,2017,2026
경기,평택시,통복동,동아,1,2185241,130000000,59.5,1985,2024
경기,평택시,통복동,동아2,13,2414378,190000000,84.9,1994,2026
경기,평택시,통복동,부원편한세상,1,2511721,150000000,59.7,2013,2026
경기,평택시,통복동,삼성,37,2592200,220000000,84.9,1993,2026
경기,평택시,통복동,신명보람,4,2709688,162500000,60.0,1995,2026
경기,평택시,통복동,평택역경남아너스빌디아트,8,5541845,470305000,84.9,2025,2026
경기,평택시,팽성읍 객사리,수청,1,907087,53500000,59.0,1993,2026
경기,평택시,팽성읍 객사리,향교,8,1365015,81000000,59.3,1986,2026
경기,평택시,팽성읍 송화리,늘푸른오스카빌,19,2499397,470000000,188.6,2010,2026
경기,평택시,팽성읍 송화리,대원,44,2759713,165500000,60.0,2002,2026
경기,평택시,팽성읍 송화리,서경,8,1129518,68500000,59.8,1988,2026
경기,평택시,팽성읍 송화리,송화지구우미이노스빌,85,2592980,215000000,84.5,2005,2026
경기,평택시,팽성읍 송화리,영동,13,1569752,80000000,55.1,1991,2026
경기,평택시,팽성읍 송화리,현대홈타운,22,2364817,201000000,85.0,2005,2026
경기,평택시,팽성읍 안정리,대옥,4,1094081,75000000,77.2,1989,2025
경기,평택시,팽성읍 안정리,맥심험프리스,8,2438748,198000000,82.8,2020,2026
경기,평택시,팽성읍 안정리,주공,25,1578813,68000000,39.7,1990,2026
경기,평택시,팽성읍 안정리,진광무지개,14,1444956,81500000,59.9,1997,2026
경기,평택시,팽성읍 안정리,평택브라운스톤험프리스,103,3378021,308000000,85.0,2016,2026
경기,평택시,팽성읍 평궁리,성두,11,1152305,69000000,59.8,1995,2026
경기,평택시,평택동,동우자인채센트럴,6,4249127,73000000,17.2,2018,2026
경기,평택시,평택동,라페온빌1차,6,3185294,70000000,19.7,2016,2026
경기,평택시,평택동,라페온빌II,19,3831418,70000000,18.3,2017,2026
경기,평택시,평택동,롯데인벤스스카이,23,4002789,430000000,121.9,2008,2026
경기,평택시,평택동,베스트빌,1,2844037,93000000,32.7,2015,2026
경기,평택시,평택동,성신,3,1511226,67000000,42.6,1988,2026
경기,평택시,평택동,성환,5,2177177,87000000,40.0,1986,2026
경기,평택시,평택동,세문,6,2084410,121000000,58.0,1994,2026
경기,평택시,평택동,어반스페이스(UrbanSpace),1,3970505,70000000,17.6,2018,2025
경기,평택시,평택동,퍼스트시티,5,3216499,65000000,18.5,2018,2026
경기,평택시,평택동,평택역코아루두드림,13,4016064,80000000,19.9,2019,2026
경기,평택시,포승읍 내기리,명지미래힐1단지,18,1737442,145000000,83.5,2004,2026
경기,평택시,포승읍 내기리,명지미래힐2단지,20,1803585,149000000,84.6,2004,2026
경기,평택시,포승읍 도곡리,모아미래도1차,54,2659588,167250000,60.0,2006,2026
경기,평택시,포승읍 도곡리,모아미래도2차,29,2701274,177000000,60.0,2005,2026
경기,평택시,포승읍 도곡리,서평택삼익마에스트로,23,2059202,47500000,22.6,2015,2026
경기,평택시,포승읍 도곡리,스마트빌듀오2차,34,2115954,50000000,23.6,2014,2026
경기,평택시,포승읍 도곡리,지예타워Ⅲ,11,1885945,42000000,22.3,2013,2026
경기,평택시,포승읍 도곡리,카임하우스,8,2459956,38250000,14.1,2013,2026
경기,평택시,포승읍 도곡리,평택스마트빌포레,50,2729365,68000000,24.1,2017,2026
경기,평택시,포승읍 도곡리,평택포승골든포트,30,2401747,44000000,18.3,2018,2026
경기,평택시,포승읍 도곡리,포승삼부르네상스1단지,34,2668259,153250000,60.0,2005,2026
경기,평택시,포승읍 도곡리,포승삼부르네상스2단지,40,2358885,191500000,85.0,2005,2026
경기,평택시,포승읍 만호리,SR친오애,42,2118007,129000000,55.2,2004,2026
경기,평택시,포승읍 만호리,더스위트하버,16,1765398,45000000,25.5,2017,2026
경기,평택시,포승읍 만호리,비에니스타,4,3703141,94000000,25.8,2022,2025
경기,평택시,포승읍 만호리,스마트빌듀오1차,42,1959930,45000000,23.3,2014,2026
경기,평택시,포승읍 만호리,스마트빌듀오3차,35,1851090,45000000,24.3,2014,2026
경기,평택시,포승읍 만호리,평택메트로하임,33,1851090,45000000,24.3,2015,2026
경기,평택시,포승읍 방림리,반도보라빌,15,1765537,150000000,85.0,2005,2026
경기,평택시,포승읍 석정리,한라파인빌(구한라공조사원아파트),34,1151382,57500000,49.9,1993,2026
경기,평택시,합정동,SKVIEW1단지,6,2518838,297500000,111.5,2007,2026
경기,평택시,합정동,SKVIEW2단지,2,3094796,282500000,91.6,2007,2025
경기,평택시,합정동,SK합정,13,3502043,210000000,60.0,2003,2026
경기,평택시,합정동,대옥한미8,1,2032086,171000000,84.2,1992,2024
경기,평택시,합정동,대옥한미9,1,1766784,105000000,59.4,1993,2025
경기,평택시,합정동,로얄시티아파트,1,2290076,135000000,59.0,2012,2025
경기,평택시,합정동,바우,3,2002584,155000000,77.4,1991,2025
경기,평택시,합정동,수아비스(965-8),1,2233120,255000000,114.2,2016,2026
경기,평택시,합정동,주공4,33,3825000,153000000,39.6,1992,2026
경기,평택시,합정동,참이슬,69,2826026,220000000,84.9,1999,2026
경기,평택시,합정동,평일,3,1600698,82500000,51.5,1983,2025
경기,평택시,합정동,평택뉴비전엘크루,206,4209317,317500000,74.8,2021,2026
경기,평택시,합정동,평택비티온유안앨리츠,5,3782653,90000000,22.7,2019,2026
경기,평택시,합정동,프레이즈주상복합,2,2827331,50000000,17.7,2011,2026
경기,평택시,현덕면 권관리,우경,9,1501359,100000000,78.0,1996,2026
경기,평택시,현덕면 권관리,화성,1,897989,50000000,55.7,1996,2024
경기,평택시,현덕면 인광리,"영흥(가,나,다)",4,1271941,77500000,59.8,1990,2026
경기,평택시,현덕면 인광리,영흥(라),1,1303957,87000000,66.7,1990,2025
경기,평택시,현덕면 인광리,이안평택안중역,25,3734309,250000000,59.9,2024,2026
경기,평택시,현덕면 인광리,"한일(A,B)",4,1113942,66500000,59.6,1992,2026
경기,평택시,현덕면 화양리,e편한세상평택라씨엘로,6,4536034,365000000,84.8,2025,2026
경기,평택시,현덕면 화양리,e편한세상평택하이센트,8,4718227,375810000,79.6,2025,2026
경기,평택시,현덕면 화양리,평택화양서희스타힐스센트럴파크아파트,2,4721362,335770000,72.2,2026,2026
경기,평택시,현덕면 화양리,평택화양휴먼빌퍼스트시티아파트,32,5046626,320550000,60.0,2025,2026
경기,평택시,현덕면 화양리,한화포레나평택화양,3,4970239,497000000,100.0,2025,2026
경기,평택시,현덕면 화양리,힐스테이트평택화양,4,4754105,402155000,84.6,2026,2026
경기,포천시,군내면 구읍리,포천2차아이파크,52,3939413,250000000,60.0,2017,2026
경기,포천시,군내면 구읍리,포천금호어울림센트럴,52,4581926,389000000,84.9,2023,2026
경기,포천시,군내면 구읍리,포천아이파크,58,3914353,245000000,60.0,2017,2026
경기,포천시,군내면 용정리,포천용정대광로제비앙,3,3607552,227000000,59.6,2023,2026
경기,포천시,선단동,세창선단마을,29,2308731,188000000,81.4,2001,2026
경기,포천시,소흘읍 송우리,금용로얄,3,1374004,50000000,36.4,1988,2026
경기,포천시,소흘읍 송우리,"금용로얄(203,204동)",5,2067465,89000000,42.4,1989,2025
경기,포천시,소흘읍 송우리,"금용로얄(305,306동)",3,1904297,117000000,61.4,1989,2026
경기,포천시,소흘읍 송우리,석향마을대방노블랜드,42,3160311,300000000,85.0,2005,2026
경기,포천시,소흘읍 송우리,송천마을,100,2735558,226000000,84.9,2005,2026
경기,포천시,소흘읍 송우리,영화,17,2701375,330000000,122.2,2005,2026
경기,포천시,소흘읍 송우리,원일5차,4,2441756,109000000,44.6,1996,2026
경기,포천시,소흘읍 송우리,원일산호,36,2154882,151500000,82.0,1993,2026
경기,포천시,소흘읍 송우리,원일산호2,16,2226856,138000000,60.0,1995,2026
경기,포천시,소흘읍 송우리,원일산호3,10,2143453,154000000,64.8,1997,2026
경기,포천시,소흘읍 송우리,일신,7,1921149,130000000,59.9,1993,2026
경기,포천시,소흘읍 송우리,전원우정아파트,64,2038609,140000000,59.9,1997,2026
경기,포천시,소흘읍 송우리,태봉공원푸르지오파크몬트,8,5478451,465000000,85.0,2024,2026
경기,포천시,소흘읍 송우리,태봉마을,192,3004418,188250000,59.4,2005,2026
경기,포천시,소흘읍 송우리,포천송우서희스타힐스,117,3917642,260000000,68.7,2021,2026
경기,포천시,소흘읍 송우리,한국개나리,28,2343618,140000000,59.3,1994,2026
경기,포천시,소흘읍 이동교리,대방노블랜드1차,59,2538494,150000000,55.2,2002,2026
경기,포천시,소흘읍 초가팔리,상운,80,1844366,102250000,59.4,1997,2026
경기,포천시,신북면 가채리,거산,18,830296,41500000,49.4,2003,2026
경기,포천시,신북면 가채리,골든주택,4,937088,79645000,85.0,1990,2025
경기,포천시,신북면 가채리,포미재,10,1440116,95500000,66.3,2005,2026
경기,포천시,신북면 계류리,우신,9,870147,52000000,59.8,1997,2026
경기,포천시,신북면 기지리,산호,35,1405068,60000000,59.6,2002,2026
경기,포천시,신북면 기지리,신포천,35,1065719,53000000,50.7,1995,2026
경기,포천시,신북면 기지리,후레쉬빌,64,1414881,74000000,50.0,2003,2026
경기,포천시,신읍동,골든,5,1263903,93000000,59.3,1993,2026
경기,포천시,신읍동,극동1차스타클래스아파트1단지,6,2472296,210000000,84.9,2005,2026
경기,포천시,신읍동,극동1차스타클래스아파트2단지,14,2225065,202500000,84.9,2005,2026
경기,포천시,신읍동,백자타운빌,20,2170122,162000000,84.8,2004,2026
경기,포천시,신읍동,예준아트빌,1,1058824,90000000,85.0,2000,2026
경기,포천시,신읍동,유한,32,1974459,150000000,85.0,1999,2026
경기,포천시,신읍동,은하,12,1295124,69000000,50.9,1985,2026
경기,포천시,신읍동,일신,64,1752497,80500000,49.9,1999,2026
경기,포천시,신읍동,포천극동2차스타클래스,23,2477032,215000000,85.0,2008,2026
경기,포천시,신읍동,포천신읍코아루더스카이1단지(101동102동),18,3311630,249000000,73.8,2020,2026
경기,포천시,신읍동,포천신읍코아루더스카이2단지(201동),6,3372974,250000000,73.1,2020,2026
경기,포천시,신읍동,포천예원프라자,2,997073,81750000,82.0,1997,2025
경기,포천시,신읍동,포천헤리센트,79,5149013,224220000,44.1,2024,2025
경기,포천시,신읍동,한국,25,1349528,85000000,59.3,1993,2026
경기,포천시,신읍동,한신,31,1917945,118000000,60.0,1997,2026
경기,포천시,신읍동,현대,15,1741791,118000000,85.0,1996,2026
경기,포천시,어룡동,모아엘가리더스파크,59,3952229,240000000,59.2,2023,2026
경기,포천시,어룡동,포천리버포레세영리첼,18,3988660,249500000,61.0,2024,2026
경기,포천시,영북면 운천리,동영,10,659289,50750000,60.0,1991,2026
경기,포천시,영북면 운천리,천보,6,749975,56000000,72.5,1992,2026
경기,포천시,영중면 양문리,세양페스트빌,1,1303009,110000000,84.4,2007,2025
경기,포천시,일동면 기산리,리버,2,1232808,73500000,59.6,1994,2026
경기,포천시,일동면 기산리,원풍,1,1264790,93000000,73.5,1990,2024
경기,포천시,일동면 기산리,원풍2,2,938697,73500000,78.3,1992,2026
경기,포천시,일동면 기산리,일동기산베스트빌,26,2590308,207500000,84.9,2006,2026
경기,하남시,감이동,e편한세상감일,90,14460351,1187500000,85.0,2021,2026
경기,하남시,감이동,감일센트레빌,113,14853138,990000000,59.9,2020,2026
경기,하남시,감이동,감일수자인,42,14944222,1265000000,84.6,2022,2026
경기,하남시,감이동,감일스윗시티10단지,10,15261707,1200000000,84.8,2020,2026
경기,하남시,감이동,감일스타힐스,51,14019793,1155000000,84.9,2021,2026
경기,하남시,감이동,감일역트루엘,13,13166667,395000000,30.0,2022,2026
경기,하남시,감이동,감일파크센트레빌,61,14726673,1225000000,84.9,2021,2026
경기,하남시,감이동,감일푸르지오마크베르,51,13748611,1190000000,84.9,2023,2026
경기,하남시,감이동,감일한라비발디,129,13616340,1130000000,84.9,2019,2026
경기,하남시,감이동,더샵포웰시티,90,13899636,1355000000,99.4,2021,2026
경기,하남시,감이동,포웰시티푸르지오라포레,83,12845873,1245000000,99.4,2021,2026
경기,하남시,감이동,힐스테이트포웰시티,69,16108801,1330000000,84.4,2020,2026
경기,하남시,감일동,감일금강펜테리움센트럴파크,24,13160177,1040000000,84.9,2021,2026
경기,하남시,덕풍동,가화만사성,8,6380041,443500000,70.7,2004,2026
경기,하남시,덕풍동,그린나래,2,6519481,376500000,57.8,2017,2026
경기,하남시,덕풍동,금강KCC,14,7442052,632500000,85.0,2006,2026
경기,하남시,덕풍동,대동피렌체,35,5061867,158000000,32.0,2005,2026
경기,하남시,덕풍동,더샵하남에디피스,43,17672558,1152000000,60.0,2024,2026
경기,하남시,덕풍동,덕풍쌍용,49,7061316,565000000,85.0,1998,2026
경기,하남시,덕풍동,덕풍현대,58,7369414,518500000,84.8,1995,2026
경기,하남시,덕풍동,동원베네스트,30,9386770,797500000,85.0,2008,2026
경기,하남시,덕풍동,라인,32,7811448,557500000,72.0,1997,2026
경기,하남시,덕풍동,벽산블루밍,88,9475047,719000000,85.0,2007,2026
경기,하남시,덕풍동,서해,52,6811091,428000000,59.0,1996,2026
경기,하남시,덕풍동,이룸스위트,2,5506478,467500000,84.9,2007,2026
경기,하남시,덕풍동,정목e-미지,5,5831945,490000000,84.8,2005,2026
경기,하남시,덕풍동,진모루마을현대,37,8823664,745000000,85.0,2000,2026
경기,하남시,덕풍동,풍산삼부르네상스,43,10148054,1035000000,102.0,2008,2026
경기,하남시,덕풍동,하남더샵센트럴뷰,60,11669389,987000000,84.9,2016,2026
경기,하남시,덕풍동,하남덕풍역파크어울림,64,10481394,628500000,60.0,2019,2026
경기,하남시,덕풍동,하남자이,104,8183316,667000000,85.0,2006,2026
경기,하남시,덕풍동,하남풍산센트레빌,26,9656033,820000000,84.9,2008,2026
경기,하남시,덕풍동,하남풍산아이파크(1단지),81,10687885,940000000,85.0,2008,2026
경기,하남시,덕풍동,하남풍산아이파크(5단지),52,11094039,942500000,85.0,2008,2026
경기,하남시,덕풍동,하남한솔솔파크,57,8648076,739000000,85.0,2006,2026
경기,하남시,덕풍동,하우스원,1,9283727,534000000,57.5,2024,2025
경기,하남시,덕풍동,한솔리치빌(1단지),58,7369857,625000000,84.8,2002,2026
경기,하남시,덕풍동,한솔리치빌(2단지),25,7283951,597000000,84.4,2002,2026
경기,하남시,덕풍동,한솔리치빌(3단지),23,7353806,580000000,85.0,2006,2026
경기,하남시,덕풍동,한솔리치빌(5단지),17,7647959,645000000,85.0,2006,2026
경기,하남시,덕풍동,한솔파로스(101동),4,5891165,400000000,67.1,2010,2026
경기,하남시,덕풍동,한승미메이드,17,6419317,540000000,84.9,2005,2026
경기,하남시,덕풍동,효천수리골마을,6,7100215,443500000,59.7,2008,2026
경기,하남시,망월동,미사강변 골든 센트로,232,14594492,1030000000,75.0,2014,2026
경기,하남시,망월동,미사강변 센텀팰리스,164,12357303,996000000,84.7,2016,2026
경기,하남시,망월동,미사강변 파크뷰,86,12335139,970000000,75.0,2015,2026
경기,하남시,망월동,미사강변 하우스디 더 레이크,103,12383115,1030000000,84.9,2016,2026
경기,하남시,망월동,미사강변루나리움,136,13648504,992500000,85.0,2015,2026
경기,하남시,망월동,미사강변스타힐스아파트,177,14846317,980000000,59.8,2016,2026
경기,하남시,망월동,미사강변트래지안,128,13547513,760000000,51.7,2015,2026
경기,하남시,망월동,미사강변파밀리에,105,13603739,975000000,74.8,2014,2026
경기,하남시,망월동,미사강변푸르지오,121,14555476,1215000000,85.0,2016,2026
경기,하남시,망월동,미사강변한신휴플러스,82,10950275,877500000,84.9,2015,2026
경기,하남시,망월동,미사강변효성해링턴플레이스엔에이치에프,200,13115063,850000000,59.8,2017,2026
경기,하남시,망월동,미사레스티아,185,11885345,953000000,85.0,2017,2026
경기,하남시,망월동,미사역파라곤,115,13804971,1495000000,107.7,2021,2026
경기,하남시,망월동,미사역호반써밋,111,13114688,1310000000,99.9,2019,2026
경기,하남시,선동,리버나인RIVERNINE,97,11807872,950000000,84.9,2014,2026
경기,하남시,선동,리버스위트칸타빌,47,13175552,1300000000,97.7,2018,2026
경기,하남시,선동,미사강변 센트리버,109,14018141,1043000000,74.9,2016,2026
경기,하남시,선동,미사강변2차푸르지오,136,13549970,1367500000,101.8,2016,2026
경기,하남시,선동,미사강변더샵리버포레,83,13666734,1350000000,98.7,2016,2026
경기,하남시,선동,미사강변도시 베라체,57,11890448,965000000,84.8,2015,2026
경기,하남시,선동,미사강변리버뷰자이,65,12685088,1200000000,98.6,2017,2026
경기,하남시,선동,미사강변리슈빌엔에이치에프,107,12406617,918000000,75.0,2018,2026
경기,하남시,신장동,그린나래(427-206),16,7986328,469500000,59.6,2022,2026
경기,하남시,신장동,그린나래(430-35),5,7847721,470000000,59.9,2019,2026
경기,하남시,신장동,대명강변타운,136,10020040,830000000,84.8,2007,2026
경기,하남시,신장동,동아,8,6020470,300000000,49.8,1985,2026
경기,하남시,신장동,동일하이빌,50,7658772,702500000,84.9,1999,2026
경기,하남시,신장동,명지캐럿(108동),7,8210669,675000000,84.0,2006,2026
경기,하남시,신장동,백송한신,77,9803922,490000000,50.0,1994,2026
경기,하남시,신장동,백조현대,123,10344138,517000000,50.0,1994,2026
경기,하남시,신장동,성원상떼빌,32,5413105,184000000,35.1,2003,2026
경기,하남시,신장동,에코타운(A블럭),71,11844626,680000000,57.4,2004,2026
경기,하남시,신장동,에코타운(B블럭),35,9919924,830000000,83.7,2004,2026
경기,하남시,신장동,에코타운(C블럭),45,8599534,920000000,98.6,2004,2026
경기,하남시,신장동,진도로르빌,7,7109005,424000000,57.0,2003,2026
경기,하남시,신장동,하남,15,7107843,290000000,40.8,1991,2026
경기,하남시,신장동,하남두산위브파크,9,6832824,1040000000,153.7,2010,2026
경기,하남시,신장동,하남석바대마을동신,12,6602330,561000000,85.0,2001,2026
경기,하남시,신장동,하남유니온시티에일린의뜰,76,12325703,1000000000,85.0,2017,2026
경기,하남시,신장동,하남유시티대명루첸리버파크,98,11831137,880000000,74.3,2018,2026
경기,하남시,신장동,하남호반써밋에듀파크,113,14819493,885000000,59.9,2021,2026
경기,하남시,신장동,해오름한국,93,10515774,600000000,59.9,1996,2026
경기,하남시,신장동,현대홈타운,13,7816261,625000000,80.6,2004,2026
경기,하남시,창우동,꿈동산신안,145,8532925,725000000,85.0,1994,2026
경기,하남시,창우동,부영,218,10838753,620000000,49.6,1994,2026
경기,하남시,창우동,은행한신,110,7681750,860000000,102.0,1994,2026
경기,하남시,창우동,창우마을,18,8582406,542500000,58.9,2004,2026
경기,하남시,풍산동,미사강변더샵센트럴포레,73,12603294,1100000000,84.1,2017,2026
경기,하남시,풍산동,미사강변동원로얄듀크,106,12354062,1020000000,84.4,2016,2026
경기,하남시,풍산동,미사강변동일하이빌,102,13439895,977500000,75.0,2018,2026
경기,하남시,풍산동,미사강변브라운스톤엔에이치에프,131,14921641,965000000,60.0,2018,2026
경기,하남시,풍산동,미사강변센트럴자이,127,14342565,1392000000,96.8,2017,2026
경기,하남시,풍산동,미사강변센트럴풍경채,94,12846162,1182500000,84.9,2019,2026
경기,하남시,풍산동,미사강변아란티움,31,14003734,1138000000,85.0,2018,2026
경기,하남시,풍산동,신안인스빌,73,12807104,1135000000,84.3,2019,2026
경기,하남시,풍산동,이편한세상미사,83,12385213,1050000000,84.9,2018,2026
경기,하남시,풍산동,하남힐즈파크푸르지오1단지,69,12550383,730000000,59.7,2020,2026
경기,하남시,풍산동,하남힐즈파크푸르지오2단지,50,10610030,847500000,84.1,2018,2026
경기,하남시,풍산동,하남힐즈파크푸르지오3단지,40,9195374,908500000,99.0,2018,2026
경기,하남시,학암동,위례 센트로엘,44,17438636,1722500000,98.8,2016,2026
경기,하남시,학암동,위례그린파크푸르지오,72,14342661,1450000000,101.1,2016,2026
경기,하남시,학암동,위례롯데캐슬,186,15944621,1310000000,85.0,2016,2026
경기,하남시,학암동,위례숲우미린,53,13301475,1395000000,102.2,2022,2026
경기,하남시,학암동,위례신도시신안인스빌아스트로,50,16621036,1650000000,97.0,2017,2026
경기,하남시,학암동,위례우미린,19,13272177,1360000000,102.5,2022,2026
경기,하남시,학암동,위례중흥에스-클래스,17,13562494,1380000000,101.9,2022,2026
경기,하남시,학암동,위례포레자이,32,12645919,1282500000,101.5,2021,2026
경기,하남시,학암동,위례호반써밋,48,14015514,1477500000,101.9,2021,2026
경기,하남시,학암동,플로리체위례,61,15626481,1560000000,96.0,2015,2026
경기,하남시,학암동,힐스테이트센트럴위례,55,13979468,1387000000,102.6,2021,2026
서울,강남구,개포동,개포2차현대아파트(220),6,25852090,2010000000,77.8,1988,2026
서울,강남구,개포동,개포6차우성아파트1동~8동,10,28983544,2092500000,73.6,1987,2025
서울,강남구,개포동,개포더샵트리에,22,25734466,2740000000,108.1,2021,2026
서울,강남구,개포동,개포래미안포레스트,153,38429801,2860000000,74.7,2020,2026
서울,강남구,개포동,개포우성3차,13,25854639,2990000000,104.4,1984,2026
서울,강남구,개포동,개포자이,8,18599766,2775000000,134.3,2004,2026
서울,강남구,개포동,개포자이르네,9,22608200,1200000000,50.9,2022,2026
서울,강남구,개포동,개포자이프레지던스,135,45578444,3500000000,84.6,2023,2026
서울,강남구,개포동,개포주공5단지,72,43973064,3100000000,74.2,1983,2026
서울,강남구,개포동,개포주공6단지,60,46206611,3100000000,60.1,1983,2026
서울,강남구,개포동,개포주공7단지,54,45045045,3115000000,73.3,1983,2026
서울,강남구,개포동,개포현대200동,5,25182482,2070000000,82.2,1986,2025
서울,강남구,개포동,개포현대6차,1,13176665,1755000000,133.2,1993,2025
서울,강남구,개포동,경남1,16,29810188,3490000000,123.3,1984,2026
서울,강남구,개포동,경남2차,4,25511701,3900000000,182.2,1984,2026
서울,강남구,개포동,뉴현대파크빌,4,11502516,800000000,69.6,2001,2025
서울,강남구,개포동,대치푸르지오발라드,42,25939277,1061820000,41.4,2024,2025
서울,강남구,개포동,디에이치아너힐즈,57,42083052,3310000000,84.4,2019,2026
서울,강남구,개포동,디에이치퍼스티어아이파크,6,44285714,1600000000,35.0,2023,2026
서울,강남구,개포동,래미안블레스티지,112,38612766,3312500000,84.9,2019,2026
서울,강남구,개포동,리치타운,2,11356020,1025000000,88.3,2004,2026
서울,강남구,개포동,삼익대청아파트,71,36189358,1750000000,51.1,1992,2026
서울,강남구,개포동,상지리츠빌,1,18128764,2920000000,161.1,2003,2026
서울,강남구,개포동,새롬(1164-12),2,15921907,1145000000,72.1,2000,2026
서울,강남구,개포동,새롬(1164-13),3,14926618,895000000,60.0,2000,2026
서울,강남구,개포동,새롬(1164-14),1,14155015,820000000,57.9,2000,2026
서울,강남구,개포동,성원대치2단지아파트,175,35922084,1500000000,39.5,1992,2026
서울,강남구,개포동,아람손프라자/비바빌,3,11007338,748000000,60.0,2001,2025
서울,강남구,개포동,우성8,25,28765230,2290000000,79.6,1987,2026
서울,강남구,개포동,우찬현대(1260-2),2,13290273,1105000000,84.5,2006,2026
서울,강남구,개포동,포이현대빌라트,1,11085394,1820000000,164.2,1997,2026
서울,강남구,개포동,현대1차101동~106동,17,24324172,3900000000,176.6,1984,2026
서울,강남구,개포동,현대2,25,28825002,3580000000,131.8,1986,2026
서울,강남구,개포동,현대아파트3,8,24870308,3600000000,147.8,1986,2026
서울,강남구,논현동,e-편한세상,9,15685659,1465000000,97.9,2005,2026
서울,강남구,논현동,거평프리젠,7,11886768,495000000,39.0,1996,2026
서울,강남구,논현동,경남논현,7,21027212,1470000000,59.6,1996,2026
서울,강남구,논현동,논현동월드메르디앙,4,18496370,1700000000,100.5,2007,2026
서울,강남구,논현동,논현동프라임,1,11825573,1600000000,135.3,2004,2026
서울,강남구,논현동,논현동한화꿈에그린,10,17806741,1205000000,67.7,2005,2026
서울,강남구,논현동,논현베르빌,5,12330456,1580000000,129.8,2002,2025
서울,강남구,논현동,논현빌라트,1,12774451,640000000,50.1,1999,2026
서울,강남구,논현동,논현아이파크,9,25104603,1270000000,47.5,2020,2026
서울,강남구,논현동,논현웰스톤,2,12386918,1115000000,89.4,2009,2026
서울,강남구,논현동,논현파라곤,5,15784114,1752000000,117.8,2007,2026
서울,강남구,논현동,논현프라임아파트,1,12087553,1480000000,122.4,2006,2025
서울,강남구,논현동,논현한가람빌라트,4,17669518,1675000000,85.0,2002,2026
서울,강남구,논현동,더원센트럴,3,15949555,430000000,27.1,2018,2026
서울,강남구,논현동,동부센트레빌,19,21834443,2235000000,85.0,2003,2026
서울,강남구,논현동,동양파라곤,7,24776063,3900000000,160.3,2004,2026
서울,강남구,논현동,동현아파트1~6,40,28438530,2525000000,84.9,1985,2026
서울,강남구,논현동,두산위브1단지,9,22354782,1980000000,85.0,2004,2026
서울,강남구,논현동,두산위브2단지,11,22653025,1960000000,84.7,2004,2026
서울,강남구,논현동,로체샤르캐슬,2,12925748,1370000000,106.0,2009,2025
서울,강남구,논현동,마일스디오빌,18,10526316,382000000,36.3,2004,2026
서울,강남구,논현동,브라이튼N40,2,39532925,4990000000,126.2,2022,2025
서울,강남구,논현동,비쥬힐,1,14858365,1112000000,74.8,2003,2026
서울,강남구,논현동,삼성빌라트,3,10832280,1200000000,110.8,1998,2026
서울,강남구,논현동,세호시티라이프,3,9595960,380000000,39.6,1996,2026
서울,강남구,논현동,신동아,1,9915716,2400000000,242.0,1996,2024
서울,강남구,논현동,신동아(22),67,26028547,1280000000,35.7,1997,2026
서울,강남구,논현동,쌍용,12,16588834,1238500000,84.9,1996,2026
서울,강남구,논현동,아츠논현,1,21893843,850000000,38.8,2023,2025
서울,강남구,논현동,아크로힐스논현,42,29219096,2725000000,84.1,2014,2026
서울,강남구,논현동,요진보네르,1,10394179,1300000000,125.1,2003,2025
서울,강남구,논현동,우민,5,18459563,1380000000,74.8,2002,2026
서울,강남구,논현동,월드쉐르빌,1,11717821,985000000,84.1,2003,2026
서울,강남구,논현동,은탑리더스카운티,4,10935686,1410000000,129.1,2003,2026
서울,강남구,논현동,이산,2,10258541,625000000,60.7,2011,2026
서울,강남구,논현동,제이빌,1,9984026,750000000,75.1,2004,2026
서울,강남구,논현동,지고하임(101동),1,15049751,1210000000,80.4,2003,2025
서울,강남구,논현동,지고하임(102동),5,16428295,1270000000,73.2,2003,2026
서울,강남구,논현동,"청학아파트에이동,비동,씨동",6,15853422,1455000000,91.2,1976,2026
서울,강남구,논현동,케이씨빌,1,11953942,1360000000,113.8,2004,2026
서울,강남구,논현동,테크노빌라트,1,11286089,1290000000,114.3,2002,2026
서울,강남구,논현동,펜트힐루논현,5,23045723,1000000000,43.4,2021,2026
서울,강남구,논현동,펜트힐캐스케이드,5,20692862,890000000,43.0,2023,2025
서울,강남구,논현동,학동,1,12312257,1328000000,107.9,2005,2026
서울,강남구,논현동,한양수자인어반게이트,6,12085215,197000000,16.2,2013,2026
서울,강남구,논현동,한진로즈힐,6,19602072,1730000000,84.9,2004,2026
서울,강남구,논현동,한화꿈에그린2차,3,13039588,1320000000,104.1,2006,2026
서울,강남구,논현동,현대인텔렉스,3,11190100,1700000000,151.9,1997,2025
서울,강남구,논현동,힐타워,1,11677378,1290000000,110.5,2001,2026
서울,강남구,대치동,개포우성1,27,39106850,4750000000,127.6,1983,2026
서울,강남구,대치동,개포우성2,25,39129754,4600000000,127.8,1984,2026
서울,강남구,대치동,대우아이빌멤버스(891-26),10,9010584,320000000,35.8,2003,2026
서울,강남구,대치동,대우아이빌명문가(891-23),13,8408953,285000000,34.2,2004,2026
서울,강남구,대치동,대치SKVIEW,12,43845876,3950000000,93.4,2017,2026
서울,강남구,대치동,대치더클래스,3,27163576,2285000000,84.1,2022,2026
서울,강남구,대치동,대치동우정에쉐르1,3,13255230,792000000,59.8,2004,2025
서울,강남구,대치동,대치동우정에쉐르2(890-42),3,13121446,815000000,60.0,2004,2026
서울,강남구,대치동,대치르엘,24,42626989,3320000000,84.8,2021,2026
서울,강남구,대치동,대치삼성,45,36979969,3100000000,97.4,2000,2026
서울,강남구,대치동,대치아이파크,53,40009414,4000000000,85.0,2008,2026
서울,강남구,대치동,"대치우성아파트1동,2동,3동,5동,6동,7동",31,35210658,3730000000,115.6,1984,2026
서울,강남구,대치동,대치푸르지오써밋,10,41490533,3555000000,85.0,2023,2026
서울,강남구,대치동,대치하나빌,2,12427716,2450000000,197.1,2003,2026
서울,강남구,대치동,대치한신휴플러스,6,20625907,1720000000,85.0,2005,2026
서울,강남구,대치동,대치현대,40,31710247,2500000000,59.8,1999,2026
서울,강남구,대치동,대치효성,8,27625784,2090000000,72.4,1999,2025
서울,강남구,대치동,동민맥스빌A동,1,17314488,1470000000,84.9,2004,2025
서울,강남구,대치동,동민맥스빌B동,1,16880486,2000000000,118.5,2004,2025
서울,강남구,대치동,동부센트레빌,44,39258040,5692500000,145.8,2005,2026
서울,강남구,대치동,동양,1,15409903,1500000000,97.3,1999,2025
서울,강남구,대치동,래미안대치팰리스,82,47760388,4500000000,94.5,2015,2026
서울,강남구,대치동,래미안대치하이스턴,14,28897545,3190000000,110.4,1989,2026
서울,강남구,대치동,롯데캐슬,14,24000907,2890000000,115.5,2002,2026
서울,강남구,대치동,롯데캐슬리베,9,29730100,3600000000,121.1,2008,2026
서울,강남구,대치동,삼성3차,2,20061155,2950000000,147.1,2000,2025
서울,강남구,대치동,삼환SOGOOD,4,19799226,1867500000,84.9,2006,2026
서울,강남구,대치동,상지리츠빌카일룸(1009-4),1,27501824,4900000000,178.2,2011,2024
서울,강남구,대치동,선경1차(1동-7동),22,34386889,4795000000,136.7,1983,2026
서울,강남구,대치동,선경2차(8동-12동),19,37573386,4800000000,127.8,1985,2026
서울,강남구,대치동,선경3차,7,28720627,2200000000,76.6,1990,2026
서울,강남구,대치동,선릉역대우아이빌(890-49),8,8482921,237500000,28.3,2004,2026
서울,강남구,대치동,선릉역풍림아이원레몬,1,13032712,1000000000,76.7,2006,2026
서울,강남구,대치동,세연파크뷰,1,16391481,1370000000,83.6,2002,2024
서울,강남구,대치동,세영팔레스타운,4,24692244,2040000000,84.8,2002,2026
서울,강남구,대치동,신성미소시티,2,14631214,2325000000,159.8,2006,2025
서울,강남구,대치동,쌍용대치2,24,36640272,3487500000,102.6,1983,2026
서울,강남구,대치동,"쌍용대치아파트1동,2동,3동,5동,6동",27,31586022,3620000000,83.6,1983,2026
서울,강남구,대치동,아름빌(889-74),3,11291316,550000000,41.6,2003,2026
서울,강남구,대치동,은마,124,42518557,3345000000,76.8,1979,2026
서울,강남구,대치동,청원,2,15296654,1350000000,88.9,2005,2026
서울,강남구,대치동,테헤란로대우아이빌(891-6),18,11483308,416500000,35.6,2004,2026
서울,강남구,대치동,포스코더샵,11,24580765,3680000000,139.5,2004,2026
서울,강남구,대치동,풍림아이원1차103동(910-5),1,15780036,1320000000,83.6,2003,2026
서울,강남구,대치동,풍림아이원2차202동,3,16739447,2300000000,137.4,2003,2026
서울,강남구,대치동,풍림아이원4차(1007-2),4,20373857,2272500000,111.5,2004,2025
서울,강남구,대치동,풍림아이원아파트,1,19441499,1650000000,84.9,2003,2025
서울,강남구,대치동,하이캐슬,4,24000237,2022500000,84.3,2008,2025
서울,강남구,대치동,하이캐슬102동,2,15379273,2185000000,142.1,2005,2025
서울,강남구,대치동,한보미도맨션1,50,36715882,4220000000,128.0,1983,2026
서울,강남구,대치동,한보미도맨션2,42,35680260,4250000000,126.3,1985,2026
서울,강남구,대치동,한양팰리스,1,16634741,1650000000,99.2,2004,2026
서울,강남구,대치동,한티(933-0),2,11463879,1287500000,111.4,2004,2025
서울,강남구,대치동,현대1,12,29654681,2499000000,84.3,1990,2026
서울,강남구,대치동,현대썬앤빌테헤란,4,14830956,509000000,35.8,2016,2026
서울,강남구,도곡동,SK허브프리모,21,14651473,990000000,67.6,2006,2026
서울,강남구,도곡동,경남,41,27610442,1870000000,59.8,2005,2026
서울,강남구,도곡동,그랜빌캐슬,6,17128955,1695000000,102.3,2003,2026
서울,강남구,도곡동,대림,9,24726245,2100000000,85.0,1992,2025
서울,강남구,도곡동,대림아크로빌,17,21678348,2960010000,138.7,1999,2026
서울,강남구,도곡동,대명비발디,3,13910729,1150000000,82.7,2003,2026
서울,강남구,도곡동,대우디오빌,18,9700801,275000000,25.9,2004,2026
서울,강남구,도곡동,도곡1차아이파크,16,26717149,2395000000,84.1,2007,2026
서울,강남구,도곡동,도곡2차I'PARK,1,15646293,3100000000,198.1,2006,2024
서울,강남구,도곡동,도곡3차아이파크,4,16705184,2845000000,171.6,2007,2026
서울,강남구,도곡동,도곡그린빌,1,10519802,510000000,48.5,1995,2025
서울,강남구,도곡동,도곡더써밋타워,11,22382770,410500000,18.3,2025,2025
서울,강남구,도곡동,도곡렉슬,183,37434499,3630000000,85.0,2006,2026
서울,강남구,도곡동,도곡루아르,1,22192154,1030000000,46.4,2022,2025
서울,강남구,도곡동,도곡스타클래스,10,15303372,1715000000,112.4,2007,2026
서울,강남구,도곡동,도곡쌍용예가,17,21072089,2700000000,142.8,1978,2026
서울,강남구,도곡동,도곡우성아파트,22,23959684,2007500000,84.8,1986,2026
서울,강남구,도곡동,도곡월드메르디앙아파트,4,28124153,2075000000,73.8,2023,2025
서울,강남구,도곡동,도곡지웰카운티101동,2,20352908,2180000000,107.1,2010,2026
서울,강남구,도곡동,도곡푸르지오,1,11287352,1900000000,168.3,2005,2024
서울,강남구,도곡동,도곡현대힐스테이트101동,1,14570463,2500000000,171.6,1996,2024
서울,강남구,도곡동,도곡현대힐스테이트103동,2,17414601,2600000000,149.3,1996,2026
서울,강남구,도곡동,래미안도곡카운티,16,37556755,3175000000,84.7,2016,2025
서울,강남구,도곡동,럭키(462),1,28539241,2280000000,79.9,1986,2025
서울,강남구,도곡동,럭키(963),58,25366108,2505000000,85.0,1995,2026
서울,강남구,도곡동,로덴하우스웨스트빌리지,1,25545655,6250000000,244.7,2009,2025
서울,강남구,도곡동,롯데캐슬모닝,8,18952259,2265000000,117.8,2003,2026
서울,강남구,도곡동,매봉삼성,18,24991642,1672500000,71.7,1999,2026
서울,강남구,도곡동,벨라빌,2,12171565,1310000000,108.8,2000,2025
서울,강남구,도곡동,삼성,12,30240832,2295000000,73.4,1994,2026
서울,강남구,도곡동,삼성래미안,34,32686317,2935000000,84.9,2001,2026
서울,강남구,도곡동,삼익,15,18748197,2070000000,104.0,1983,2026
서울,강남구,도곡동,아카데미스위트1,33,21095409,2440000000,122.1,2004,2026
서울,강남구,도곡동,우성4,9,27497709,4000000000,152.7,1985,2025
서울,강남구,도곡동,우성리빙텔,6,15723270,1875000000,119.7,1996,2026
서울,강남구,도곡동,우성사원5,14,30610805,2175000000,70.9,1986,2026
서울,강남구,도곡동,우성캐릭터199,8,17852617,2835000000,165.0,1998,2026
서울,강남구,도곡동,우성캐릭터빌,3,14087118,2300000000,161.8,1998,2025
서울,강남구,도곡동,울트라멤버스,2,14675163,1985000000,135.2,2003,2025
서울,강남구,도곡동,월드메르디앙102동,1,15994480,2550000000,159.4,2005,2026
서울,강남구,도곡동,조이너스도곡,1,14944693,1270000000,85.0,2008,2024
서울,강남구,도곡동,중명하니빌,7,12606274,430000000,34.1,1997,2026
서울,강남구,도곡동,타워팰리스1,44,31487949,4685000000,165.0,2002,2026
서울,강남구,도곡동,타워팰리스2,38,28925515,4225000000,155.4,2003,2026
서울,강남구,도곡동,타워팰리스3,30,29696109,4375000000,141.6,2004,2026
서울,강남구,도곡동,파크힐,5,15861345,757000000,47.6,2005,2026
서울,강남구,도곡동,포스코트,3,19136009,4000000000,209.0,2002,2026
서울,강남구,도곡동,필로스(193-45),2,9972467,1085000000,109.4,2004,2026
서울,강남구,도곡동,하이페리온,7,16444618,2450000000,142.4,2004,2026
서울,강남구,도곡동,한라비발디,5,25917082,2350000000,84.9,2016,2026
서울,강남구,도곡동,한신(개포),37,50437122,3000000000,59.5,1985,2026
서울,강남구,도곡동,한신엠비씨,19,29502006,2325000000,84.7,1988,2026
서울,강남구,도곡동,현대그린1,18,21606028,1835000000,84.9,2006,2026
서울,강남구,도곡동,현대비젼21,26,12167870,400000000,33.1,1999,2026
서울,강남구,도곡동,현대아이리스1,2,12554080,1432000000,114.1,2004,2026
서울,강남구,도곡동,현대아파트1동~3동,16,20480226,1740000000,85.0,1994,2026
서울,강남구,삼성동,LG선릉에클라트(A),10,9803650,354500000,36.2,2003,2026
서울,강남구,삼성동,LG선릉에클라트(B),22,9766162,355000000,36.4,2004,2026
서울,강남구,삼성동,SM드림빌,1,8524342,450000000,52.8,2003,2024
서울,강남구,삼성동,강변삼부아파트,7,24852200,2150000000,81.9,2000,2025
서울,강남구,삼성동,금호어울림,3,25994695,2590000000,94.2,2003,2026
서울,강남구,삼성동,네오블로썸,1,14827995,1500000000,101.2,2009,2026
서울,강남구,삼성동,대우멤버스카운티201,1,15865385,2310000000,145.6,2004,2026
서울,강남구,삼성동,대우멤버스카운티301,1,21638331,2380000000,110.0,2005,2026
서울,강남구,삼성동,래미안라클래시,29,50008335,3700000000,72.0,2021,2026
서울,강남구,삼성동,래미안삼성1차(103-22),6,29726761,3175000000,110.2,2006,2026
서울,강남구,삼성동,래미안삼성1차(105-0),6,24433915,3892500000,181.5,2005,2026
서울,강남구,삼성동,래미안삼성1차(201동),1,29093051,2470000000,84.9,2006,2025
서울,강남구,삼성동,래미안삼성2차,22,31230517,3230000000,105.5,2007,2026
서울,강남구,삼성동,레미안삼성1차(101동),2,26476818,2250000000,85.0,2005,2024
서울,강남구,삼성동,롯데캐슬프레미어,39,31165167,3600000000,121.9,2007,2026
서울,강남구,삼성동,미켈란107,2,23283133,1932500000,83.0,2003,2026
서울,강남구,삼성동,미켈란147,5,20740042,1760000000,84.8,2004,2026
서울,강남구,삼성동,브르넨삼성,1,44725231,2230000000,49.9,2021,2024
서울,강남구,삼성동,블루밍하우스,2,16807486,1850000000,110.1,2006,2025
서울,강남구,삼성동,삼부아그레빌,10,22592538,1985000000,84.8,2003,2026
서울,강남구,삼성동,삼부아파트(101동),1,31411863,1880000000,59.8,1998,2025
서울,강남구,삼성동,삼부아파트102동,1,29693005,1770000000,59.6,1998,2025
서울,강남구,삼성동,삼성동대성유니드,4,19837960,1665000000,83.9,2004,2026
서울,강남구,삼성동,삼성동라테라스,2,33359809,3780000000,113.3,2013,2025
서울,강남구,삼성동,삼성동롯데아파트,34,31144781,2315000000,59.4,2000,2026
서울,강남구,삼성동,삼성동롯데캐슬킹덤,3,22028105,2900000000,131.6,2005,2026
서울,강남구,삼성동,삼성동브라운스톤레전드,1,24987751,5100000000,204.1,2009,2025
서울,강남구,삼성동,삼성동센트럴아이파크,18,45783539,3730000000,85.0,2018,2026
서울,강남구,삼성동,삼성동신도브래뉴,2,12292724,1425000000,117.7,2010,2025
서울,강남구,삼성동,삼성동신영지웰,2,14689649,1730000000,117.8,2005,2026
서울,강남구,삼성동,삼성동중앙하이츠빌리지,13,40013338,2700000000,60.0,2004,2026
서울,강남구,삼성동,삼성동한솔아파트,19,33122759,1980000000,58.6,1998,2026
서울,강남구,삼성동,삼성동힐스테이트 1단지,94,39010254,3020000000,84.2,2008,2026
서울,강남구,삼성동,삼성리치빌1,2,19298659,1640000000,85.0,2003,2026
서울,강남구,삼성동,삼성월드타워,3,16696681,1400000000,83.8,1997,2025
서울,강남구,삼성동,삼성웰피아,1,15959179,1470000000,92.1,2005,2026
서울,강남구,삼성동,삼성파크,4,21326131,2290000000,107.4,2001,2026
서울,강남구,삼성동,삼성풍림2차아파트,3,24724725,1482000000,59.9,1998,2026
서울,강남구,삼성동,상지리츠빌카일룸(65-4),2,34951697,9100000000,255.4,2012,2025
서울,강남구,삼성동,서광아파트,33,33517681,2220000000,59.7,1998,2026
서울,강남구,삼성동,석탑아파트101동,8,26821777,2015000000,84.6,1996,2026
서울,강남구,삼성동,세방타운하우스,1,14136905,1900000000,134.4,1998,2025
서울,강남구,삼성동,시티(B동),2,18429233,2905000000,157.6,1992,2025
서울,강남구,삼성동,쌍용플래티넘,2,15697865,2390000000,152.2,2003,2026
서울,강남구,삼성동,아델하우스,1,22901504,4720000000,206.1,2008,2025
서울,강남구,삼성동,아셈,1,22868643,2500000000,109.3,2003,2025
서울,강남구,삼성동,아이파크,23,47985741,7500000000,156.9,2004,2026
서울,강남구,삼성동,아크로삼성,1,56222603,5900000000,104.9,2025,2026
서울,강남구,삼성동,엘에이치삼성도시형생활주택,1,20000000,555000000,27.8,2013,2025
서울,강남구,삼성동,영무예다음,3,15533310,1800000000,115.9,2006,2026
서울,강남구,삼성동,우림루미아트,2,18676304,2130000000,113.9,2005,2026
서울,강남구,삼성동,진흥아파트,12,23492914,4145000000,170.0,1984,2026
서울,강남구,삼성동,채널리저브,3,19896397,1690000000,84.9,2007,2025
서울,강남구,삼성동,청구아파트,11,26944346,2290000000,85.0,1992,2026
서울,강남구,삼성동,포스코트,5,20422718,3150000000,154.2,2003,2026
서울,강남구,삼성동,푸른솔아파트1동,4,24060094,1797500000,72.2,1996,2025
서울,강남구,삼성동,풍림,1,11813953,635000000,53.8,1997,2026
서울,강남구,삼성동,풍림(1차),18,30660438,2145000000,59.7,1998,2026
서울,강남구,삼성동,한양립스,1,19347872,740000000,38.2,2022,2025
서울,강남구,삼성동,한일,16,28076495,2140000000,80.3,2001,2026
서울,강남구,삼성동,현대삼성동1차,1,16719895,2670000000,159.7,2005,2025
서울,강남구,삼성동,현대아파트101동,6,27574859,2310000000,84.9,1999,2025
서울,강남구,삼성동,현대힐스테이트2단지,60,39175860,2990000000,84.2,2008,2026
서울,강남구,삼성동,호산프라자,1,10990665,365000000,33.2,1997,2025
서울,강남구,세곡동,강남데시앙파크,23,15264211,1525000000,85.0,2011,2026
서울,강남구,세곡동,강남신동아파밀리에1단지,4,20218443,1212500000,60.0,2011,2026
서울,강남구,세곡동,강남신동아파밀리에2단지,2,17887628,1520000000,85.0,2011,2025
서울,강남구,세곡동,강남엘에이치1단지,54,21757392,1592500000,74.7,2013,2026
서울,강남구,세곡동,세곡리엔파크(3단지),2,13064972,1110000000,85.0,2011,2026
서울,강남구,세곡동,세곡푸르지오,87,20069575,1600000000,84.8,2012,2026
서울,강남구,수서동,강남 더샵 포레스트,20,24309309,3325000000,146.7,2016,2026
서울,강남구,수서동,강남데시앙포레,49,25393371,1910000000,84.8,2014,2026
서울,강남구,수서동,까치마을,199,31565657,1350000000,39.6,1993,2026
서울,강남구,수서동,동익,22,20127871,1700000000,84.5,1993,2026
서울,강남구,수서동,삼성,39,26479934,2145000000,85.0,1997,2026
서울,강남구,수서동,삼익,43,36585366,1900000000,60.0,1992,2026
서울,강남구,수서동,수서한아름,22,18835232,2242500000,113.5,1993,2026
서울,강남구,수서동,신동아,114,31831590,1367500000,39.5,1992,2026
서울,강남구,신사동,RudenHouse,2,13162521,1114500000,84.7,2007,2025
서울,강남구,신사동,뉴현대,1,12517265,1450000000,115.8,2004,2026
서울,강남구,신사동,대성아파트,1,11943320,590000000,49.4,2002,2025
서울,강남구,신사동,래미안신사,2,25680292,2180000000,84.9,2008,2024
서울,강남구,신사동,로데오현대,18,21786492,1275000000,55.1,1998,2026
서울,강남구,신사동,신사동씨티빌,2,11728904,740000000,63.1,2002,2026
서울,강남구,신사동,신성아파트101동,7,27065527,1660000000,59.7,1996,2026
서울,강남구,신사동,알파임하우스1,3,26428807,6400000000,242.2,2002,2026
서울,강남구,신사동,압구정대원칸타빌아파트,8,26201239,1655000000,59.7,2001,2026
서울,강남구,신사동,압구정케이씨씨(622-1),1,21067285,2270000000,107.8,2004,2025
서울,강남구,신사동,압구정하이츠파크,3,34123445,7000000000,213.0,2004,2026
서울,강남구,신사동,우찬,3,12910167,418000000,37.2,2004,2026
서울,강남구,신사동,진흥아마란스,2,14146919,1930000000,139.0,2005,2025
서울,강남구,신사동,토미,1,11134480,900000000,80.8,2004,2026
서울,강남구,신사동,하야트빌,1,13248767,940000000,71.0,2005,2026
서울,강남구,압구정동,미성1차,8,37866238,4365000000,105.6,1982,2026
서울,강남구,압구정동,미성2차,55,49734469,4600000000,74.4,1987,2026
서울,강남구,압구정동,신현대11차,39,52886975,9200000000,183.4,1983,2026
서울,강남구,압구정동,신현대12차,45,53703486,7800000000,155.5,1982,2026
서울,강남구,압구정동,신현대9차,45,55106539,6270000000,109.2,1982,2026
서울,강남구,압구정동,한양1차(영동한양),51,60858424,4200000000,63.9,1977,2026
서울,강남구,압구정동,한양2,14,44622556,7680000000,175.9,1978,2026
서울,강남구,압구정동,한양3,15,46324892,6000000000,116.9,1978,2026
서울,강남구,압구정동,한양4,14,41869183,7850000000,208.6,1978,2026
서울,강남구,압구정동,한양5,12,41026979,4605000000,102.4,1979,2026
서울,강남구,압구정동,한양6,16,49198763,5300000000,106.7,1980,2026
서울,강남구,압구정동,한양7,10,42694562,5100000000,106.2,1981,2026
서울,강남구,압구정동,한양8(81동한개동),3,41995288,8200000000,195.3,1984,2025
서울,강남구,압구정동,"현대10차(201,202동)",2,40406842,4370000000,108.2,1982,2024
서울,강남구,압구정동,현대13차(208~211동),14,55084355,5975000000,105.3,1983,2026
서울,강남구,압구정동,"현대14차(203,204,205,206동)",23,68251353,5800000000,85.0,1987,2026
서울,강남구,압구정동,"현대1차(12,13,21,22,31,32,33동)",27,47398196,7950000000,161.2,1976,2026
서울,강남구,압구정동,"현대2차(10,11,20,23,24,25동)",38,47376644,9000000000,179.0,1976,2026
서울,강남구,압구정동,현대3차(61~64동),26,55909091,4612500000,82.5,1976,2026
서울,강남구,압구정동,현대4차저층(51~56동),5,57675997,6800000000,117.9,1977,2026
서울,강남구,압구정동,"현대5차(71,72동)",17,63237261,5200000000,82.2,1977,2026
서울,강남구,압구정동,"현대6차(78~81,83,84,86,87동)",41,49313676,7500000000,144.7,1978,2026
서울,강남구,압구정동,"현대7차(73~77,82,85동)",26,50584647,7775000000,157.4,1979,2026
서울,강남구,압구정동,현대8차(성수현대:91~95동),30,43536960,5825000000,111.5,1980,2026
서울,강남구,역삼동,(828-21),1,11188983,910000000,81.3,2005,2024
서울,강남구,역삼동,EGSoulLeader,3,10841507,210000000,19.4,2012,2025
서울,강남구,역삼동,e-편한세상,51,39844982,2670000000,59.6,2005,2026
서울,강남구,역삼동,강남서해그랑블,7,13320108,940000000,70.6,2012,2026
서울,강남구,역삼동,강남센트럴아이파크,32,45430281,3050000000,60.0,2022,2026
서울,강남구,역삼동,강남역우정에쉐르,1,20989505,560000000,26.7,2004,2026
서울,강남구,역삼동,강남웅진베어스빌,1,15947649,329000000,20.6,2019,2026
서울,강남구,역삼동,강남한솔,1,11834320,600000000,50.7,2006,2025
서울,강남구,역삼동,개나리SK뷰,6,37298506,3455000000,85.0,2012,2026
서울,강남구,역삼동,개나리래미안,21,34734487,2950000000,84.9,2006,2026
서울,강남구,역삼동,개나리푸르지오,17,29209059,3640000000,132.8,2006,2026
서울,강남구,역삼동,거평빌라트,1,8089460,1700000000,210.2,1996,2026
서울,강남구,역삼동,경남아너스빌,19,18638984,1535000000,84.7,2002,2026
서울,강남구,역삼동,경일역삼,1,12218300,1350000000,110.5,2002,2025
서울,강남구,역삼동,금호어울림,17,18211921,1950000000,132.9,2003,2026
서울,강남구,역삼동,네스빌(728-10),1,7852118,1920000000,244.5,1996,2025
서울,강남구,역삼동,노블카운티,2,13921808,1139500000,81.8,2003,2026
서울,강남구,역삼동,대림역삼,15,27991954,1900000000,85.0,1997,2026
서울,강남구,역삼동,대명벨리온,4,9811129,173500000,17.7,2012,2026
서울,강남구,역삼동,대우디오빌,47,10810120,430000000,39.1,2002,2026
서울,강남구,역삼동,대우디오빌플러스,11,9774949,430000000,44.0,2004,2026
서울,강남구,역삼동,동부센트레빌,7,33316658,2150000000,60.0,1998,2025
서울,강남구,역삼동,동원스위트뷰역삼,2,14116468,1197500000,84.8,2017,2026
서울,강남구,역삼동,래미안그레이튼,26,35193442,2805000000,85.0,2009,2026
서울,강남구,역삼동,래미안그레이튼(진달래2차),34,31164416,3195000000,105.9,2010,2026
서울,강남구,역삼동,래미안펜타빌,17,24593265,3680000000,157.4,2007,2026
서울,강남구,역삼동,로얄빌리지,2,12463807,1110000000,91.6,2002,2026
서울,강남구,역삼동,롯데캐슬노블,14,14202125,2500000000,176.0,2007,2026
서울,강남구,역삼동,리치타워,1,7491932,650000000,86.8,1996,2025
서울,강남구,역삼동,명인갤러리,3,13564520,1150000000,84.8,2002,2026
서울,강남구,역삼동,브라운스톤역삼,5,17928619,1075000000,60.0,2004,2026
서울,강남구,역삼동,상지리츠빌(2호라인),3,17051741,2620000000,153.6,2004,2026
서울,강남구,역삼동,상지리츠빌역삼2차,2,14541773,2150000000,148.5,2006,2025
서울,강남구,역삼동,세방하이빌1,3,21582734,1290000000,59.8,2003,2026
서울,강남구,역삼동,시티프라디움더강남101동,8,24670778,1480000000,60.0,2021,2026
서울,강남구,역삼동,시티프라디움더강남201동,3,23674511,1670000000,70.5,2021,2026
서울,강남구,역삼동,쌍용플레티넘밸류,9,17632509,1550000000,84.9,2007,2026
서울,강남구,역삼동,쎄비앙102동,3,13534522,1480000000,109.4,2007,2026
서울,강남구,역삼동,에벤에셀빌라트,1,9770926,900000000,92.1,2001,2026
서울,강남구,역삼동,역삼2차아이파크,11,32747877,2550000000,84.6,2008,2026
서울,강남구,역삼동,역삼I'PARK,41,29738724,855000000,28.2,2006,2026
서울,강남구,역삼동,역삼동우정에쉐르1,9,12398997,839000000,71.8,2004,2026
서울,강남구,역삼동,역삼동월드메르디앙,2,18332015,1537500000,83.9,2005,2025
서울,강남구,역삼동,역삼동하나빌,4,13764963,710000000,51.6,2002,2026
서울,강남구,역삼동,역삼디오슈페리움,3,15176666,1280000000,84.3,2006,2026
서울,강남구,역삼동,역삼래미안,77,38333127,2550000000,59.4,2005,2026
서울,강남구,역삼동,역삼르비앙1,1,10158605,1550000000,152.6,2003,2026
서울,강남구,역삼동,역삼센트럴아파트,5,14571191,700000000,48.5,2025,2026
서울,강남구,역삼동,역삼엔스위트102동,1,12201886,1100000000,90.2,2005,2026
서울,강남구,역삼동,역삼예명,3,12812783,850000000,66.3,2001,2026
서울,강남구,역삼동,역삼우정에쉐르2,3,14844240,710000000,47.8,2004,2026
서울,강남구,역삼동,역삼자이,13,32287396,3200000000,114.0,2016,2026
서울,강남구,역삼동,역삼푸르지오,59,38657556,2650000000,59.9,2006,2026
서울,강남구,역삼동,예지인,1,13603386,900000000,66.2,2008,2025
서울,강남구,역삼동,요진와이시티미니,1,10432767,135000000,12.9,2012,2025
서울,강남구,역삼동,우림루미아트1,1,8748943,207000000,23.7,2003,2025
서울,강남구,역삼동,우림루미아트2,5,8199493,194000000,23.9,2003,2026
서울,강남구,역삼동,우정에쉐르멤버스,2,12282661,365000000,29.2,2004,2025
서울,강남구,역삼동,원에디션강남,1,33673813,1200000000,35.6,2024,2025
서울,강남구,역삼동,이스턴오피스텔,5,11163735,165000000,14.8,2014,2025
서울,강남구,역삼동,이지마루역삼,2,14245283,377500000,26.5,2018,2026
서울,강남구,역삼동,진넥스빌2,5,8218029,200000000,23.8,2003,2026
서울,강남구,역삼동,테헤란아이파크,39,34912936,2800000000,80.2,2014,2026
서울,강남구,역삼동,트레벨,5,16427718,550000000,33.5,2002,2026
서울,강남구,역삼동,풍림지오빌,1,11009604,470000000,42.7,2002,2026
서울,강남구,역삼동,프리마빌,3,11369789,1085000000,92.4,2003,2026
서울,강남구,역삼동,프리빌리지,1,12605042,630000000,50.0,2017,2026
서울,강남구,역삼동,한스빌(836),16,11123229,450000000,39.9,1996,2026
서울,강남구,역삼동,한화진넥스빌,25,9924277,430000000,43.6,2001,2026
서울,강남구,역삼동,현대까르띠에710,15,20820732,3400000000,149.7,2001,2026
서울,강남구,역삼동,현대휴먼터치빌,4,8617330,272500000,30.9,1999,2026
서울,강남구,율현동,강남한신휴플러스6단지,13,19173058,1450000000,84.8,2015,2026
서울,강남구,율현동,강남한신휴플러스8단지,1,15692428,1600000000,102.0,2015,2025
서울,강남구,일원동,가람,9,33794572,2780000000,75.2,1993,2026
서울,강남구,일원동,개포한신,46,23874335,2300000000,107.6,1984,2026
서울,강남구,일원동,디에이치자이개포,47,40282501,3330000000,84.7,2021,2026
서울,강남구,일원동,디에이치포레센트,12,34141747,2930000000,84.9,2021,2026
서울,강남구,일원동,래미안 개포 루체하임,69,35651253,2915000000,85.0,2018,2026
서울,강남구,일원동,목련타운,30,23950296,2790000000,99.8,1993,2026
서울,강남구,일원동,삼성,3,24612877,1750000000,61.4,1986,2026
서울,강남구,일원동,상록수,34,29849745,2390000000,74.5,1993,2026
서울,강남구,일원동,샘터마을,28,23052475,2775000000,134.4,1994,2026
서울,강남구,일원동,수서,61,25580480,1300000000,50.8,1992,2026
서울,강남구,일원동,우성7,25,31903453,2500000000,83.7,1987,2026
서울,강남구,일원동,푸른마을아파트101동~111동,74,28470588,1975000000,59.8,1994,2026
서울,강남구,일원동,한솔마을,34,34308344,2480000000,63.8,1994,2026
서울,강남구,일원동,현대4,9,25888444,2200000000,85.0,1987,2026
서울,강남구,자곡동,강남브리즈힐(토지임대부아파트),25,15422945,1180000000,74.4,2014,2026
서울,강남구,자곡동,강남자곡 힐스테이트,104,17814391,1237500000,59.9,2015,2026
서울,강남구,자곡동,강남자곡아이파크,73,22008804,1600000000,75.0,2014,2026
서울,강남구,자곡동,강남한양수자인(4단지),50,18777933,1850000000,101.4,2014,2026
서울,강남구,자곡동,래미안강남힐즈,80,21477897,2135000000,101.9,2014,2026
서울,강남구,자곡동,래미안포레,19,19767031,1700000000,85.0,2014,2026
서울,강남구,청담동,BRUNNEN청담,1,25642290,5200000000,202.8,2019,2026
서울,강남구,청담동,PH129,4,53474960,14650000000,274.0,2020,2025
서울,강남구,청담동,골든아트빌,1,14543794,2230000000,153.3,2000,2026
서울,강남구,청담동,구산,2,27302060,2200000000,80.6,1993,2026
서울,강남구,청담동,뉴현대리버빌,1,14068999,2300000000,163.5,1996,2025
서울,강남구,청담동,대우로얄카운티2,2,20166639,4865000000,241.2,2002,2026
서울,강남구,청담동,대우리츠카운티,1,19837521,4200000000,211.7,2001,2025
서울,강남구,청담동,대우유로카운티,8,23666447,2875000000,121.5,2004,2026
서울,강남구,청담동,동양파라곤,5,29807043,5100000000,171.1,2006,2026
서울,강남구,청담동,라테라스청담,2,16373492,543500000,31.9,2018,2026
서울,강남구,청담동,래미안청담로이뷰,17,31578947,3480000000,110.2,1992,2026
서울,강남구,청담동,마크힐스이스트윙,1,43554910,8400000000,192.9,2010,2026
서울,강남구,청담동,목화,2,22019855,2950000000,134.0,1995,2026
서울,강남구,청담동,빌폴라리스,1,31925788,5300000000,166.0,2009,2025
서울,강남구,청담동,삼성청담공원아파트,29,24249207,2180000000,107.2,1999,2026
서울,강남구,청담동,삼성청담아파트,12,23259216,2486500000,99.9,1999,2026
서울,강남구,청담동,삼호빌라B동,1,21344252,4900000000,229.6,1997,2025
서울,강남구,청담동,삼호빌라씨동,1,22631327,5200000000,229.8,1998,2025
서울,강남구,청담동,삼환(101동),19,23006135,1900000000,84.9,1999,2026
서울,강남구,청담동,상지리츠빌4B,3,21999097,3900000000,177.3,2000,2025
서울,강남구,청담동,상지리츠빌5B,1,19954203,3050000000,152.8,2001,2025
서울,강남구,청담동,상지리츠빌6,3,21350414,3200000000,150.8,2002,2026
서울,강남구,청담동,상지리츠빌9차,1,24392672,4900000000,200.9,2004,2025
서울,강남구,청담동,상지리츠빌카일룸3차,1,35637919,7000000000,196.4,2009,2025
서울,강남구,청담동,신동아,4,35672239,3030000000,84.9,1997,2026
서울,강남구,청담동,신동아빌라트,1,15498742,3510000000,226.5,1995,2025
서울,강남구,청담동,씨티2차(201동),1,33795802,2850000000,84.3,1992,2025
서울,강남구,청담동,씨티2차(202동),1,30842745,3550000000,115.1,1992,2024
서울,강남구,청담동,에비뉴나인티,3,22076613,1095000000,49.7,2020,2026
서울,강남구,청담동,에테르노청담,1,94258124,21800000000,231.3,2023,2026
서울,강남구,청담동,연세리버테라스,2,27105836,6600000000,243.5,2003,2026
서울,강남구,청담동,연세청담파크빌,1,17743666,4300000000,242.3,1999,2025
서울,강남구,청담동,영풍마드레빌,2,16612111,2030000000,122.2,2003,2025
서울,강남구,청담동,우성아파트,4,16345406,1380000000,83.8,2005,2026
서울,강남구,청담동,이니그마빌2,1,23841519,5500000000,230.7,2002,2026
서울,강남구,청담동,진흥아파트,14,28754091,3545000000,109.3,1984,2026
서울,강남구,청담동,"청담2차이-편한세상(201동,202동,203동)",3,21730580,2220000000,102.3,2006,2026
서울,강남구,청담동,청담2차이-편한세상(204동),5,25038246,2455000000,98.0,2005,2026
서울,강남구,청담동,청담2차이-편한세상(205동),3,24772915,2200000000,84.8,2006,2026
서울,강남구,청담동,청담3차이-편한세상(301동),8,23272920,1977500000,85.0,2007,2026
서울,강남구,청담동,청담4차이-편한세상,11,25777462,2500000000,84.6,2011,2026
서울,강남구,청담동,청담8차상지리츠빌,1,21576157,5900000000,273.4,2003,2025
서울,강남구,청담동,청담건영,26,39009398,3300000000,84.6,1994,2026
서울,강남구,청담동,청담대림이-편한세상,30,28435056,2515000000,81.8,2002,2026
서울,강남구,청담동,청담대우멤버스카운티12차,1,19030166,2700000000,141.9,2004,2026
서울,강남구,청담동,청담대우멤버스카운티9차,1,20193861,2500000000,123.8,2004,2026
서울,강남구,청담동,청담동삼성1차(101동),13,24122029,1900000000,84.6,1997,2026
서울,강남구,청담동,청담동현대빌라트,1,19861784,3650000000,183.8,1998,2025
서울,강남구,청담동,청담디에브스아파트,2,13331487,1164000000,87.1,2017,2026
서울,강남구,청담동,청담로얄카운티,1,25493945,5600000000,219.7,1999,2026
서울,강남구,청담동,청담린든그로브,4,32824340,2940000000,85.0,2017,2026
서울,강남구,청담동,청담매스터빌,2,21205892,4200000000,198.8,1994,2026
서울,강남구,청담동,청담스위트,9,15642458,208000000,13.4,2015,2026
서울,강남구,청담동,청담신원아침도시마인,8,12225654,340000000,27.7,2013,2026
서울,강남구,청담동,청담아이파크,13,27694543,3050000000,110.1,1992,2026
서울,강남구,청담동,청담우방아파트,11,22610310,2200000000,118.5,1999,2026
서울,강남구,청담동,청담자이,55,50080577,2780000000,49.6,2011,2026
서울,강남구,청담동,청담파라곤Ⅱ2단지,2,29264486,4500000000,153.8,2010,2025
서울,강남구,청담동,청담현대3차아파트,26,33904528,2780000000,85.0,1999,2026
서울,강남구,청담동,청담힐(에이동)진도(비동),2,21491533,4140000000,192.6,1997,2026
서울,강남구,청담동,한신오페라하우스,4,22270338,2250000000,92.9,2003,2026
서울,강남구,청담동,한신오페라하우스2차,3,19547496,2350000000,120.2,2005,2025
서울,강남구,청담동,현대빌라(43-1),1,16804463,2500000000,148.8,1992,2026
서울,강남구,청담동,현대아파트,24,21354412,1810000000,84.8,1988,2026
서울,강남구,청담동,현대아파트(75-1),3,23887352,2910000000,95.4,1983,2025
서울,강남구,청담동,현대한강빌라,3,26566857,3620000000,136.3,1992,2026
서울,강남구,청담동,효성빌라청담101(2차),1,34822279,7533800000,216.4,2022,2025
서울,강남구,청담동,효성빌라청담101(B동),1,49836818,11300000000,226.7,2019,2025
서울,강남구,청담동,휴먼스타빌,3,19495892,700000000,35.9,2005,2025
서울,강동구,강일동,강동리버스트4단지,89,15335889,830000000,49.8,2020,2026
서울,강동구,강일동,강동리버스트8단지,50,18937087,957500000,49.8,2021,2026
서울,강동구,강일동,강일리버파크10단지,27,13013131,1200000000,84.7,2009,2026
서울,강동구,강일동,강일리버파크1단지,15,12377697,1000000000,84.5,2009,2026
서울,강동구,강일동,강일리버파크2단지,20,12185023,1030000000,84.7,2009,2026
서울,강동구,강일동,강일리버파크3단지,33,14869011,1145000000,59.9,2009,2026
서울,강동구,강일동,강일리버파크4단지,18,12421625,1050000000,84.7,2009,2026
서울,강동구,강일동,강일리버파크5단지,26,13255098,987500000,84.6,2009,2026
서울,강동구,강일동,강일리버파크6단지,27,13249734,1120000000,84.5,2009,2026
서울,강동구,강일동,강일리버파크7단지,32,14271522,1025000000,84.5,2009,2026
서울,강동구,강일동,강일리버파크8단지,19,12613462,1070000000,84.8,2009,2026
서울,강동구,강일동,강일리버파크9단지,7,13900390,1175000000,84.5,2009,2026
서울,강동구,강일동,고덕리엔파크1단지,17,14356319,1100000000,84.9,2011,2026
서울,강동구,강일동,고덕리엔파크2단지,24,15013215,1277500000,84.9,2011,2026
서울,강동구,강일동,힐스테이트리슈빌강일,35,16653191,1495000000,84.9,2023,2026
서울,강동구,고덕동,고덕 아이파크,73,19568621,1850000000,85.0,2011,2026
서울,강동구,고덕동,고덕그라시움,424,26762566,1897500000,73.6,2019,2026
서울,강동구,고덕동,고덕센트럴푸르지오,102,21978023,1315000000,59.1,2020,2026
서울,강동구,고덕동,고덕풍경채어바니티,17,19940582,1700000000,84.2,2024,2026
서울,강동구,고덕동,대우,15,11614583,1097000000,96.0,1986,2026
서울,강동구,고덕동,래미안힐스테이트고덕,327,22968198,1810000000,84.9,2016,2026
서울,강동구,고덕동,배재현대,62,18220812,1250000000,59.9,1995,2026
서울,강동구,고덕동,아남1,133,15435393,1170000000,84.9,1996,2026
서울,강동구,길동,SM드림빌,1,8306295,640000000,77.0,2002,2025
서울,강동구,길동,SM빌,2,5905206,760000000,128.7,2001,2025
서울,강동구,길동,SM해그린12차,3,9033424,670000000,60.7,2006,2026
서울,강동구,길동,강동LG자이,60,12959472,1375000000,105.7,2003,2026
서울,강동구,길동,강동렘브란트,13,6872636,109000000,15.9,2014,2026
서울,강동구,길동,강동역에스케이허브,15,10145655,920000000,84.9,2006,2026
서울,강동구,길동,강동와이시티,3,7158196,100000000,14.0,2014,2025
서울,강동구,길동,강동큐브,8,7405925,92500000,12.5,2013,2026
서울,강동구,길동,강동큐브(2차),16,6944444,105000000,15.1,2013,2026
서울,강동구,길동,강동한신휴플러스,12,8189586,672500000,84.7,2006,2026
서울,강동구,길동,강동헤리티지자이,35,26508836,1550000000,60.0,2024,2026
서울,강동구,길동,거산유팰리스2차,108,12754184,411945000,33.2,2022,2024
서울,강동구,길동,경지Arium,10,13810198,195000000,14.1,2019,2026
서울,강동구,길동,골드빌4차,1,7654263,650000000,84.9,2004,2026
서울,강동구,길동,골드클래스,6,8981643,535000000,59.9,2022,2026
서울,강동구,길동,광남(355-2),1,5685183,480000000,84.4,2004,2024
서울,강동구,길동,광남벨라스613V,5,8887572,655000000,67.5,2004,2026
서울,강동구,길동,광남아파트102동,1,8407080,665000000,79.1,2003,2026
서울,강동구,길동,광남캐스빌(247-0),4,10037295,847500000,84.4,2006,2026
서울,강동구,길동,광남캐스빌(389-9),1,5798130,490000000,84.5,2005,2025
서울,강동구,길동,광남캐스빌610V,1,7137560,385000000,53.9,2003,2026
서울,강동구,길동,길동3차이룸,5,7897597,650000000,82.8,2005,2026
서울,강동구,길동,길동다성이즈빌,3,12785388,420000000,32.8,2023,2026
서울,강동구,길동,길동쎈스빌주상복합,1,7333806,620000000,84.5,2004,2025
서울,강동구,길동,길동우성,97,12609457,900000000,84.8,1994,2026
서울,강동구,길동,노블레스(383-8),1,7368421,623000000,84.6,2004,2025
서울,강동구,길동,다성이즈빌,27,13189448,515000000,46.2,2018,2026
서울,강동구,길동,다성이즈빌(349-1),5,7558140,134000000,17.2,2012,2026
서울,강동구,길동,다성이즈빌(387-4),5,13117284,425000000,32.4,2018,2026
서울,강동구,길동,다성이즈빌(주상복합),9,8803301,330000000,36.6,2015,2026
서울,강동구,길동,다성이즈빌아파트,1,7771106,660000000,84.9,2005,2025
서울,강동구,길동,다성이즈빌아파트(388-4),2,9867782,755000000,76.0,2004,2026
서울,강동구,길동,다성이즈텔,2,6862630,582500000,84.9,2004,2025
서울,강동구,길동,다성팰리스,2,8945565,470000000,52.5,2004,2025
서울,강동구,길동,다오아트빌,1,8392641,625000000,74.5,2001,2026
서울,강동구,길동,대상,8,7795952,663250000,85.0,1999,2026
서울,강동구,길동,도림씨티빌1,2,7403053,565000000,76.7,2001,2026
서울,강동구,길동,동삼빌라트,7,8193691,605000000,59.2,1998,2026
서울,강동구,길동,동서울오네뜨,8,8839650,740000000,84.8,2009,2026
서울,강동구,길동,동심훼밀리,2,7592636,639000000,84.2,2002,2026
서울,강동구,길동,라인,9,10301969,635000000,59.9,1998,2026
서울,강동구,길동,메트로아파트,2,8495575,720000000,84.8,2004,2026
서울,강동구,길동,문화1,2,7702997,637500000,82.8,1998,2026
서울,강동구,길동,삼유스위트빌,1,6669631,750000000,112.4,2002,2025
서울,강동구,길동,삼익세라믹,4,9605186,815000000,84.8,1992,2026
서울,강동구,길동,삼익파크맨션,213,14384509,1050000000,63.4,1982,2026
서울,강동구,길동,서한베네치아,3,6283497,680000000,107.3,2005,2026
서울,강동구,길동,시가오똠,2,8413744,715000000,85.0,2004,2026
서울,강동구,길동,신동아4,8,8571429,597500000,81.2,1999,2026
서울,강동구,길동,신암가온,4,7671958,435000000,56.7,2002,2026
서울,강동구,길동,에스아이팰리스강동센텀I,37,13900153,462750000,33.3,2023,2026
서울,강동구,길동,에스아이팰리스강동센텀Ⅱ,5,13421280,532000000,39.5,2023,2026
서울,강동구,길동,에스엠이로빌,3,7330483,600000000,81.8,2004,2025
서울,강동구,길동,에스엠이로빌(379-0),6,9518795,595000000,61.7,2004,2026
서울,강동구,길동,에이치비골드빌(102동),4,10554604,677500000,64.2,2004,2026
서울,강동구,길동,에이치비골드빌(103동),12,9590899,604500000,62.4,2004,2026
서울,강동구,길동,엠엑스아뜨리에빌아파트,1,7032290,422500000,60.1,2009,2025
서울,강동구,길동,엠프라자아파트(152-9),1,7545575,625000000,82.8,2004,2025
서울,강동구,길동,예건타워빌,4,7975312,582500000,70.7,2005,2026
서울,강동구,길동,예다움,2,9253721,675000000,73.4,2004,2026
서울,강동구,길동,예전이룸1차,4,9029238,691500000,76.6,2004,2026
서울,강동구,길동,예전이룸2차,3,8556726,715000000,83.6,2004,2026
서울,강동구,길동,우림루미아트,10,9104884,770000000,84.1,2003,2026
서울,강동구,길동,우성,5,8902692,430000000,48.3,1996,2026
서울,강동구,길동,유덕휴먼빌,8,8330910,629000000,74.3,2003,2026
서울,강동구,길동,율전에버그린아파트,3,10002299,435000000,43.1,2016,2026
서울,강동구,길동,이스트드림힐,7,7553405,640000000,84.9,2003,2026
서울,강동구,길동,이편한세상강동에코포레,43,19676505,1360000000,60.0,2020,2026
서울,강동구,길동,장인이즈빌,7,9894187,720000000,72.8,2004,2026
서울,강동구,길동,주풍그린빌,3,6661414,930000000,139.6,1996,2026
서울,강동구,길동,중앙하이츠강동,2,13381333,592500000,44.3,2024,2025
서울,강동구,길동,청광플러스원(큐브1차),9,5993407,100000000,16.7,2012,2026
서울,강동구,길동,청광플러스원큐브2차,18,7019662,101750000,14.5,2013,2026
서울,강동구,길동,청광플러스원큐브3차,12,7274783,96500000,13.3,2014,2026
서울,강동구,길동,청원파크빌2,3,7651560,650000000,85.0,2004,2026
서울,강동구,길동,청원파크빌3,1,8199643,690000000,84.2,2006,2026
서울,강동구,길동,탑건위너빌1,1,9597997,690000000,71.9,2001,2026
서울,강동구,길동,태성,1,9156311,700000000,76.4,2003,2025
서울,강동구,길동,태솔,5,7060500,530000000,73.8,2009,2026
서울,강동구,길동,하나플러스,9,9310548,790000000,84.8,2004,2026
서울,강동구,길동,하이브,3,8504252,660000000,78.3,2006,2026
서울,강동구,길동,하이존,1,7095317,597000000,84.1,2004,2025
서울,강동구,길동,한건,2,8196345,632500000,77.3,2001,2026
서울,강동구,길동,한빛골드빌1차,12,9321917,677500000,72.4,2001,2026
서울,강동구,길동,한솔브리즈,1,7892567,670000000,84.9,2004,2026
서울,강동구,길동,한일시티타워(우성아트빌),22,5234602,570000000,104.6,2013,2026
서울,강동구,길동,한전우성1,16,8830022,720000000,81.6,1989,2026
서울,강동구,길동,해맞이에이동,2,8275656,693500000,83.8,2005,2026
서울,강동구,길동,현대1,30,10751738,857500000,84.9,1996,2026
서울,강동구,길동,현대웰하임(101동),6,6692612,113500000,17.0,2012,2026
서울,강동구,길동,현대웰하임(201동),8,5702239,84000000,14.5,2012,2026
서울,강동구,길동,형인허브빌아파트,3,8300490,695000000,83.3,2005,2025
서울,강동구,길동,효성노바,2,7579325,530000000,71.5,2003,2026
서울,강동구,길동,희훈리치파크1,3,9411484,790000000,83.9,2002,2026
서울,강동구,둔촌동,KNP이스트빌,5,9602922,700000000,84.9,2004,2026
서울,강동구,둔촌동,경방필하우스,2,6384733,542000000,84.9,2003,2026
서울,강동구,둔촌동,광남아파트101동,1,11461657,970000000,84.6,2004,2026
서울,강동구,둔촌동,광남아파트102동,3,9217679,780000000,84.6,2004,2025
서울,강동구,둔촌동,광남캐스빌(631),2,10402448,884000000,85.0,2012,2025
서울,강동구,둔촌동,광남캐스빌101동,2,10295344,864500000,84.0,2004,2025
서울,강동구,둔촌동,광남캐스빌103동,1,12622390,1070000000,84.8,2004,2026
서울,강동구,둔촌동,광남캐스빌105동,4,8927609,994000000,111.3,2006,2026
서울,강동구,둔촌동,그랜드1,1,7363838,795000000,108.0,2003,2025
서울,강동구,둔촌동,노바,1,4923761,310000000,63.0,2002,2026
서울,강동구,둔촌동,다원애버니아,1,9954806,815000000,81.9,2004,2025
서울,강동구,둔촌동,더샵둔촌포레,38,17211134,1616750000,93.8,1984,2026
서울,강동구,둔촌동,더샵파크솔레이유,21,21049115,1280000000,59.9,2023,2026
서울,강동구,둔촌동,도원빌,2,7772021,660000000,84.9,2003,2025
서울,강동구,둔촌동,동아,7,12266112,645000000,54.0,1992,2026
서울,강동구,둔촌동,동호리츠빌,5,9510870,690000000,68.5,2004,2026
서울,강동구,둔촌동,둔촌푸르지오,128,18339446,1385000000,84.9,2010,2026
서울,강동구,둔촌동,둔촌하이츠,42,14509115,967500000,59.8,1998,2026
서울,강동구,둔촌동,둔촌현대수린나아파트,2,12047754,917000000,75.9,2019,2026
서울,강동구,둔촌동,라이프101동(544)102동(544-1),3,9669031,818000000,84.6,1993,2026
서울,강동구,둔촌동,미랜드퀸아파트101동,2,9334559,1320000000,141.4,2009,2026
서울,강동구,둔촌동,상상프리,3,7503054,430000000,57.7,2012,2025
서울,강동구,둔촌동,성원,5,10385005,630000000,59.2,1995,2026
서울,강동구,둔촌동,세양청마루,11,8444339,710000000,84.4,2005,2026
서울,강동구,둔촌동,신동아파밀리에,44,16421569,1220000000,59.4,2002,2026
서울,강동구,둔촌동,신성둔촌미소지움1,79,15891603,1040000000,59.8,1998,2026
서울,강동구,둔촌동,신성둔촌미소지움2,40,15005004,1220000000,84.8,2000,2026
서울,강동구,둔촌동,아인리베,9,9411484,790000000,83.8,2005,2026
서울,강동구,둔촌동,암펠로스타워,4,8606812,910000000,108.0,2006,2026
서울,강동구,둔촌동,올림픽파크포레온,122,34768796,2085500000,60.0,2024,2026
서울,강동구,둔촌동,월드메르디앙올림픽파크,4,14367333,855000000,59.5,2024,2025
서울,강동구,둔촌동,찬솔,3,8940358,745000000,83.3,2007,2025
서울,강동구,둔촌동,청원파크빌,5,10370021,880000000,84.9,2003,2026
서울,강동구,둔촌동,청호뜨레피움퍼스트아파트,7,10485437,594000000,58.2,2016,2026
서울,강동구,둔촌동,초원동아,34,11530709,728500000,59.6,1997,2026
서울,강동구,둔촌동,태천해오름,2,6682635,527500000,78.3,2003,2026
서울,강동구,둔촌동,프라자,46,12606583,1190000000,83.4,1984,2026
서울,강동구,둔촌동,한솔,1,17875042,1070000000,59.9,2008,2025
서울,강동구,둔촌동,한솔솔파크,9,11954077,980000000,84.5,2003,2026
서울,강동구,둔촌동,현대2,31,13177902,930000000,69.2,1988,2026
서울,강동구,둔촌동,현대3,28,11897547,838750000,69.3,1988,2026
서울,강동구,둔촌동,현대4,27,12526489,1064000000,84.9,1996,2026
서울,강동구,명일동,KNP,1,7672332,650000000,84.7,2002,2025
서울,강동구,명일동,고덕삼환아파트,7,14531449,1445000000,84.6,1987,2026
서울,강동구,명일동,고덕주공9,130,16163793,1350000000,83.5,1985,2026
서울,강동구,명일동,다성씨티(1차),1,8788449,560000000,63.7,2002,2025
서울,강동구,명일동,다성이즈빌(346-12),1,7844069,660000000,84.1,2004,2025
서울,강동구,명일동,다성이즈빌(명일4차),3,7926684,666000000,84.0,2005,2026
서울,강동구,명일동,동양타워,2,8180666,710000000,86.8,1995,2025
서울,강동구,명일동,동은,2,8032044,527500000,66.9,2004,2026
서울,강동구,명일동,동은그랜드,1,7974577,665000000,83.4,2006,2025
서울,강동구,명일동,래미안솔베뉴,191,24530536,1550000000,59.1,2019,2026
서울,강동구,명일동,명일동다성이즈빌아파트,1,9342978,775000000,83.0,2010,2025
서울,강동구,명일동,명일우성,39,16460905,1750000000,133.6,1986,2026
서울,강동구,명일동,명일지에스아파트,105,12928583,955000000,84.9,1999,2026
서울,강동구,명일동,명일진로,5,9878419,1170000000,118.4,1994,2026
서울,강동구,명일동,삼보힐아파트,2,7312062,743500000,103.3,2001,2026
서울,강동구,명일동,삼익가든,112,14724992,1240000000,72.6,1984,2026
서울,강동구,명일동,삼익그린11차,8,16940982,1445000000,75.7,1986,2026
서울,강동구,명일동,삼익그린2차,230,21893815,1486250000,66.9,1983,2026
서울,강동구,명일동,삼환,16,16295773,1384000000,84.9,1992,2026
서울,강동구,명일동,시앤디아파트,6,13752113,747500000,54.5,2025,2026
서울,강동구,명일동,신동아,48,17786629,1900000000,112.9,1986,2026
서울,강동구,명일동,에스엠해그린,1,8749113,740000000,84.6,2004,2026
서울,강동구,명일동,우성101동,8,10027068,851000000,85.0,2004,2026
서울,강동구,명일동,우성102동,4,10593906,880000000,85.0,2004,2026
서울,강동구,명일동,우성103동,2,8829202,745000000,84.4,2004,2025
서울,강동구,명일동,중앙,5,9427292,800000000,84.9,2001,2026
서울,강동구,명일동,태천해오름101동,2,8555277,682500000,79.6,2004,2025
서울,강동구,명일동,태천해오름103동,1,7921185,599000000,75.6,2004,2025
서울,강동구,명일동,한강훼미리,3,7836436,665000000,84.9,2004,2025
서울,강동구,명일동,한양,40,18118808,1800000000,106.6,1986,2026
서울,강동구,명일동,해밀,2,9461200,648500000,68.6,2007,2026
서울,강동구,명일동,현대(고덕),43,16134731,1835000000,131.8,1986,2026
서울,강동구,명일동,현대(명일),37,13049571,900000000,57.1,1988,2026
서울,강동구,명일동,형인허브빌,8,10427239,883500000,84.2,2002,2026
서울,강동구,상일동,강동리엔파크14단지,47,17508553,890000000,49.7,2021,2026
서울,강동구,상일동,고덕롯데캐슬베네루체,210,20018134,1550000000,84.5,2019,2026
서울,강동구,상일동,고덕리엔파크3단지,62,13894619,1153750000,84.9,2011,2026
서울,강동구,상일동,고덕센트럴IPARK,189,21654702,1600000000,74.9,2019,2026
서울,강동구,상일동,고덕숲아이파크,76,19446081,1450000000,84.8,2018,2026
서울,강동구,상일동,고덕아르테스미소지움,11,22511256,1410000000,60.0,2022,2026
서울,강동구,상일동,고덕아르테온,366,23657886,1800000000,84.9,2020,2026
서울,강동구,상일동,고덕자이,153,21990206,1600000000,84.4,2021,2026
서울,강동구,상일동,동아,29,9232068,579000000,59.2,1997,2026
서울,강동구,상일동,중앙하이츠,66,13304972,927500000,72.1,1992,2026
서울,강동구,성내동,LIGA,3,9951714,845000000,84.9,2008,2026
서울,강동구,성내동,강동네스빌,4,9529652,233000000,26.8,2002,2026
서울,강동구,성내동,건영아모리움,1,10886616,127000000,11.7,2017,2026
서울,강동구,성내동,경보그레이스힐,5,9889715,797000000,83.4,2002,2026
서울,강동구,성내동,광남캐스빌(435-7),1,7294976,620000000,85.0,2003,2024
서울,강동구,성내동,광남캐스빌(443-26),3,11405445,660000000,61.7,2009,2026
서울,강동구,성내동,광남캐스빌(448-5),2,9546022,806000000,84.4,2001,2026
서울,강동구,성내동,광남캐스빌(510-1),2,7052943,545000000,77.3,2002,2026
서울,강동구,성내동,그란츠리버파크,6,24949738,1504500000,60.0,2025,2026
서울,강동구,성내동,금광포란재,4,11048861,1067500000,99.3,2007,2026
서울,강동구,성내동,노블네스트,3,8436546,940000000,111.4,2002,2025
서울,강동구,성내동,다성이즈빌,9,7789803,273500000,35.1,2014,2026
서울,강동구,성내동,다성이즈빌아파트,9,12668250,480000000,37.6,2016,2026
서울,강동구,성내동,대주그린빌,3,7454878,570000000,76.5,2003,2026
서울,강동구,성내동,동남1,2,8836391,742500000,84.0,2001,2025
서울,강동구,성내동,동남2,2,9736081,717500000,73.4,2002,2026
서울,강동구,성내동,동남드림빌,1,10179641,850000000,83.5,2006,2025
서울,강동구,성내동,동방,6,9081793,610000000,65.7,1995,2026
서울,강동구,성내동,동아1,10,10911701,850000000,84.9,1997,2026
서울,강동구,성내동,동아2,6,9570912,630000000,70.1,1996,2026
서울,강동구,성내동,동원,4,10350224,876250000,84.7,2002,2026
서울,강동구,성내동,동원2,1,9906312,645000000,65.1,2002,2024
서울,강동구,성내동,동일상가,1,6582713,690000000,104.8,1999,2026
서울,강동구,성내동,둔촌역아치스톤(101동),5,10948905,930000000,85.0,2010,2026
서울,강동구,성내동,둔촌역청구,29,14176117,995000000,60.0,1999,2026
서울,강동구,성내동,라움,4,7484000,460000000,67.8,2004,2026
서울,강동구,성내동,라움포레,17,14242526,829000000,59.1,2020,2026
서울,강동구,성내동,로얄,1,8985201,680000000,75.7,2003,2026
서울,강동구,성내동,메이저,3,8602404,730000000,84.9,2001,2025
서울,강동구,성내동,몽촌토성,2,9211002,1020000000,108.3,1993,2026
서울,강동구,성내동,미랜드프레임빌,4,7314905,930000000,127.6,2006,2025
서울,강동구,성내동,백룡도원,4,10771993,660000000,61.3,2001,2026
서울,강동구,성내동,비앤비(102동),1,8285985,700000000,84.5,2003,2026
서울,강동구,성내동,삼성파크타워,3,9649204,2085000000,216.1,1995,2026
서울,강동구,성내동,삼진,1,8562470,710000000,82.9,1995,2026
서울,강동구,성내동,새한올림픽,4,10423053,850000000,81.9,2001,2026
서울,강동구,성내동,샤인빌(A동),1,4730369,400000000,84.6,2003,2025
서울,강동구,성내동,샤인빌(B동),1,7384615,480000000,65.0,2003,2026
서울,강동구,성내동,선광,8,11315840,710000000,60.0,1997,2026
서울,강동구,성내동,성내1차e-편한세상,10,12032728,1052000000,84.4,2003,2025
서울,강동구,성내동,성내2차e-편한세상,15,12737351,1080000000,84.8,2004,2026
서울,강동구,성내동,성내3차e-편한세상,5,10447584,880000000,84.2,2004,2026
서울,강동구,성내동,성내동대성,2,11050703,935000000,84.6,2003,2026
서울,강동구,성내동,성내동삼성아파트,145,15698063,1230000000,59.9,1999,2026
서울,강동구,성내동,성내스테이,15,12935134,680000000,52.6,2018,2026
서울,강동구,성내동,성내웰빙시티,1,10955009,655000000,59.8,2018,2025
서울,강동구,성내동,성안마을청구,34,14433506,899000000,59.9,2002,2026
서울,강동구,성내동,센츄럴(438-6),1,7134050,405000000,56.8,2000,2025
서울,강동구,성내동,스위트빌(435-10),1,9071580,768000000,84.7,2001,2026
서울,강동구,성내동,신성,3,7892660,600000000,76.0,2004,2026
서울,강동구,성내동,신이모닝빌,5,10540572,730000000,73.9,2004,2026
서울,강동구,성내동,신일유토빌(603-0),4,11417673,895500000,78.6,2004,2026
서울,강동구,성내동,씨제이나인,8,9858307,825000000,84.0,2006,2026
서울,강동구,성내동,아이퍼스트빌,8,9002509,143500000,15.9,2012,2026
서울,강동구,성내동,에스아이팰리스센트럴성내,1,14387464,202000000,14.0,2021,2025
서울,강동구,성내동,에스케이허브진,51,9774548,329500000,33.7,2004,2026
서울,강동구,성내동,영진파크빌(437-26),1,7868383,660000000,83.9,2005,2025
서울,강동구,성내동,영풍마드레빌,12,12027849,912500000,80.3,2002,2026
서울,강동구,성내동,오륜하이츠,3,7282984,865000000,118.8,2002,2026
서울,강동구,성내동,올림픽파크한양수자인,44,19257938,1515000000,84.9,2016,2026
서울,강동구,성내동,올림픽파크힐,1,9291357,788000000,84.8,2005,2026
서울,강동구,성내동,용명브릿지2차,1,5732084,483100000,84.3,2006,2026
서울,강동구,성내동,우림루미아트,8,9806937,830000000,84.5,2004,2026
서울,강동구,성내동,우성(102동),4,8446170,700000000,82.7,2004,2026
서울,강동구,성내동,우성(104동),2,8583707,660000000,77.5,2005,2026
서울,강동구,성내동,운암화인빌102,2,10527263,585000000,55.6,2006,2026
서울,강동구,성내동,원다빌2,7,8932559,700000000,83.3,2002,2026
서울,강동구,성내동,이안강동,1,9978819,848000000,85.0,2006,2025
서울,강동구,성내동,일심,3,8297771,700000000,84.5,2001,2026
서울,강동구,성내동,중명,4,9012489,572500000,70.8,1999,2026
서울,강동구,성내동,중앙하이츠,15,11522164,795000000,61.4,2001,2026
서울,강동구,성내동,집앤사베니아파트,1,12254491,730000000,59.6,2019,2025
서울,강동구,성내동,집앤사비디아파트,4,11966146,455000000,35.6,2019,2026
서울,강동구,성내동,집앤사비키아파트,3,10519012,758000000,72.1,2019,2025
서울,강동구,성내동,청구빌라트,2,8228055,2012500000,244.6,1999,2026
서울,강동구,성내동,코랜드빌리지,3,10143407,580000000,57.2,2001,2026
서울,강동구,성내동,코오롱(1차),26,13142095,877000000,60.0,1999,2026
서울,강동구,성내동,코오롱2,9,11080986,975000000,84.8,2002,2026
서울,강동구,성내동,태천해오름15차,1,9970326,840000000,84.2,2003,2025
서울,강동구,성내동,파라디아,5,11256386,1255000000,115.5,2010,2026
서울,강동구,성내동,파크프라자,8,9482999,757500000,91.0,2003,2026
서울,강동구,성내동,포레스(A동),1,9891389,765000000,77.3,2003,2025
서울,강동구,성내동,하나플러스,6,11192783,705000000,59.9,2003,2026
서울,강동구,성내동,하나플러스ll,5,11177786,950000000,85.0,2004,2025
서울,강동구,성내동,한강훼미리,4,7131846,605000000,84.7,2003,2026
서울,강동구,성내동,한솔브리즈,3,10128388,845000000,84.9,2002,2026
서울,강동구,성내동,한솔애리즈,3,7670522,650000000,84.7,2010,2026
서울,강동구,성내동,한솔애리즈1,7,9400401,798000000,84.9,2002,2026
서울,강동구,성내동,한솔애리즈2차,2,11986066,732500000,61.1,2003,2026
서울,강동구,성내동,한솔애리즈3차,2,8339227,707500000,84.8,2003,2025
서울,강동구,성내동,한솔애리즈501동,1,8560311,880000000,102.8,2004,2025
서울,강동구,성내동,한솔애리즈601동,1,10457285,885000000,84.6,2005,2026
서울,강동구,성내동,한양립스,4,7704785,95000000,12.3,2014,2026
서울,강동구,성내동,한영해시안아파트,7,13838730,889000000,64.2,2022,2026
서울,강동구,성내동,해가든,3,6613242,720000000,116.0,2004,2026
서울,강동구,성내동,해가든(454-1),3,10232614,860000000,83.0,2005,2026
서울,강동구,성내동,현대,29,13898248,990000000,59.4,1987,2026
서울,강동구,성내동,현대상가,1,6279279,697000000,111.0,1993,2026
서울,강동구,성내동,현대제이드,1,8169935,1950000000,238.7,1999,2025
서울,강동구,성내동,호암아펙스,2,9694977,822500000,84.8,2006,2026
서울,강동구,성내동,힐데스하임올림픽파크아파트,11,14218683,1009000000,77.9,2020,2026
서울,강동구,암사동,경지리버캐슬,1,9801862,1400000000,142.8,2003,2025
서울,강동구,암사동,내일쎄닛빌,2,7234771,687500000,95.3,2007,2025
서울,강동구,암사동,다성이즈빌,5,10332519,663000000,58.9,2016,2026
서울,강동구,암사동,다성이즈빌Ⅰ,2,7387200,627000000,84.9,2009,2026
서울,강동구,암사동,대송,3,8866216,620000000,69.6,2003,2026
서울,강동구,암사동,대원,5,8263773,635000000,59.9,1998,2026
서울,강동구,암사동,대은팰리스뷰(101),2,8480565,720000000,84.9,2007,2026
서울,강동구,암사동,대은팰리스뷰(102),3,8480565,720000000,84.9,2007,2026
서울,강동구,암사동,동양넥스빌,2,10691081,640000000,59.9,1999,2026
서울,강동구,암사동,동원베네스트,9,10020040,849000000,84.8,2002,2026
서울,강동구,암사동,라움(492-45),1,9461857,640000000,67.6,2006,2026
서울,강동구,암사동,롯데캐슬퍼스트,333,18076998,1630000000,85.0,2008,2026
서울,강동구,암사동,리치,1,7218286,540000000,74.8,2007,2026
서울,강동구,암사동,메이저(474-21),4,7926113,665000000,83.9,2002,2026
서울,강동구,암사동,삼성광나루,55,16039627,1300000000,84.8,2002,2026
서울,강동구,암사동,선사현대아파트,360,17562841,1245000000,59.6,2000,2026
서울,강동구,암사동,신동아빌라트,1,4885795,800000000,163.7,1994,2024
서울,강동구,암사동,암사e편한세상,20,11385032,967500000,85.0,2005,2026
서울,강동구,암사동,암사동한솔,21,11684173,1030000000,84.7,2002,2026
서울,강동구,암사동,암사라인,14,10015318,650000000,59.3,1996,2026
서울,강동구,암사동,양지벨로스,2,7991148,650000000,81.3,2004,2026
서울,강동구,암사동,에스엠해그린,4,8926410,737500000,82.4,2004,2026
서울,강동구,암사동,영진해가든(2동),1,8833507,677000000,76.6,2004,2025
서울,강동구,암사동,우암쎈스뷰,5,8908613,677500000,76.0,2003,2026
서울,강동구,암사동,정산(102동),2,9889715,825000000,83.4,2001,2026
서울,강동구,암사동,정산(103동),1,6213063,820000000,132.0,2002,2025
서울,강동구,암사동,중앙하이츠,12,10063844,599000000,59.5,1998,2026
서울,강동구,암사동,풍천,1,6979063,630000000,90.3,2003,2025
서울,강동구,암사동,프라이어팰리스,183,17088175,1450000000,85.0,2007,2026
서울,강동구,암사동,한강리치팰리스,2,10208241,847750000,83.2,2010,2026
서울,강동구,암사동,한강포스파크,14,12027278,1100000000,80.6,2002,2026
서울,강동구,암사동,한강현대,50,14310107,1096500000,71.9,1999,2026
서울,강동구,암사동,한건,2,11820944,995000000,84.1,2001,2026
서울,강동구,암사동,한건브리앙,3,9450639,695000000,73.5,2004,2026
서울,강동구,암사동,한솔솔파크,14,14312640,1215000000,85.0,2009,2026
서울,강동구,암사동,한양그린,1,6586250,890000000,135.1,1992,2026
서울,강동구,암사동,현대홈타운,54,16945164,1330000000,85.0,2004,2026
서울,강동구,암사동,효정하나플러스,4,7625814,644000000,84.4,2003,2025
서울,강동구,암사동,힐스테이트 강동 리버뷰,46,16471553,1375000000,85.0,2019,2026
서울,강동구,천호동,SM이로빌아파트,2,8198655,695000000,84.8,2004,2025
서울,강동구,천호동,강동밀레니얼중흥S-클래스,11,18941194,1136000000,60.0,2024,2026
서울,강동구,천호동,강동상떼빌,14,9612409,1015000000,113.9,2007,2026
서울,강동구,천호동,강동역두산위브센티움,24,11916278,714500000,60.0,2004,2026
서울,강동구,천호동,강동역신동아파밀리에,38,12683649,1275000000,101.2,2015,2026
서울,강동구,천호동,강동이루미아파트,5,8603418,730000000,84.8,2005,2025
서울,강동구,천호동,강동파크빌,1,12716328,845000000,66.4,2003,2026
서울,강동구,천호동,강변그대가갤럭시,10,16148959,1512500000,85.0,2009,2026
서울,강동구,천호동,강변그대가리버뷰,20,16296035,1385000000,85.0,2007,2026
서울,강동구,천호동,고려아파트(A동),1,10987883,535000000,48.7,2000,2026
서울,강동구,천호동,고려아파트(B동),2,7337068,537000000,73.2,2000,2025
서울,강동구,천호동,고려아파트(C동),2,8607295,597500000,70.5,2001,2026
서울,강동구,천호동,고려아파트(D동),3,7292896,661000000,84.7,2002,2025
서울,강동구,천호동,골드하임(101동),5,7750999,640000000,85.0,2005,2026
서울,강동구,천호동,골드하임(102동),2,7796523,657500000,84.3,2005,2026
서울,강동구,천호동,광남벨라스2차아파트,3,7065473,600000000,84.9,2004,2025
서울,강동구,천호동,광남벨라스2차아파트(53-32),1,6030236,710000000,117.7,2004,2025
서울,강동구,천호동,광남벨라스643V(50-32),4,6698790,750000000,123.6,2003,2026
서울,강동구,천호동,광남벨라스643V(50-7),2,6853840,675000000,97.8,2003,2026
서울,강동구,천호동,광남캐스빌아파트,2,8898665,721500000,81.1,2003,2025
서울,강동구,천호동,금호아파트,26,12495473,345000000,27.6,1987,2026
서울,강동구,천호동,늘푸른아파트,4,8023115,597000000,74.4,2006,2026
서울,강동구,천호동,다성시티아파트,7,8998342,760000000,84.5,2003,2026
서울,강동구,천호동,다성씨티아파트,5,8028098,647000000,79.7,2002,2026
서울,강동구,천호동,다성씨티아파트(340-6),1,7557243,637000000,84.3,2002,2026
서울,강동구,천호동,다성이즈빌(121-32),1,8203025,320000000,39.0,2017,2025
서울,강동구,천호동,다성이즈빌(320),11,12244898,680000000,57.4,2017,2025
서울,강동구,천호동,다성이즈빌아파트(55-25),7,8240141,740000000,85.0,2006,2026
서울,강동구,천호동,대명사이버아파트,14,9037315,633500000,72.2,2001,2026
서울,강동구,천호동,대명에버빌아파트,1,7062978,600000000,85.0,2004,2025
서울,강동구,천호동,대우한강베네시티,22,10032278,1150000000,114.6,2007,2026
서울,강동구,천호동,동구햇살아파트,5,8947541,775000000,84.8,2002,2026
서울,강동구,천호동,동성아파트,1,6525866,550000000,84.3,2002,2024
서울,강동구,천호동,동아코아아파트,6,9313490,840000000,93.0,1997,2026
서울,강동구,천호동,동아하이빌아파트,48,11670557,815000000,85.0,2000,2026
서울,강동구,천호동,두산위브센티움,24,5267991,166500000,31.4,2004,2026
서울,강동구,천호동,래미안강동팰리스,133,20173391,1500000000,85.0,2017,2026
서울,강동구,천호동,로뎀,1,8830802,750000000,84.9,2003,2026
서울,강동구,천호동,미사아름채아파트,4,15890727,206500000,13.0,2020,2026
서울,강동구,천호동,베네캐슬,1,7722701,645000000,83.5,2011,2025
서울,강동구,천호동,베스트빌,1,7610619,645000000,84.8,2002,2026
서울,강동구,천호동,보람아파트,1,8338297,700000000,84.0,2005,2024
서울,강동구,천호동,부강아파트,1,7389105,628000000,85.0,2006,2025
서울,강동구,천호동,브라운스톤암사아파트,10,12710368,1080000000,85.0,2005,2026
서울,강동구,천호동,삼익아파트,14,12123746,754500000,59.8,1997,2026
서울,강동구,천호동,새롬트윈스아파트(B동),1,7270560,549000000,75.5,2003,2025
서울,강동구,천호동,성원아파트,13,9500000,690000000,83.2,1998,2026
서울,강동구,천호동,성인아파트,3,6967005,549000000,78.8,2002,2026
서울,강동구,천호동,시티빌아파트,2,7908040,650000000,82.2,2006,2026
서울,강동구,천호동,신동양빛여울아파트,4,7737862,495000000,63.6,2003,2026
서울,강동구,천호동,신주아파트(101동),1,8672566,735000000,84.8,2002,2026
서울,강동구,천호동,썬팰리스아파트,3,8302692,700000000,84.3,2010,2026
서울,강동구,천호동,아스하임,12,15100932,194500000,12.9,2021,2025
서울,강동구,천호동,아크로파크,3,5915101,680000000,115.0,2004,2026
서울,강동구,천호동,엘림스퀘어II,11,8866995,150000000,17.1,2019,2026
서울,강동구,천호동,용명브릿지아파트,2,8580022,620000000,72.3,2005,2026
서울,강동구,천호동,우성,119,13608087,920000000,64.5,1985,2026
서울,강동구,천호동,우정아파트,9,9203248,660000000,67.4,1996,2026
서울,강동구,천호동,우정에쉐르(101동),4,8800126,580000000,72.1,2004,2026
서울,강동구,천호동,우정에쉐르(102동),2,8202252,592000000,73.0,2004,2026
서울,강동구,천호동,유원아파트,17,11387900,795000000,56.0,1997,2026
서울,강동구,천호동,율전에버그린아파트,2,7824209,616000000,78.7,2005,2026
서울,강동구,천호동,이연아마빌레(293-8),3,4607315,650000000,141.1,2004,2026
서울,강동구,천호동,장방아파트,2,7305773,615000000,84.2,2003,2026
서울,강동구,천호동,제일아파트,3,11340894,680000000,60.0,1995,2026
서울,강동구,천호동,중앙하이츠,14,11528822,777500000,59.8,1998,2026
서울,강동구,천호동,즈믄촌,2,6380332,538500000,84.4,2002,2025
서울,강동구,천호동,지원G델타아파트,2,7624113,645000000,84.6,2004,2026
서울,강동구,천호동,진넥스빌Ⅲ,4,9848485,724000000,73.3,2003,2026
서울,강동구,천호동,집앤사스윗사이드아파트,2,13801712,193500000,14.0,2019,2026
서울,강동구,천호동,창대캐슬,1,12973610,880000000,67.8,2003,2026
서울,강동구,천호동,천호1차우림루미아트,11,8959503,748000000,84.7,2004,2026
서울,강동구,천호동,천호2차우림루미아트,5,8767800,745000000,84.7,2004,2026
서울,강동구,천호동,천호2차이룸아파트,2,8680348,727500000,83.8,2004,2026
서울,강동구,천호동,천호KNP아파트,1,7072136,600000000,84.8,2004,2025
서울,강동구,천호동,천호e-편한세상,14,12007063,1031000000,85.0,2005,2026
서울,강동구,천호동,천호네스빌,3,6896552,270000000,39.2,2003,2026
서울,강동구,천호동,천호동1차예전이룸아파트,6,8100664,667500000,83.9,2004,2026
서울,강동구,천호동,천호동삼성아파트,51,12779820,930000000,59.9,1997,2026
서울,강동구,천호동,천호롯데아파트,15,10501750,665000000,60.0,1999,2026
서울,강동구,천호동,천호엘크루,6,8948112,1267500000,141.6,2008,2026
서울,강동구,천호동,천호역마에스트로,9,20930052,695500000,33.2,2025,2026
서울,강동구,천호동,천호태영아파트,42,12882893,1062500000,84.9,1999,2026
서울,강동구,천호동,태천와이드빌,3,7079646,600000000,84.8,2000,2026
서울,강동구,천호동,태천해오름아파트,1,8226496,693000000,84.2,2002,2025
서울,강동구,천호동,평대미진아파트,1,8913715,750000000,84.1,2003,2026
서울,강동구,천호동,평대보민아파트,2,8186948,529000000,64.7,2003,2025
서울,강동구,천호동,하이브2,6,10473856,152500000,14.4,2013,2026
서울,강동구,천호동,한건브리앙아파트,5,11644375,740000000,63.2,2004,2026
서울,강동구,천호동,한신아파트,26,9920499,580000000,58.1,1991,2026
서울,강동구,천호동,현대아파트,24,13763167,750000000,60.8,1990,2026
서울,강동구,천호동,현대코아아파트,22,9887066,777500000,80.0,1999,2026
서울,강동구,천호동,현진리버파크,10,14408512,315000000,23.2,2017,2026
서울,강동구,천호동,현진에스페랑스,1,11666933,730000000,62.6,2004,2025
서울,강동구,천호동,형인허브빌,6,8724677,659000000,75.3,2008,2026
서울,강동구,천호동,힐데스하임천호아파트,10,16648743,1315000000,85.0,2023,2026
서울,강북구,도봉동,현대성우,2,5859699,494500000,84.4,1998,2025
서울,강북구,미아동,경남아너스빌,12,8834634,702500000,83.4,2008,2026
서울,강북구,미아동,경남아너스빌(1356-0),74,8866188,762500000,84.9,2003,2026
서울,강북구,미아동,그린힐빌라트,2,5457391,950000000,173.7,1995,2026
서울,강북구,미아동,꿈의숲롯데캐슬,48,10902565,900000000,85.0,2017,2026
서울,강북구,미아동,꿈의숲한신더휴,26,11668728,780000000,60.0,2022,2026
서울,강북구,미아동,꿈의숲해링턴플레이스,125,12109679,887000000,84.7,2019,2026
서울,강북구,미아동,동아하이빌14차,1,6452628,410000000,63.5,2003,2026
서울,강북구,미아동,두산위브트레지움,147,10792044,835000000,85.0,2011,2026
서울,강북구,미아동,두원프라자,4,5529221,582500000,109.6,1996,2025
서울,강북구,미아동,래미안트리베라1단지,100,11996644,895500000,85.0,2010,2026
서울,강북구,미아동,미아1차래미안,16,10460940,710000000,59.9,2006,2026
서울,강북구,미아동,미아동부센트레빌,61,12841895,897000000,60.0,2006,2026
서울,강북구,미아동,미아신구,7,6124853,520000000,84.9,2000,2026
서울,강북구,미아동,미아한일유앤아이,26,8426767,728500000,84.6,2002,2026
서울,강북구,미아동,벽산라이브파크,192,8833333,610000000,60.0,2004,2026
서울,강북구,미아동,북서울자이폴라리스(1단지),3,15012510,900000000,60.0,2024,2025
서울,강북구,미아동,북서울자이폴라리스(2단지),3,13361612,1105000000,84.9,2024,2026
서울,강북구,미아동,삼각산아이원,175,8677174,725000000,84.7,2003,2026
서울,강북구,미아동,삼성래미안트리베라2단지,157,12074773,895000000,84.2,2010,2026
서울,강북구,미아동,성북프라자,14,7011285,481500000,68.7,2009,2026
서울,강북구,미아동,송천센트레빌,41,13959009,1000000000,84.9,2010,2026
서울,강북구,미아동,스카이빌(8-87),1,2981007,350000000,117.4,2003,2025
서울,강북구,미아동,신일,1,7734412,650000000,84.0,2003,2026
서울,강북구,미아동,신일해피트리,2,7578834,634500000,83.7,2006,2026
서울,강북구,미아동,에스케이북한산시티,455,9137565,690000000,84.8,2004,2026
서울,강북구,미아동,요진,5,6599882,510000000,84.8,2005,2026
서울,강북구,미아동,월드,1,5005269,190000000,38.0,2002,2026
서울,강북구,미아동,이너스내안에,5,7645015,572000000,74.8,2013,2026
서울,강북구,미아동,인성,1,7218553,470000000,65.1,2004,2026
서울,강북구,미아동,젬스톤타운,1,6402868,500000000,78.1,2006,2025
서울,강북구,미아동,태솔,1,6892151,540000000,78.4,2004,2025
서울,강북구,미아동,푸르지오시티,33,7239421,135000000,18.6,2014,2026
서울,강북구,미아동,한일,1,7137064,440000000,61.6,1990,2026
서울,강북구,미아동,한화포레나미아,2,14725767,840000000,57.0,2025,2026
서울,강북구,미아동,헤리움,2,13509215,440000000,32.9,2024,2025
서울,강북구,미아동,현대(190-2),17,7655164,650000000,84.9,1992,2026
서울,강북구,미아동,현대성우,15,7570496,588000000,84.9,1998,2026
서울,강북구,번동,기산그린,23,6673340,408000000,59.9,2000,2026
서울,강북구,번동,꿈의숲수림채,1,4481793,480000000,107.1,2006,2025
서울,강북구,번동,다우(459-63),1,4943333,205000000,41.5,2003,2025
서울,강북구,번동,더조은홈,2,5651045,457000000,80.9,2010,2025
서울,강북구,번동,동문,10,8509390,555000000,59.6,1998,2026
서울,강북구,번동,번동금호어울림,19,7067138,475000000,59.4,1998,2026
서울,강북구,번동,번동솔그린,36,7129723,467500000,59.8,1999,2026
서울,강북구,번동,번동완성주상복합아파트,1,4951158,370000000,74.7,1997,2025
서울,강북구,번동,번동한양아파트,10,6537144,553500000,84.7,1992,2026
서울,강북구,번동,삼성,16,8365401,520000000,59.8,1998,2026
서울,강북구,번동,센트로힐,3,7008431,510000000,72.8,2015,2026
서울,강북구,번동,수유역두산위브1,14,8824474,750000000,85.0,2009,2026
서울,강북구,번동,수유역두산위브2,5,8848006,752000000,85.0,2009,2026
서울,강북구,번동,스카이캐슬,7,13001383,199500000,15.0,2021,2026
서울,강북구,번동,신원,18,6826241,495500000,72.3,2000,2026
서울,강북구,번동,쌍용,6,6731732,408500000,59.9,1997,2025
서울,강북구,번동,오동공원현대,13,7081910,620000000,84.8,2001,2026
서울,강북구,번동,장원(101),5,5344585,380000000,71.1,2001,2025
서울,강북구,번동,장원(503),1,5370007,410000000,76.4,2001,2025
서울,강북구,번동,주공1단지,129,10605327,520000000,49.9,1991,2026
서울,강북구,번동,주공4단지,54,8469857,456500000,49.9,1991,2026
서울,강북구,번동,한솔솔파크,17,7657870,650000000,84.9,2005,2026
서울,강북구,번동,한진,14,7868713,480000000,59.9,2000,2026
서울,강북구,번동,해모로아파트,31,7417874,593000000,84.9,2003,2026
서울,강북구,번동,현대(148-494),6,5535925,470000000,84.9,1997,2026
서울,강북구,번동,현대꿈에그린,1,4724781,400000000,84.7,2001,2025
서울,강북구,번동,효성네오인텔리안,11,7459536,530000000,71.0,2005,2026
서울,강북구,번동,훼밀리힐,2,5324544,315000000,59.2,1996,2026
서울,강북구,수유동,FIRSTVIEW,7,6429652,340000000,52.9,2010,2026
서울,강북구,수유동,JKapartment,4,6920666,324000000,49.6,2020,2026
서울,강북구,수유동,궁전,1,5182137,340000000,65.6,2003,2025
서울,강북구,수유동,극동,27,6236028,530000000,85.0,1992,2026
서울,강북구,수유동,다경하이빌,1,4966460,385000000,77.5,2008,2026
서울,강북구,수유동,대림(수유),1,6126356,480000000,78.4,1994,2026
서울,강북구,수유동,대성월드빌,1,2759740,85000000,30.8,2002,2025
서울,강북구,수유동,대원쉐르빌(47-13),3,7558140,390000000,51.6,2017,2025
서울,강북구,수유동,래미안수유,39,8976286,595000000,59.9,2001,2026
서울,강북구,수유동,백두골드,1,4757562,313000000,65.8,2003,2026
서울,강북구,수유동,부강쉐르빌,3,4392892,240000000,54.7,2002,2026
서울,강북구,수유동,북한산네이처파크,4,7336984,385000000,54.8,2015,2026
서울,강북구,수유동,북한산스카이뷰아파트,9,6424925,405000000,59.8,2020,2026
서울,강북구,수유동,삼성빌리지(223-14),1,3503675,205000000,58.5,2001,2025
서울,강북구,수유동,성덕,1,6040375,380000000,62.9,2003,2025
서울,강북구,수유동,세영,1,5212510,260000000,49.9,2008,2025
서울,강북구,수유동,수유다우아트리체,11,8411844,124000000,14.9,2018,2025
서울,강북구,수유동,수유벽산1차,88,7996237,650000000,84.9,1993,2026
서울,강북구,수유동,수유벽산2차,8,6367985,600000000,99.2,1994,2026
서울,강북구,수유동,수유삼호,4,6713212,500000000,74.5,1998,2026
서울,강북구,수유동,수유시그니티,11,11089385,417000000,35.8,2023,2026
서울,강북구,수유동,수유아름채,26,12560386,256000000,20.4,2025,2026
서울,강북구,수유동,수유역하이씨티,12,6658345,80500000,12.0,2014,2026
서울,강북구,수유동,수유프리미어엠,15,6210526,114000000,19.0,2016,2026
서울,강북구,수유동,수유현대,11,7099752,460000000,59.8,2000,2026
서울,강북구,수유동,썬힐하우스,1,3306468,160000000,48.4,2002,2026
서울,강북구,수유동,어반레프대원,1,9794507,510000000,52.1,2023,2026
서울,강북구,수유동,영남,5,5123675,435000000,84.9,1997,2026
서울,강북구,수유동,예도팔라티움,7,11135857,149000000,13.0,2020,2026
서울,강북구,수유동,은석,1,5079723,360000000,70.9,2003,2026
서울,강북구,수유동,진명,1,4385965,385000000,87.8,2004,2026
서울,강북구,수유동,진안골드밸리,1,4450007,640000000,143.8,2001,2026
서울,강북구,수유동,청솔(269-25),2,4825580,235000000,50.2,2009,2026
서울,강북구,수유동,칸타빌수유팰리스,4,10924984,316000000,25.5,2022,2026
서울,강북구,수유동,태솔캡슬,2,6177841,305000000,49.4,2012,2025
서울,강북구,수유동,태솔타워,1,6559767,450000000,68.6,2010,2026
서울,강북구,수유동,포엠빌,5,5727947,538000000,100.4,2008,2026
서울,강북구,수유동,프롬하우징,20,8341826,333000000,40.6,2025,2025
서울,강북구,수유동,한솔힐스빌,5,4095620,245000000,59.8,2000,2025
서울,강북구,수유동,한원힐트리움수유,14,9218693,252500000,27.4,2020,2026
서울,강북구,수유동,형인휴아름,5,6985236,585000000,83.0,2013,2026
서울,강북구,수유동,화계맨숀,4,2799419,157500000,56.2,1975,2025
서울,강북구,수유동,훼밀리,2,3584097,230000000,64.9,2003,2025
서울,강북구,우이동,다인플레움,5,3746441,250000000,66.7,2004,2026
서울,강북구,우이동,대우,18,7300130,602500000,84.9,2000,2026
서울,강북구,우이동,북한산굿모닝,2,4954317,385000000,77.7,2003,2025
서울,강북구,우이동,북한산노블리스빌,2,3022453,700000000,231.6,2001,2025
서울,강북구,우이동,성원그린(103동),2,5278990,447500000,84.8,1995,2025
서울,강북구,우이동,성원상떼빌,15,5648388,480000000,85.0,1990,2026
서울,강서구,가양동,가양1차보람더하임,7,12038040,880000000,83.1,2006,2026
서울,강서구,가양동,가양2단지(성지),222,15668004,665000000,39.6,1992,2026
서울,강서구,가양동,가양6단지,211,17045455,840000000,49.5,1992,2026
서울,강서구,가양동,가양강나루현대,74,14827018,955000000,59.8,1999,2026
서울,강서구,가양동,가양도시개발9-2단지,156,15151515,639000000,39.6,1993,2026
서울,강서구,가양동,가양우성,45,11311417,952500000,84.8,1990,2026
서울,강서구,가양동,강나루2현대,9,12295564,970000000,84.8,2001,2026
서울,강서구,가양동,강변,235,16414141,639000000,39.6,1992,2026
서울,강서구,가양동,강서한강월드메르디앙,12,11866902,1007500000,84.9,2006,2026
서울,강서구,가양동,강서한강자이,64,17240229,1500000000,85.0,2013,2026
서울,강서구,가양동,대림경동아파트,42,10197869,1340000000,131.4,1993,2026
서울,강서구,가양동,동신대아,31,10934589,1340000000,134.9,1993,2026
서울,강서구,가양동,디아이빌101동,2,7626311,640000000,83.9,2006,2026
서울,강서구,가양동,마곡보타닉,2,10401000,618500000,59.5,2019,2026
서울,강서구,가양동,보광드림타운,3,6913055,780000000,112.8,2003,2026
서울,강서구,가양동,빛고을우방,15,12589628,870000000,60.0,1999,2026
서울,강서구,가양동,일신건영휴먼빌,18,12165980,929000000,85.0,2004,2026
서울,강서구,가양동,중앙하이츠,11,9553609,1145000000,119.8,1999,2026
서울,강서구,가양동,한강타운,50,13866337,1178500000,85.0,1993,2026
서울,강서구,가양동,한보구암마을,58,12289675,755000000,59.7,1999,2026
서울,강서구,가양동,향교,1,5624297,300000000,53.3,2003,2025
서울,강서구,공항동,공항동부센트레빌,24,10354769,834500000,85.0,2009,2026
서울,강서구,공항동,더트루엘마곡HQ,95,13325250,644000000,48.3,2024,2026
서울,강서구,공항동,송정제이빌101동,2,5226769,525000000,100.0,2003,2026
서울,강서구,공항동,송정제이빌102동,2,6773724,539000000,79.6,2003,2026
서울,강서구,공항동,스카이,7,6058962,480000000,82.1,2000,2026
서울,강서구,공항동,청성스카이,1,4204441,640000000,152.2,2004,2025
서울,강서구,공항동,해태,10,9253121,725000000,84.3,2000,2026
서울,강서구,내발산동,A.G.S.드림,2,6066814,385000000,63.5,2003,2026
서울,강서구,내발산동,강서월드메르디앙,21,10248014,900000000,84.9,2006,2026
서울,강서구,내발산동,강성레스트빌아파트,1,7880890,668000000,84.8,2005,2026
서울,강서구,내발산동,광남캐스빌,1,7658772,650000000,84.9,2004,2025
서울,강서구,내발산동,광성금강,3,10478070,620000000,59.2,2001,2025
서울,강서구,내발산동,그린씨티,2,8099129,685000000,84.6,2004,2026
서울,강서구,내발산동,길성그랑프리텔,15,9730557,795000000,85.0,2003,2026
서울,강서구,내발산동,낙원연립재건축조합아파트,5,7790166,545000000,70.0,2001,2026
서울,강서구,내발산동,내발산우신웨스트빌,2,8455795,713500000,84.4,2005,2026
서울,강서구,내발산동,내츄럴1차,3,7768362,560000000,70.8,2004,2026
서울,강서구,내발산동,내츄럴2차,2,6384939,583750000,90.8,2004,2026
서울,강서구,내발산동,내츄럴아파트3차,3,8177433,695000000,85.0,2006,2026
서울,강서구,내발산동,다울,1,6972929,510000000,73.1,2004,2026
서울,강서구,내발산동,다울아크로빌,1,6889425,1000000000,145.2,2003,2026
서울,강서구,내발산동,덕현중앙타워빌,1,7658488,540000000,70.5,2003,2026
서울,강서구,내발산동,롯데1차,8,9940770,854000000,84.5,2002,2026
서울,강서구,내발산동,롯데2,9,10034471,850000000,84.7,2003,2026
서울,강서구,내발산동,마곡수명산파크1단지,42,13456761,1137500000,84.7,2007,2026
서울,강서구,내발산동,마곡수명산파크2단지,34,14656356,1240000000,84.7,2007,2026
서울,강서구,내발산동,마곡수명산파크3단지,28,13518126,1148500000,84.9,2007,2026
서울,강서구,내발산동,마곡수명산파크4단지,78,14722594,970000000,59.8,2008,2026
서울,강서구,내발산동,마곡수명산파크5단지,67,14949056,895000000,59.8,2008,2026
서울,강서구,내발산동,마곡수명산파크6단지,19,12281530,1040000000,84.7,2007,2026
서울,강서구,내발산동,마곡수명산파크7단지,40,10413011,882500000,84.7,2008,2026
서울,강서구,내발산동,마곡에이치밸리움,3,13213120,680000000,51.5,2023,2026
서울,강서구,내발산동,명진에버그린,1,7006594,595000000,84.9,2003,2026
서울,강서구,내발산동,문국,3,6751502,600000000,84.9,1998,2026
서울,강서구,내발산동,보람,6,9565923,784000000,84.0,2001,2026
서울,강서구,내발산동,보람하이빌,3,6604552,560000000,83.6,2001,2025
서울,강서구,내발산동,삼대,1,6829729,578000000,84.6,2000,2026
서울,강서구,내발산동,새신아,1,6541078,500000000,76.4,1996,2026
서울,강서구,내발산동,센터스퀘어발산,96,16538809,365500000,22.2,2025,2025
서울,강서구,내발산동,수명산태송팰리채,4,7680840,592500000,77.1,2008,2026
서울,강서구,내발산동,수산오성,7,9300683,760000000,84.9,2002,2026
서울,강서구,내발산동,신세계,1,7026045,580000000,82.6,2003,2025
서울,강서구,내발산동,신세계(697-5),1,8638151,725000000,83.9,2001,2024
서울,강서구,내발산동,신세계3차101동,1,8601086,730000000,84.9,2003,2026
서울,강서구,내발산동,신세계4차,2,8327691,615000000,73.8,2004,2026
서울,강서구,내발산동,신세계5차,2,8564024,727000000,84.9,2005,2026
서울,강서구,내발산동,예스빌,2,6101896,515000000,84.4,2003,2025
서울,강서구,내발산동,우장산동문디이스트,6,12022153,890000000,74.0,2023,2026
서울,강서구,내발산동,우장산신일해피트리,5,11603376,500000000,43.6,2023,2025
서울,강서구,내발산동,우장산월드메르디앙,10,9932195,838750000,84.4,2005,2026
서울,강서구,내발산동,우장산타워빌,12,8481087,717500000,84.6,2002,2026
서울,강서구,내발산동,우장산태승훼미리,2,7115910,547000000,76.9,2002,2026
서울,강서구,내발산동,우장산힐스테이트,178,18490552,1407500000,85.0,2005,2026
서울,강서구,내발산동,원다벨라빌,3,7617669,640000000,84.0,2001,2026
서울,강서구,내발산동,원당,2,5719068,410000000,71.7,2002,2025
서울,강서구,내발산동,유니드,6,8502245,619000000,73.5,2005,2025
서울,강서구,내발산동,이너스101동,3,6371681,540000000,84.8,2003,2026
서울,강서구,내발산동,이너스102동,4,6303598,535000000,84.9,2003,2026
서울,강서구,내발산동,제이월드에메랄드,1,5929791,500000000,84.3,2002,2025
서울,강서구,내발산동,쥴리앙,1,7134703,500000000,70.1,2007,2026
서울,강서구,내발산동,진한연립,1,7186040,523000000,72.8,2004,2025
서울,강서구,내발산동,천우네오젠,1,8429616,715000000,84.8,2009,2026
서울,강서구,내발산동,천우네오젠(693),1,5629548,820000000,145.7,2006,2025
서울,강서구,내발산동,천우네오젠5차,3,7796995,550000000,70.5,2007,2026
서울,강서구,내발산동,천우네오젠6차,1,6978409,585000000,83.8,2007,2024
서울,강서구,내발산동,천우네오젠아파트,1,7561210,630000000,83.3,2006,2026
서울,강서구,내발산동,천우명덕,2,7887921,670000000,84.9,2004,2026
서울,강서구,내발산동,천우캐슬,1,3941513,372000000,94.4,2003,2026
서울,강서구,내발산동,청솔101동,1,8008688,677000000,84.5,2001,2025
서울,강서구,내발산동,청솔102동,2,5104315,624955000,122.2,1997,2025
서울,강서구,내발산동,청솔샤르망1001동,4,8245250,699000000,84.7,2004,2026
서울,강서구,내발산동,청솔샤르망1003동,1,8867009,750000000,84.6,2005,2025
서울,강서구,내발산동,청솔샤르망1004동,3,8990891,760000000,84.5,2005,2026
서울,강서구,내발산동,청솔수(711-6),5,9302873,790000000,84.9,2007,2026
서울,강서구,내발산동,청솔숲속마을101동,2,10283566,848750000,82.7,2006,2026
서울,강서구,내발산동,청솔숲속마을102동,6,11413748,704000000,61.7,2007,2026
서울,강서구,내발산동,청솔파인힐(736-0),1,6497342,550000000,84.6,2005,2026
서울,강서구,내발산동,청솔해오름,4,7320946,621250000,84.9,2005,2026
서울,강서구,내발산동,타워힐101동,2,8479617,720000000,84.9,2002,2025
서울,강서구,내발산동,태승훼미리,1,9388829,785000000,83.6,2004,2025
서울,강서구,내발산동,태승훼미리2,8,8487563,772500000,86.3,2004,2026
서울,강서구,내발산동,태승훼미리3차,3,8085207,687000000,85.0,2004,2026
서울,강서구,내발산동,태승훼미리아파트5차,3,10549558,645000000,61.1,2010,2026
서울,강서구,내발산동,한서2차APT,1,7276507,560000000,77.0,2002,2026
서울,강서구,등촌동,가양역두산위브,33,15671891,940000000,60.0,2022,2026
서울,강서구,등촌동,계명위너스,2,8917631,262000000,29.4,2011,2025
서울,강서구,등촌동,나성,11,10196849,620000000,59.8,2003,2026
서울,강서구,등촌동,다울,5,8344740,695000000,83.3,2002,2026
서울,강서구,등촌동,대동황토방,19,11294628,890000000,59.9,2000,2026
서울,강서구,등촌동,대동황토방2,19,11367849,930000000,80.9,2003,2026
서울,강서구,등촌동,대림,40,11530981,1170500000,90.0,1995,2026
서울,강서구,등촌동,대림e편한세상,24,10740348,960000000,85.0,2002,2026
서울,강서구,등촌동,대림아르빌아파트,8,8662175,672500000,84.6,2002,2026
서울,강서구,등촌동,동성,41,9766392,1170000000,101.9,1995,2026
서울,강서구,등촌동,두보아파트,2,7774416,462500000,59.5,1991,2026
서울,강서구,등촌동,등마루,3,5879059,470000000,73.4,2003,2025
서울,강서구,등촌동,"등촌1,2단지주공아파트",80,15376344,648500000,41.8,1994,2026
서울,강서구,등촌동,등촌5차보람쉬움,2,9932918,844000000,85.0,2004,2025
서울,강서구,등촌동,등촌6차보람,4,9024484,689000000,78.0,2005,2025
서울,강서구,등촌동,"등촌7,8단지주공아파트",71,14575866,610000000,41.8,1994,2026
서울,강서구,등촌동,등촌동보람쉬움아파트,5,9821323,830000000,84.5,2003,2026
서울,강서구,등촌동,등촌동성원,1,5196122,820000000,157.8,1997,2026
서울,강서구,등촌동,등촌동아이파크,144,11471155,1187500000,85.0,2004,2026
서울,강서구,등촌동,등촌동현대2차,10,11005503,689000000,60.0,1997,2026
서울,강서구,등촌동,등촌라인(조합),38,12059756,763500000,59.9,1997,2026
서울,강서구,등촌동,등촌센트럴르씨엘,3,11804384,700000000,59.3,2026,2026
서울,강서구,등촌동,"등촌지와인아파트,비지니스센터",8,15179419,1015000000,59.6,2023,2026
서울,강서구,등촌동,등촌퀸즈포디엄삼익,12,9575893,395000000,44.8,2020,2026
서울,강서구,등촌동,등촌파밀리에더클래식101동,14,13466153,720000000,49.8,2020,2026
서울,강서구,등촌동,등촌파밀리에더클래식201동,9,13961430,710000000,56.5,2020,2026
서울,강서구,등촌동,마곡루나플라체,13,12698413,280000000,22.0,2021,2026
서울,강서구,등촌동,보람,2,8602002,550000000,69.1,1999,2026
서울,강서구,등촌동,보람(640),14,11952251,760000000,58.9,2002,2026
서울,강서구,등촌동,부영,119,11780754,950000000,80.6,1994,2026
서울,강서구,등촌동,삼성,4,5745823,506500000,84.0,2003,2026
서울,강서구,등촌동,삼성한사랑1,37,11618952,717000000,59.7,1997,2026
서울,강서구,등촌동,삼우지엔씨,1,7021302,590000000,84.0,2005,2025
서울,강서구,등촌동,삼형.그레이스빌,5,11417594,630000000,55.2,2001,2026
서울,강서구,등촌동,서광등촌마을아파트,54,12485336,847500000,59.7,1999,2026
서울,강서구,등촌동,세심,2,6096089,505000000,82.8,2004,2026
서울,강서구,등촌동,신송타워,9,7238701,540000000,85.0,1997,2026
서울,강서구,등촌동,심미에셈빌,2,8394981,694000000,82.7,2003,2026
서울,강서구,등촌동,우당,4,6186660,525000000,84.9,1997,2025
서울,강서구,등촌동,우성,35,9865471,700000000,66.9,1992,2026
서울,강서구,등촌동,월드메르디앙,16,10915962,840000000,72.4,2002,2026
서울,강서구,등촌동,임광,13,10448264,800000000,71.0,2000,2026
서울,강서구,등촌동,정우아파트(570-11),2,5011403,417500000,83.3,2004,2025
서울,강서구,등촌동,제일(코오롱),26,11301084,719000000,60.0,1999,2026
서울,강서구,등촌동,주공10,74,14914911,765000000,58.1,1995,2026
서울,강서구,등촌동,주공3,124,15307878,839000000,58.1,1995,2026
서울,강서구,등촌동,주공5,128,14705882,800000000,58.1,1995,2026
서울,강서구,등촌동,지엠벨리,5,10789981,280000000,25.6,2019,2026
서울,강서구,등촌동,"진로,미주아파트",38,10946328,930000000,85.0,1994,2026
서울,강서구,등촌동,천우네오젠,2,6845397,579500000,84.7,2007,2026
서울,강서구,등촌동,천우네오젠(507-11),1,9433962,785000000,83.2,2007,2026
서울,강서구,등촌동,천우네오젠101동,1,7320261,560000000,76.5,2007,2024
서울,강서구,등촌동,코오롱오투빌2,9,9522128,809000000,85.0,2002,2026
서울,강서구,등촌동,코오롱하늘채,20,11872471,862500000,60.0,2003,2026
서울,강서구,등촌동,태영,17,11038853,777000000,60.0,1998,2026
서울,강서구,등촌동,태진아름,19,11011011,795000000,84.8,1995,2026
서울,강서구,등촌동,풍성애뜨란아파트,5,8540925,485000000,56.2,2016,2026
서울,강서구,등촌동,한사랑2삼성,46,12776707,886500000,59.8,1999,2026
서울,강서구,등촌동,해태골든팰리스,1,7273802,615000000,84.6,2009,2026
서울,강서구,등촌동,현대,13,8957693,758000000,84.6,1995,2026
서울,강서구,마곡동,길훈,16,11618297,649000000,58.6,1989,2026
서울,강서구,마곡동,마곡13단지힐스테이트마스터,134,19591857,1460000000,85.0,2017,2026
서울,강서구,마곡동,마곡경남아너스빌,13,10767239,847000000,85.0,2007,2026
서울,강서구,마곡동,마곡금호어울림,13,11183312,950000000,84.9,2005,2026
서울,강서구,마곡동,마곡나루경남아파트,14,10855380,915000000,84.3,1991,2026
서울,강서구,마곡동,마곡동후포아파트(14-21),4,6933695,537500000,77.5,2004,2025
서울,강서구,마곡동,마곡보타닉경남아너스빌,12,10559556,805000000,85.0,2005,2026
서울,강서구,마곡동,마곡삼성아파트,25,11069242,710000000,60.0,1998,2026
서울,강서구,마곡동,마곡승윤노블리안아파트,7,8337676,705000000,83.9,2008,2026
서울,강서구,마곡동,마곡엠밸리10단지,5,16374131,1390000000,84.9,2016,2025
서울,강서구,마곡동,마곡엠밸리11단지,7,20404750,1245000000,60.0,2016,2025
서울,강서구,마곡동,마곡엠밸리12단지,6,20390867,1358250000,72.4,2016,2026
서울,강서구,마곡동,마곡엠밸리1단지,14,16441812,1395000000,84.9,2014,2026
서울,강서구,마곡동,마곡엠밸리2단지,9,15303119,1325000000,85.0,2014,2026
서울,강서구,마곡동,마곡엠밸리3단지,3,15282132,1640000000,114.7,2014,2026
서울,강서구,마곡동,마곡엠밸리4단지,13,15148877,1595000000,114.7,2014,2026
서울,강서구,마곡동,마곡엠밸리5단지,19,15480953,1600000000,114.9,2014,2026
서울,강서구,마곡동,마곡엠밸리6단지,33,18732328,1680000000,85.0,2014,2026
서울,강서구,마곡동,마곡엠밸리7단지,49,19423190,1920000000,114.7,2014,2026
서울,강서구,마곡동,마곡엠밸리8단지,31,18431002,1410000000,84.6,2016,2026
서울,강서구,마곡동,마곡엠밸리9단지,81,20036734,1400000000,59.9,2021,2026
서울,강서구,마곡동,마곡엠벨리(14단지),20,17723585,1607500000,84.9,2014,2026
서울,강서구,마곡동,마곡엠벨리(15단지),29,17672008,1420000000,84.9,2014,2026
서울,강서구,마곡동,마곡우림필유아파트,25,11074640,934000000,84.5,2003,2026
서울,강서구,마곡동,마곡일성트루엘아파트,11,13338224,845000000,60.0,2013,2026
서울,강서구,마곡동,마곡청구아파트,13,11684193,710000000,59.9,1998,2026
서울,강서구,마곡동,마곡태승훼미리아파트,9,8860609,720000000,84.1,2005,2026
서울,강서구,마곡동,마곡푸르지오,36,14884104,1170000000,85.0,2008,2026
서울,강서구,마곡동,마곡현대아파트,23,10005886,725000000,59.9,1999,2026
서울,강서구,마곡동,마곡힐스테이트,64,18231310,1500000000,84.9,2017,2026
서울,강서구,마곡동,벽산,40,10880311,816000000,85.0,1999,2026
서울,강서구,마곡동,신안,29,13337779,840000000,60.0,1993,2026
서울,강서구,마곡동,양진마니아,2,6060249,515000000,85.0,2003,2025
서울,강서구,마곡동,한림리첸빌101동,2,7225776,610000000,84.4,2005,2026
서울,강서구,마곡동,한림리첸빌102동,1,6988865,590000000,84.4,2005,2025
서울,강서구,마곡동,한솔솔파크,28,15148368,1092500000,84.9,2005,2026
서울,강서구,방화동,AirPalace(619-7),3,6028369,85000000,14.1,2013,2026
서울,강서구,방화동,강서센트레빌3차(894-0),7,12287726,945000000,84.4,2009,2026
서울,강서구,방화동,개화,41,7755743,837000000,101.9,1994,2026
서울,강서구,방화동,개화산경남아너스빌,5,8947211,750000000,82.5,2007,2026
서울,강서구,방화동,길성그랑프리텔,11,9756098,750000000,77.8,2002,2026
서울,강서구,방화동,다우하임더프라임아파트,5,9405810,715500000,76.1,2023,2026
서울,강서구,방화동,대림e-편한세상,22,9537026,790000000,84.7,2003,2026
서울,강서구,방화동,동부센트레빌,20,9945857,696500000,77.7,2003,2026
서울,강서구,방화동,동성,60,10059621,777500000,76.8,1993,2026
서울,강서구,방화동,동일스위트리버2차,6,10153411,605000000,59.2,2009,2026
서울,강서구,방화동,마곡 한진해모로,53,10479218,742000000,59.9,2004,2026
서울,강서구,방화동,마곡드림힐,7,8280711,640000000,84.5,2003,2026
서울,강서구,방화동,마곡서광(치현마을),33,8379420,545000000,59.7,1998,2026
서울,강서구,방화동,마곡센트레빌,13,15590827,850000000,59.4,2021,2026
서울,강서구,방화동,마곡우림1차아파트,4,10501863,737500000,72.4,2003,2026
서울,강서구,방화동,마곡우촌아파트,6,15940195,449500000,28.3,2022,2026
서울,강서구,방화동,마곡중앙하이츠아파트,123,10582011,530000000,51.0,1994,2026
서울,강서구,방화동,방신서광,15,7347547,710000000,100.7,2003,2026
서울,강서구,방화동,방화3차우림필유,20,8754198,720000000,83.4,2005,2026
서울,강서구,방화동,방화4단지,37,8156898,920000000,134.6,1994,2026
서울,강서구,방화동,방화5,179,12417119,470000000,39.6,1994,2026
서울,강서구,방화동,방화그린,134,10665661,429000000,39.8,1993,2026
서울,강서구,방화동,방화동2차태승훼미리,2,8034260,672500000,83.7,2005,2026
서울,강서구,방화동,방화동동부센트레빌(875번지),24,9591621,882500000,85.0,2003,2026
서울,강서구,방화동,방화동진로아파트,10,8239171,700000000,85.0,1994,2026
서울,강서구,방화동,방화메이빌,15,10148933,490000000,48.9,2017,2026
서울,강서구,방화동,보람,4,8708956,740000000,85.0,2004,2026
서울,강서구,방화동,삼미,11,10263158,720000000,76.0,1982,2026
서울,강서구,방화동,삼성꽃마을,24,9501584,570000000,60.0,1997,2026
서울,강서구,방화동,삼정코아,6,7164984,587500000,83.2,2004,2026
서울,강서구,방화동,성옥,1,7442225,380000000,51.1,1991,2025
서울,강서구,방화동,신동아,30,9932660,612500000,59.4,1995,2026
서울,강서구,방화동,신마곡벽산블루밍,31,12757408,792000000,59.8,2020,2026
서울,강서구,방화동,신세계아파트,6,8182534,524000000,64.5,2018,2026
서울,강서구,방화동,신안네트빌1단지,20,8260292,697500000,84.0,2002,2026
서울,강서구,방화동,신안네트빌2단지,4,9266760,610000000,70.6,2002,2026
서울,강서구,방화동,원미,8,13333333,777500000,54.8,1988,2026
서울,강서구,방화동,월드메르디앙101동,2,9407748,799000000,84.9,2004,2026
서울,강서구,방화동,"월드메르디앙201동,202동",19,9110525,728000000,83.4,2004,2026
서울,강서구,방화동,장미,58,10696138,506500000,49.2,1994,2026
서울,강서구,방화동,청성,2,8616155,725000000,84.2,2002,2026
서울,강서구,방화동,청성(877-0),8,9119571,619000000,67.9,2004,2026
서울,강서구,방화동,청솔,85,11585366,560000000,49.2,1994,2026
서울,강서구,방화동,치현마을동일스위트리버,17,8651252,700000000,85.0,2004,2026
서울,강서구,방화동,태승훼미리4차,3,7665243,610000000,79.6,2008,2026
서울,강서구,방화동,태청,4,5060343,450000000,92.3,2002,2026
서울,강서구,방화동,통일(479-3),1,6795872,540000000,79.5,2003,2026
서울,강서구,방화동,통일101동(597-38),3,5982906,490000000,80.6,2004,2026
서울,강서구,방화동,한미(286-1),16,9000424,402500000,47.2,1988,2026
서울,강서구,방화동,한숲마을대림,18,8458093,626500000,84.8,1999,2026
서울,강서구,방화동,한오,1,6305356,299000000,47.4,1988,2026
서울,강서구,방화동,현대,31,9412872,755000000,85.0,1993,2026
서울,강서구,방화동,형제,6,11370651,890000000,78.4,1982,2026
서울,강서구,방화동,홍익아파트,3,5891539,415000000,72.2,1999,2026
서울,강서구,염창동,DH팰리스,7,12804073,698000000,53.0,2022,2026
서울,강서구,염창동,e편한세상염창,38,17967747,1397500000,74.3,2019,2026
서울,강서구,염창동,강변월드메르디앙,20,12780118,1165000000,84.9,2010,2026
서울,강서구,염창동,강변코아루,15,11064645,1145000000,114.8,2007,2026
서울,강서구,염창동,강변한솔솔파크,38,12769213,1085000000,85.0,2005,2026
서울,강서구,염창동,강변힐스테이트,39,14589952,1230000000,85.0,2005,2026
서울,강서구,염창동,강서쌍용예가,16,12249345,995000000,84.9,2014,2026
서울,강서구,염창동,관음삼성,38,13217145,935000000,60.0,1997,2026
서울,강서구,염창동,극동,35,11686144,890000000,59.9,2000,2026
서울,강서구,염창동,극동상록수,31,13102988,900000000,59.9,1999,2026
서울,강서구,염창동,금호타운,40,13273559,835000000,59.9,1999,2026
서울,강서구,염창동,길훈,8,12305486,945000000,72.4,1999,2026
서울,강서구,염창동,노블레스2(267-4),1,7728422,642000000,83.1,2007,2025
서울,강서구,염창동,대림,15,12254036,785000000,59.9,1999,2026
서울,강서구,염창동,동아,111,12506253,930000000,60.0,1998,2026
서울,강서구,염창동,동아3,79,15025126,1025000000,59.8,1999,2026
서울,강서구,염창동,등촌제이스카이,8,12402809,442500000,35.5,2021,2026
서울,강서구,염창동,롯데캐슬,17,14714209,1285000000,85.0,2005,2026
서울,강서구,염창동,리버펠리스1동,3,10040725,1430000000,142.4,2001,2026
서울,강서구,염창동,리버펠리스2동,1,9920635,1450000000,146.2,2001,2025
서울,강서구,염창동,리버펠리스3동,1,8779233,1160000000,132.1,2001,2025
서울,강서구,염창동,리버펠리스4동,1,9081965,1200000000,132.1,2001,2025
서울,강서구,염창동,무학,36,12630515,790000000,59.4,1999,2026
서울,강서구,염창동,벽산늘푸른,30,11165872,814000000,60.0,1998,2026
서울,강서구,염창동,삼성하나로,29,10884239,740000000,59.3,1994,2026
서울,강서구,염창동,삼성한마음,36,12262262,819000000,59.9,1995,2026
서울,강서구,염창동,삼성한아름,17,9954058,845000000,84.9,1993,2026
서울,강서구,염창동,삼정그린코아,15,12684037,1140000000,84.4,2001,2026
서울,강서구,염창동,삼천리,7,13766325,1170000000,85.0,1992,2026
서울,강서구,염창동,삼현팰리채,5,8984726,750000000,84.6,2008,2026
서울,강서구,염창동,성원,46,12602237,942500000,59.9,2001,2026
서울,강서구,염창동,송촌,7,9448170,850000000,85.0,2005,2026
서울,강서구,염창동,신동아,53,11389870,830000000,59.8,1995,2026
서울,강서구,염창동,아르체움등촌,38,16880553,342000000,20.1,2025,2025
서울,강서구,염창동,엠그린,1,8538423,510000000,59.7,2006,2026
서울,강서구,염창동,여명,4,8098152,648500000,80.1,2002,2026
서울,강서구,염창동,염창1차보람더하임,14,13091316,1267500000,85.0,2008,2026
서울,강서구,염창동,염창1차한화꿈에그린,39,18241139,1395000000,84.9,2005,2026
서울,강서구,염창동,염창2차보람,9,12193085,765000000,59.9,2005,2026
서울,강서구,염창동,염창2차한화꿈에그린,19,12942699,1078000000,85.0,2006,2026
서울,강서구,염창동,염창3우성,29,10687382,908000000,85.0,1993,2026
서울,강서구,염창동,염창3차보람,7,9472817,805000000,85.0,2006,2026
서울,강서구,염창동,염창동예성그린캐슬,2,9239678,785000000,85.0,2005,2026
서울,강서구,염창동,염창동한강우성,31,11460231,885000000,65.9,1990,2026
서울,강서구,염창동,염창힐스테이트,6,14390743,1217500000,84.7,2009,2026
서울,강서구,염창동,우성2,17,12042503,1000000000,84.7,1992,2026
서울,강서구,염창동,월드메르디앙,9,13238409,1035000000,85.0,2004,2026
서울,강서구,염창동,이너스5차동진,2,10822821,755000000,69.8,2007,2026
서울,강서구,염창동,이너스내안에,18,10153787,780000000,84.8,2004,2026
서울,강서구,염창동,이너스내안에201동,8,9798121,830000000,84.7,2006,2026
서울,강서구,염창동,이너스양화6차,4,9734513,825000000,84.8,2009,2026
서울,강서구,염창동,일신건영휴먼빌,16,12039327,1005000000,84.9,2004,2026
서울,강서구,염창동,주상복합태진가람,6,9832654,578750000,58.9,1995,2026
서울,강서구,염창동,태영,32,11497415,737750000,60.0,1999,2026
서울,강서구,염창동,태진드림피아,3,9748431,825000000,79.8,2003,2026
서울,강서구,염창동,태진한솔,47,12790895,828000000,58.9,1994,2026
서울,강서구,염창동,한강동아,26,13840253,1017500000,60.0,1998,2026
서울,강서구,염창동,한울밸리움,4,15469269,367500000,24.1,2020,2026
서울,강서구,염창동,현대1,47,11263932,950000000,84.3,1994,2026
서울,강서구,염창동,현대2,13,9874305,780000000,82.7,1993,2026
서울,강서구,염창동,현대3,10,12071051,820000000,59.9,1996,2026
서울,강서구,염창동,현대아이파크,11,12258369,1040000000,84.8,2005,2026
서울,강서구,화곡동,AndPra레지던스,4,6553080,100000000,15.3,2013,2026
서울,강서구,화곡동,GMValley,10,8389881,200000000,24.6,2018,2026
서울,강서구,화곡동,NS파크APT,14,8760089,255000000,28.9,2018,2026
서울,강서구,화곡동,SPACE(920-5),2,6911392,136500000,19.8,2014,2026
서울,강서구,화곡동,가화(424-59)나동,1,2991043,187000000,62.5,1999,2026
서울,강서구,화곡동,강서그랜드아이파크주상복합,4,8955930,1062500000,118.0,2010,2026
서울,강서구,화곡동,강서뉴,2,4905259,285000000,58.2,2003,2026
서울,강서구,화곡동,강서뉴타워,8,8497404,690000000,82.0,2013,2025
서울,강서구,화곡동,강서동도센트리움,9,6336445,93000000,14.7,2012,2026
서울,강서구,화곡동,강서아이파크,15,8546288,707000000,83.1,2005,2026
서울,강서구,화곡동,강서크라운팰리스,5,11222781,325000000,29.8,2019,2025
서울,강서구,화곡동,강서힐스테이트,243,16119543,1400000000,85.0,2015,2026
서울,강서구,화곡동,갤러리빌,15,7153076,100000000,14.0,2011,2026
서울,강서구,화곡동,경동엠파이어스테이트,4,6479218,92750000,14.3,2012,2026
서울,강서구,화곡동,계명(1075-31),1,6013746,490000000,81.5,2001,2025
서울,강서구,화곡동,계명(350-34),1,5394067,360000000,66.7,2000,2025
서울,강서구,화곡동,계명가동,2,3872752,224000000,57.8,2002,2026
서울,강서구,화곡동,계명나동(56-29),1,4337539,330000000,76.1,2002,2025
서울,강서구,화곡동,계명아파트나동,1,5321567,398000000,74.8,2001,2024
서울,강서구,화곡동,계명아파트다동,1,6065401,345000000,56.9,2002,2025
서울,강서구,화곡동,곰달래,2,5833926,492500000,84.4,1997,2025
서울,강서구,화곡동,광산(1122-4),1,3597554,300000000,83.4,1993,2026
서울,강서구,화곡동,광영다모은정아파트,2,5821513,492500000,84.6,2004,2026
서울,강서구,화곡동,굿이모션(1103-3),2,5394805,419500000,77.8,2004,2026
서울,강서구,화곡동,그랜드아이파크,9,7558243,1000000000,116.2,2010,2026
서울,강서구,화곡동,그레이스(786-10),2,4130838,245000000,59.3,2001,2026
서울,강서구,화곡동,근상프리즘,3,6662476,530000000,79.6,2007,2026
서울,강서구,화곡동,근상프리즘(1076-2),1,6945191,517000000,74.4,2002,2026
서울,강서구,화곡동,근상프리즘(342-35),1,5947425,500000000,84.1,2006,2025
서울,강서구,화곡동,근상프리즘(957-1),3,5444646,450000000,82.6,2003,2026
서울,강서구,화곡동,금호,1,4934823,530000000,107.4,2002,2026
서울,강서구,화곡동,길성그랑프리텔,5,8396533,620000000,73.8,2005,2026
서울,강서구,화곡동,까치산(101동),1,6107243,500000000,81.9,2003,2025
서울,강서구,화곡동,까치산(102동),2,5771996,545000000,94.5,2003,2026
서울,강서구,화곡동,꿈동산(355-22),1,5182242,300000000,57.9,2001,2026
서울,강서구,화곡동,남경리버빌(343-48),1,6661942,470000000,70.6,2000,2025
서울,강서구,화곡동,남광쉐르빌(923-10),3,5598866,237000000,42.3,2014,2026
서울,강서구,화곡동,남광아파트,29,6971630,310000000,45.3,2017,2026
서울,강서구,화곡동,뉴파인,2,6836903,539500000,78.9,2007,2026
서울,강서구,화곡동,다담센트빌,2,6664776,352500000,52.9,2010,2025
서울,강서구,화곡동,대림e편한세상,21,7845093,695000000,84.8,1992,2026
서울,강서구,화곡동,"대성1,2호(379-57,가동)",1,4747686,318000000,67.0,2002,2025
서울,강서구,화곡동,"대성3,4호(379-58,나동)",2,4015590,240500000,61.5,2002,2026
서울,강서구,화곡동,대우그린,2,4470212,297500000,66.7,2002,2026
서울,강서구,화곡동,대종,3,6505159,435000000,66.9,2002,2026
서울,강서구,화곡동,대호스카이빌,1,3944563,296000000,75.0,2001,2024
서울,강서구,화곡동,덕현타워,3,7320317,599900000,82.0,2003,2025
서울,강서구,화곡동,도양라비앙아파트,1,7297058,578000000,79.2,2016,2026
서울,강서구,화곡동,동서3호(381-22),1,4581552,225000000,49.1,2003,2025
서울,강서구,화곡동,동양하우징(899-4),4,9055459,255500000,28.2,2017,2026
서울,강서구,화곡동,동진빌라(56-100),1,3237052,195000000,60.2,1999,2026
서울,강서구,화곡동,동훈타마르(921-18),2,6678053,391000000,58.6,2011,2026
서울,강서구,화곡동,드림시드아파트,2,8016511,369000000,46.0,2018,2026
서울,강서구,화곡동,드림시드아파트1차,3,6836196,230000000,35.5,2017,2026
서울,강서구,화곡동,디아인스,8,10739657,257000000,23.9,2018,2026
서울,강서구,화곡동,로얄홈타운(103동),1,6367804,250000000,39.3,2012,2026
서울,강서구,화곡동,로얄홈타운(928-23)101동,1,5691057,224000000,39.4,2012,2025
서울,강서구,화곡동,루체비스타,7,8579882,213000000,24.7,2017,2025
서울,강서구,화곡동,리치아파트,2,10431829,215000000,20.6,2018,2026
서울,강서구,화곡동,메종드로제,12,7390053,395000000,49.3,2019,2026
서울,강서구,화곡동,명주캐슬(61-9),1,3625065,140000000,38.6,2002,2025
서울,강서구,화곡동,명지해드는터,4,7346908,605000000,83.7,2005,2026
서울,강서구,화곡동,미성아파트(연립),10,6319453,540000000,81.9,1987,2026
서울,강서구,화곡동,미주,3,4244306,205000000,48.3,1988,2025
서울,강서구,화곡동,벨라팰리스,2,8093889,200000000,24.7,2015,2026
서울,강서구,화곡동,보람,3,7001647,595000000,85.0,2004,2025
서울,강서구,화곡동,부영,1,5515167,330000000,59.8,2000,2025
서울,강서구,화곡동,블루힐,1,5829359,330000000,56.6,2005,2026
서울,강서구,화곡동,산내들,1,7935930,218000000,27.5,2012,2024
서울,강서구,화곡동,살렘,2,4130201,265000000,64.0,2002,2026
서울,강서구,화곡동,삼도,4,5230096,370500000,70.8,1999,2026
서울,강서구,화곡동,삼백,1,4781421,315000000,65.9,1999,2026
서울,강서구,화곡동,삼성,1,3909582,550000000,140.7,1997,2025
서울,강서구,화곡동,삼성다빈치(917-14),7,7282230,104500000,14.4,2015,2025
서울,강서구,화곡동,삼익플로리아,2,4034791,167000000,41.4,2010,2026
서울,강서구,화곡동,삼호그린(346-19),1,3596730,198000000,55.0,2000,2026
서울,강서구,화곡동,상진지오벨리,1,5918035,400000000,67.6,2010,2025
서울,강서구,화곡동,서광프리메라,1,7062147,600000000,85.0,2006,2025
서울,강서구,화곡동,서림골드,2,5711022,490000000,86.2,2002,2026
서울,강서구,화곡동,서부인터빌아파트,4,6922665,582500000,84.1,2002,2026
서울,강서구,화곡동,성광,1,6916996,420000000,60.7,2008,2024
서울,강서구,화곡동,성삼하이츠,1,7531654,577000000,76.6,2001,2026
서울,강서구,화곡동,성재,4,4951130,309000000,62.4,2002,2026
서울,강서구,화곡동,성재센트리움,4,7543927,296250000,39.3,2016,2026
서울,강서구,화곡동,성재센트리움아파트,8,8078158,177500000,22.6,2016,2026
서울,강서구,화곡동,성재센트리움아파트(343-35),5,9678683,240000000,25.5,2015,2026
서울,강서구,화곡동,세교예지안2차,1,6240042,117500000,18.8,2013,2025
서울,강서구,화곡동,세교예지안5차,4,6980618,209000000,30.0,2016,2026
서울,강서구,화곡동,세림,2,6984750,151150000,21.6,2015,2026
서울,강서구,화곡동,세림아파트,3,6196440,235000000,40.6,2016,2026
서울,강서구,화곡동,세양(453-5),1,2639190,146000000,55.3,2001,2026
서울,강서구,화곡동,세한(410-150),1,4110152,300000000,73.0,2001,2025
서울,강서구,화곡동,센트럴파크아파트,5,9948079,479000000,48.2,2021,2026
서울,강서구,화곡동,송이,4,5309735,455000000,84.8,1999,2025
서울,강서구,화곡동,수산동우,4,6878558,580000000,84.3,2005,2026
서울,강서구,화곡동,수정,1,3033463,160000000,52.7,2000,2026
서울,강서구,화곡동,스위트드림아파트,11,8932116,450000000,50.4,2019,2026
서울,강서구,화곡동,스카이(924-10),1,7159905,240000000,33.5,2014,2025
서울,강서구,화곡동,승윤노블리안,3,6520110,522000000,80.1,2012,2026
서울,강서구,화곡동,신도금잔디,4,6052178,495000000,81.2,1998,2026
서울,강서구,화곡동,신세계2차,1,6825135,580000000,85.0,2000,2026
서울,강서구,화곡동,신한빌라트(105-362),1,4847016,320000000,66.0,2000,2026
서울,강서구,화곡동,아녜스타워4,4,9060962,110000000,12.1,2012,2025
서울,강서구,화곡동,양용아네스,2,4674919,333500000,71.4,2003,2025
서울,강서구,화곡동,양지샤인아파트,4,10873834,221500000,20.4,2018,2025
서울,강서구,화곡동,에스엠케이아파트,1,8042895,120000000,14.9,2020,2025
서울,강서구,화곡동,에스타워,2,7778184,212500000,27.3,2017,2026
서울,강서구,화곡동,에이원,2,5099378,254000000,49.8,2005,2025
서울,강서구,화곡동,에이원B둥,1,4732475,279500000,59.1,2005,2025
서울,강서구,화곡동,오케이A,1,3181964,199000000,62.5,2002,2025
서울,강서구,화곡동,오케이B,3,3115190,129000000,41.4,2002,2026
서울,강서구,화곡동,요산페어뷰,5,6097561,450000000,73.8,2013,2025
서울,강서구,화곡동,우공팰리스,1,6365528,520000000,81.7,2008,2026
서울,강서구,화곡동,우공팰리스101동,1,8087811,560000000,69.2,2005,2026
서울,강서구,화곡동,우공팰리스102동,1,7556080,640000000,84.7,2005,2026
서울,강서구,화곡동,우림루미아트아파트,2,7965073,635000000,79.9,2003,2026
서울,강서구,화곡동,우성(343-39),3,5968368,400000000,67.0,2001,2026
서울,강서구,화곡동,우성(343-75),2,6636522,520000000,77.4,2000,2025
서울,강서구,화곡동,우성(353-27),1,5976096,495000000,82.8,2002,2025
서울,강서구,화곡동,우성(410-56),1,3642122,230000000,63.2,2000,2025
서울,강서구,화곡동,우장산롯데,9,9178630,890000000,85.0,2004,2026
서울,강서구,화곡동,우장산롯데캐슬,85,10666439,1250000000,117.2,2003,2026
서울,강서구,화곡동,우장산숲아이파크,52,18583819,1307500000,67.5,2022,2026
서울,강서구,화곡동,"우장산아이파크,이편한세상",249,16594092,1330000000,85.0,2008,2026
서울,강서구,화곡동,우장산에스케이뷰,22,11062728,950000000,85.0,2006,2026
서울,강서구,화곡동,우장산한화꿈에그린,11,9708167,847000000,85.0,2004,2026
서울,강서구,화곡동,우장산휴먼빌,5,7668712,650000000,84.8,2005,2026
서울,강서구,화곡동,원흥타운,3,6069295,508000000,83.7,1996,2025
서울,강서구,화곡동,웰라이빌,3,6246317,506000000,79.9,2000,2026
서울,강서구,화곡동,위하우스아파트,6,8880053,268000000,30.2,2016,2026
서울,강서구,화곡동,유림노르웨이숲(919-1),18,8165001,560000000,76.2,2004,2026
서울,강서구,화곡동,유원펠리체(924-17),3,5134189,220000000,42.8,2012,2025
서울,강서구,화곡동,윤탁아트리움,2,7254023,550000000,75.8,2003,2025
서울,강서구,화곡동,은창,2,6421617,472500000,73.6,2002,2026
서울,강서구,화곡동,은하,1,5569620,440000000,79.0,2000,2025
서울,강서구,화곡동,은하센트리움,1,6809339,210000000,30.8,2013,2026
서울,강서구,화곡동,일광,1,5297060,349500000,66.0,2001,2025
서울,강서구,화곡동,일성스카이빌,7,5336891,470000000,76.3,2001,2026
서울,강서구,화곡동,임탑-A,1,5979908,375000000,62.7,2009,2025
서울,강서구,화곡동,임탑-B,1,5957447,252000000,42.3,2009,2025
서울,강서구,화곡동,정원,1,4265792,260000000,61.0,2002,2024
서울,강서구,화곡동,제이월드,1,8159121,495000000,60.7,2001,2026
서울,강서구,화곡동,제일에비앙,1,4657273,390000000,83.7,2004,2024
서울,강서구,화곡동,중앙화곡하이츠,44,7551925,470000000,56.9,1988,2026
서울,강서구,화곡동,지석,1,4516908,187000000,41.4,2002,2025
서울,강서구,화곡동,진흥,3,4929242,310000000,62.9,1992,2026
서울,강서구,화곡동,찬누리,2,7751689,222000000,28.6,2016,2025
서울,강서구,화곡동,천우네오젠9차,4,6499195,363500000,56.0,2009,2026
서울,강서구,화곡동,청솔,2,6353619,675000000,105.2,2003,2026
서울,강서구,화곡동,초록,70,12014651,704000000,59.3,1998,2026
서울,강서구,화곡동,크로스캐슬,2,6243744,499000000,79.9,2003,2026
서울,강서구,화곡동,타워빌,7,9056419,740000000,81.7,2001,2026
서울,강서구,화곡동,탑건진선미,7,8510025,605000000,69.3,2005,2026
서울,강서구,화곡동,탑건화곡동진선미,1,7664950,625000000,81.5,2006,2026
서울,강서구,화곡동,태경(347-13),2,4198828,300000000,72.8,2001,2026
서울,강서구,화곡동,태성비리치,1,4148813,305000000,73.5,2002,2026
서울,강서구,화곡동,태승훼밀리,1,7032258,545000000,77.5,2003,2025
서울,강서구,화곡동,태영,1,6000000,495000000,82.5,2003,2025
서울,강서구,화곡동,태영(379-56),1,3493317,230000000,65.8,2002,2024
서울,강서구,화곡동,태영방송인,7,7507508,472500000,59.9,2000,2026
서울,강서구,화곡동,태창네스트힐,11,6557377,500000000,82.4,2004,2026
서울,강서구,화곡동,태흥그랑뷰,1,3553660,300000000,84.4,2002,2024
서울,강서구,화곡동,투원씨A동,1,2754591,165000000,59.9,2002,2025
서울,강서구,화곡동,트리움팰리스,1,5483871,119000000,21.7,2013,2026
서울,강서구,화곡동,트윈캐슬B동(56-11),2,5083732,382500000,75.2,2003,2026
서울,강서구,화곡동,팔라이스아파트먼트(915-8),2,6685468,201500000,30.1,2014,2025
서울,강서구,화곡동,푸른숲,7,6670002,420000000,60.0,2007,2026
서울,강서구,화곡동,푸른숲2차(474-18),1,5727125,390000000,68.1,2007,2024
서울,강서구,화곡동,풍원팰리스,2,7876712,345000000,43.8,2012,2026
서울,강서구,화곡동,프라임팰리스(1024-23),3,8110358,682000000,84.1,2008,2026
서울,강서구,화곡동,프라임하우스(916-5),1,6708075,270000000,40.2,2014,2024
서울,강서구,화곡동,프라임하우스(916-9),1,6920163,237500000,34.3,2013,2024
서울,강서구,화곡동,한경빌(938-26),3,5964215,145000000,22.4,2014,2026
서울,강서구,화곡동,한백e,3,4907115,280000000,57.1,2002,2025
서울,강서구,화곡동,한백e타운(46-219),1,4164516,242000000,58.1,2002,2026
서울,강서구,화곡동,한백아파트,2,5585899,337500000,60.4,2003,2026
서울,강서구,화곡동,한솔,1,4493422,263000000,58.5,2006,2024
서울,강서구,화곡동,한신베네스트아파트,2,6788625,391500000,57.7,2012,2025
서울,강서구,화곡동,한양아이클래스,12,5293691,73000000,13.8,2013,2026
서울,강서구,화곡동,한울아파트,2,7807078,225000000,28.8,2018,2026
서울,강서구,화곡동,한울에이치밸리움A동,2,12098667,264000000,21.9,2019,2026
서울,강서구,화곡동,한울에이치밸리움B동,5,11836914,265000000,22.8,2019,2026
서울,강서구,화곡동,해태드림타운,2,5874218,488500000,83.2,1997,2026
서울,강서구,화곡동,현대그린,2,5995640,495000000,82.6,1997,2025
서울,강서구,화곡동,현대홈타운(923-2),1,7415589,235000000,31.7,2013,2025
서울,강서구,화곡동,혜성오피아파트,4,9092228,214500000,23.2,2018,2026
서울,강서구,화곡동,호용그린피아,1,6757898,400000000,59.2,2005,2025
서울,강서구,화곡동,화곡1차보람더하임,5,7379891,400000000,55.5,2003,2026
서울,강서구,화곡동,화곡3차보람,2,7135857,582500000,81.6,2004,2026
서울,강서구,화곡동,화곡6차보람쉬움,2,8172511,694500000,85.0,2005,2026
서울,강서구,화곡동,화곡대진(1021-2),2,6851142,474000000,69.1,2007,2026
서울,강서구,화곡동,화곡더리브스카이,3,6430542,380000000,59.1,2022,2026
서울,강서구,화곡동,화곡동복지,8,5328142,287400000,53.9,1974,2026
서울,강서구,화곡동,화곡동성재,3,5060011,371000000,73.3,2004,2025
서울,강서구,화곡동,화곡보람,10,10319905,782500000,84.5,2004,2026
서울,강서구,화곡동,화곡예다움,4,6925552,515000000,74.1,2005,2026
서울,강서구,화곡동,화곡푸르지오,149,10262530,1150000000,104.8,2002,2026
서울,강서구,화곡동,화곡한강,1,5508713,490000000,89.0,2007,2025
서울,강서구,화곡동,화성파크빌,1,3816433,242000000,63.4,2003,2026
서울,강서구,화곡동,효성A(923-17),2,3136201,157500000,50.2,2002,2026
서울,강서구,화곡동,희훈리치파크,5,8921186,755000000,84.6,2002,2026
서울,관악구,남현동,VIP(602-284),1,8654900,711000000,82.2,2006,2026
서울,관악구,남현동,관악산대창센시티,8,9170197,795000000,84.9,2005,2026
서울,관악구,남현동,관악산대창센시티2차,8,9826998,835000000,84.9,2008,2026
서울,관악구,남현동,남현동한일유앤아이,13,10001177,850000000,85.0,2005,2026
서울,관악구,남현동,남현현대아이빌라,1,6504457,540000000,83.0,2002,2026
서울,관악구,남현동,네스코뮤즈빌,1,6494912,900000000,138.6,2002,2026
서울,관악구,남현동,네스코수피아,3,14664723,510000000,34.3,2021,2026
서울,관악구,남현동,네스코수피아아파트,6,13690603,632500000,46.9,2021,2025
서울,관악구,남현동,노블스톤,1,6081713,585000000,96.2,2004,2025
서울,관악구,남현동,뉴타운1동(A동),2,8866296,750000000,84.6,2004,2026
서울,관악구,남현동,다청림라인씨티,15,13950169,500000000,33.4,2016,2026
서울,관악구,남현동,동송하이클래스,4,7892021,561500000,74.0,2003,2026
서울,관악구,남현동,라움아파트,3,11244668,580000000,51.6,2016,2026
서울,관악구,남현동,르메이르강남타운1,2,6557872,868000000,132.4,2002,2026
서울,관악구,남현동,별장,3,5882353,620000000,105.4,2000,2026
서울,관악구,남현동,삼성홈타운,1,8277167,700000000,84.6,2000,2025
서울,관악구,남현동,삼원하이츠11차,2,7209302,542500000,75.2,2010,2026
서울,관악구,남현동,성원나이스,1,7147362,680000000,95.1,2002,2025
서울,관악구,남현동,쎈트앤빌2,1,7446927,670000000,90.0,2002,2026
서울,관악구,남현동,양지네스코빌,2,6252155,875000000,138.6,2001,2025
서울,관악구,남현동,예성2차그린캐슬,13,10332937,855000000,84.2,2004,2026
서울,관악구,남현동,예성그랑펠리체,9,12103056,1020000000,83.4,2007,2026
서울,관악구,남현동,예성그린캐슬1차,8,11332750,887500000,84.8,2003,2026
서울,관악구,남현동,예성그린캐슬III,4,9231278,742500000,84.4,2003,2026
서울,관악구,남현동,예촌BC,2,6207641,608500000,98.4,2004,2026
서울,관악구,남현동,예촌그린,1,6095687,595000000,97.6,2004,2025
서울,관악구,남현동,우림루미아트,10,11563942,977500000,84.5,2004,2026
서울,관악구,남현동,우평,1,8460066,840000000,99.3,2003,2026
서울,관악구,남현동,카사빌,2,6263212,470000000,76.1,2003,2026
서울,관악구,남현동,팔라시오,1,7404844,535000000,72.2,2004,2024
서울,관악구,남현동,풍산캐슬,2,7776115,667500000,87.0,2004,2025
서울,관악구,남현동,한솔아크로,1,7863696,600000000,76.3,2003,2025
서울,관악구,남현동,한일유앤아이2차,5,9530533,810000000,85.0,2006,2026
서울,관악구,남현동,현대빌라트,3,7395854,735000000,99.4,2000,2026
서울,관악구,남현동,현대이즈빌,4,9376529,700000000,78.0,2002,2026
서울,관악구,남현동,흥화브라운빌,3,9064155,845000000,85.0,2003,2026
서울,관악구,봉천동,(685-103),3,5639829,330000000,61.0,2005,2026
서울,관악구,봉천동,e편한세상서울대입구1단지,105,15836571,1300000000,84.9,2019,2026
서울,관악구,봉천동,e편한세상서울대입구2단지,82,15452067,1215000000,84.9,2019,2026
서울,관악구,봉천동,e편한세상서울대입구2차,69,15122761,1258000000,84.3,2020,2026
서울,관악구,봉천동,갑을,4,11401604,722500000,59.9,1998,2026
서울,관악구,봉천동,건영6,20,11976590,855000000,59.9,1999,2026
서울,관악구,봉천동,경원시티,1,8490566,720000000,84.8,2006,2026
서울,관악구,봉천동,관악동부센트레빌,48,14606490,925000000,59.8,2004,2026
서울,관악구,봉천동,관악드림(동아),267,13000000,970000000,85.0,2003,2026
서울,관악구,봉천동,관악드림(삼성),169,12711864,965000000,85.0,2003,2026
서울,관악구,봉천동,관악미래가,1,6083006,790000000,129.9,2004,2026
서울,관악구,봉천동,관악월드메르디앙,8,8789559,740000000,81.9,2005,2026
서울,관악구,봉천동,관악위버폴리스,12,9700245,1025000000,107.1,2010,2026
서울,관악구,봉천동,관악유앤아이,3,10015790,850000000,84.9,2009,2026
서울,관악구,봉천동,관악중앙하이츠포레,11,10731764,650000000,63.4,2022,2026
서울,관악구,봉천동,관악청광플러스원,5,11118542,665000000,59.8,2009,2025
서울,관악구,봉천동,관악캐스빌,4,7627583,566500000,74.2,2002,2026
서울,관악구,봉천동,관악캠퍼스타워,19,6431767,230000000,35.8,1998,2026
서울,관악구,봉천동,관악태우미소가,3,8865979,258000000,28.9,2016,2026
서울,관악구,봉천동,관악파크푸르지오,66,12328770,915000000,85.0,2014,2026
서울,관악구,봉천동,관악푸르지오,267,14232964,937000000,59.6,2004,2026
서울,관악구,봉천동,그린,2,7120360,400000000,56.2,1999,2026
서울,관악구,봉천동,금강아미움(101동),1,11810974,840000000,71.1,2010,2024
서울,관악구,봉천동,금강아미움(102동),1,11633562,830000000,71.3,2010,2026
서울,관악구,봉천동,금강아미움(103동),3,11881277,845000000,71.1,2010,2026
서울,관악구,봉천동,금강아미움(104동),1,11899873,849000000,71.3,2010,2025
서울,관악구,봉천동,금강아미움(105동),1,12054053,860000000,71.3,2010,2026
서울,관악구,봉천동,금강아미움(106동),4,11353236,810000000,71.3,2010,2026
서울,관악구,봉천동,낙성대늘푸른2차,4,9433836,706500000,74.9,2006,2026
서울,관악구,봉천동,낙성대에메랄드,1,9751658,750000000,76.9,2006,2026
서울,관악구,봉천동,낙성대현대(296),16,13131482,815000000,59.8,1998,2026
서울,관악구,봉천동,낙성대현대아파트,33,10835763,699000000,61.7,1988,2026
서울,관악구,봉천동,낙성대현대홈타운,23,10442138,1115000000,114.9,2002,2026
서울,관악구,봉천동,노블레스,2,7483335,595000000,79.5,2005,2026
서울,관악구,봉천동,뉴그린아파트,1,9492110,770000000,81.1,2011,2026
서울,관악구,봉천동,뉴파크플러스(1608-27),1,7997867,600000000,75.0,2005,2025
서울,관악구,봉천동,늘푸른,1,8898098,730000000,82.0,2009,2025
서울,관악구,봉천동,늘푸른3차,1,8064516,685000000,84.9,2007,2026
서울,관악구,봉천동,늘푸른5차,1,7059654,600000000,85.0,2008,2026
서울,관악구,봉천동,닷컴힐즈,3,12290116,710000000,57.8,2023,2026
서울,관악구,봉천동,닷컴힐즈(1653-3),5,14894919,730000000,49.0,2023,2026
서울,관악구,봉천동,대경,1,6902839,530000000,76.8,2004,2026
서울,관악구,봉천동,대영,3,9321437,395000000,42.6,2014,2026
서울,관악구,봉천동,대우디오슈페리움1단지,4,10714286,830000000,78.4,2007,2026
서울,관악구,봉천동,대우디오슈페리움2단지,16,10430796,885000000,84.9,2007,2026
서울,관악구,봉천동,대원,1,4818031,466000000,96.7,2002,2026
서울,관악구,봉천동,더갤러리테라스,4,10161782,550000000,54.1,2016,2026
서울,관악구,봉천동,더블유에스타워,2,9943844,223500000,22.4,2013,2025
서울,관악구,봉천동,동아타운,9,10868056,360000000,32.8,1999,2026
서울,관악구,봉천동,동원낙성대,5,10702341,960000000,95.7,2004,2026
서울,관악구,봉천동,두산,225,14102136,1060000000,84.9,2000,2026
서울,관악구,봉천동,로마아트빌,4,5252458,448500000,84.5,2003,2026
서울,관악구,봉천동,로얄클래스,1,6888426,760000000,110.3,2003,2026
서울,관악구,봉천동,마에스트로캠퍼스타운,8,9352772,129000000,14.5,2012,2025
서울,관악구,봉천동,무학,4,9245537,549000000,59.4,1998,2026
서울,관악구,봉천동,미래,4,7544209,495000000,66.6,2005,2026
서울,관악구,봉천동,반석블레스빌,1,8124253,680000000,83.7,2001,2025
서울,관악구,봉천동,반석푸른숲,15,10823249,670000000,58.7,2006,2026
서울,관악구,봉천동,백상앨리츠,55,12192791,376000000,29.9,2026,2026
서울,관악구,봉천동,벽산블루밍,251,12668778,930000000,60.0,2005,2026
서울,관악구,봉천동,벽산블루밍3차,43,10269122,849000000,83.9,2004,2026
서울,관악구,봉천동,벽산타운II,30,10268480,635000000,57.4,2003,2026
서울,관악구,봉천동,보라매롯데캐슬,5,8654366,1440000000,170.1,1997,2026
서울,관악구,봉천동,보라매삼성,92,10783091,915000000,84.8,1996,2026
서울,관악구,봉천동,보라매우성,4,10448522,640000000,58.9,1995,2026
서울,관악구,봉천동,보람(685-100),3,5103529,350000000,71.4,2004,2026
서울,관악구,봉천동,보람하이빌,1,7011251,430000000,61.3,2004,2025
서울,관악구,봉천동,복권,5,6301197,300000000,47.6,1971,2026
서울,관악구,봉천동,봉천동,1,4616095,300000000,65.0,2002,2025
서울,관악구,봉천동,봉천동아,127,11252504,915000000,84.9,2000,2026
서울,관악구,봉천동,봉천두솔,4,6665825,417500000,63.8,2003,2026
서울,관악구,봉천동,봉천우성,181,11880857,915000000,85.0,2000,2026
서울,관악구,봉천동,부미아띠랑스힐,4,7659321,643000000,84.0,2002,2026
서울,관악구,봉천동,브라운스톤관악,15,12887548,779000000,59.7,2005,2026
서울,관악구,봉천동,삼성,2,4483780,287500000,64.1,1974,2026
서울,관악구,봉천동,삼성아트빌(1690-163),1,6621542,675000000,101.9,2001,2025
서울,관악구,봉천동,새진(1653-10),2,7052105,565000000,80.3,2003,2025
서울,관악구,봉천동,새진3차,1,8072175,680000000,84.2,2003,2025
서울,관악구,봉천동,새진6차,3,4839506,358000000,83.0,2005,2025
서울,관악구,봉천동,생모리츠타운,4,7882883,665000000,84.4,2007,2026
서울,관악구,봉천동,서울대역마에스트로,4,8590541,190500000,21.8,2012,2026
서울,관악구,봉천동,서울대역해담채,7,9712510,125000000,12.9,2012,2026
서울,관악구,봉천동,서울대입구삼성,23,11876882,770000000,59.8,1999,2026
서울,관악구,봉천동,서울대입구아이원(1560-61),23,13342228,1060000000,84.9,2006,2026
서울,관악구,봉천동,서울대입구아이원(1560-62),21,14130947,950000000,60.0,2006,2026
서울,관악구,봉천동,서울대입구역더하이브센트럴,4,11801138,705000000,59.7,2024,2026
서울,관악구,봉천동,서울대입구한양아이클래스,21,11055832,180000000,16.6,2018,2026
서울,관악구,봉천동,서희스타힐스,20,10332038,789500000,84.8,2015,2026
서울,관악구,봉천동,선경,4,6800751,492030000,63.5,1996,2026
서울,관악구,봉천동,신봉,10,10041841,600000000,59.8,1999,2025
서울,관악구,봉천동,신부,1,6842794,575000000,84.0,2002,2026
서울,관악구,봉천동,신성새실마을103동,2,8966227,727500000,84.3,2004,2026
서울,관악구,봉천동,신양,1,5128507,435000000,84.8,2004,2025
서울,관악구,봉천동,신원메트로빌,2,8806147,745000000,84.6,2006,2025
서울,관악구,봉천동,에메랄드102동,1,9355033,776000000,83.0,2007,2026
서울,관악구,봉천동,에메랄드105동,1,8178901,790000000,96.6,2012,2026
서울,관악구,봉천동,에이스인헌,1,7449514,498000000,66.8,2009,2025
서울,관악구,봉천동,위너스이즈,2,6796856,485000000,71.8,2006,2026
서울,관악구,봉천동,은선,1,4440772,430000000,96.8,2002,2026
서울,관악구,봉천동,은선파인빌,3,6513951,600000000,92.1,2004,2026
서울,관악구,봉천동,은천1,13,10366214,877500000,84.6,2001,2026
서울,관악구,봉천동,은천2단지아파트,46,11562522,625000000,59.9,2000,2026
서울,관악구,봉천동,은천누리에뜰,1,7201880,950000000,131.9,2007,2025
서울,관악구,봉천동,인헌,2,10083682,602500000,59.8,1998,2026
서울,관악구,봉천동,일두(1021),24,9646329,502000000,57.7,1985,2026
서울,관악구,봉천동,제창그로힐,5,8181507,670000000,81.8,2005,2026
서울,관악구,봉천동,카후나빌,2,7126028,472500000,68.0,2008,2024
서울,관악구,봉천동,캐릭터그린빌,3,9826630,1180000000,120.5,2000,2026
서울,관악구,봉천동,코스모블루,7,9167303,127500000,14.2,2012,2026
서울,관악구,봉천동,코스코수,2,7067221,607500000,85.6,2007,2026
서울,관악구,봉천동,탑,2,8198825,565000000,68.9,2004,2026
서울,관악구,봉천동,푸르빌3차,1,6687243,650000000,97.2,2004,2025
서울,관악구,봉천동,프라비다1,7,10083449,145000000,14.4,2012,2025
서울,관악구,봉천동,프라비다2,19,8669046,169000000,19.6,2013,2026
서울,관악구,봉천동,프라비다M,11,10292165,310000000,30.0,2014,2026
서울,관악구,봉천동,하이캐슬,1,6825939,580000000,85.0,2004,2026
서울,관악구,봉천동,하이캐슬101동,1,5759539,480000000,83.3,2002,2025
서울,관악구,봉천동,해바라기,6,13259894,650000000,49.0,1978,2025
서울,관악구,봉천동,해태보라매타워,19,10411709,700000000,59.9,1996,2026
서울,관악구,봉천동,현대(관악),182,11664244,881500000,68.8,1992,2026
서울,관악구,봉천동,휴먼아파트A,1,7384685,325000000,44.0,2002,2026
서울,관악구,사당동,관악푸르지오102동,2,9198710,1055000000,114.7,2004,2025
서울,관악구,신림동,CLOUDAPT,5,9714163,452000000,46.5,2017,2026
서울,관악구,신림동,G밸리마인드,7,13034759,195000000,15.0,2021,2026
서울,관악구,신림동,LIG5차,5,8013356,590000000,59.9,1995,2026
서울,관악구,신림동,LIG대학마을(건영아파트3차),96,8828523,600000000,69.2,1996,2026
서울,관악구,신림동,건영1,45,8428737,508000000,60.3,1984,2026
서울,관악구,신림동,건영2,12,7746795,372500000,51.8,1988,2026
서울,관악구,신림동,건영4,17,7774767,660000000,84.9,1997,2026
서울,관악구,신림동,관악,5,7412662,418000000,57.4,1983,2026
서울,관악구,신림동,관악산휴먼시아1단지,45,9501584,635000000,60.0,2008,2026
서울,관악구,신림동,관악산휴먼시아2단지,216,8414735,682500000,85.0,2008,2026
서울,관악구,신림동,국제산장,32,6060606,499000000,84.2,1993,2026
서울,관악구,신림동,그대家,48,8447987,541000000,59.6,2003,2026
서울,관악구,신림동,금호(1차),15,6565657,455000000,59.4,1997,2026
서울,관악구,신림동,금호2,9,9673115,645000000,60.0,1998,2026
서울,관악구,신림동,뉴서울,2,6021897,355000000,58.7,1984,2025
서울,관악구,신림동,늘푸른,1,4546603,360000000,79.2,2007,2024
서울,관악구,신림동,늘푸른(569-5),2,5934613,417500000,70.4,2009,2026
서울,관악구,신림동,동마,1,6584431,395000000,60.0,1995,2026
서울,관악구,신림동,동부,48,12092149,650000000,60.4,1993,2026
서울,관악구,신림동,두영,8,7658772,655000000,84.9,2002,2026
서울,관악구,신림동,라이프,13,8058782,580000000,84.4,1996,2026
서울,관악구,신림동,라이프미성,17,9056799,780000000,91.2,1982,2026
서울,관악구,신림동,로마,4,8814279,677500000,77.7,2003,2026
서울,관악구,신림동,미래,4,6807872,456500000,71.6,1997,2026
서울,관악구,신림동,미래한건(1563-78),2,5907285,425000000,72.0,2004,2025
서울,관악구,신림동,벨라루체아파트,1,9307676,445000000,47.8,2019,2026
서울,관악구,신림동,벽산블루밍,9,8649094,735000000,85.0,2005,2026
서울,관악구,신림동,보라매갑을,17,9973226,680000000,74.7,2003,2026
서울,관악구,신림동,보라매스카이아파트(1739),3,8478742,690000000,74.5,2016,2026
서울,관악구,신림동,보라매해담채,3,11636928,150000000,12.9,2012,2026
서울,관악구,신림동,산장그린,1,6082116,437000000,71.8,2002,2024
서울,관악구,신림동,삼성,3,8461538,550000000,65.0,2012,2026
서울,관악구,신림동,삼성산주공(주공3단지),101,7210672,592000000,83.2,2000,2026
서울,관악구,신림동,삼성아트빌(715-32),1,5384477,299000000,55.5,2008,2025
서울,관악구,신림동,상목에버빌A,1,5828705,425000000,72.9,2004,2026
서울,관악구,신림동,상목에버빌B,3,6434218,525000000,81.6,2004,2026
서울,관악구,신림동,서울대벤처타운역푸르지오,1,12943796,1100000000,85.0,2025,2025
서울,관악구,신림동,서초,2,7620579,592500000,77.8,2003,2025
서울,관악구,신림동,서초그린,1,11285738,675000000,59.8,2005,2026
서울,관악구,신림동,성우,10,10630315,697500000,60.0,1998,2026
서울,관악구,신림동,신동아,2,5913405,498500000,84.3,1994,2026
서울,관악구,신림동,신림2차푸르지오,32,8849213,725000000,84.8,2007,2026
서울,관악구,신림동,신림2차현대,10,9101655,707500000,84.6,1996,2026
서울,관악구,신림동,신림동부센트레빌,11,10585098,805000000,74.9,2006,2026
서울,관악구,신림동,신림동신도브래뉴,28,9780367,875000000,85.0,2003,2026
서울,관악구,신림동,신림동쌍용아파트,9,7931151,520000000,59.3,1998,2026
서울,관악구,신림동,신림동이모르젠,1,7104574,570000000,80.2,2003,2024
서울,관악구,신림동,신림스카이아파트,1,8892826,502000000,56.4,2021,2024
서울,관악구,신림동,신림큐브,3,8834207,109900000,13.0,2015,2026
서울,관악구,신림동,신림푸르지오,105,10791367,1010000000,84.9,2005,2026
서울,관악구,신림동,신림현대,171,10097324,620000000,59.8,1993,2026
서울,관악구,신림동,신안,6,7947518,434500000,55.2,1978,2026
서울,관악구,신림동,신화아트벨리1차,1,6286806,395000000,62.8,2005,2024
서울,관악구,신림동,아데나,8,6750000,121500000,18.0,2010,2026
서울,관악구,신림동,앰팰리스아파트,3,9272635,674000000,72.7,2020,2026
서울,관악구,신림동,우민조원,12,8519629,670000000,73.4,2003,2026
서울,관악구,신림동,우방,22,10545698,640000000,59.7,1999,2026
서울,관악구,신림동,우정하이비전,6,7537243,637500000,84.6,2004,2026
서울,관악구,신림동,우정하이비전2,7,7424923,628000000,84.6,2004,2026
서울,관악구,신림동,월드,1,4127358,350000000,84.8,2001,2024
서울,관악구,신림동,웰피아,1,5613864,460000000,81.9,2004,2026
서울,관악구,신림동,위드비엠3,3,10956331,465000000,38.8,2021,2026
서울,관악구,신림동,제창그로힐,6,8666746,667000000,82.0,2004,2026
서울,관악구,신림동,주공1,10,7310924,435000000,59.5,1995,2026
서울,관악구,신림동,청광,5,7581618,490000000,64.6,2000,2026
서울,관악구,신림동,청암두산위브센티움,6,9139099,777500000,84.3,2005,2026
서울,관악구,신림동,청화,1,8039726,680000000,84.6,2004,2025
서울,관악구,신림동,초원,8,6983147,418500000,59.9,1999,2026
서울,관악구,신림동,코스모그린,9,7371007,90000000,12.2,2012,2026
서울,관악구,신림동,태성,1,6164384,450000000,73.0,2002,2026
서울,관악구,신림동,태양,1,4184527,205000000,49.0,2000,2025
서울,관악구,신림동,태영,9,9201389,435000000,49.9,1997,2026
서울,관악구,신림동,태흥,16,7016372,420000000,59.9,1995,2026
서울,관악구,신림동,파로스프라자,1,6534395,550000000,84.2,2009,2026
서울,관악구,신림동,푸리마타운,11,9498069,123000000,12.2,2014,2026
서울,관악구,신림동,프라비다트라움,7,7752489,109000000,14.0,2013,2026
서울,관악구,신림동,한라타운아파트,4,7672430,605000000,78.7,2001,2026
서울,관악구,신림동,한양,6,6858120,581500000,84.8,1992,2026
서울,관악구,신림동,현대,20,6099005,505000000,84.4,1991,2026
서울,관악구,신림동,효림다온,1,7990329,677500000,84.8,2007,2025
서울,관악구,신림동,흥원,1,3367003,400000000,118.8,2002,2024
서울,관악구,신림동,힐스테이트뉴포레,117,19337136,1167000000,60.0,2022,2026
서울,광진구,광장동,광나루현대,41,17074894,1450000000,84.9,1996,2026
서울,광진구,광장동,광장동현대Ⅰ빌라트,1,7906466,1295000000,163.8,2002,2025
서울,광진구,광장동,광장르엣지29,8,16876649,1202150000,71.2,2024,2026
서울,광진구,광장동,광장자이,9,16428662,2490000000,158.3,2008,2026
서울,광진구,광장동,광장현대9단지,58,20343505,1487500000,60.0,1999,2026
서울,광진구,광장동,광장힐스테이트,47,25894539,2240000000,85.0,2012,2026
서울,광진구,광장동,극동1,27,22471910,2420000000,84.6,1985,2026
서울,광진구,광장동,극동2,58,23229649,2065000000,84.6,1989,2026
서울,광진구,광장동,금호베스트빌,22,16864833,1330000000,84.9,2001,2026
서울,광진구,광장동,동북아스위트힐아파트,2,9748316,825000000,84.6,2006,2025
서울,광진구,광장동,삼성광장1,10,21329185,1660000000,72.8,1987,2025
서울,광진구,광장동,삼성광장2,28,18136403,1297500000,69.1,1989,2026
서울,광진구,광장동,상록타워아파트,23,17522659,1150000000,59.4,1997,2026
서울,광진구,광장동,신동아파밀리에,24,16617386,1405000000,84.7,2007,2026
서울,광진구,광장동,워커힐,44,15897549,3000000000,196.0,1978,2026
서울,광진구,광장동,워커힐 팰리스,3,9837468,1090000000,93.5,2005,2026
서울,광진구,광장동,워커힐푸르지오,29,16811594,1250000000,69.0,1987,2026
서울,광진구,광장동,워커힐현대빌,5,7480551,1000000000,133.7,1994,2026
서울,광진구,광장동,유진스웰,5,14998098,2050000000,136.7,2011,2026
서울,광진구,광장동,청구,71,19679472,1355000000,60.0,1996,2026
서울,광진구,광장동,포제스한강,1,41184950,3500000000,85.0,2025,2026
서울,광진구,광장동,한강현대아파트,1,9594653,445000000,46.4,2016,2025
서울,광진구,광장동,현대3,89,20124750,1480000000,74.9,1990,2026
서울,광진구,광장동,현대5,53,23462376,1620000000,74.9,1989,2026
서울,광진구,광장동,"현대8(801동,802동)",27,18841262,1600000000,84.9,1995,2026
서울,광진구,광장동,현대8(803동),17,22439106,1500000000,59.9,1996,2026
서울,광진구,광장동,현대파크빌,115,21921017,1700000000,84.8,2000,2026
서울,광진구,광장동,현대홈타운12차,10,16509106,2380000000,143.9,2004,2025
서울,광진구,광장동,흥화빌라트,1,9433962,1900000000,201.4,1998,2025
서울,광진구,구의동,AZ0213,1,8727019,375000000,43.0,2014,2025
서울,광진구,구의동,e편한세상광진그랜드파크,78,21792817,1950000000,85.0,2021,2026
서울,광진구,구의동,강변스카이타워,55,18099404,343000000,19.0,2026,2026
서울,광진구,구의동,강변에스케이뷰,12,17785630,1510000000,84.8,2017,2026
서울,광진구,구의동,강변현대하이엘,1,11508856,1540000000,133.8,2004,2025
서울,광진구,구의동,광남캐스빌,1,8698561,520000000,59.8,2003,2026
서울,광진구,구의동,광남캐스빌(198-4),2,10063738,764000000,75.6,2003,2026
서울,광진구,구의동,광진파크프라이빗,10,11368204,555000000,48.1,2020,2026
서울,광진구,구의동,광진파크하우스,13,13572235,610000000,44.2,2023,2026
서울,광진구,구의동,광진해모로리버뷰,1,18377902,1670000000,90.9,2009,2026
서울,광진구,구의동,구의강변우성아파트,16,18699858,1585000000,84.8,1992,2026
서울,광진구,구의동,구의동현진에버빌,10,14118145,1172500000,85.0,2006,2026
서울,광진구,구의동,구의자이르네,17,15671124,950000000,59.8,2021,2026
서울,광진구,구의동,구의현대2단지,94,20321596,1725000000,84.9,1996,2026
서울,광진구,구의동,구의현대6단지,26,17922303,1521250000,84.9,1994,2026
서울,광진구,구의동,구의현대7단지현대홈타운,37,16925129,1180000000,60.0,1997,2026
서울,광진구,구의동,그레이스홈타운(101동),2,9107108,920000000,101.0,2005,2026
서울,광진구,구의동,그레이스홈타운(102동),1,9199589,985000000,107.1,2005,2026
서울,광진구,구의동,나크빌라트,1,10312500,1320000000,128.0,2002,2026
서울,광진구,구의동,대성빌라트(552-6),3,5263802,430000000,81.7,2000,2026
서울,광진구,구의동,대영(1동),1,11877348,980000000,82.5,2004,2026
서울,광진구,구의동,데쟈뷰아파트,3,9349859,450000000,65.9,2006,2026
서울,광진구,구의동,도성,2,7642857,535000000,70.0,2003,2026
서울,광진구,구의동,동우아파트,1,10083784,680000000,67.4,2011,2026
서울,광진구,구의동,래미안파크스위트,94,20506836,1490000000,75.8,2018,2026
서울,광진구,구의동,리마크빌구의,7,21337742,419500000,19.7,2025,2026
서울,광진구,구의동,명성,2,8010934,600000000,74.5,2003,2026
서울,광진구,구의동,삼성로얄,1,7228774,613000000,84.8,2000,2024
서울,광진구,구의동,삼성로얄아파트,1,5121342,287000000,56.0,2000,2025
서울,광진구,구의동,삼성쉐르빌,21,11763892,1600000000,141.8,2001,2026
서울,광진구,구의동,새한,9,12837122,1075000000,84.9,2000,2026
서울,광진구,구의동,선화아파트,2,5792465,540000000,93.4,2003,2026
서울,광진구,구의동,성동강변파크빌101(강변타워),14,14519359,1097500000,59.9,2001,2026
서울,광진구,구의동,성원쌍떼빌,2,6291154,485000000,77.3,2003,2025
서울,광진구,구의동,세림리오빌,4,9861816,835000000,84.7,2005,2026
서울,광진구,구의동,세양,10,19894450,1677500000,84.3,2002,2026
서울,광진구,구의동,솔렌시아,4,9373464,294500000,31.2,2015,2026
서울,광진구,구의동,솔렌시아2,3,10664953,332000000,32.8,2015,2026
서울,광진구,구의동,스타파크,7,13843225,790000000,57.8,2022,2026
서울,광진구,구의동,스타파크아파트,5,11886034,680000000,59.2,2018,2026
서울,광진구,구의동,신덕하이빌,1,7525084,630000000,83.7,2001,2025
서울,광진구,구의동,아차산인앤인W클래스101동,1,8374716,995000000,118.8,2007,2026
서울,광진구,구의동,아차산인앤인W클래스102동,1,9146961,1350000000,147.6,2007,2026
서울,광진구,구의동,아차산포레안,10,14209278,1212500000,84.7,2010,2026
서울,광진구,구의동,아차산한라아파트,7,11492717,730000000,60.4,2009,2026
서울,광진구,구의동,아크로리버,9,15148497,2000000000,132.0,2004,2026
서울,광진구,구의동,옥산그린타워,1,7258732,112220000,15.5,2020,2024
서울,광진구,구의동,우신,1,6339869,485000000,76.5,2003,2025
서울,광진구,구의동,욱현(208-1),2,7601752,610000000,80.7,2001,2025
서울,광진구,구의동,은진아파트5차,1,6359409,465000000,73.1,2002,2025
서울,광진구,구의동,주성힐스톤,4,10184895,682500000,63.8,2014,2025
서울,광진구,구의동,청목파크빌,1,6672227,560000000,83.9,2001,2026
서울,광진구,구의동,파르네빌,2,7661267,1365000000,177.4,2008,2026
서울,광진구,구의동,파크타운,1,14309821,848000000,59.3,2015,2025
서울,광진구,구의동,퓨전빌,3,8483690,710000000,83.7,2003,2025
서울,광진구,구의동,한영해시안아파트,9,13006503,780000000,60.0,2020,2026
서울,광진구,구의동,해성아파트,2,9941489,555000000,61.5,2002,2026
서울,광진구,구의동,현대13차폴라트리움,3,15321155,1450000000,84.8,2006,2025
서울,광진구,구의동,현대팰리스,15,8827088,590000000,59.8,2022,2026
서울,광진구,구의동,현대프라임,129,21715145,1680000000,59.8,1997,2026
서울,광진구,군자동,광진We’vePark,10,10122534,1360000000,130.8,2008,2026
서울,광진구,군자동,광진동양파라곤1단지,10,9947401,1130000000,124.6,2008,2026
서울,광진구,군자동,광진동양파라곤2단지,2,13409002,997500000,74.4,2008,2026
서울,광진구,군자동,서원힐탑,5,8277167,700000000,84.6,1994,2026
서울,광진구,군자동,에피소드1,2,13054464,232500000,17.8,2014,2026
서울,광진구,군자동,일성파크,43,12174783,815000000,60.0,1996,2026
서울,광진구,군자동,호동,3,9792246,740000000,75.6,2002,2026
서울,광진구,군자동,홍익봄마을(102동),1,9134045,770000000,84.3,2004,2026
서울,광진구,능동,그린,2,8906129,694000000,77.9,2004,2026
서울,광진구,자양동,경남,20,16217692,1035000000,60.0,1999,2026
서울,광진구,자양동,경남아너스빌,17,14216424,1020000000,84.9,1997,2026
서울,광진구,자양동,광진트라팰리스,23,17813956,2300000000,153.8,2006,2026
서울,광진구,자양동,광진하나플러스,6,16836011,1425000000,84.6,2005,2026
서울,광진구,자양동,광진하우스토리한강,3,17613002,2525000000,141.5,2008,2025
서울,광진구,자양동,구의현대하이엘,8,13505288,692500000,59.4,2005,2026
서울,광진구,자양동,구의현대홈시티,8,12658973,1075000000,84.9,2006,2026
서울,광진구,자양동,그랜드아파트,20,12182741,710000000,59.1,2023,2026
서울,광진구,자양동,그린,3,11019649,830000000,75.3,2003,2026
서울,광진구,자양동,금강KCC,3,15490635,1315000000,84.9,2002,2025
서울,광진구,자양동,노블스카이,1,16014121,998000000,62.3,2004,2026
서울,광진구,자양동,대동,33,16778636,1250000000,59.5,1999,2026
서울,광진구,자양동,대보아파트(798-3),2,9140143,720000000,78.8,2003,2025
서울,광진구,자양동,대원리버빌,2,17036802,1342500000,78.8,2001,2025
서울,광진구,자양동,대원캐슬빌,1,11187176,670000000,59.9,2012,2025
서울,광진구,자양동,더샵스타시티,134,17741305,2280000000,129.7,2007,2026
서울,광진구,자양동,래미안프리미어팰리스,18,17722562,1505000000,84.9,2017,2026
서울,광진구,자양동,로얄동아,32,16503595,1385000000,84.8,1999,2026
서울,광진구,자양동,롯데캐슬리버파크시그니쳐,13,27062007,2090000000,85.0,2023,2025
서울,광진구,자양동,삼성홈타운,2,9799968,770000000,78.6,2007,2025
서울,광진구,자양동,스카이빌1차,2,8665717,730000000,84.2,2001,2025
서울,광진구,자양동,스카이빌2차,1,11170064,800000000,71.6,2002,2026
서울,광진구,자양동,신호빌라트,1,10736196,1680000000,156.5,1997,2025
서울,광진구,자양동,와이엠프라젠스파,5,13361839,810000000,56.1,2005,2025
서울,광진구,자양동,우방리버파크,16,21039313,1565000000,85.0,2003,2026
서울,광진구,자양동,우성1,88,18004654,1177000000,59.9,1988,2026
서울,광진구,자양동,우성2,44,16978777,1152000000,64.8,1989,2026
서울,광진구,자양동,우성3,43,21150124,1485000000,72.3,1989,2026
서울,광진구,자양동,우성4,7,16016959,1360000000,84.9,1989,2026
서울,광진구,자양동,우성5,7,14636449,1240000000,84.7,1990,2025
서울,광진구,자양동,우성6,4,14961048,1267500000,84.7,1992,2025
서울,광진구,자양동,유림,2,12406666,945000000,74.9,2004,2025
서울,광진구,자양동,이스트폴,9,27692670,2350000000,84.9,2025,2025
서울,광진구,자양동,이튼타워리버1차,16,18131172,1460000000,84.2,2006,2025
서울,광진구,자양동,이튼타워리버2차,9,18189339,1539000000,84.6,2006,2026
서울,광진구,자양동,이튼타워리버3차,24,18420433,1691500000,85.0,2007,2026
서울,광진구,자양동,이튼타워리버5차,23,19769357,2100000000,85.0,2009,2026
서울,광진구,자양동,자양10차현대홈타운,7,18328203,1548000000,84.5,2002,2026
서울,광진구,자양동,자양2현대,18,16927957,1362500000,84.9,1995,2026
서울,광진구,자양동,자양7차현대홈타운,25,18268268,1340000000,59.9,2001,2026
서울,광진구,자양동,자양8차현대홈타운,15,19013297,1690000000,80.5,2002,2026
서울,광진구,자양동,자양9차현대홈타운,6,17744671,1465000000,82.6,2002,2025
서울,광진구,자양동,자양강변I-Park,13,21130077,1795000000,85.0,2006,2026
서울,광진구,자양동,자양동명진센트라임,4,12741883,403500000,31.3,2017,2026
서울,광진구,자양동,자양동현대,17,15966884,1350000000,84.6,1993,2026
서울,광진구,자양동,자양삼성,26,18515730,1150000000,59.8,1999,2026
서울,광진구,자양동,자양우성7,61,19898740,1390000000,59.9,1998,2026
서울,광진구,자양동,자양하늘채베르,12,20125473,990000000,47.0,2023,2026
서울,광진구,자양동,자양현대5,23,15907569,1260000000,76.9,1998,2026
서울,광진구,자양동,자양현대6,17,18006002,1295000000,60.0,1999,2026
서울,광진구,자양동,자양호반써밋,51,24200168,1125000000,40.3,2021,2026
서울,광진구,자양동,자양힐101동,9,11238671,930000000,82.8,2005,2026
서울,광진구,자양동,테라팰리스건대2차,10,13749070,1045000000,82.9,2018,2026
서울,광진구,자양동,파라다이스리버빌,3,10268050,1900000000,185.0,2001,2026
서울,광진구,자양동,한강극동,11,13795145,1165000000,84.4,1991,2026
서울,광진구,자양동,한강로얄,2,11629792,1435000000,123.4,2004,2026
서울,광진구,자양동,한강성원,7,16313488,1000000000,59.5,1997,2025
서울,광진구,자양동,한강아남,3,13176638,899000000,83.6,1995,2025
서울,광진구,자양동,한강우성,27,18885741,1600000000,84.7,1993,2026
서울,광진구,자양동,한강이레,3,13947001,800000000,57.4,2003,2026
서울,광진구,자양동,한강현대,14,16117436,1345000000,83.4,1993,2026
서울,광진구,자양동,한라아파트,35,17612293,1220000000,60.0,1996,2026
서울,광진구,자양동,한솔리베르,14,15448777,1257500000,83.3,2002,2026
서울,광진구,자양동,한양,26,17449772,2275000000,124.9,1983,2026
서울,광진구,자양동,한영해시안,5,13444003,700000000,42.8,2015,2026
서울,광진구,자양동,한화꿈에그린,10,16546508,1845000000,111.6,2006,2026
서울,광진구,자양동,현대3,52,15326568,1290000000,84.9,1996,2026
서울,광진구,자양동,현대강변,22,14510436,1190000000,82.1,1991,2026
서울,광진구,자양동,현대빌라트(643-23),1,12893440,1700000000,131.8,1993,2025
서울,광진구,중곡동,광남캐스빌3차,2,8389778,417500000,52.1,2002,2026
서울,광진구,중곡동,그린트리,1,7710558,650000000,84.3,2004,2025
서울,광진구,중곡동,대영(62-68),1,6687109,567000000,84.8,2001,2025
서울,광진구,중곡동,대영(68-6),1,7107321,400000000,56.3,2002,2025
서울,광진구,중곡동,대영1동,2,9179457,777500000,84.7,2001,2026
서울,광진구,중곡동,대영2동,1,9344243,788000000,84.3,2002,2026
서울,광진구,중곡동,랜드,2,6821608,452500000,68.0,2002,2025
서울,광진구,중곡동,백악관타워,50,13908578,316500000,23.3,2025,2025
서울,광진구,중곡동,삼민,2,7639666,561500000,73.5,1995,2026
서울,광진구,중곡동,삼보글로벌101동,2,11292211,632500000,56.8,2003,2026
서울,광진구,중곡동,삼보글로벌102동,1,9002875,595000000,66.1,2003,2025
서울,광진구,중곡동,삼보드림,2,7071347,570000000,80.9,2003,2025
서울,광진구,중곡동,삼성로얄,1,6954267,590000000,84.8,2002,2025
서울,광진구,중곡동,삼성로얄3,3,7222824,600000000,77.2,2002,2026
서울,광진구,중곡동,삼성베스트빌(31차),2,10245555,484000000,47.2,2018,2026
서울,광진구,중곡동,성원,16,8868271,565000000,59.8,1998,2026
서울,광진구,중곡동,신성그랜드타워,3,6537204,1000000000,156.0,1996,2026
서울,광진구,중곡동,에스케이,13,9929078,785000000,67.0,1999,2026
서울,광진구,중곡동,에이탑,2,7380071,547500000,74.3,2003,2026
서울,광진구,중곡동,엘림퍼스트중곡동,12,10156504,550000000,55.1,2021,2026
서울,광진구,중곡동,욱현,3,7542038,610000000,80.9,2002,2026
서울,광진구,중곡동,욱현하이브Ⅲ,10,8839334,145000000,17.7,2012,2026
서울,광진구,중곡동,웰빙,2,8270406,690000000,83.4,2007,2025
서울,광진구,중곡동,주성AURA,2,8299116,562500000,67.8,2009,2026
서울,광진구,중곡동,중곡1단지,32,8507920,450000000,53.2,1976,2026
서울,광진구,중곡동,중곡2단지,27,8734562,488000000,55.9,1976,2026
서울,광진구,중곡동,중곡동광덕,3,7630617,647000000,84.8,2002,2026
서울,광진구,중곡동,테라팰리스중곡1,3,9539991,685000000,71.8,2017,2026
서울,광진구,중곡동,호동,2,11678201,810000000,69.4,2002,2026
서울,광진구,화양동,광진스위트엠아파트,1,10883633,925000000,85.0,2021,2025
서울,광진구,화양동,광진코지웰,41,9144737,147000000,15.6,2014,2026
서울,광진구,화양동,브라운스톤,15,10984790,695000000,65.1,2006,2026
서울,광진구,화양동,신원리브웰화양동주상복합,2,8924350,176000000,19.7,2019,2026
서울,광진구,화양동,씨즈건대힐스,16,11401968,162250000,14.2,2017,2026
서울,광진구,화양동,아스하임(111-102),9,14741318,210000000,14.1,2018,2025
서울,광진구,화양동,위너스힐(111-89),10,11982969,635000000,52.0,2021,2026
서울,광진구,화양동,테라팰리스건대1차,4,11887628,683500000,57.5,2019,2026
서울,광진구,화양동,화양동동도센트리움캠퍼스파크,8,12486124,214500000,16.3,2019,2026
서울,광진구,화양동,화양타워,5,5664878,95000000,16.8,1999,2026
서울,광진구,화양동,화양현대,30,14338085,922500000,60.0,1999,2026
서울,구로구,가리봉동,남구로역동일센타시아,1,11444077,485000000,42.4,2024,2026
서울,구로구,가리봉동,효성,11,6009191,508000000,84.9,1998,2026
서울,구로구,개봉동,LIPe-푸른아파트,3,6385135,398000000,59.2,2014,2026
서울,구로구,개봉동,개봉동상우,10,8503851,585000000,68.0,2005,2026
서울,구로구,개봉동,개봉동현대아이파크,92,11002589,897500000,85.0,2006,2026
서울,구로구,개봉동,개봉푸르지오,89,10910617,860000000,84.8,2014,2026
서울,구로구,개봉동,거성,7,5632835,328000000,58.2,1988,2026
서울,구로구,개봉동,거성푸르뫼,23,6355932,450000000,59.9,1993,2026
서울,구로구,개봉동,거성푸르뫼2,20,6819699,415000000,59.9,1994,2026
서울,구로구,개봉동,건양,1,4424157,252000000,57.0,2002,2026
서울,구로구,개봉동,건양(346-33),1,4242681,300000000,70.7,2001,2025
서울,구로구,개봉동,건영,6,5591755,456500000,84.4,1994,2026
서울,구로구,개봉동,고운아파트,5,7173841,480000000,59.9,2002,2026
서울,구로구,개봉동,대상,34,6974526,505000000,74.6,1999,2026
서울,구로구,개봉동,동도센트리움(70-12),3,4902129,570000000,116.3,2002,2026
서울,구로구,개봉동,동인,6,5448337,382000000,67.4,1989,2026
서울,구로구,개봉동,두산,101,8326353,580000000,59.7,1997,2026
서울,구로구,개봉동,삼호,37,8937521,639000000,84.9,1996,2026
서울,구로구,개봉동,삼환,87,8585859,635000000,59.4,1995,2026
서울,구로구,개봉동,상우,22,8543771,537500000,59.4,1997,2026
서울,구로구,개봉동,세이지움개봉,354,12021175,225000000,18.6,2025,2025
서울,구로구,개봉동,수영힐(나동),1,5397129,282000000,52.2,2005,2025
서울,구로구,개봉동,신개봉삼환,23,8861394,580000000,59.8,2001,2026
서울,구로구,개봉동,신세기,1,6329994,455000000,71.9,2003,2026
서울,구로구,개봉동,신영지웰에스테이트개봉역,6,13077019,776500000,60.0,2024,2026
서울,구로구,개봉동,에드가개봉,218,14134490,238000000,16.5,2025,2026
서울,구로구,개봉동,영화,40,8945386,743500000,85.0,1998,2026
서울,구로구,개봉동,영화아이닉스,20,7295834,621000000,85.0,2005,2026
서울,구로구,개봉동,왕궁,2,3819126,250000000,65.5,1975,2026
서울,구로구,개봉동,율포그레이스빌,9,6959188,575000000,84.8,2002,2026
서울,구로구,개봉동,제일아파트,2,3786140,330000000,87.2,1993,2026
서울,구로구,개봉동,진로,2,5329637,374500000,71.4,2000,2026
서울,구로구,개봉동,창동,1,5313496,300000000,56.5,1987,2025
서울,구로구,개봉동,청실,13,7977076,520000000,64.6,1987,2026
서울,구로구,개봉동,태경하이빌,1,4594706,335000000,72.9,2004,2025
서울,구로구,개봉동,한마을,234,11750881,849000000,59.6,1999,2026
서울,구로구,개봉동,한양아이클래스구로,19,8188226,375000000,47.7,2018,2026
서울,구로구,개봉동,한진,147,8256881,600000000,60.0,2000,2026
서울,구로구,개봉동,현대,186,10001023,840000000,85.0,2001,2026
서울,구로구,개봉동,현대홈타운,128,10674063,790000000,84.9,2001,2026
서울,구로구,개봉동,호반써밋개봉,5,13332888,799000000,59.9,2024,2026
서울,구로구,개봉동,화신,2,6633250,397000000,59.8,2004,2025
서울,구로구,고척동,개봉청구,2,5198568,305000000,58.7,1993,2026
서울,구로구,고척동,경남1,9,8511348,530000000,60.0,1998,2026
서울,구로구,고척동,경남2,25,7671781,550000000,71.0,1999,2026
서울,구로구,고척동,고척LIG리가1차,20,9649329,820000000,85.0,2009,2026
서울,구로구,고척동,고척LIG리가2차,15,12010008,780000000,60.0,2009,2026
서울,구로구,고척동,고척월드메르디앙,16,9301778,790000000,84.9,2011,2026
서울,구로구,고척동,고척파크푸르지오,66,14192687,930000000,59.9,2009,2026
서울,구로구,고척동,그랜드,2,6382057,368500000,57.7,1997,2026
서울,구로구,고척동,대우,146,8938543,650000000,60.0,1999,2026
서울,구로구,고척동,더헤리츠,6,10770537,610000000,56.0,2023,2026
서울,구로구,고척동,동아한신,34,9442554,670000000,59.9,2000,2026
서울,구로구,고척동,마젤란,8,9146641,705000000,84.9,2008,2026
서울,구로구,고척동,벽산,74,10927449,927500000,84.9,2003,2026
서울,구로구,고척동,벽산베스트블루밍,23,10247953,860000000,84.9,2010,2026
서울,구로구,고척동,산업인,38,4855600,229500000,47.2,1976,2025
서울,구로구,고척동,삼명,11,6401463,280000000,43.7,1977,2026
서울,구로구,고척동,삼익(1단지),20,7522568,463500000,59.8,2001,2026
서울,구로구,고척동,삼익(2단지),20,7226930,616500000,85.0,2001,2026
서울,구로구,고척동,삼환로즈빌,43,10883121,910000000,85.0,2004,2026
서울,구로구,고척동,서울가든,59,8541699,594000000,64.4,1989,2026
서울,구로구,고척동,성원,2,7776022,443000000,57.0,1996,2026
서울,구로구,고척동,센츄리,32,7450331,630000000,84.6,1994,2026
서울,구로구,고척동,신원프라자,14,6348641,426000000,74.8,1997,2026
서울,구로구,고척동,양우,16,7440774,478500000,59.9,2000,2026
서울,구로구,고척동,예주유니츠,1,6705837,525000000,78.3,2003,2026
서울,구로구,고척동,"우성,현대아파트",26,8588064,600000000,68.7,1987,2026
서울,구로구,고척동,우성꿈동산,17,6690391,530000000,80.3,1996,2026
서울,구로구,고척동,청구,50,9009009,585000000,59.9,1999,2026
서울,구로구,고척동,청솔우성,11,8351611,580000000,59.3,2000,2026
서울,구로구,고척동,하이리빙,1,5745537,457000000,79.5,2002,2025
서울,구로구,고척동,한성,9,5555556,385000000,68.9,1986,2026
서울,구로구,고척동,한일유앤아이,32,8514612,642500000,84.7,2005,2026
서울,구로구,고척동,한효,15,8587377,640000000,74.1,1985,2026
서울,구로구,고척동,해피그린(171-31),2,5613426,467500000,83.4,2004,2026
서울,구로구,구로동,(716-22)우진빌라C,1,4752066,230000000,48.4,2000,2025
서울,구로구,구로동,(717-21)경원주택2동,1,4876580,243000000,49.8,1999,2025
서울,구로구,구로동,(717-5)미래빌라,1,5566824,247000000,44.4,2000,2026
서울,구로구,구로동,(718-18)삼성빌라트,1,5679012,253000000,44.6,1961,2026
서울,구로구,구로동,(718-22),1,4576204,230000000,50.3,2000,2025
서울,구로구,구로동,(739-19),1,3549004,260000000,73.3,1995,2025
서울,구로구,구로동,(740-24),2,5000000,173000000,34.6,2000,2025
서울,구로구,구로동,(742-57),2,6018519,130000000,21.6,1995,2025
서울,구로구,구로동,(743-26),1,4292385,239000000,55.7,1988,2025
서울,구로구,구로동,(743-31),1,3906250,175000000,44.8,1996,2025
서울,구로구,구로동,(743-35),1,3345041,200000000,59.8,1998,2025
서울,구로구,구로동,(743-39),1,3641661,200000000,54.9,1996,2025
서울,구로구,구로동,(743-55),1,3962102,230000000,58.0,1996,2026
서울,구로구,구로동,(744-18),1,5013193,190000000,37.9,1996,2025
서울,구로구,구로동,(744-19),1,4666959,213000000,45.6,1996,2026
서울,구로구,구로동,(744-3),1,4509147,175000000,38.8,1998,2024
서울,구로구,구로동,(744-45),1,6012777,160000000,26.6,1997,2025
서울,구로구,구로동,(745-14),1,3876327,168000000,43.3,1998,2025
서울,구로구,구로동,(745-15),1,4061389,217000000,53.4,1997,2026
서울,구로구,구로동,(745-40),1,4391583,240000000,54.6,1997,2025
서울,구로구,구로동,(745-60),2,3684938,160000000,43.4,1996,2025
서울,구로구,구로동,(746-14),1,5519742,274000000,49.6,1996,2026
서울,구로구,구로동,(747-26),1,3933566,180000000,45.8,1997,2026
서울,구로구,구로동,(747-35),2,3929137,198500000,50.5,1982,2025
서울,구로구,구로동,(747-51),1,4940512,245000000,49.6,1999,2025
서울,구로구,구로동,(747-53),1,5181024,249000000,48.1,1999,2026
서울,구로구,구로동,(748-20),1,4789272,225000000,47.0,1995,2025
서울,구로구,구로동,(748-32),1,4161044,185000000,44.5,1998,2025
서울,구로구,구로동,(749-1),1,4268943,120000000,28.1,1996,2025
서울,구로구,구로동,(749-29),1,4259135,190000000,44.6,1996,2024
서울,구로구,구로동,(749-46),2,5130714,189000000,36.9,1996,2025
서울,구로구,구로동,(749-99),1,4077900,189500000,46.5,1998,2025
서울,구로구,구로동,(750-8),1,4892368,200000000,40.9,1996,2025
서울,구로구,구로동,(751-3),1,5465183,191500000,35.0,1999,2025
서울,구로구,구로동,(751-4),1,4375497,110000000,25.1,1996,2025
서울,구로구,구로동,(752-15),4,5654886,136000000,24.0,1999,2026
서울,구로구,구로동,(752-17),2,4618594,155000000,33.6,1994,2025
서울,구로구,구로동,(752-19),2,3806894,227500000,59.8,1994,2026
서울,구로구,구로동,(752-37),2,4864030,177000000,36.8,2000,2026
서울,구로구,구로동,(770-54),1,3728070,170000000,45.6,1996,2024
서울,구로구,구로동,(770-8),1,4611067,230000000,49.9,1994,2026
서울,구로구,구로동,(777-3)두암호은리버빌,1,5884516,320000000,54.4,2002,2025
서울,구로구,구로동,(779-13),1,6500542,180000000,27.7,1997,2025
서울,구로구,구로동,(779-2),3,4254595,147000000,35.6,1995,2025
서울,구로구,구로동,(779-26),1,4501801,150000000,33.3,1997,2025
서울,구로구,구로동,(779-3),1,5057600,180000000,35.6,1997,2025
서울,구로구,구로동,(780-41),2,5258694,310000000,59.0,1995,2026
서울,구로구,구로동,(780-50),1,6006419,131000000,21.8,1997,2025
서울,구로구,구로동,(780-62),2,4293699,169000000,39.4,1996,2025
서울,구로구,구로동,(780-67)우정빌라,1,5425347,250000000,46.1,1996,2025
서울,구로구,구로동,(780-86),1,5625879,200000000,35.6,1961,2026
서울,구로구,구로동,(791-16),2,5021947,194500000,38.7,1995,2025
서울,구로구,구로동,(791-4),1,5668934,250000000,44.1,1995,2025
서울,구로구,구로동,(791-62),1,5408690,178000000,32.9,1997,2025
서울,구로구,구로동,(792-102),2,4481213,130000000,29.0,1995,2026
서울,구로구,구로동,(792-2),1,5388331,290000000,53.8,1996,2026
서울,구로구,구로동,(792-6),1,5311444,220000000,41.4,1996,2026
서울,구로구,구로동,(793-16),1,7241130,200000000,27.6,1997,2026
서울,구로구,구로동,(793-44),2,4920213,166500000,33.8,1996,2025
서울,구로구,구로동,(793-54),1,4378490,149000000,34.0,1998,2025
서울,구로구,구로동,(794-12),1,3816794,210000000,55.0,1998,2025
서울,구로구,구로동,(794-13),1,4255674,255000000,59.9,1997,2025
서울,구로구,구로동,(794-22),1,3676223,218000000,59.3,1997,2025
서울,구로구,구로동,(796-11),1,4779717,230000000,48.1,1995,2025
서울,구로구,구로동,(796-12),1,4684838,220000000,47.0,1997,2025
서울,구로구,구로동,(796-25),1,4507476,205000000,45.5,1996,2025
서울,구로구,구로동,(797-22),1,4237288,180000000,42.5,1995,2025
서울,구로구,구로동,(797-26),1,4786036,170000000,35.5,1996,2025
서울,구로구,구로동,(797-43),1,4143809,211500000,51.0,1996,2025
서울,구로구,구로동,(797-57),1,4546281,250000000,55.0,1996,2025
서울,구로구,구로동,(798-18)봉일주택,1,3680530,200000000,54.3,1995,2025
서울,구로구,구로동,(798-21),1,3933137,160000000,40.7,1984,2026
서울,구로구,구로동,(799-11),1,5621135,200000000,35.6,1996,2026
서울,구로구,구로동,(803-13)구로아트빌라8,4,4508748,268000000,59.4,1997,2026
서울,구로구,구로동,(805-16),1,4372937,265000000,60.6,1961,2025
서울,구로구,구로동,(806-14),1,6507388,207000000,31.8,1967,2026
서울,구로구,구로동,(806-62),1,4725610,279000000,59.0,1996,2026
서울,구로구,구로동,(807-1),4,4591837,154500000,35.3,1997,2026
서울,구로구,구로동,(807-19),1,3429007,135000000,39.4,1998,2026
서울,구로구,구로동,(807-37),2,5239473,163000000,31.1,1996,2025
서울,구로구,구로동,800-19,1,3601441,180000000,50.0,1996,2025
서울,구로구,구로동,801-9,1,4901961,210000000,42.8,1997,2025
서울,구로구,구로동,807-41,2,4765886,285000000,59.8,1999,2026
서울,구로구,구로동,M센트럴뷰,1,9051635,440000000,48.6,2020,2026
서울,구로구,구로동,SR친오애,2,7031645,597500000,85.0,2009,2026
서울,구로구,구로동,경성B,1,4059540,180000000,44.3,1998,2025
서울,구로구,구로동,경성아파트,1,5171839,310000000,59.9,1998,2026
서울,구로구,구로동,골드마인(가동),1,5588770,430000000,76.9,2004,2026
서울,구로구,구로동,구로궁전빌리지(771-42),2,3872054,230000000,59.4,1985,2024
서울,구로구,구로동,구로두산,192,10809414,545000000,44.6,1998,2026
서울,구로구,구로동,구로두산위브,98,13489696,525000000,36.9,2006,2026
서울,구로구,구로동,구로아트빌라3동,1,5171839,310000000,59.9,1997,2025
서울,구로구,구로동,구로아트빌라4동(806-33),2,5483217,328500000,59.9,2002,2026
서울,구로구,구로동,구로아트빌라9,2,4992486,299000000,59.9,1997,2026
서울,구로구,구로동,구로에스케이뷰,5,9411875,800000000,85.0,2006,2026
서울,구로구,구로동,구로오네뜨시티,8,8925010,213000000,25.1,2022,2026
서울,구로구,구로동,구로지웰,14,9807044,585000000,59.7,2011,2026
서울,구로구,구로동,구로현대,60,10003126,610000000,56.5,1992,2026
서울,구로구,구로동,구일우성,121,8411844,560000000,59.4,1998,2026
서울,구로구,구로동,궁전아트빌라,2,3577236,132000000,36.9,1994,2025
서울,구로구,구로동,그린플러스구로해담채2,4,7482993,99000000,13.2,2013,2026
서울,구로구,구로동,극동,33,7029053,450000000,64.0,1984,2026
서울,구로구,구로동,근상프리즘,1,7416329,585000000,78.9,2007,2026
서울,구로구,구로동,금호,15,7438017,509000000,84.7,1997,2026
서울,구로구,구로동,뉴홍현솔레디움,4,7869878,666500000,84.7,2002,2026
서울,구로구,구로동,늘푸른주상복합,2,6475921,550000000,84.9,2008,2026
서울,구로구,구로동,다솜금호,28,9015847,594000000,60.0,1995,2026
서울,구로구,구로동,다울숲,4,8123814,685000000,84.3,2010,2026
서울,구로구,구로동,대길B,1,5832832,194000000,33.3,1996,2025
서울,구로구,구로동,대림아르빌,6,7937021,795000000,98.3,2003,2026
서울,구로구,구로동,대림역경남아너스빌,13,8486743,720000000,84.8,2009,2026
서울,구로구,구로동,대림역대성스카이렉스,14,8107311,682500000,84.8,2006,2026
서울,구로구,구로동,대림역와이즈플레이스,10,5903355,145500000,24.6,2012,2026
서울,구로구,구로동,대림역포스큐,8,6216522,99250000,14.6,2015,2026
서울,구로구,구로동,대림오페라타워,2,5348113,447500000,85.1,1996,2026
서울,구로구,구로동,대림우성2,11,8563599,375000000,43.8,1987,2026
서울,구로구,구로동,대영빌라,2,3532371,161500000,45.7,1996,2025
서울,구로구,구로동,덕영드림,14,9387791,540000000,56.2,2006,2026
서울,구로구,구로동,도림두산베어스타워,6,6293397,570000000,85.0,1997,2026
서울,구로구,구로동,동도아르떼빌,2,6324539,525000000,83.0,2003,2026
서울,구로구,구로동,동산빌라1동,1,4810127,228000000,47.4,1996,2025
서울,구로구,구로동,럭키,45,9267510,650000000,60.0,1992,2026
서울,구로구,구로동,로제리움2차,3,7981221,119000000,14.9,2014,2026
서울,구로구,구로동,마인드에코프라움,3,10265243,310000000,29.0,2019,2026
서울,구로구,구로동,미도빌라B동,1,4144601,180000000,43.4,1995,2024
서울,구로구,구로동,미래타워,7,7049547,599000000,85.0,2003,2026
서울,구로구,구로동,미성빌라트,2,5256037,252500000,48.0,1995,2026
서울,구로구,구로동,백록빌라,3,4490227,255000000,56.8,1985,2025
서울,구로구,구로동,번영빌라,1,5023385,290000000,57.7,1997,2025
서울,구로구,구로동,보광,20,10184057,715000000,66.4,1984,2026
서울,구로구,구로동,보람쉬움,9,8077007,650000000,81.1,2003,2026
서울,구로구,구로동,보성,2,4057898,242500000,59.8,1997,2026
서울,구로구,구로동,봉일(797-8),1,4502370,190000000,42.2,1995,2025
서울,구로구,구로동,비즈트위트그린,10,6187955,93500000,15.1,2012,2026
서울,구로구,구로동,비즈트위트레드,5,8143322,175000000,21.5,2016,2026
서울,구로구,구로동,비즈트위트레인보우,5,6909548,105000000,15.2,2012,2026
서울,구로구,구로동,비즈트위트블루,8,6547619,100000000,16.0,2012,2026
서울,구로구,구로동,비즈트위트오렌지,3,5576923,87000000,15.6,2013,2026
서울,구로구,구로동,삼성래미안,110,11981186,866500000,78.7,2004,2026
서울,구로구,구로동,삼주빌라,2,4202899,174000000,41.4,1996,2025
서울,구로구,구로동,삼호빌라,2,5074310,239000000,47.1,1996,2026
서울,구로구,구로동,새솔금호,34,8180301,506500000,59.9,1996,2026
서울,구로구,구로동,서원빌라,2,4239405,170000000,40.0,2010,2025
서울,구로구,구로동,성락,14,6732950,386000000,57.3,1988,2026
서울,구로구,구로동,성삼하이츠,9,8449983,500000000,58.6,2004,2026
서울,구로구,구로동,성호메이플라워멤버스빌,26,4724409,150000000,31.8,2002,2026
서울,구로구,구로동,순영웰라이빌1차,24,8403361,500000000,59.5,2003,2026
서울,구로구,구로동,순영웰라이빌2차,18,7476350,490000000,64.4,2005,2026
서울,구로구,구로동,승윤노블리안,8,9482180,551000000,58.1,2020,2026
서울,구로구,구로동,신구로자이,25,9421741,850000000,85.0,2007,2026
서울,구로구,구로동,신도림LG자이,28,11771353,1000000000,85.0,2004,2026
서울,구로구,구로동,신도림로제리움,5,6796690,115000000,16.9,2012,2026
서울,구로구,구로동,신도림롯데아파트,83,12324883,950000000,60.0,1999,2026
서울,구로구,구로동,신도림태영타운,139,14846235,1102000000,84.9,2000,2026
서울,구로구,구로동,신도림현대,47,11498563,920000000,80.0,1994,2026
서울,구로구,구로동,신성미소지움,32,8233409,656500000,84.2,2003,2026
서울,구로구,구로동,신안타워,5,8076729,512000000,59.4,1998,2026
서울,구로구,구로동,쌍용플래티넘노블,13,7251632,870000000,124.1,2006,2026
서울,구로구,구로동,아스타빌,5,6139678,495000000,78.2,2004,2026
서울,구로구,구로동,영화참마음,6,8655323,732500000,84.6,2001,2026
서울,구로구,구로동,예원아파트,2,6683927,632500000,94.6,2004,2026
서울,구로구,구로동,우리유앤미,25,7688668,605000000,84.5,2004,2026
서울,구로구,구로동,우민늘푸른,11,8854573,660000000,66.8,2004,2026
서울,구로구,구로동,우방,14,7126031,605000000,84.9,1993,2026
서울,구로구,구로동,우성(1058),22,9256259,700000000,84.4,1995,2026
서울,구로구,구로동,우성(23),17,13897516,885000000,64.4,1985,2026
서울,구로구,구로동,우성에비뉴,8,8089039,687500000,85.0,2008,2026
서울,구로구,구로동,우원그린빌,5,6151581,518000000,84.2,2001,2026
서울,구로구,구로동,월드,16,8761437,632500000,72.4,1998,2026
서울,구로구,구로동,은진빌라(748-24),2,4391340,215000000,49.0,1961,2025
서울,구로구,구로동,이화우성,54,9762621,655000000,59.8,1998,2026
서울,구로구,구로동,일동행복세상,1,4306876,503000000,116.8,2008,2026
서울,구로구,구로동,일신건영,14,10421878,677500000,60.0,1998,2026
서울,구로구,구로동,종인아네스트,4,6546135,105000000,16.0,2012,2026
서울,구로구,구로동,주공1,107,10277431,840000000,73.7,1986,2026
서울,구로구,구로동,주공2,96,15345550,555000000,41.3,1987,2026
서울,구로구,구로동,중앙하이츠,45,8891095,629000000,70.5,1987,2026
서울,구로구,구로동,중앙하이츠(1269),46,10084822,780000000,82.3,2001,2026
서울,구로구,구로동,청우아트빌라3차,1,4137116,175000000,42.3,1994,2024
서울,구로구,구로동,청우아트빌리지(738-39),1,4145777,215000000,51.9,1994,2026
서울,구로구,구로동,초롱타운,2,6193694,522500000,84.4,2007,2026
서울,구로구,구로동,케어빌(98-8),6,5535883,469000000,84.7,2007,2026
서울,구로구,구로동,코원,5,5684548,71000000,12.5,2014,2025
서울,구로구,구로동,파인마루오피스텔,10,8043601,128000000,15.8,2016,2026
서울,구로구,구로동,풍안주택,2,4436208,197500000,44.5,1995,2025
서울,구로구,구로동,하나세인스톤1차,5,7134440,155000000,21.7,2011,2026
서울,구로구,구로동,하나세인스톤2차,4,7113295,140000000,19.3,2011,2026
서울,구로구,구로동,하나세인스톤3차,3,6403202,128000000,20.0,2011,2026
서울,구로구,구로동,한국현대,9,6610009,560000000,84.7,1994,2026
서울,구로구,구로동,한마음(796-72),1,4529617,195000000,43.0,1997,2025
서울,구로구,구로동,한스타워,13,6504336,390000000,60.0,1996,2026
서울,구로구,구로동,한신,91,10030068,450000000,44.8,1988,2026
서울,구로구,구로동,한신휴플러스(1280-0),55,12557305,685000000,50.2,2007,2026
서울,구로구,구로동,한신휴플러스(1280-1),10,12105807,770000000,58.0,2007,2026
서울,구로구,구로동,한양하이츠,1,5026868,290000000,57.7,1996,2026
서울,구로구,구로동,한일유앤아이,36,8091853,680000000,85.0,2006,2026
서울,구로구,구로동,한일퍼스트빌(415-37),4,3606636,300000000,83.7,2004,2026
서울,구로구,구로동,해담채3,3,7468260,100000000,13.4,2014,2026
서울,구로구,구로동,현대,31,8851124,599000000,72.3,1988,2026
서울,구로구,구로동,현대로얄,7,6221769,427000000,68.6,1987,2026
서울,구로구,구로동,현대상선,40,8211962,620000000,80.0,1987,2026
서울,구로구,구로동,현대연예인,81,8658403,640000000,74.7,1989,2026
서울,구로구,구로동,현대의보아파트,10,6227668,517500000,82.3,1994,2026
서울,구로구,구로동,현대파크빌,8,5816691,892500000,153.6,1999,2026
서울,구로구,구로동,현암B동,1,4337900,228000000,52.6,1994,2026
서울,구로구,구로동,효성,4,6414235,524000000,81.7,2000,2026
서울,구로구,구로동,희훈타워빌,4,5119574,705000000,135.6,1998,2026
서울,구로구,궁동,뉴파인,2,5264540,401000000,76.2,2007,2026
서울,구로구,궁동,다청림101동(143-1),2,5670348,477500000,84.2,2012,2026
서울,구로구,궁동,대명그린(아),1,6361584,310000000,48.7,2013,2026
서울,구로구,궁동,대명하이빌102동,1,5312869,450000000,84.7,2009,2025
서울,구로구,궁동,수정,2,3983764,211500000,53.2,2001,2026
서울,구로구,궁동,우남푸르미아,2,7414731,630000000,85.0,2007,2025
서울,구로구,궁동,호수2차B동,1,5101347,375000000,73.5,2003,2026
서울,구로구,신도림동,SKVIEW,31,12238174,1040000000,85.0,2006,2026
서울,구로구,신도림동,대림1,134,15364061,1065000000,59.9,1999,2026
서울,구로구,신도림동,대림2,138,15046364,1204000000,59.9,2001,2026
서울,구로구,신도림동,대림3,13,12625725,1200000000,84.5,2001,2026
서울,구로구,신도림동,대림e-편한세상4,61,16561916,1830000000,117.7,2003,2026
서울,구로구,신도림동,대림e-편한세상5,23,14152779,1200000000,84.8,2003,2026
서울,구로구,신도림동,대림e-편한세상6,3,13499811,1145000000,84.8,2003,2026
서울,구로구,신도림동,대림e-편한세상7,32,14659476,1470000000,84.9,2004,2026
서울,구로구,신도림동,동아1,110,15299282,1234500000,84.9,1999,2026
서울,구로구,신도림동,동아2,64,16668058,1200000000,59.6,2000,2026
서울,구로구,신도림동,동아3,89,16590187,1302000000,85.0,2000,2026
서울,구로구,신도림동,디큐브시티,47,15125652,1535000000,105.4,2011,2026
서울,구로구,신도림동,미성,102,12566357,705000000,52.4,1987,2026
서울,구로구,신도림동,신도림 아르디에,8,9311058,182500000,20.2,2018,2026
서울,구로구,신도림동,신도림2차푸르지오,6,14831009,1265000000,84.6,2008,2026
서울,구로구,신도림동,신도림3차푸르지오,12,11775362,985000000,82.8,2007,2026
서울,구로구,신도림동,신도림팰러티움,10,9483313,804000000,84.8,2006,2026
서울,구로구,신도림동,신성은하수,18,11729453,736000000,59.9,1997,2026
서울,구로구,신도림동,우성1,21,11475989,940000000,85.0,1992,2026
서울,구로구,신도림동,우성2,29,11282716,957000000,84.8,1996,2026
서울,구로구,신도림동,우성3,32,11769912,997500000,84.8,1993,2026
서울,구로구,신도림동,우성5,28,12502086,800000000,59.9,1994,2026
서울,구로구,신도림동,현대홈타운아파트,38,13018229,821500000,59.7,1999,2026
서울,구로구,오류동,경남아너스빌,24,8596326,672500000,84.9,2003,2026
서울,구로구,오류동,금강,23,5826271,460000000,85.0,1996,2026
서울,구로구,오류동,금강(343),44,10740334,677500000,60.1,2003,2026
서울,구로구,오류동,길훈,11,5376344,290000000,53.9,1986,2026
서울,구로구,오류동,다청림,1,6961919,415000000,59.6,2013,2025
서울,구로구,오류동,다청림(356),7,7347153,270000000,38.1,2013,2026
서울,구로구,오류동,더메디치,2,5992742,640000000,106.8,2008,2025
서울,구로구,오류동,동보,2,6764903,404000000,59.7,1998,2026
서울,구로구,오류동,동부(101동~103동),16,7681727,479500000,60.0,1998,2026
서울,구로구,오류동,동부(105동~106동),15,7361602,530000000,84.9,1999,2026
서울,구로구,오류동,동부골든,82,6818944,560000000,85.0,1998,2026
서울,구로구,오류동,동선,13,8210815,478000000,58.2,2004,2026
서울,구로구,오류동,라인,16,6605702,464000000,71.9,1995,2026
서울,구로구,오류동,루체비스타,5,7138092,214000000,30.0,2020,2026
서울,구로구,오류동,목화수목원102동,1,5157145,297000000,57.6,2003,2025
서울,구로구,오류동,목화수목원아파트101동,1,4529342,345000000,76.2,2002,2025
서울,구로구,오류동,삼천리,32,9040683,615000000,59.7,1998,2026
서울,구로구,오류동,서해그랑블,7,7023964,595000000,84.7,2009,2026
서울,구로구,오류동,시티월드,5,5006479,425000000,84.9,1993,2026
서울,구로구,오류동,썬앤빌,12,5190557,73000000,14.1,2014,2026
서울,구로구,오류동,양지쉐르빌아파트,3,6657356,360000000,53.7,2013,2026
서울,구로구,오류동,영풍마드레빌,47,8732491,690000000,84.7,2002,2026
서울,구로구,오류동,오류그린,1,3795380,230000000,60.6,2001,2025
서울,구로구,오류동,오류동금호어울림,13,9186571,590000000,60.0,2006,2026
서울,구로구,오류동,오류동삼전솔하임,11,7759739,279000000,37.8,2020,2026
서울,구로구,오류동,오류동역솔리스타,4,4528256,112000000,25.1,2016,2026
서울,구로구,오류동,오류동푸르지오,27,9958046,690000000,61.3,2004,2026
서울,구로구,오류동,오류동휘버스,2,4339446,485000000,113.0,2006,2026
서울,구로구,오류동,우림필유,17,9157631,555000000,60.0,2005,2026
서울,구로구,오류동,우창굿모닝,1,4532611,385000000,84.9,2004,2026
서울,구로구,오류동,유한수목원,2,5662780,422500000,74.6,2008,2026
서울,구로구,오류동,은하수수목원,1,6203357,527000000,85.0,2005,2026
서울,구로구,오류동,은하수수목원2차(101동),1,5815564,420000000,72.2,2007,2024
서울,구로구,오류동,은하수수목원2차(102동),1,5042430,410000000,81.3,2007,2026
서울,구로구,오류동,이좋은집,10,5791769,212500000,36.7,2005,2026
서울,구로구,오류동,천왕역모아엘가트레뷰,8,12102013,860000000,68.0,2025,2026
서울,구로구,오류동,포스시티,7,5352113,93000000,17.8,2014,2026
서울,구로구,오류동,한가람,3,5853798,410000000,70.0,2003,2026
서울,구로구,오류동,한백힐,1,5050505,390000000,77.2,2003,2024
서울,구로구,오류동,한신플러스타운,26,8546153,553500000,59.9,2002,2026
서울,구로구,온수동,다청림시티,7,6651109,282000000,42.8,2015,2026
서울,구로구,온수동,두양그린A동,1,3629105,400000000,110.2,2002,2026
서울,구로구,온수동,두양그린B동,1,3963221,375000000,94.6,2002,2026
서울,구로구,온수동,리치안풍산,3,5647723,480000000,85.0,2009,2026
서울,구로구,온수동,아이에스빌리브,1,5397422,402000000,74.5,2010,2026
서울,구로구,온수동,온수힐스테이트,105,9415088,773000000,85.0,2010,2026
서울,구로구,천왕동,천왕연지타운1단지,22,11004480,780000000,85.0,2013,2026
서울,구로구,천왕동,천왕연지타운2단지,31,8884443,770000000,85.0,2014,2026
서울,구로구,천왕동,천왕이펜하우스1단지,22,11678345,737500000,59.9,2011,2026
서울,구로구,천왕동,천왕이펜하우스2단지,12,9797576,845000000,85.0,2011,2026
서울,구로구,천왕동,천왕이펜하우스3단지,1,8943281,760000000,85.0,2011,2025
서울,구로구,천왕동,천왕이펜하우스4단지,15,8708956,740000000,85.0,2011,2026
서울,구로구,천왕동,천왕이펜하우스5단지,6,8296070,705000000,85.0,2011,2026
서울,구로구,천왕동,천왕이펜하우스6단지,6,8473579,720000000,85.0,2011,2026
서울,구로구,항동,동보수목원,2,4993676,400000000,80.4,2007,2026
서울,구로구,항동,우남퍼스트빌더센트럴,31,9126785,750000000,84.9,2020,2026
서울,구로구,항동,하버라인2단지,39,10791848,695000000,59.9,2019,2026
서울,구로구,항동,하버라인3단지,68,11018369,681250000,59.9,2019,2026
서울,구로구,항동,하버라인4단지,28,10608086,635000000,59.9,2019,2026
서울,구로구,항동,한양수자인에듀힐즈,66,10064223,830000000,85.0,2019,2026
서울,구로구,항동,항동제일풍경채포레스트,36,8209172,699000000,84.7,2020,2026
서울,구로구,항동,항동중흥에스클래스베르데카운티,35,10006875,865000000,84.9,2019,2026
서울,구로구,항동,현대홈타운스위트,14,7207342,612500000,85.0,2004,2026
서울,금천구,가산동,G밸리페트라힐스,2,11627907,160000000,13.8,2020,2025
서울,금천구,가산동,가산양우내안에애플,5,8305648,100000000,12.0,2013,2026
서울,금천구,가산동,가산지웰에스테이트,3,6314433,98000000,15.5,2013,2026
서울,금천구,가산동,가산지웰에스테이트2차,9,7790368,110000000,14.1,2018,2026
서울,금천구,가산동,가산피어니빌,1,9722607,130000000,13.4,2017,2025
서울,금천구,가산동,덕산,6,7170252,430000000,60.0,1995,2026
서울,금천구,가산동,두산,152,9751003,682500000,59.8,1998,2026
서울,금천구,가산동,드림캐슬,2,5068788,392500000,77.4,2004,2025
서울,금천구,가산동,드림케슬3차,1,5188679,440000000,84.8,2005,2025
서울,금천구,가산동,백운한비치(나),2,5357360,441500000,82.4,2003,2026
서울,금천구,가산동,비즈트위트바이올렛5차,9,8039377,100000000,12.2,2014,2026
서울,금천구,가산동,삼익,19,7477477,480000000,59.9,1998,2026
서울,금천구,가산동,온누리,2,6540001,472500000,72.2,2007,2026
서울,금천구,가산동,원평5차,2,5041886,328000000,65.2,2001,2026
서울,금천구,가산동,주상복합두산,3,6430380,381000000,59.2,1998,2026
서울,금천구,가산동,해찬행복드림,1,6808763,575000000,84.4,2008,2026
서울,금천구,독산동,e편한세상독산더타워,71,12369514,780000000,59.9,2019,2026
서울,금천구,독산동,각산,5,5779665,490000000,84.8,2002,2026
서울,금천구,독산동,계룡아파트,10,8257499,492500000,59.3,1998,2026
서울,금천구,독산동,금천롯데캐슬골드파크1차,133,14207522,1145000000,84.4,2016,2026
서울,금천구,독산동,금천롯데캐슬골드파크2차201동202동,37,14421474,960000000,60.0,2017,2026
서울,금천구,독산동,금천롯데캐슬골드파크3차,147,15341976,960000000,60.0,2018,2026
서울,금천구,독산동,금천현대,101,8994460,615000000,59.8,2002,2026
서울,금천구,독산동,대광아파트,1,6737589,570000000,84.6,2001,2026
서울,금천구,독산동,대덕트윈빌,7,8091787,653000000,82.8,2002,2026
서울,금천구,독산동,독산동아아파트,5,6587725,410000000,60.0,1997,2026
서울,금천구,독산동,독산동중앙하이츠빌,36,8836337,750000000,84.9,2004,2026
서울,금천구,독산동,독산동한양수자인,18,10405382,710000000,68.3,2011,2026
서울,금천구,독산동,독산솔리힐아파트,2,9635319,605500000,64.0,2022,2025
서울,금천구,독산동,독산오르페움타워,5,8649421,327000000,37.8,2020,2026
서울,금천구,독산동,독산주공14단지,106,8832210,388500000,44.9,1990,2026
서울,금천구,독산동,독산현대,14,8370232,532500000,58.7,1999,2026
서울,금천구,독산동,동심,3,6357120,500000000,76.5,2003,2026
서울,금천구,독산동,동양드림아파트,3,4742437,290000000,61.2,2002,2025
서울,금천구,독산동,동은5차,1,5964956,480000000,80.5,2004,2025
서울,금천구,독산동,동은노보빌(887-2),1,3701419,300000000,81.0,2003,2025
서울,금천구,독산동,동은노보빌(887-54),1,5100118,433000000,84.9,2003,2026
서울,금천구,독산동,라이프,7,5900401,500000000,84.7,1996,2026
서울,금천구,독산동,리버스타운,2,6709559,365000000,54.4,2016,2025
서울,금천구,독산동,리치힐(1052-5),1,6253230,484000000,77.4,2009,2025
서울,금천구,독산동,리치힐(976-6),1,7036333,592600000,84.2,2004,2026
서울,금천구,독산동,리치힐101동(993-25),2,4957655,521000000,105.1,2003,2025
서울,금천구,독산동,리치힐103동(992-0),1,5480607,520000000,94.9,2004,2025
서울,금천구,독산동,명도힐스티지,6,9061762,268500000,29.6,2019,2025
서울,금천구,독산동,목화101,1,6839033,410000000,60.0,1996,2026
서울,금천구,독산동,목화102,6,6946298,491000000,70.5,1997,2026
서울,금천구,독산동,목화103,2,5134864,435000000,84.7,2001,2025
서울,금천구,독산동,문성,1,5671902,390000000,68.8,2001,2025
서울,금천구,독산동,백운,3,5384063,418000000,83.6,1998,2025
서울,금천구,독산동,삼익,7,7458405,500000000,60.0,1998,2026
서울,금천구,독산동,삼환아파트,3,6673340,400000000,59.9,1998,2026
서울,금천구,독산동,상진지오벨리A,2,6054715,381500000,63.1,2004,2025
서울,금천구,독산동,서초파레스,1,7133516,600000000,84.1,2005,2026
서울,금천구,독산동,설악솔내음,3,6299670,330000000,51.6,2002,2026
서울,금천구,독산동,성웅,1,6282723,420000000,66.8,2001,2026
서울,금천구,독산동,세심아파트,2,5105905,431500000,84.5,2004,2025
서울,금천구,독산동,세진(1037-31),1,6242813,380000000,60.9,2005,2024
서울,금천구,독산동,세진웰빙102,1,6135693,520000000,84.8,2004,2025
서울,금천구,독산동,신도브래뉴,26,9821033,585000000,55.6,2002,2026
서울,금천구,독산동,아셈그린힐,4,6144804,460000000,74.9,2002,2026
서울,금천구,독산동,예전이룸(965-1),6,7812182,447500000,61.7,2003,2026
서울,금천구,독산동,은탑로얄클라스,1,3827282,390000000,101.9,2001,2025
서울,금천구,독산동,이랜드해가든,12,8727262,741250000,84.9,2008,2026
서울,금천구,독산동,장미아파트B동,1,5832465,392000000,67.2,2000,2025
서울,금천구,독산동,정심아파트,2,5141418,377500000,73.5,2003,2026
서울,금천구,독산동,중앙아파트,4,6262286,223000000,35.6,1989,2026
서울,금천구,독산동,진도1차,7,6459217,440000000,59.9,1996,2026
서울,금천구,독산동,진도2차,7,7222686,465000000,60.0,1997,2026
서울,금천구,독산동,진도3차아파트,19,8004719,565000000,79.7,1999,2026
서울,금천구,독산동,청광플러스원,6,7529855,630000000,85.0,2003,2026
서울,금천구,독산동,청호센트레빌,1,5527916,400000000,72.4,2003,2026
서울,금천구,독산동,태영아파트,3,7485030,430000000,56.8,2001,2026
서울,금천구,독산동,한신아파트,85,7031075,668000000,89.5,1991,2026
서울,금천구,독산동,한아(987-21),2,6086698,512500000,84.2,2003,2026
서울,금천구,독산동,한아마인드,3,7004471,517000000,73.8,2005,2026
서울,금천구,독산동,한아프라임102동,2,6150677,522500000,85.0,2004,2025
서울,금천구,독산동,호정타워,4,5216497,330000000,63.3,1993,2026
서울,금천구,독산동,힐탑,2,5274110,367500000,69.7,2004,2025
서울,금천구,독산동,힐탑아파트4차(894-5),1,5828780,320000000,54.9,2005,2025
서울,금천구,시흥동,SM엘루이,10,7217696,600000000,78.0,2012,2026
서울,금천구,시흥동,거상홈타운801동,1,5460555,380000000,69.6,2003,2026
서울,금천구,시흥동,경남아파트,6,7211939,445000000,60.0,1998,2026
서울,금천구,시흥동,관악산벽산타운5,208,6742186,541500000,85.0,2004,2026
서울,금천구,시흥동,관악산신도브래뉴,11,7075472,655000000,84.8,2006,2026
서울,금천구,시흥동,그린포레아파트,1,8669557,520000000,60.0,2025,2026
서울,금천구,시흥동,금강,13,7088009,555000000,84.6,2000,2026
서울,금천구,시흥동,금광,2,5522706,460000000,83.3,2004,2026
서울,금천구,시흥동,금천,1,6370272,480000000,75.4,2002,2026
서울,금천구,시흥동,낙원,1,4691689,280000000,59.7,1996,2025
서울,금천구,시흥동,남서울건영2,60,7033039,352500000,61.1,1989,2026
서울,금천구,시흥동,남서울건영아파트,13,7492040,450000000,53.4,1982,2026
서울,금천구,시흥동,남서울힐스테이트,150,11041959,918500000,84.7,2014,2026
서울,금천구,시흥동,대도훼미리,1,4948314,292000000,59.0,1991,2025
서울,금천구,시흥동,더유엘아파트,2,6653435,395050000,59.4,2022,2025
서울,금천구,시흥동,럭키남서울아파트,48,10107492,490000000,49.8,1981,2026
서울,금천구,시흥동,루체클래식,2,7669735,417500000,54.9,2019,2026
서울,금천구,시흥동,무지개,64,8647946,473500000,53.8,1980,2026
서울,금천구,시흥동,백운스위트빌,1,5565029,359000000,64.5,2002,2026
서울,금천구,시흥동,백운플러스타워,1,10308579,304000000,29.5,2020,2026
서울,금천구,시흥동,백운한비치,5,7292341,550000000,76.1,2003,2026
서울,금천구,시흥동,백운한비치5,2,6545877,317500000,49.6,2018,2026
서울,금천구,시흥동,백운한비치Ⅱ,1,7425169,545000000,73.4,2008,2026
서울,금천구,시흥동,벽산,108,5918343,505000000,85.0,2000,2026
서울,금천구,시흥동,벽산3,15,5839173,490000000,85.0,1998,2026
서울,금천구,시흥동,산호시티빌,5,6854257,285000000,41.6,2003,2026
서울,금천구,시흥동,삼익,52,7113003,479500000,59.9,1999,2026
서울,금천구,시흥동,삼일,2,5842096,350000000,59.9,1997,2026
서울,금천구,시흥동,성지,9,8324662,560000000,67.3,1986,2026
서울,금천구,시흥동,시흥(817-29),8,6071948,262500000,39.8,1975,2026
서울,금천구,시흥동,시흥동월드메르디앙,16,7511078,485000000,59.9,2006,2026
서울,금천구,시흥동,시흥목련,3,8360074,495000000,59.2,1996,2026
서울,금천구,시흥동,시흥베르빌,15,9056185,735000000,81.2,2004,2026
서울,금천구,시흥동,신세계,2,4742572,400000000,84.3,2002,2026
서울,금천구,시흥동,애시안아파트,1,6201550,360000000,58.0,2013,2025
서울,금천구,시흥동,영광아파트,1,5426475,710000000,130.8,1994,2025
서울,금천구,시흥동,예일,1,4786407,400000000,83.6,2004,2025
서울,금천구,시흥동,와이즈플레이스,9,6329114,90000000,14.2,2012,2026
서울,금천구,시흥동,우림메르디앙,2,7816915,415000000,53.1,2016,2026
서울,금천구,시흥동,우방,67,7260891,477000000,59.9,2002,2026
서울,금천구,시흥동,유승셀르빌,1,3601441,300000000,83.3,2002,2024
서울,금천구,시흥동,칠성(3),2,4750701,345000000,72.7,2003,2025
서울,금천구,시흥동,탑스빌,4,6055862,483500000,79.8,2002,2026
서울,금천구,시흥동,한빛,1,4825800,410000000,85.0,2001,2026
서울,금천구,시흥동,한빛무궁화101동,2,5902472,420000000,71.3,2004,2025
서울,금천구,시흥동,현대(209),8,5361687,442500000,82.5,1996,2026
서울,금천구,시흥동,힐캐슬,1,4571878,377500000,82.6,2012,2026
서울,노원구,공릉동,67디벨리움,10,9148813,159500000,17.3,2016,2026
서울,노원구,공릉동,건영아파트,9,8091425,513000000,59.9,1998,2026
서울,노원구,공릉동,건영장미아파트,16,8542267,534000000,59.9,1999,2026
서울,노원구,공릉동,공릉2신도브래뉴아파트,10,8818655,732500000,84.5,2002,2026
서울,노원구,공릉동,공릉동한보에센시티아파트,51,8888889,600000000,59.4,2000,2026
서울,노원구,공릉동,공릉우성아파트,32,8638343,637500000,85.0,1995,2026
서울,노원구,공릉동,공릉해링턴플레이스,34,8832331,912500000,99.9,2000,2026
서울,노원구,공릉동,길성그랑프리텔아파트,8,7688320,594500000,74.2,2003,2026
서울,노원구,공릉동,남광미르빌,1,4668534,300000000,64.3,2003,2025
서울,노원구,공릉동,노원프레미어스엠코,24,10383678,872500000,84.0,2016,2026
서울,노원구,공릉동,녹주아파트,1,6726140,570000000,84.7,2002,2024
서울,노원구,공릉동,대동아파트,11,8691292,550000000,59.8,1999,2026
서울,노원구,공릉동,대동아파트2,12,8143343,665000000,84.8,1999,2026
서울,노원구,공릉동,대아2차아파트,19,8216433,590000000,59.9,2000,2026
서울,노원구,공릉동,대아아파트1차,8,7628020,577500000,78.7,1997,2026
서울,노원구,공릉동,대주파크빌아파트,15,8012821,645000000,81.1,2003,2026
서울,노원구,공릉동,동부아파트,24,8078783,659000000,84.8,1996,2026
서울,노원구,공릉동,동신아파트,38,9626604,589000000,60.0,1999,2026
서울,노원구,공릉동,동아하이빌아파트101동,4,6068904,490000000,80.7,2002,2026
서울,노원구,공릉동,동아하이빌아파트102동,1,6130456,500000000,81.6,2002,2025
서울,노원구,공릉동,두산힐스빌아파트,64,10691667,732500000,60.0,2000,2026
서울,노원구,공릉동,라메즈아파트,1,6883054,571500000,83.0,2004,2025
서울,노원구,공릉동,미라쉘,10,8687837,145000000,16.7,2018,2026
서울,노원구,공릉동,백영아파트,1,5740711,360000000,62.7,2004,2026
서울,노원구,공릉동,보람노블레스아파트,2,6525855,551500000,84.5,2006,2026
서울,노원구,공릉동,비선아파트,74,8950617,447000000,48.6,1999,2026
서울,노원구,공릉동,비콘아파트,4,8105062,602500000,75.0,2004,2026
서울,노원구,공릉동,삼익2차아파트,15,9280234,545000000,54.7,2004,2026
서울,노원구,공릉동,삼익4단지아파트,54,9573232,497500000,49.5,1994,2026
서울,노원구,공릉동,삼익아파트,13,8265153,542500000,59.9,1997,2026
서울,노원구,공릉동,삼익포레스트아파트,77,8289242,500000000,51.0,1995,2026
서울,노원구,공릉동,새울센스빌아파트,3,5758929,440000000,83.2,2003,2026
서울,노원구,공릉동,서경하누리아파트,1,5787407,398000000,68.8,2005,2026
서울,노원구,공릉동,서일이츠뷰,5,7060236,600000000,85.0,2005,2026
서울,노원구,공릉동,서진프라자아파트,2,5529552,514000000,93.0,1997,2026
서울,노원구,공릉동,시영2단지(라이프)아파트,78,9075071,350000000,39.6,1994,2026
서울,노원구,공릉동,시영3차(라이프)아파트,121,9292929,355000000,39.6,1994,2026
서울,노원구,공릉동,신도1차아파트,35,9596835,790000000,81.3,2002,2026
서울,노원구,공릉동,신명아파트,3,7096393,527000000,84.6,1995,2026
서울,노원구,공릉동,신성미소지움아파트,20,8015284,687500000,85.0,2004,2026
서울,노원구,공릉동,신원아파트,19,8172512,518000000,59.6,2000,2026
서울,노원구,공릉동,신한양아파트,2,5622771,378500000,68.3,2002,2025
서울,노원구,공릉동,씨엠아파트,2,4966651,327000000,65.7,2006,2026
서울,노원구,공릉동,엘림타운,1,6135788,460000000,75.0,2003,2025
서울,노원구,공릉동,우국리더스빌,19,8978659,575000000,60.0,2006,2026
서울,노원구,공릉동,우방아파트,55,9182866,650000000,61.2,2000,2026
서울,노원구,공릉동,우성2차아파트101동,1,6371681,540000000,84.8,2005,2025
서울,노원구,공릉동,임성아파트,3,7550840,450000000,60.0,1997,2026
서울,노원구,공릉동,주완위즈빌,2,6350231,454000000,71.4,2004,2026
서울,노원구,공릉동,주완위즈빌2,1,3344051,260000000,77.8,2005,2026
서울,노원구,공릉동,진명비베레,15,6233001,80000000,13.1,2012,2026
서울,노원구,공릉동,참다움아파트,2,6696937,452500000,67.6,2012,2026
서울,노원구,공릉동,청구빌아파트,3,5578907,435000000,78.5,2004,2026
서울,노원구,공릉동,청솔아파트8,23,9018036,765000000,84.6,2000,2026
서울,노원구,공릉동,청솔아파트9,21,9481743,805000000,84.9,2000,2026
서울,노원구,공릉동,청우씨티아파트,1,5359246,455000000,84.9,2004,2024
서울,노원구,공릉동,탑스빌아파트,1,4439446,375000000,84.5,2004,2025
서울,노원구,공릉동,탑스빌아파트(101동),1,7564532,633000000,83.7,2006,2026
서울,노원구,공릉동,탑스빌아파트(102동),1,6990918,585000000,83.7,2006,2025
서울,노원구,공릉동,태강아파트(아이파크),258,10685484,575000000,49.6,1999,2026
서울,노원구,공릉동,태릉우성아파트,31,10363392,790000000,66.9,1985,2026
서울,노원구,공릉동,태릉입구역이니티움,28,12802335,301750000,24.0,2024,2024
서울,노원구,공릉동,태릉해링턴플레이스,138,14004668,953000000,60.0,2022,2026
서울,노원구,공릉동,태승훼미리아파트,4,7890364,615000000,83.0,2009,2026
서울,노원구,공릉동,테라파크뷰,6,11739214,625000000,52.2,2022,2026
서울,노원구,공릉동,풍림아파트A,134,10660661,792500000,59.9,2001,2026
서울,노원구,공릉동,풍림아파트B,29,9418902,295000000,31.3,2001,2026
서울,노원구,공릉동,하나플러스,3,7085977,599000000,84.9,2004,2026
서울,노원구,공릉동,하늘공원(101동),2,6550012,554000000,84.6,2006,2026
서울,노원구,공릉동,하늘공원아파트(102동),1,5896226,500000000,84.8,2007,2025
서울,노원구,공릉동,하늘공원아파트(103동),1,6415851,544000000,84.8,2007,2026
서울,노원구,공릉동,한일휴니스빌,16,9581498,130500000,13.6,2013,2026
서울,노원구,공릉동,한진아파트,4,5135751,516500000,100.7,2007,2026
서울,노원구,공릉동,현대(고려)아파트,9,8277592,510000000,59.3,1999,2026
서울,노원구,공릉동,현대성우아파트,18,8269423,498500000,60.0,2000,2026
서울,노원구,공릉동,화랑대디오베이션,16,11243859,674500000,60.0,2021,2026
서울,노원구,공릉동,화랑타운아파트,38,9864146,835000000,84.6,2000,2026
서울,노원구,공릉동,화랑해링턴플레이스아파트,8,8643068,732500000,84.8,1999,2026
서울,노원구,공릉동,효성아파트,18,9326319,717250000,73.2,1995,2026
서울,노원구,상계동,건영,1,7093974,425000000,59.9,2003,2026
서울,노원구,상계동,극동늘푸른,32,8297475,516000000,60.0,2000,2026
서울,노원구,상계동,금호타운,18,6294308,532500000,84.5,1995,2026
서울,노원구,상계동,노원IPARK,13,5529606,790000000,139.3,2009,2026
서울,노원구,상계동,노원롯데캐슬시그니처,101,14082519,1000000000,60.0,2023,2026
서울,노원구,상계동,노원센트럴푸르지오,80,13667578,870000000,60.0,2021,2026
서울,노원구,상계동,노원우성,6,7569510,642500000,84.9,1992,2026
서울,노원구,상계동,노원현대,17,8610521,730000000,84.8,1997,2026
서울,노원구,상계동,대동황토방,19,9700000,630000000,60.0,2001,2026
서울,노원구,상계동,대림,25,9234404,860000000,93.1,1988,2026
서울,노원구,상계동,대망드림힐1,9,8202067,625000000,84.5,2003,2026
서울,노원구,상계동,대창센시티,5,7639718,645000000,84.4,2002,2026
서울,노원구,상계동,동아불암,65,7538280,540000000,84.9,1999,2026
서울,노원구,상계동,동양엔파트,23,10249764,870000000,84.9,2003,2026
서울,노원구,상계동,두산,69,8267833,480000000,58.6,1994,2026
서울,노원구,상계동,문수해오름,2,6899909,438500000,63.0,2003,2026
서울,노원구,상계동,미도,23,9078452,795000000,87.6,1988,2026
서울,노원구,상계동,미라보(성림),28,6035503,465000000,82.9,2006,2026
서울,노원구,상계동,벽산,137,7905983,379000000,46.8,1989,2026
서울,노원구,상계동,보람아파트,251,8797654,570000000,54.6,1988,2026
서울,노원구,상계동,북부현대,6,6769075,401000000,59.2,1996,2026
서울,노원구,상계동,불암현대,43,7338045,574000000,84.9,1999,2026
서울,노원구,상계동,비콘드림힐2,2,8360951,647500000,77.5,2005,2024
서울,노원구,상계동,비콘드림힐3,8,8490433,665000000,85.0,2005,2026
서울,노원구,상계동,삼성,3,4790519,390000000,81.2,2003,2026
서울,노원구,상계동,상계1차중앙하이츠,28,9319626,562500000,59.8,1997,2026
서울,노원구,상계동,상계1차현대아파트,19,6851764,575000000,83.9,1993,2026
서울,노원구,상계동,상계2차중앙하이츠,84,9737546,598500000,59.8,1998,2026
서울,노원구,상계동,상계대림,51,8043811,499000000,59.7,1989,2026
서울,노원구,상계동,상계대림e편한세상,20,7889546,482500000,55.8,2002,2026
서울,노원구,상계동,상계불암대림,42,8434650,578750000,59.2,2000,2026
서울,노원구,상계동,상계신동아,38,6815374,570000000,85.0,1995,2026
서울,노원구,상계동,상계우방유쉘,1,8509928,510000000,59.9,2000,2025
서울,노원구,상계동,상계주공1(고층),206,10343044,522000000,49.9,1988,2026
서울,노원구,상계동,상계주공1(저층),6,8589030,725000000,84.4,1988,2026
서울,노원구,상계동,상계주공10(고층),182,10407077,566500000,49.9,1988,2026
서울,노원구,상계동,상계주공10(저층),25,9928179,510000000,47.3,1988,2026
서울,노원구,상계동,상계주공11(고층),141,10605327,577000000,49.9,1988,2026
서울,노원구,상계동,상계주공12(고층),146,10266344,498000000,49.9,1988,2026
서울,노원구,상계동,상계주공13(고층),99,8239959,400000000,49.9,1989,2026
서울,노원구,상계동,상계주공14(고층),194,9624169,447750000,45.9,1989,2026
서울,노원구,상계동,상계주공14(저층),12,9175453,722500000,78.2,1989,2026
서울,노원구,상계동,상계주공16(고층),219,8503115,492000000,59.4,1988,2026
서울,노원구,상계동,상계주공2(고층),178,10960173,566000000,58.0,1987,2026
서울,노원구,상계동,상계주공2(저층),18,10227838,500000000,46.0,1987,2026
서울,노원구,상계동,상계주공3(고층),205,12442521,715000000,59.2,1987,2026
서울,노원구,상계동,상계주공3(저층),6,10651751,767500000,71.9,1987,2026
서울,노원구,상계동,상계주공4(고층),203,10687812,520000000,49.9,1988,2026
서울,노원구,상계동,상계주공5(저층),71,15009381,480000000,32.0,1987,2026
서울,노원구,상계동,상계주공6(고층),280,12129807,619000000,58.0,1988,2026
서울,노원구,상계동,상계주공7(고층),272,12416599,600000000,45.9,1988,2026
서울,노원구,상계동,상계주공9(고층),301,9739700,500000000,49.9,1988,2026
서울,노원구,상계동,상계현대3차,27,7532957,640000000,85.0,1999,2026
서울,노원구,상계동,상록수1단지,5,8386760,450000000,53.7,2002,2026
서울,노원구,상계동,성원상떼빌,18,7946312,492500000,59.9,1999,2026
서울,노원구,상계동,센트럴,1,6765584,725000000,107.2,2005,2026
서울,노원구,상계동,센트럴타워,1,5883045,500000000,85.0,2005,2025
서울,노원구,상계동,소담빌,6,6825939,100000000,14.6,2014,2026
서울,노원구,상계동,송이월드A동,1,6556581,270000000,41.2,2004,2026
서울,노원구,상계동,수락리버시티3단지,33,7516494,638000000,84.8,2009,2026
서울,노원구,상계동,수락리버시티4단지,16,8456441,618500000,84.7,2009,2026
서울,노원구,상계동,수락산늘푸른,2,6781232,770000000,114.2,2009,2025
서울,노원구,상계동,수락산벨리체,18,7677964,915000000,114.9,2000,2026
서울,노원구,상계동,수락파크,1,4121526,350000000,84.9,2002,2026
서울,노원구,상계동,수락파크빌,14,8121407,832500000,114.8,2001,2026
서울,노원구,상계동,수락한신,12,7522072,549000000,85.0,1997,2026
서울,노원구,상계동,수락현대,10,7010722,595000000,84.9,1995,2026
서울,노원구,상계동,양우,14,8656531,700000000,79.4,2002,2026
서울,노원구,상계동,우림루미아트1,9,7892846,670000000,84.9,2004,2026
서울,노원구,상계동,우림루미아트201동,4,8487344,667500000,79.0,2004,2026
서울,노원구,상계동,은빛1단지,133,8507089,475000000,59.9,1998,2026
서울,노원구,상계동,은빛2단지,135,8880852,477000000,49.8,1998,2026
서울,노원구,상계동,임광,28,9003110,1062500000,122.2,1989,2026
서울,노원구,상계동,중계센트럴파크,40,10879586,841000000,84.1,2016,2026
서울,노원구,상계동,중앙하이츠(5지역),13,6534422,395000000,60.0,1996,2026
서울,노원구,상계동,청솔,3,5023296,345000000,68.7,2003,2025
서울,노원구,상계동,청암1단지,7,8136792,690000000,84.8,2001,2026
서울,노원구,상계동,청암2단지,61,8417508,440000000,49.8,2001,2026
서울,노원구,상계동,코오롱,19,9009009,600000000,59.9,1997,2026
서울,노원구,상계동,코지한주,1,6015186,610000000,101.4,2006,2026
서울,노원구,상계동,포레나노원,115,14675257,1070000000,75.0,2020,2026
서울,노원구,상계동,한신1차,37,7416373,386000000,54.0,1987,2026
서울,노원구,상계동,한신2차,32,7296812,357500000,45.9,1988,2026
서울,노원구,상계동,한신3차,27,7528127,565000000,84.6,1990,2026
서울,노원구,상계동,한신4차,26,6276521,532500000,84.8,1995,2026
서울,노원구,상계동,한양,38,8458109,740000000,86.6,1988,2026
서울,노원구,상계동,한일유앤아이,18,11506923,699000000,59.9,2005,2026
서울,노원구,상계동,해링턴플레이스노원센트럴,62,12973266,302250000,23.6,2025,2026
서울,노원구,상계동,현대2차,18,6894049,561500000,82.7,1993,2026
서울,노원구,상계동,현대4차,6,6406636,544500000,85.0,1995,2026
서울,노원구,상계동,현대하이츠,1,7939269,502000000,63.2,2004,2025
서울,노원구,상계동,희락,5,6110832,385000000,59.7,1997,2026
서울,노원구,월계동,건양노블레스빌,10,8681889,735000000,84.7,2003,2026
서울,노원구,월계동,광운대역현대프라힐스,38,11201684,207500000,18.5,2025,2025
서울,노원구,월계동,극동,10,6103637,500000000,80.3,1996,2026
서울,노원구,월계동,꿈의숲SKVIEW,54,12137152,850000000,72.4,2016,2026
서울,노원구,월계동,녹천역두산위브아파트,24,8724172,730000000,84.9,2017,2026
서울,노원구,월계동,대동,22,8938356,571500000,59.8,1997,2026
서울,노원구,월계동,대우,21,5518419,725000000,134.6,1998,2026
서울,노원구,월계동,동신,197,9746954,830000000,71.9,1983,2026
서울,노원구,월계동,동원베네스트,13,9021953,610000000,59.9,2005,2026
서울,노원구,월계동,롯데캐슬루나,55,10472412,843000000,85.0,2006,2026
서울,노원구,월계동,미륭,101,14529915,748000000,51.5,1986,2026
서울,노원구,월계동,미성,188,17214809,696500000,50.1,1986,2026
서울,노원구,월계동,사슴3,80,9381313,350000000,39.6,1995,2026
서울,노원구,월계동,삼능스페이스향,2,8419546,670000000,79.8,2006,2026
서울,노원구,월계동,삼창,24,7598516,447500000,56.6,1984,2026
서울,노원구,월계동,삼호3,109,14640324,867000000,59.2,1986,2026
서울,노원구,월계동,삼호4,95,12455161,690000000,50.2,1987,2026
서울,노원구,월계동,서광,14,9714810,630000000,60.0,1994,2026
서울,노원구,월계동,성북맨션,8,7941852,519000000,65.4,1976,2026
서울,노원구,월계동,성북역신도브래뉴,11,9528347,679000000,84.8,2005,2026
서울,노원구,월계동,성원(사슴4),85,9426093,470000000,49.9,1995,2026
서울,노원구,월계동,세양청마루,9,8239462,700000000,85.0,2005,2026
서울,노원구,월계동,송암,1,5559262,250000000,45.0,2004,2026
서울,노원구,월계동,우남그랜드,14,8320548,705000000,84.7,2001,2026
서울,노원구,월계동,우남푸르미아,1,7614452,647000000,85.0,2006,2026
서울,노원구,월계동,월계센트럴아이파크,114,12942699,1021500000,85.0,2020,2026
서울,노원구,월계동,월계역신도브래뉴,13,9021245,590000000,59.9,2005,2026
서울,노원구,월계동,월계흥화브라운빌,17,7419621,627000000,84.9,2004,2026
서울,노원구,월계동,유원,4,7074921,429000000,59.9,1998,2026
서울,노원구,월계동,장은하이빌,5,8182826,650000000,81.9,2002,2026
서울,노원구,월계동,주공2,150,8216874,361000000,44.5,1992,2026
서울,노원구,월계동,청백3,35,7594937,378000000,49.8,1998,2026
서울,노원구,월계동,청백4,37,7530120,428000000,59.4,1998,2026
서울,노원구,월계동,초안1,36,6649958,284000000,39.6,1998,2026
서울,노원구,월계동,초안2,51,7196970,360000000,49.6,1997,2026
서울,노원구,월계동,초안산쌍용스윗닷홈,12,7379856,608000000,84.7,2006,2026
서울,노원구,월계동,풍림아이원,48,11665455,830000000,84.3,2005,2026
서울,노원구,월계동,한일1,13,9477055,690000000,84.9,1999,2026
서울,노원구,월계동,한일2,12,7861302,653500000,84.8,2000,2026
서울,노원구,월계동,한진한화그랑빌,282,12262262,902000000,85.0,2002,2026
서울,노원구,월계동,현대,116,11175980,795000000,60.0,2000,2026
서울,노원구,중계동,LIG건영,10,7372415,497000000,59.9,1998,2026
서울,노원구,중계동,건영2,37,9298493,745000000,75.0,1991,2026
서울,노원구,중계동,건영3,70,14340400,1217500000,84.9,1995,2026
서울,노원구,중계동,경남,44,9737197,722500000,74.2,1989,2026
서울,노원구,중계동,경남아너스빌,18,8413613,715000000,79.1,2002,2026
서울,노원구,중계동,극동의푸른별1차,4,8008480,680000000,84.9,2005,2026
서울,노원구,중계동,금호타운(583),46,8940726,546500000,59.5,1997,2026
서울,노원구,중계동,대림벽산(363),33,10392365,1330000000,141.4,1993,2026
서울,노원구,중계동,대호,2,7794265,467500000,60.0,2000,2026
서울,노원구,중계동,동도센트리움(601),2,10119671,860000000,85.0,2005,2026
서울,노원구,중계동,동진,13,5671565,220000000,38.8,1988,2026
서울,노원구,중계동,동진신안,32,12016388,1332500000,102.0,1993,2026
서울,노원구,중계동,라이프,30,11257317,1290000000,115.6,1993,2026
서울,노원구,중계동,롯데(505),58,9985877,714000000,72.5,1989,2026
서울,노원구,중계동,롯데우성,55,11876718,1290000000,115.3,1993,2026
서울,노원구,중계동,비콘드림힐(602),7,7848351,660000000,85.0,2005,2026
서울,노원구,중계동,삼성,55,8848080,750000000,84.8,1999,2026
서울,노원구,중계동,삼창타워주상프라자,9,7829601,500000000,59.4,1997,2026
서울,노원구,중계동,상아,67,10138429,750000000,72.7,1989,2026
서울,노원구,중계동,성원1,37,11441378,865000000,84.8,1996,2026
서울,노원구,중계동,성원2,9,6933474,560000000,84.5,1995,2026
서울,노원구,중계동,신동아(366),27,11009970,1270000000,115.4,1993,2026
서울,노원구,중계동,신안,40,11339003,717500000,60.0,1999,2026
서울,노원구,중계동,신일,5,7181540,568000000,84.9,1998,2026
서울,노원구,중계동,양지마을(대림)1,30,11513545,992500000,84.9,1998,2026
서울,노원구,중계동,양지마을(대림)2,60,10606061,875000000,84.9,1999,2026
서울,노원구,중계동,염광,74,9487698,578500000,59.3,1996,2026
서울,노원구,중계동,정진아트리움,2,5947616,505250000,85.0,2008,2026
서울,노원구,중계동,주공10,32,12254902,712500000,58.1,1995,2026
서울,노원구,중계동,주공2,136,8063792,359000000,44.5,1992,2026
서울,노원구,중계동,주공4,54,10349790,610000000,59.4,1991,2026
서울,노원구,중계동,주공5,185,11792453,675000000,58.5,1992,2026
서울,노원구,중계동,주공6,40,10260771,452500000,44.1,1993,2026
서울,노원구,중계동,주공7,53,8775510,387000000,44.1,1993,2026
서울,노원구,중계동,주공8,77,10961384,545000000,49.7,1993,2026
서울,노원구,중계동,중계3벽산,36,10117647,637500000,59.9,1999,2026
서울,노원구,중계동,중계3우성,16,10280429,826500000,84.9,1999,2026
서울,노원구,중계동,중계그린1단지,324,11141414,517500000,49.5,1990,2026
서울,노원구,중계동,중계무지개,286,10496568,510000000,49.5,1991,2026
서울,노원구,중계동,중계스타클래스,8,8100868,686500000,84.7,2005,2026
서울,노원구,중계동,중계현대2,24,8418307,705000000,84.3,1991,2026
서울,노원구,중계동,중앙하이츠,35,8336302,670000000,84.2,1998,2026
서울,노원구,중계동,중앙하이츠아쿠아,16,10903124,922500000,84.5,2008,2026
서울,노원구,중계동,진로유통조합대림,17,7824450,655000000,84.9,1992,2026
서울,노원구,중계동,청구(366),30,11288626,1300000000,115.5,1993,2026
서울,노원구,중계동,청구3,76,15129173,1282500000,84.8,1996,2026
서울,노원구,중계동,청암3단지(582),10,7105266,601500000,84.5,2003,2026
서울,노원구,중계동,코지아뜨리에101,1,4924019,418000000,84.9,2008,2026
서울,노원구,중계동,한신월드,3,5384330,435000000,82.2,2005,2026
서울,노원구,중계동,한화꿈에그린,59,9987986,835000000,84.9,2005,2026
서울,노원구,중계동,한화꿈에그린TheFIRST,6,11451572,1132500000,103.1,2014,2026
서울,노원구,중계동,현대(3차),16,8980742,685000000,75.4,1992,2026
서울,노원구,중계동,현대(6차),29,8556150,525000000,59.8,2018,2026
서울,노원구,중계동,현대1(4차),22,7307476,575000000,77.2,1993,2026
서울,노원구,중계동,현대2(4차),14,7273782,617000000,84.8,1993,2026
서울,노원구,중계동,현대그린,19,7059654,600000000,85.0,1998,2026
서울,노원구,중계동,화인상가,2,6304274,374000000,59.3,1994,2026
서울,노원구,하계동,건영,89,9655010,524000000,53.1,1988,2026
서울,노원구,하계동,극동,59,9467120,640000000,70.6,1988,2026
서울,노원구,하계동,미성,59,9907164,748000000,72.2,1989,2026
서울,노원구,하계동,벽산,53,9703691,645000000,70.6,1988,2026
서울,노원구,하계동,삼익선경,21,8012969,890000000,108.0,1993,2026
서울,노원구,하계동,아주,1,5575884,320000000,57.4,2002,2025
서울,노원구,하계동,우방,36,8034818,497500000,59.7,1999,2026
서울,노원구,하계동,우성,43,10965257,1195000000,127.2,1988,2026
서울,노원구,하계동,장미(시영6),238,12020202,560000000,49.5,1989,2026
서울,노원구,하계동,청구,54,10053114,794500000,85.0,1988,2026
서울,노원구,하계동,청구3,4,8265678,702500000,85.0,1996,2026
서울,노원구,하계동,청솔(시영7),133,10427178,508000000,49.5,1989,2026
서울,노원구,하계동,하계1청구,51,10401891,880000000,84.6,1997,2026
서울,노원구,하계동,하계2현대,70,10483415,870000000,84.7,1997,2026
서울,노원구,하계동,학여울청구,134,9956352,846000000,84.8,1999,2026
서울,노원구,하계동,한신1,113,11196145,340000000,27.0,1988,2026
서울,노원구,하계동,한신2,31,11230907,458000000,44.5,1988,2026
서울,노원구,하계동,한신동성,34,8039354,1007500000,112.2,1993,2026
서울,노원구,하계동,현대,40,12772219,1030000000,85.0,1988,2026
서울,도봉구,도봉동,극동,16,5676058,481500000,84.8,1991,2026
서울,도봉구,도봉동,도봉산리베니움,2,5214088,440000000,84.4,2004,2025
서울,도봉구,도봉동,도봉파크빌2,13,7247840,610000000,84.4,2002,2026
서울,도봉구,도봉동,도봉파크빌3,12,7151355,602500000,84.2,2002,2026
서울,도봉구,도봉동,동아에코빌,17,7414643,705000000,85.0,2003,2026
서울,도봉구,도봉동,래미안도봉,43,9225310,610000000,59.5,2005,2026
서울,도봉구,도봉동,럭키,37,6434127,546000000,84.9,1992,2026
서울,도봉구,도봉동,삼안리치,4,3616513,260000000,66.6,2002,2026
서울,도봉구,도봉동,삼환도봉,15,7348762,550000000,73.9,1987,2026
서울,도봉구,도봉동,서광,2,7114776,425000000,59.7,1999,2026
서울,도봉구,도봉동,서울가든,17,5495818,414000000,75.3,1987,2026
서울,도봉구,도봉동,서원,153,7172996,353000000,49.8,1996,2026
서울,도봉구,도봉동,양우내안애,13,6865285,583000000,84.9,2005,2026
서울,도봉구,도봉동,유원도봉,13,5698811,484000000,84.9,1990,2026
서울,도봉구,도봉동,중흥에스-클래스,12,6884770,585000000,85.0,2004,2026
서울,도봉구,도봉동,한신,189,6946080,588000000,84.9,1995,2026
서울,도봉구,도봉동,한양수자인,6,6550669,567500000,84.7,2010,2026
서울,도봉구,도봉동,현대성우,14,6733979,409000000,59.5,1998,2026
서울,도봉구,방학동,거성학마을아파트,22,7380382,482500000,60.0,1994,2026
서울,도봉구,방학동,극동아파트,8,5280509,448500000,84.9,1993,2026
서울,도봉구,방학동,금광포란재아파트,8,8756773,522000000,59.6,2005,2026
서울,도봉구,방학동,대상타운현대아파트,80,9427167,820000000,84.8,2001,2026
서울,도봉구,방학동,대원그린아파트,12,5567517,271000000,46.9,1987,2026
서울,도봉구,방학동,동부센트레빌아파트,9,7883930,700000000,85.0,2005,2026
서울,도봉구,방학동,동양크레오아파트,8,6914238,563000000,85.0,2004,2026
서울,도봉구,방학동,방학동삼성래미안1,30,9059579,965000000,118.4,2002,2026
서울,도봉구,방학동,방학동삼성래미안2,15,9418746,800000000,84.9,2002,2026
서울,도봉구,방학동,방학지음재힐스,13,8075370,121000000,14.9,2018,2026
서울,도봉구,방학동,벽산아파트1,23,6232250,395000000,63.4,1991,2026
서울,도봉구,방학동,벽산아파트2,23,6629630,444000000,59.6,1998,2026
서울,도봉구,방학동,부영팰리스,1,3911836,465000000,118.9,2002,2026
서울,도봉구,방학동,부흥아파트,2,4332259,301500000,69.6,2003,2026
서울,도봉구,방학동,북한산청호아파트,6,7914220,460500000,58.5,2022,2026
서울,도봉구,방학동,북한산팰리스아파트,1,3257247,518000000,159.0,2001,2026
서울,도봉구,방학동,브라운스톤방학아파트,9,8009423,680000000,84.9,2003,2026
서울,도봉구,방학동,삼익세라믹아파트,32,6567977,387500000,58.8,1988,2026
서울,도봉구,방학동,선덕빌라트아파트,2,3425725,425000000,125.9,1996,2026
서울,도봉구,방학동,성원아파트,14,6357937,490000000,84.5,1996,2026
서울,도봉구,방학동,성진파크뷰아파트,4,7466311,360000000,47.6,2019,2026
서울,도봉구,방학동,송학휴스테이,8,6697355,342500000,51.3,2016,2026
서울,도봉구,방학동,신동아아파트1,258,6513735,390000000,62.2,1986,2026
서울,도봉구,방학동,신동아아파트2,38,6009899,520000000,84.8,1992,2026
서울,도봉구,방학동,신동아아파트3,13,5774216,490000000,84.9,1992,2026
서울,도봉구,방학동,신동아아파트4,19,5771496,450000000,84.9,1995,2026
서울,도봉구,방학동,신동아아파트5,5,6228956,370000000,59.4,1998,2026
서울,도봉구,방학동,신동아타워아파트,5,5300000,430000000,84.7,1997,2026
서울,도봉구,방학동,신주아파트(A동),3,4083069,232000000,56.8,2003,2025
서울,도봉구,방학동,우성아파트1,57,6021962,459000000,83.8,1992,2026
서울,도봉구,방학동,우성아파트2,43,6125574,520000000,85.0,1993,2026
서울,도봉구,방학동,우암쎈스뷰아파트,7,7408376,510000000,68.6,2003,2026
서울,도봉구,방학동,이에스에이아파트1,13,7590021,695000000,85.0,2003,2026
서울,도봉구,방학동,이에스에이아파트2,16,7707696,710000000,85.0,2003,2026
서울,도봉구,방학동,이에스에이아파트3,8,7688229,652500000,84.9,2004,2026
서울,도봉구,방학동,청구아파트,74,6322820,530000000,85.0,1994,2026
서울,도봉구,방학동,태솔에버빌아파트,1,5029903,328000000,65.2,2008,2025
서울,도봉구,방학동,퍼스티안,1,6944749,95000000,13.7,2013,2025
서울,도봉구,방학동,한화성원아파트,34,5928524,387500000,59.9,1996,2026
서울,도봉구,방학동,효성하이타운아파트,8,5862247,497500000,84.9,2002,2025
서울,도봉구,쌍문동,e편한세상,12,7791689,659000000,85.0,2007,2026
서울,도봉구,쌍문동,경남,28,5963876,270000000,44.5,1988,2026
서울,도봉구,쌍문동,그린스테이트,3,5743982,420000000,78.2,2010,2026
서울,도봉구,쌍문동,그린힐스아파트,2,6897655,393000000,57.0,2015,2026
서울,도봉구,쌍문동,극동아파트,20,5877503,480000000,84.9,1996,2026
서울,도봉구,쌍문동,금호1,57,7011747,422000000,56.7,1990,2026
서울,도봉구,쌍문동,금호2,26,6754677,507500000,84.5,1991,2026
서울,도봉구,쌍문동,기용,5,4337449,192000000,44.4,1988,2026
서울,도봉구,쌍문동,대우파크빌,1,4158065,705000000,169.6,1999,2026
서울,도봉구,쌍문동,대우파크힐(쌍문동이안),11,6092784,700000000,85.0,2004,2026
서울,도봉구,쌍문동,대웅,6,5133386,252500000,48.4,1989,2026
서울,도봉구,쌍문동,도봉금강아미움파크타운,8,7232091,440000000,63.4,2018,2026
서울,도봉구,쌍문동,동익미라벨,11,5625191,373000000,84.4,1987,2026
서울,도봉구,쌍문동,동일씨티빌,1,4752730,370000000,77.8,2004,2025
서울,도봉구,쌍문동,로얄,1,3997219,230000000,57.5,2000,2025
서울,도봉구,쌍문동,미라보,7,6254169,420000000,60.0,1995,2026
서울,도봉구,쌍문동,백조,4,5408971,353500000,64.4,1981,2026
서울,도봉구,쌍문동,북한산월드메르디앙,9,8273229,648000000,82.1,2005,2026
서울,도봉구,쌍문동,북한산코오롱하늘채,20,8690280,734000000,85.0,2014,2026
서울,도봉구,쌍문동,브라운스톤쌍문,10,8230063,648500000,79.9,2006,2026
서울,도봉구,쌍문동,빌드아르떼APT,24,8236069,491000000,59.6,2024,2026
서울,도봉구,쌍문동,삼보,2,2204929,170000000,77.1,2003,2026
서울,도봉구,쌍문동,삼익세라믹,117,7146503,397000000,58.8,1988,2026
서울,도봉구,쌍문동,성원,33,6119087,510000000,85.0,1989,2026
서울,도봉구,쌍문동,성원하이츠(B동),1,4831671,310000000,64.2,2004,2025
서울,도봉구,쌍문동,성원하이츠(C동),1,5561331,428000000,77.0,2006,2026
서울,도봉구,쌍문동,성원하이츠A동,4,5616400,400000000,71.2,2004,2026
서울,도봉구,쌍문동,솔밭노블리안,8,8261173,446500000,54.4,2019,2026
서울,도봉구,쌍문동,스마트빌,1,6516652,362000000,55.6,2014,2026
서울,도봉구,쌍문동,시그마팰리스,1,4982911,277000000,55.6,2003,2025
서울,도봉구,쌍문동,시티프라디움,18,8705013,600000000,68.9,2021,2026
서울,도봉구,쌍문동,신동아,2,5776095,372000000,64.4,2003,2025
서울,도봉구,쌍문동,신라샤르망,1,4101362,280000000,68.3,2004,2025
서울,도봉구,쌍문동,신성,1,4956317,295000000,59.5,2003,2026
서울,도봉구,쌍문동,신원2,9,5941876,470000000,85.0,1998,2026
서울,도봉구,쌍문동,신일라이프,6,5815377,457500000,81.7,2002,2026
서울,도봉구,쌍문동,신일라이프(B동),1,4156364,353000000,84.9,2003,2025
서울,도봉구,쌍문동,쌍문금용,9,5722389,345000000,59.9,1995,2026
서울,도봉구,쌍문동,쌍문동LG트윈빌2,4,3444412,830000000,241.0,1999,2026
서울,도봉구,쌍문동,쌍문동삼성래미안,26,10168378,640000000,60.0,2002,2026
서울,도봉구,쌍문동,쌍문리버뷰,4,9006015,415000000,45.9,2019,2026
서울,도봉구,쌍문동,에덴,9,5786007,390000000,67.4,2001,2026
서울,도봉구,쌍문동,염광,6,6426306,385000000,59.9,1997,2026
서울,도봉구,쌍문동,영진팰리스,1,3625816,150000000,41.4,2002,2025
서울,도봉구,쌍문동,청구,12,6593407,558000000,84.6,1996,2026
서울,도봉구,쌍문동,청화,1,3623188,260000000,71.8,2000,2025
서울,도봉구,쌍문동,파라다이스빌,4,8250731,685000000,84.8,2004,2026
서울,도봉구,쌍문동,한성쉐르빌,1,4251386,230000000,54.1,2001,2025
서울,도봉구,쌍문동,한솔캐스빌,4,3580196,166000000,48.9,2002,2026
서울,도봉구,쌍문동,한양1,28,9742010,655000000,66.3,1986,2026
서울,도봉구,쌍문동,한양2,113,6842320,335000000,49.0,1988,2026
서울,도봉구,쌍문동,한양5,25,6562643,447000000,65.4,1991,2026
서울,도봉구,쌍문동,한양6,50,6439304,540000000,83.9,2002,2026
서울,도봉구,쌍문동,한양7,35,6594442,550000000,84.9,1993,2026
서울,도봉구,쌍문동,한영,1,4561404,325000000,71.2,2002,2026
서울,도봉구,쌍문동,현대1,51,6401138,473000000,70.3,1990,2026
서울,도봉구,쌍문동,현대2,11,5764706,490000000,85.0,1993,2026
서울,도봉구,쌍문동,현대3,14,5578635,470000000,84.8,1995,2026
서울,도봉구,창동,DK포시즌,2,4656390,362500000,77.8,2003,2026
서울,도봉구,창동,LIG건영캐스빌,23,9106846,577000000,56.4,2002,2026
서울,도봉구,창동,금강102,1,4297609,160000000,37.2,2002,2025
서울,도봉구,창동,금성파크A동,2,5160527,307500000,61.7,2003,2025
서울,도봉구,창동,금성파크B동,1,5128552,379000000,73.9,2003,2026
서울,도봉구,창동,금용,9,6836752,417000000,60.0,1997,2026
서울,도봉구,창동,금호어울림,23,9295211,830000000,85.0,2004,2026
서울,도봉구,창동,대동,8,7174531,475000000,69.7,1999,2026
서울,도봉구,창동,대림e-편한세상,10,9791000,832000000,85.0,2003,2026
서울,도봉구,창동,대우,71,8506126,640000000,84.9,1995,2026
서울,도봉구,창동,대우그린,24,10107182,697500000,60.0,2000,2026
서울,도봉구,창동,동도센트리움,11,8289822,670000000,80.8,2009,2026
서울,도봉구,창동,동아,39,9350561,885000000,89.4,1988,2026
서울,도봉구,창동,동아그린,29,10507005,690000000,60.0,1996,2026
서울,도봉구,창동,동아청솔,153,11725124,820000000,60.0,1997,2026
서울,도봉구,창동,미소애,10,7313157,332500000,45.5,2005,2026
서울,도봉구,창동,북한산아이파크5차,100,10674753,975000000,84.5,2004,2026
서울,도봉구,창동,북한산한신휴플러스,11,8271537,895000000,111.2,2007,2026
서울,도봉구,창동,삼성래미안,92,10174384,816250000,84.9,1992,2026
서울,도봉구,창동,삼성브래뉴,3,5648828,323000000,58.4,2013,2026
서울,도봉구,창동,상아1차아파트,38,9520885,591500000,58.6,1987,2026
서울,도봉구,창동,상아2차아파트,41,9813961,550000000,58.6,1988,2026
서울,도봉구,창동,새로움아파트,1,5415162,375000000,69.2,2012,2024
서울,도봉구,창동,새울(715-25),2,6970699,295000000,42.3,2014,2025
서울,도봉구,창동,서울가든,5,6841193,820000000,109.6,1992,2026
서울,도봉구,창동,성원상떼빌,14,9288703,582500000,59.8,2001,2026
서울,도봉구,창동,세명,1,5470042,430000000,78.6,2004,2026
서울,도봉구,창동,세인트라디움,2,3670816,178500000,49.5,2002,2026
서울,도봉구,창동,수산트리플,13,9087872,550000000,59.9,2004,2026
서울,도봉구,창동,스마트트라움,10,9591961,157500000,16.4,2021,2026
서울,도봉구,창동,신창,46,6938166,352500000,49.8,1998,2026
서울,도봉구,창동,쌍용,95,11302501,825000000,59.9,1997,2026
서울,도봉구,창동,원산아파트33차,2,5757260,322500000,56.1,2003,2026
서울,도봉구,창동,월가타워,7,6105991,80500000,13.1,2013,2026
서울,도봉구,창동,"은성드림존101동,102동",1,4366812,370000000,84.7,2003,2025
서울,도봉구,창동,주공17단지,215,8711283,320000000,36.2,1989,2026
서울,도봉구,창동,주공19단지(창동리버타운),115,12030075,840000000,68.9,1988,2026
서울,도봉구,창동,중흥에스클래스,1,6109192,1002500000,164.1,2001,2025
서울,도봉구,창동,창동2차현대,47,10058695,845000000,84.5,2001,2026
서울,도봉구,창동,창동3차현대,4,8230809,960000000,115.4,2001,2026
서울,도봉구,창동,창동그린아파트,2,6072874,450000000,74.1,2004,2025
서울,도봉구,창동,창동신도브래뉴1차,32,10205051,881500000,85.0,2003,2026
서울,도봉구,창동,창동역블루핀1동,8,8278900,531000000,65.8,2020,2026
서울,도봉구,창동,창동역블루핀2동,4,8567522,564000000,65.8,2020,2026
서울,도봉구,창동,창동주공18단지,83,10268735,465000000,45.9,1988,2026
서울,도봉구,창동,창동주공1단지,71,10552663,516000000,49.9,1990,2026
서울,도봉구,창동,창동주공2단지,72,10620755,457500000,45.6,1990,2026
서울,도봉구,창동,창동주공3단지(해등마을),252,11313745,618500000,58.0,1990,2026
서울,도봉구,창동,창동주공4단지,130,9079903,372750000,41.3,1991,2026
서울,도봉구,창동,창동한승미메이드,7,6707090,570000000,84.7,2004,2026
서울,도봉구,창동,창동한신휴플러스(621-69),5,7243921,855000000,118.0,2002,2026
서울,도봉구,창동,창동현대4차,12,8426486,880000000,102.0,2003,2026
서울,도봉구,창동,창동현대타운,10,7157639,437500000,57.9,1999,2026
서울,도봉구,창동,초안산신도브래뉴,9,7535372,588000000,78.3,2005,2026
서울,도봉구,창동,태영데시앙,44,9512324,808500000,85.0,2003,2026
서울,도봉구,창동,파크힐,2,6034627,352500000,58.4,2013,2026
서울,도봉구,창동,하우니티,1,5770137,490000000,84.9,2008,2025
서울,도봉구,창동,한솔,2,5788821,333750000,57.9,2002,2026
서울,도봉구,창동,한신APT,2,5858455,497500000,84.9,1999,2024
서울,도봉구,창동,한일아파트,1,5062397,430000000,84.9,2001,2025
서울,도봉구,창동,현대조합,26,9201302,567500000,59.9,2000,2026
서울,도봉구,창동,황지,2,5388165,327500000,60.8,2003,2026
서울,동대문구,답십리동,e편한세상답십리아르테포레,3,18180817,1160000000,60.0,2025,2026
서울,동대문구,답십리동,그린힐스아파트,1,10532765,600000000,57.0,2025,2026
서울,동대문구,답십리동,답십리대우,46,12759371,1000000000,72.4,2002,2026
서울,동대문구,답십리동,답십리엘림퍼스트,23,13226133,697000000,52.8,2020,2026
서울,동대문구,답십리동,답십리청솔우성,128,11660962,830000000,84.9,2000,2026
서울,동대문구,답십리동,답십리파크자이,93,19028543,1190000000,59.9,2019,2026
서울,동대문구,답십리동,답십리한화,6,10753005,912500000,84.9,2001,2026
서울,동대문구,답십리동,대림,25,9981101,775000000,84.7,2003,2026
서울,동대문구,답십리동,동답한신,71,10803949,505000000,44.4,1992,2026
서울,동대문구,답십리동,동서울한양,80,9200603,622500000,59.7,1989,2026
서울,동대문구,답십리동,동아,70,9695269,800000000,84.7,2001,2026
서울,동대문구,답십리동,두산,89,10550513,858000000,84.8,2000,2026
서울,동대문구,답십리동,두산위브,69,16307795,1150000000,84.9,2007,2026
서울,동대문구,답십리동,래미안미드카운티,109,18339446,1360000000,75.0,2019,2026
서울,동대문구,답십리동,래미안엘파인아파트,59,12377697,880000000,84.8,2011,2026
서울,동대문구,답십리동,래미안위브,299,17507942,1400000000,85.0,2014,2026
서울,동대문구,답십리동,보광타워,18,10259580,248000000,23.0,2019,2026
서울,동대문구,답십리동,삼희,5,8507709,618000000,69.6,1983,2026
서울,동대문구,답십리동,세양청마루,14,9084490,772000000,85.0,2005,2026
서울,동대문구,답십리동,센시티16,15,7336422,104500000,14.2,2013,2026
서울,동대문구,답십리동,신답경남,22,10228692,715000000,72.3,1991,2026
서울,동대문구,답십리동,신답극동,25,11487759,720000000,53.1,1987,2026
서울,동대문구,답십리동,엘림스퀘어3,1,9959350,147000000,14.8,2020,2026
서울,동대문구,답십리동,우성그린,45,9602426,674000000,84.7,1997,2026
서울,동대문구,답십리동,우창프라자,3,5917572,830000000,143.6,1994,2026
서울,동대문구,답십리동,청계벽산메가트리움,13,12264308,770000000,59.9,2006,2026
서울,동대문구,답십리동,청계와이즈노벨리아,10,12449202,910000000,74.9,2017,2026
서울,동대문구,답십리동,청계지웰에스테이트,19,7170294,139000000,19.5,2012,2026
서울,동대문구,답십리동,청계푸르지오시티,45,7928118,150000000,18.9,2015,2026
서울,동대문구,답십리동,청계한신휴플러스,110,15515143,1177500000,74.0,2010,2026
서울,동대문구,답십리동,청솔2차우성,19,10667960,745000000,82.5,2000,2026
서울,동대문구,답십리동,클래식타워,2,5907942,657500000,112.7,1999,2025
서울,동대문구,답십리동,한신휴플러스그린파크,22,13601469,890000000,59.9,2010,2026
서울,동대문구,답십리동,한원힐트리움아파트,6,11885268,417000000,34.9,2020,2026
서울,동대문구,답십리동,한일노벨리아,11,8976965,146500000,16.6,2016,2026
서울,동대문구,답십리동,현대썬앤빌청계,37,8400810,125000000,14.8,2016,2026
서울,동대문구,답십리동,힐스테이트청계,117,20000000,1323000000,59.9,2018,2026
서울,동대문구,신설동,신설동역자이르네,7,16987806,740000000,43.0,2024,2026
서울,동대문구,신설동,주함해븐아파트,1,10539505,715000000,67.8,2008,2024
서울,동대문구,신설동,청계천대성스카이렉스1,11,10034556,760000000,75.2,2007,2025
서울,동대문구,신설동,포레스트힐시티,7,10644068,159000000,14.8,2018,2025
서울,동대문구,용두동,LOFT129,73,13166143,291050000,22.1,2025,2025
서울,동대문구,용두동,가우디캐슬,8,10444744,310000000,29.7,2019,2026
서울,동대문구,용두동,동대문베네스트,9,11111111,204000000,18.4,2020,2026
서울,동대문구,용두동,동대문푸르지오시티(도시형생활주택),43,13550316,410000000,30.1,2016,2026
서울,동대문구,용두동,두산베어스타워,4,7457562,855000000,104.9,1998,2026
서울,동대문구,용두동,래미안 허브리츠,72,17143135,1350000000,85.0,2011,2026
서울,동대문구,용두동,래미안엘리니티,90,20680454,1427500000,60.0,2022,2026
서울,동대문구,용두동,롯데캐슬피렌체,63,12434211,395000000,30.4,2009,2026
서울,동대문구,용두동,삼성힐,1,7789536,530000000,68.0,2008,2026
서울,동대문구,용두동,서안팰리스,1,7060077,530000000,75.1,2011,2025
서울,동대문구,용두동,신동아,88,12004710,740000000,58.6,1994,2026
서울,동대문구,용두동,신설동역대우아이빌1,3,8752188,650000000,85.0,2004,2026
서울,동대문구,용두동,용두두산위브,45,14625250,1220000000,85.0,2009,2026
서울,동대문구,용두동,용두롯데캐슬리치,22,16209515,1197500000,84.5,2015,2026
서울,동대문구,용두동,용두아파트,2,9684211,460000000,47.5,1974,2026
서울,동대문구,용두동,이편한세상청계센트럴포레,104,20009338,1415000000,67.5,2021,2026
서울,동대문구,용두동,청계천대성스카이렉스2,15,10707142,910000000,85.0,2007,2026
서울,동대문구,용두동,청계한양아이클래스,3,11954993,170000000,14.2,2019,2026
서울,동대문구,용두동,청량리역한양수자인그라시엘,69,18832392,1600000000,85.0,2023,2026
서울,동대문구,용두동,청량리역해링턴플레이스,16,17319996,1414500000,84.9,2023,2026
서울,동대문구,용두동,청재제일타운,2,7436262,620000000,83.4,2005,2026
서울,동대문구,용두동,한양아이클래스,6,7320790,120000000,16.6,2014,2026
서울,동대문구,이문동,대림e-편한세상,158,12900697,917500000,79.4,2003,2026
서울,동대문구,이문동,대성유니드아파트,7,9826998,835000000,85.0,2012,2026
서울,동대문구,이문동,대우,38,9482748,822500000,84.9,2001,2026
서울,동대문구,이문동,래미안라그란데,14,17368195,1370000000,85.0,2025,2026
서울,동대문구,이문동,래미안이문2차,67,14182974,928000000,59.8,2004,2026
서울,동대문구,이문동,민족통일MJ캠퍼스외대3차,3,13484358,250000000,18.2,2022,2026
서울,동대문구,이문동,삼익,43,9841535,785000000,85.0,1997,2026
서울,동대문구,이문동,세진빌딩,1,18939394,300000000,15.8,2020,2025
서울,동대문구,이문동,신이문금호어울림,15,11197548,885000000,84.8,2008,2026
서울,동대문구,이문동,쌍용,160,11757620,820000000,60.0,2000,2026
서울,동대문구,이문동,이문2차푸르지오,13,9081260,770000000,84.8,2007,2026
서울,동대문구,이문동,이문동웰츠타워,10,8309158,810000000,98.6,2008,2026
서울,동대문구,이문동,이문삼성래미안아파트,42,9240295,890000000,85.0,2001,2026
서울,동대문구,이문동,이문스카이뷰,8,12389381,322000000,26.0,2020,2026
서울,동대문구,이문동,주성아우라,3,6208670,83000000,12.8,2013,2025
서울,동대문구,이문동,중앙하이츠빌,46,11013180,802500000,59.4,2002,2026
서울,동대문구,이문동,투니온,4,6784441,96500000,14.3,2013,2026
서울,동대문구,이문동,현대,51,11181575,776200000,59.9,2000,2026
서울,동대문구,장안동,(해오름),4,8048700,675000000,83.9,2006,2026
서울,동대문구,장안동,SM이로빌(350-11),1,6829153,580000000,84.9,2003,2026
서울,동대문구,장안동,SM이로빌3차(358-18),1,6598327,560000000,84.9,2004,2024
서울,동대문구,장안동,SM이로빌4차A동(455-5),2,5019024,620000000,123.5,2004,2024
서울,동대문구,장안동,SM해그린아파트,2,7953340,675000000,84.9,2006,2026
서울,동대문구,장안동,U-포그니,5,6978367,415000000,57.3,2016,2026
서울,동대문구,장안동,U포그니2차,2,9056569,487500000,53.8,2018,2026
서울,동대문구,장안동,가야써니빌(373-7),3,5655709,629000000,114.7,2002,2026
서울,동대문구,장안동,가우디캐슬,4,9263566,241500000,25.9,2016,2026
서울,동대문구,장안동,가우디트윈캐슬1,2,8253591,369000000,44.8,2016,2026
서울,동대문구,장안동,가우디트윈캐슬2,4,8240427,345000000,41.3,2016,2026
서울,동대문구,장안동,경남하이빌,10,7312506,617500000,84.6,2008,2026
서울,동대문구,장안동,공감대(440-12),1,5488474,550000000,100.2,2003,2025
서울,동대문구,장안동,공감대5차(334-5),2,5374258,725000000,135.2,2004,2025
서울,동대문구,장안동,공감대6차(384-1),3,6098004,600000000,82.5,2005,2025
서울,동대문구,장안동,광남캐스빌,2,6396167,727500000,113.7,2004,2026
서울,동대문구,장안동,글로벌팰리스,7,10501105,269000000,27.1,2019,2026
서울,동대문구,장안동,금강아미움,6,7221207,595000000,82.4,2007,2026
서울,동대문구,장안동,금성아파트,3,7546075,520000000,68.9,2011,2026
서울,동대문구,장안동,금호(444-9),2,6767477,454000000,69.3,2004,2025
서울,동대문구,장안동,네오빌,2,6124498,518500000,84.7,2004,2025
서울,동대문구,장안동,다우하임,2,8034928,325000000,40.9,2018,2026
서울,동대문구,장안동,대명이룸아파트(565-0),3,8992154,745000000,82.8,2005,2026
서울,동대문구,장안동,대성장안애캐슬,1,5819996,280000000,48.1,2010,2025
서울,동대문구,장안동,동대문더퍼스트데시앙,55,12417477,1020000000,84.9,2019,2026
서울,동대문구,장안동,동재(A동),2,7031802,597000000,84.9,2005,2026
서울,동대문구,장안동,동재(B동),1,6312467,480000000,76.0,2006,2025
서울,동대문구,장안동,래미안장안,56,13431077,1032500000,84.8,2003,2026
서울,동대문구,장안동,래미안장안2차,163,13107170,1045000000,81.0,2007,2026
서울,동대문구,장안동,르메이에르1차(344-1),4,6729344,680000000,100.4,2004,2026
서울,동대문구,장안동,르메이에르7차(313-8),2,6626756,512500000,77.0,2005,2026
서울,동대문구,장안동,르메이에르장안타운3차,3,6858224,580000000,84.9,2005,2025
서울,동대문구,장안동,르메이에르장안타운6차,5,7300989,620000000,84.9,2005,2026
서울,동대문구,장안동,르미에르장안타운5차,1,7201087,530000000,73.6,2005,2026
서울,동대문구,장안동,리치,4,5855843,332500000,59.2,2008,2026
서울,동대문구,장안동,방원예뜨랑,2,6695986,581500000,86.8,2002,2025
서울,동대문구,장안동,브이티스타일,7,11235955,620000000,55.1,2021,2026
서울,동대문구,장안동,비젼아파트101동,2,6826264,630000000,92.3,2004,2026
서울,동대문구,장안동,비젼아파트102동,1,6872038,580000000,84.4,2005,2024
서울,동대문구,장안동,비젼아파트103동,1,7570347,530000000,70.0,2005,2025
서울,동대문구,장안동,삼성그린,2,7210646,699000000,96.9,2005,2026
서울,동대문구,장안동,삼현팰리체,2,7437064,593000000,79.9,2011,2026
서울,동대문구,장안동,상록파라브,2,8603959,665000000,77.3,2007,2026
서울,동대문구,장안동,상록파라브2차,1,7238677,545000000,75.3,2008,2026
서울,동대문구,장안동,상록파라브3차,2,8119000,685000000,84.4,2010,2026
서울,동대문구,장안동,새한그린빌(306-10),2,5515475,527500000,95.6,2003,2025
서울,동대문구,장안동,서광아침의빛,6,9561073,812500000,85.0,2008,2026
서울,동대문구,장안동,서희스타힐스,16,7616996,595000000,80.5,2013,2026
서울,동대문구,장안동,선경이노블,1,7120511,569000000,79.9,2009,2026
서울,동대문구,장안동,선일크라시아,2,6156087,385500000,62.2,2008,2026
서울,동대문구,장안동,성림(390-5),1,6727997,490000000,72.8,2003,2025
서울,동대문구,장안동,스마트트라움,6,8598530,399000000,47.8,2018,2026
서울,동대문구,장안동,스타파크아파트,6,8924103,535000000,60.0,2016,2026
서울,동대문구,장안동,시온,22,8794372,550000000,62.5,2024,2026
서울,동대문구,장안동,신부파스카(313-7),1,7059654,600000000,85.0,2004,2026
서울,동대문구,장안동,신부파스카(563),5,8471585,720000000,85.0,2005,2026
서울,동대문구,장안동,신일해피트리2차(567),8,9317346,732000000,82.2,2005,2026
서울,동대문구,장안동,신일해피트리3차(568),6,8817818,693500000,85.0,2005,2026
서울,동대문구,장안동,신일해피트리아파트101동,13,9377859,640000000,65.6,2005,2026
서울,동대문구,장안동,아르떼하임,6,8481394,330000000,41.4,2019,2026
서울,동대문구,장안동,양우내안애애플,7,6519415,100000000,15.3,2014,2025
서울,동대문구,장안동,양지쉐르빌아파트(415-1),5,8067376,455000000,56.4,2016,2026
서울,동대문구,장안동,에메랄드(351-5),3,7528529,475000000,59.8,2016,2026
서울,동대문구,장안동,에스아이팰리스장안센텀,10,14697406,224750000,14.2,2020,2026
서울,동대문구,장안동,우성2차아파트(334-6),3,7440652,630000000,84.7,2005,2026
서울,동대문구,장안동,우성3차(562),3,8544980,720000000,84.3,2005,2026
서울,동대문구,장안동,우성5차에비뉴,6,8316502,700000000,84.2,2013,2026
서울,동대문구,장안동,우정A(344-11),1,6397829,330000000,51.6,2003,2026
서울,동대문구,장안동,유엔팰리스(131-1),1,5464260,675000000,123.5,2004,2025
서울,동대문구,장안동,은하수드림빌,3,7342979,645000000,84.4,2009,2026
서울,동대문구,장안동,은하수드림필,10,8308890,705000000,84.9,2006,2026
서울,동대문구,장안동,일성트루엘,11,9126193,775000000,84.9,2012,2026
서울,동대문구,장안동,장안SM드림빌(360-2),3,5252472,599500000,113.3,2003,2026
서울,동대문구,장안동,장안뉴시티,8,5104935,90000000,17.6,2012,2026
서울,동대문구,장안동,장안동우성4차,1,9079118,770000000,84.8,2008,2026
서울,동대문구,장안동,장안동하트리움,94,14813785,269500000,18.7,2025,2025
서울,동대문구,장안동,장안삼성쉐르빌,16,6781912,772500000,119.0,2002,2026
서울,동대문구,장안동,장안솔렌시아6,1,12742100,250000000,19.6,2021,2026
서울,동대문구,장안동,장안위더스빌,17,8942228,800000000,85.0,2011,2026
서울,동대문구,장안동,장안평월드메르디앙2차,15,9359548,795000000,84.8,2007,2026
서울,동대문구,장안동,장안푸르미에,9,9090047,117000000,12.7,2013,2026
서울,동대문구,장안동,장안현대,43,7533529,719000000,95.4,1984,2026
서울,동대문구,장안동,장안현대홈타운(336),185,13184414,1000000000,84.9,2003,2026
서울,동대문구,장안동,장안힐스테이트,112,14232295,1070000000,59.9,2007,2026
서울,동대문구,장안동,장한평월드메르디앙,10,9817540,834000000,85.0,2006,2026
서울,동대문구,장안동,정암(363-11),1,5650383,480000000,85.0,2005,2026
서울,동대문구,장안동,정은101동(332-2),3,6268536,465000000,74.2,1999,2025
서울,동대문구,장안동,정은스카이빌101동,6,8398733,652500000,81.0,2004,2026
서울,동대문구,장안동,정은스카이빌201동,7,7702578,683000000,84.6,2006,2026
서울,동대문구,장안동,제이드파크(382-2),3,6060606,114000000,17.3,2014,2026
서울,동대문구,장안동,젬스톤힐즈,4,7765722,461500000,59.2,2017,2026
서울,동대문구,장안동,천강(332-6),2,4342943,490000000,113.1,1996,2026
서울,동대문구,장안동,청명에버아트2차,3,8374384,408000000,48.7,2017,2025
서울,동대문구,장안동,청명에버아트3차,2,8723565,462000000,53.0,2017,2024
서울,동대문구,장안동,청솔브레싱(A동)(400-1),1,5980271,291000000,48.7,2004,2025
서울,동대문구,장안동,청솔아파트(A동),3,7728577,378000000,48.8,2015,2026
서울,동대문구,장안동,청솔아파트(B동),4,7296895,395000000,53.9,2015,2026
서울,동대문구,장안동,청원파크빌,1,7550796,550000000,72.8,2006,2025
서울,동대문구,장안동,태솔아파트1차,7,8346108,490000000,58.7,2016,2026
서울,동대문구,장안동,태솔아파트2차,4,7747408,458500000,59.7,2016,2026
서울,동대문구,장안동,태솔아파트3차,9,9072581,530000000,59.5,2018,2026
서울,동대문구,장안동,태솔아파트4차,3,9112622,496000000,54.5,2019,2026
서울,동대문구,장안동,태솔아파트5차,5,9105960,495000000,54.4,2020,2026
서울,동대문구,장안동,태솔에버빌,3,7818765,390000000,49.9,2013,2025
서울,동대문구,장안동,태솔에버빌2차,2,8723068,491500000,56.4,2015,2026
서울,동대문구,장안동,태솔타운(1차),3,6228652,310000000,46.0,2012,2026
서울,동대문구,장안동,태솔타운2차,3,7606119,353000000,46.4,2014,2026
서울,동대문구,장안동,태솔타운3차,2,7338021,281500000,38.7,2014,2026
서울,동대문구,장안동,태솔타워,4,6434760,255000000,42.5,2012,2025
서울,동대문구,장안동,프라하임장안1,2,10149186,224500000,22.1,2020,2026
서울,동대문구,장안동,한강훼미리주상복합아파트,11,7270107,600000000,83.4,2009,2026
서울,동대문구,장안동,한신아파트,25,8362780,710000000,84.9,1996,2026
서울,동대문구,장안동,한일(424-1),2,6618616,560000000,84.6,2003,2026
서울,동대문구,장안동,현대리노빌101동,1,7564576,410000000,54.2,2004,2026
서울,동대문구,장안동,현대리노빌102동,3,7356403,570000000,85.0,2004,2026
서울,동대문구,장안동,현대리노빌103동,1,7085498,600000000,84.7,2004,2026
서울,동대문구,장안동,현대썬앤빌601,20,5722071,105000000,18.4,2015,2026
서울,동대문구,장안동,현대홈타운2차,14,9794698,850000000,85.0,2005,2026
서울,동대문구,장안동,현대홈타운3차,10,9537367,804000000,84.3,2006,2026
서울,동대문구,장안동,형인허브빌102동(417-11),1,7359472,580000000,78.8,2004,2026
서울,동대문구,장안동,형인허브빌2차(566),3,8255137,695000000,84.2,2005,2026
서울,동대문구,장안동,형인허브빌아파트301동,3,7365072,670000000,84.9,2005,2026
서울,동대문구,장안동,형인휴아름101동,3,7756133,645000000,83.2,2013,2026
서울,동대문구,장안동,홍해오크펠리스3차,1,8762887,680000000,77.6,2012,2026
서울,동대문구,장안동,화성(311-6),1,6250710,550000000,88.0,2003,2026
서울,동대문구,장안동,흥해오크팰리스(576-0),2,8372725,708500000,84.6,2007,2026
서울,동대문구,전농동,동대문롯데캐슬노블레스,55,19887032,1485000000,85.0,2018,2026
서울,동대문구,전농동,동아,42,12340242,814000000,57.9,1997,2026
서울,동대문구,전농동,래미안아름숲,78,13219880,1165000000,84.9,2012,2026
서울,동대문구,전농동,래미안크레시티,267,19397363,1525000000,85.0,2014,2026
서울,동대문구,전농동,리베르떼,4,10849918,257500000,23.5,2019,2026
서울,동대문구,전농동,세화,2,8432815,607500000,72.0,2002,2026
서울,동대문구,전농동,전농SK,209,11477340,917500000,85.0,2000,2026
서울,동대문구,전농동,전농동삼성래미안,49,12014016,850000000,85.0,2000,2026
서울,동대문구,전농동,전농동신성미소지움,42,16173974,1015000000,55.4,2005,2026
서울,동대문구,전농동,전농동하우스토리,2,7836009,769000000,99.6,2007,2025
서울,동대문구,전농동,전농우성,165,10313531,705000000,59.8,1992,2026
서울,동대문구,전농동,청량리역롯데캐슬 SKY-L65,86,21653169,1846500000,85.0,2023,2026
서울,동대문구,전농동,퀸즈W청량리역,20,14648462,293000000,20.0,2025,2026
서울,동대문구,제기동,건영스타밸리,5,10624802,660000000,62.2,2021,2026
서울,동대문구,제기동,동성네스트빌,1,5755933,308000000,53.5,2005,2025
서울,동대문구,제기동,동성네스트빌(1158-17),1,7521939,540000000,71.8,2003,2026
서울,동대문구,제기동,동성네스트빌2,1,7233273,440000000,60.8,2004,2025
서울,동대문구,제기동,리스트안암,48,15725149,289500000,18.4,2024,2024
서울,동대문구,제기동,명경아트빌,1,5929440,400000000,67.5,2002,2026
서울,동대문구,제기동,안암골벽산,52,9940869,917500000,85.0,2003,2026
서울,동대문구,제기동,어반넥서스,1,9367903,495000000,52.8,2016,2025
서울,동대문구,제기동,어진재,23,11191099,175000000,15.6,2014,2026
서울,동대문구,제기동,이수브라운스톤,24,10300441,869500000,84.9,2005,2026
서울,동대문구,제기동,청우,1,7068803,600000000,84.9,2003,2026
서울,동대문구,제기동,한신아파트,139,12199198,937000000,84.8,2004,2026
서울,동대문구,제기동,현대,22,10170423,797500000,88.0,1999,2026
서울,동대문구,제기동,홍파,4,11422553,705000000,61.7,1971,2025
서울,동대문구,제기동,효성트럼프,1,6523248,470000000,72.0,2004,2025
서울,동대문구,청량리동,광남캐스빌,1,15346476,1300000000,84.7,2002,2026
서울,동대문구,청량리동,미주,87,10824641,1270000000,102.2,1978,2026
서울,동대문구,청량리동,샹그레빌아파트,9,8839268,707000000,80.0,2004,2026
서울,동대문구,청량리동,청량리신주,3,6653561,440000000,66.1,2004,2025
서울,동대문구,청량리동,한신,86,10362694,872500000,84.9,1997,2026
서울,동대문구,청량리동,현대,19,8761256,850000000,82.2,1987,2026
서울,동대문구,청량리동,현대코아,6,7143878,945000000,140.0,1997,2026
서울,동대문구,청량리동,홍릉동부,33,10598210,860000000,84.9,2001,2026
서울,동대문구,회기동,동일스카이시티2차,1,5438066,270000000,49.6,2005,2025
서울,동대문구,회기동,동일스카이시티3차,1,5879327,400000000,68.0,2007,2026
서울,동대문구,회기동,동일스카이씨티,2,6908907,378500000,55.8,2003,2026
서울,동대문구,회기동,민족통일MJ캠퍼스경희대,17,9845077,225000000,23.2,2017,2026
서울,동대문구,회기동,민족통일MJ캠퍼스경희대2차,2,16194597,252500000,15.6,2021,2026
서울,동대문구,회기동,베라체캠퍼스,27,10650109,258000000,24.3,2013,2026
서울,동대문구,회기동,신현대,80,10304569,774000000,85.0,1989,2026
서울,동대문구,회기동,회기아파트(347-7),1,6145657,508000000,82.7,2003,2024
서울,동대문구,회기동,회기힐스테이트,20,11192493,962500000,85.0,2011,2026
서울,동대문구,휘경동,동양1차,26,10868839,715000000,59.8,2000,2026
서울,동대문구,휘경동,동양2차,15,8922873,760000000,84.6,2002,2026
서울,동대문구,휘경동,동일스위트리버,38,10026714,843500000,85.0,2007,2026
서울,동대문구,휘경동,롯데,25,10071858,700000000,59.9,2000,2026
서울,동대문구,휘경동,롯데낙천대,16,9478387,760000000,82.8,2003,2026
서울,동대문구,휘경동,브라운스톤휘경,22,13195537,845000000,60.0,2013,2026
서울,동대문구,휘경동,서울가든,10,6738827,576500000,85.9,1985,2026
서울,동대문구,휘경동,이문휘경지웰에스테이트,20,12018551,172250000,14.1,2021,2026
서울,동대문구,휘경동,캠퍼스드림오피스텔,16,12749377,204500000,16.0,2020,2026
서울,동대문구,휘경동,현대,19,8476572,720000000,84.9,1992,2026
서울,동대문구,휘경동,효자워너빌,7,8034026,680000000,84.6,2006,2026
서울,동대문구,휘경동,휘경,3,5390420,330000000,64.9,1972,2026
서울,동대문구,휘경동,휘경SK뷰,97,16837851,1180000000,59.6,2019,2026
서울,동대문구,휘경동,휘경동일하이빌,19,9176794,790000000,85.0,2005,2026
서울,동대문구,휘경동,휘경리오포레아파트(1단지),87,9368371,840000000,84.8,2001,2026
서울,동대문구,휘경동,휘경리오포레아파트(2단지),105,12089378,568000000,40.0,2001,2026
서울,동대문구,휘경동,휘경미소지움,37,10778743,698000000,59.8,1999,2026
서울,동대문구,휘경동,휘경베스트빌현대,34,9579439,637500000,59.9,2000,2026
서울,동대문구,휘경동,휘경센트레빌,19,11426552,980000000,84.9,2011,2026
서울,동대문구,휘경동,휘경자이디센시아,2,25696646,1540000000,59.9,2025,2026
서울,동대문구,휘경동,휘경제이스카이아파트,14,7698685,650000000,84.4,2016,2026
서울,동대문구,휘경동,휘경해모로프레스티지,45,15141375,950000000,59.8,2021,2026
서울,동작구,노량진동,건영(103동-106동),56,13480104,1185000000,84.9,1997,2026
서울,동작구,노량진동,노량진맨션,2,21156670,1495000000,70.6,1974,2025
서울,동작구,노량진동,메가스터디타워,37,10243598,164000000,16.0,2015,2026
서울,동작구,노량진동,삼익,10,10409778,835000000,84.7,2001,2025
서울,동작구,노량진동,신동아리버파크,183,15197926,1300000000,84.9,2001,2026
서울,동작구,노량진동,쌍용예가,26,18820366,1404500000,84.9,2010,2026
서울,동작구,노량진동,우성,104,14877967,1190000000,85.0,1997,2026
서울,동작구,노량진동,한강더퍼스트타워,65,19239311,346500000,18.0,2026,2026
서울,동작구,노량진동,형인한강,9,10322156,785000000,76.0,2001,2026
서울,동작구,노량진동,힐스테이트장승배기역,5,21843780,1720000000,84.7,2026,2026
서울,동작구,대방동,(99-1),1,7211538,420000000,58.2,2001,2025
서울,동작구,대방동,경남아너스빌,17,15082779,1280000000,84.8,2006,2026
서울,동작구,대방동,그린힐,3,7802341,580000000,74.5,2003,2026
서울,동작구,대방동,다울,1,6999953,740000000,105.7,2003,2025
서울,동작구,대방동,대림아파트,173,17296123,1460000000,84.9,1993,2026
서울,동작구,대방동,대방1차e-편한세상,48,16959203,1430000000,84.3,2003,2026
서울,동작구,대방동,대방2차e-편한세상,4,11091107,1460000000,131.6,2003,2025
서울,동작구,대방동,대방동현대,56,13935970,1092500000,85.0,1994,2026
서울,동작구,대방동,드림빌라트,2,7395898,595000000,80.4,2001,2026
서울,동작구,대방동,디어파크(파크빌리지),2,7969235,616500000,77.4,2004,2025
서울,동작구,대방동,보라매코오롱하늘채,12,13046045,1105000000,84.7,2005,2026
서울,동작구,대방동,비전,1,12324518,1510000000,122.5,1992,2024
서울,동작구,대방동,삼인,2,7446016,600000000,80.6,2004,2025
서울,동작구,대방동,성원,52,15654649,1320000000,84.3,1994,2026
서울,동작구,대방동,신일해피트리,17,14795249,885000000,59.8,2005,2026
서울,동작구,대방동,신한토탈,12,11219777,852500000,69.1,1997,2026
서울,동작구,대방동,신호리치빌,1,8855827,750000000,84.7,2003,2024
서울,동작구,대방동,아데나339,8,8789062,135000000,15.4,2012,2026
서울,동작구,대방동,우정,19,13190850,900000000,84.6,1999,2026
서울,동작구,대방동,주공2,80,18172414,1005000000,58.6,1995,2026
서울,동작구,대방동,진성마블로스,7,8333333,120000000,14.4,2011,2026
서울,동작구,대방동,푸른숲,1,8742911,740000000,84.6,2008,2025
서울,동작구,대방동,하나마을,1,6104329,660000000,108.1,2003,2024
서울,동작구,대방동,한국개나리,8,12240554,757500000,59.8,1997,2026
서울,동작구,대방동,현대홈타운2,28,14219018,1050000000,59.9,1999,2026
서울,동작구,동작동,금강KCC,43,13537375,1200000000,85.0,2003,2026
서울,동작구,동작동,이수교KCC스위첸,24,15768416,1405000000,85.0,2006,2026
서울,동작구,동작동,이수교신동아아파트,5,12166356,936000000,80.6,2001,2026
서울,동작구,동작동,이수스위첸포레힐즈,1,20007061,1700000000,85.0,2022,2025
서울,동작구,동작동,이수힐스테이트,60,22359044,1885000000,85.0,2013,2026
서울,동작구,본동,경동윈츠리버,43,16319689,1105000000,56.7,2004,2026
서울,동작구,본동,극동강변,7,11920217,1010000000,84.7,1992,2025
서울,동작구,본동,래미안트윈파크,34,24697890,1877500000,84.8,2011,2026
서울,동작구,본동,삼성래미안,61,17337870,1320000000,84.2,2004,2026
서울,동작구,본동,신동아,79,14944064,1070000000,84.5,1993,2026
서울,동작구,본동,유원강변,27,17050691,1400000000,84.3,2000,2026
서울,동작구,본동,한강쌍용,12,15928907,1037500000,59.6,1999,2026
서울,동작구,본동,한신휴플러스,34,13701770,1149000000,84.8,2004,2026
서울,동작구,사당동,갑을명가,7,9903209,800000000,81.6,2006,2026
서울,동작구,사당동,강남드리움2차,1,4454343,400000000,89.8,2004,2025
서울,동작구,사당동,경남아너스빌(대아3),10,12946241,802500000,63.6,1998,2026
서울,동작구,사당동,경남아너스빌1차,48,13338898,1002500000,59.9,1997,2026
서울,동작구,사당동,경남아너스빌2차,14,12379279,892500000,72.4,1998,2026
서울,동작구,사당동,공감지음포레뷰아파트,1,8385222,606000000,72.3,2022,2025
서울,동작구,사당동,관악푸르지오102동,4,9809050,1125000000,114.7,2004,2026
서울,동작구,사당동,극동(105),165,16603416,1350000000,84.3,1993,2026
서울,동작구,사당동,남성골든빌A동B동,2,9944307,546000000,55.4,2003,2026
서울,동작구,사당동,남양이룸,1,7771246,780000000,100.4,2005,2026
서울,동작구,사당동,남해오네뜨,14,11776546,768000000,60.0,2002,2026
서울,동작구,사당동,닷컴캐슬,2,7036629,511000000,72.6,2003,2025
서울,동작구,사당동,대림(169-8),90,15133671,1470000000,84.9,1990,2026
서울,동작구,사당동,대성유니드,20,11213185,917500000,84.9,2009,2026
서울,동작구,사당동,대창센시티,8,13348940,965000000,81.1,2005,2026
서울,동작구,사당동,두산위브트레지움,57,20537191,1770000000,84.4,2011,2026
서울,동작구,사당동,라이즈1동,1,8246115,520000000,63.1,2003,2026
서울,동작구,사당동,래미안로이파크,80,21534479,1762500000,85.0,2018,2026
서울,동작구,사당동,레디앙스,4,8594065,640000000,74.5,2004,2026
서울,동작구,사당동,롯데캐슬,50,12964553,1372500000,117.7,2003,2026
서울,동작구,사당동,르메이에르,22,11220539,711500000,59.4,2001,2026
서울,동작구,사당동,반석블레스,11,12195122,730000000,59.9,2016,2026
서울,동작구,사당동,사당롯데캐슬2차,27,14038648,1320000000,84.8,2004,2026
서울,동작구,사당동,사당롯데캐슬골든포레,161,18840398,1345000000,60.0,2021,2026
서울,동작구,사당동,사당우성2,104,17989792,1392500000,72.3,1993,2026
서울,동작구,사당동,사당우성3,108,16964810,1245000000,59.9,1993,2026
서울,동작구,사당동,사당자이,116,13845961,990000000,60.0,1999,2026
서울,동작구,사당동,사당해그린,2,13059079,782500000,59.9,2004,2026
서울,동작구,사당동,사당휴먼시아,54,12551635,990000000,84.7,2009,2026
서울,동작구,사당동,사당휴브리지(206-127),5,11369095,142000000,12.5,2015,2026
서울,동작구,사당동,삼성,17,13102988,960000000,84.9,1999,2026
서울,동작구,사당동,삼성그린(205),2,9862845,640000000,64.9,2001,2026
서울,동작구,사당동,삼성그린101동,1,6034483,420000000,69.6,2001,2024
서울,동작구,사당동,삼성래미안,105,14123130,1300000000,85.0,2003,2026
서울,동작구,사당동,삼성아파트,6,12293949,804000000,71.9,2006,2026
서울,동작구,사당동,삼익그린뷰,12,9941867,710000000,85.0,2003,2026
서울,동작구,사당동,삼호그린,18,13049681,990000000,84.7,1999,2026
서울,동작구,사당동,스타팰리스이수,23,22732301,411000000,18.1,2026,2026
서울,동작구,사당동,신동아4,104,17287246,1200000000,59.9,1993,2026
서울,동작구,사당동,신동아5,24,13506969,1172500000,84.7,1998,2026
서울,동작구,사당동,오림센트빌,2,6054024,512500000,84.7,2001,2026
서울,동작구,사당동,이너스내안애,7,12204307,1037000000,85.0,2012,2026
서울,동작구,사당동,이수역리가,66,17947192,1525000000,84.9,2013,2026
서울,동작구,사당동,이수자이,21,14071683,1690000000,120.2,2010,2026
서울,동작구,사당동,이수푸르지오더프레티움,67,24374649,1950000000,84.9,2021,2026
서울,동작구,사당동,이수프라자,1,9815025,780000000,79.5,2004,2025
서울,동작구,사당동,제일,33,17407963,1045000000,60.0,1987,2026
서울,동작구,사당동,중앙아트,1,8396306,800000000,95.3,2000,2025
서울,동작구,사당동,진흥아리엘,8,9343735,799000000,85.0,2004,2026
서울,동작구,사당동,케이씨씨,10,11109512,985000000,84.7,2007,2025
서울,동작구,사당동,현대,43,12341561,775000000,60.0,1991,2026
서울,동작구,사당동,현대주택조합,4,11154253,948000000,85.0,1993,2026
서울,동작구,상도1동,방주샤인(428-7),1,6520414,535000000,82.0,2004,2025
서울,동작구,상도1동,숭실그랜드,5,6548975,460000000,70.2,2003,2026
서울,동작구,상도1동,장원빌리지,1,7109788,430000000,60.5,2000,2025
서울,동작구,상도1동,평화그린,1,6802721,680000000,100.0,2001,2025
서울,동작구,상도1동,현진베스트빌,4,7142857,522500000,73.2,2003,2026
서울,동작구,상도동,e편한세상상도노빌리티,94,23288100,1785000000,84.9,2018,2026
서울,동작구,상도동,강남(488),3,2240896,160000000,53.6,1972,2026
서울,동작구,상도동,건영,67,16890244,748000000,32.8,1997,2026
서울,동작구,상도동,경향렉스빌,18,10276298,830000000,73.1,2002,2026
서울,동작구,상도동,남현그린,1,6329114,490000000,77.4,2003,2025
서울,동작구,상도동,다온아파트,7,11389237,570000000,48.9,2017,2026
서울,동작구,상도동,대동아파트,2,7857098,470000000,59.8,2017,2026
서울,동작구,상도동,대림아파트,26,10174200,835000000,84.9,1995,2026
서울,동작구,상도동,대우유로카운티,10,9383153,1318750000,142.1,2003,2026
서울,동작구,상도동,동아,8,8063546,670000000,83.1,1995,2026
서울,동작구,상도동,동원베네스트,17,14887607,1265000000,85.0,2008,2026
서울,동작구,상도동,두산위브트레지움2차,62,17976391,1497500000,84.9,2016,2026
서울,동작구,상도동,래미안상도3차,142,16478343,1470000000,85.0,2004,2026
서울,동작구,상도동,롯데캐슬비엔,10,12252042,1095000000,85.0,2010,2026
서울,동작구,상도동,백촌빌라트,1,6303813,410000000,65.0,2003,2025
서울,동작구,상도동,삼성래미안2,54,15362522,1053500000,59.9,2003,2026
서울,동작구,상도동,삼익,1,10122411,860000000,85.0,1997,2025
서울,동작구,상도동,삼환나우빌(520-0),5,12960999,1100000000,84.9,2007,2026
서울,동작구,상도동,상도1차갑을명가,13,8726415,700000000,84.4,2006,2026
서울,동작구,상도동,상도2차갑을명가,9,8715760,730000000,84.3,2006,2026
서울,동작구,상도동,상도더샵2차,26,15620405,1325000000,85.0,2014,2026
서울,동작구,상도동,상도동래미안1차,32,16949352,1305000000,85.0,2004,2026
서울,동작구,상도동,상도동삼호아파트,58,10190929,1010000000,84.5,1994,2026
서울,동작구,상도동,상도두산위브,18,15774137,1360000000,84.9,2010,2026
서울,동작구,상도동,상도역롯데캐슬파크엘,117,22422235,1470000000,60.0,2021,2026
서울,동작구,상도동,상도타워A동,3,4906721,384000000,78.3,2005,2025
서울,동작구,상도동,상도타워B동,1,4404145,357000000,81.1,2005,2025
서울,동작구,상도동,상도파크자이,47,22385337,1740000000,84.9,2016,2026
서울,동작구,상도동,상도팰리스,3,9898657,840000000,84.9,2006,2026
서울,동작구,상도동,상도푸르지오클라베뉴,26,16953577,1391125000,84.6,2024,2026
서울,동작구,상도동,상도현대,21,12265573,740000000,59.7,2003,2026
서울,동작구,상도동,상도효성해링턴플레이스,29,17068743,1295000000,85.0,2016,2026
서울,동작구,상도동,상도휴엔하임,45,9829932,145000000,14.7,2016,2026
서울,동작구,상도동,상진아파트,1,9276124,988000000,106.5,2005,2025
서울,동작구,상도동,샤인,2,8740147,671000000,77.0,2007,2026
서울,동작구,상도동,성대아파트,1,13325697,1047000000,78.6,2004,2025
서울,동작구,상도동,성우2차아파트,1,7486979,575000000,76.8,1994,2025
서울,동작구,상도동,성우아파트,4,8426115,580000000,68.9,1993,2025
서울,동작구,상도동,세레노,1,6291636,510000000,81.1,2003,2025
서울,동작구,상도동,수정,2,8265321,850000000,104.3,2002,2026
서울,동작구,상도동,수정빌라트(56-45),1,6395120,325000000,50.8,2000,2026
서울,동작구,상도동,숭실골드,1,7105301,500000000,70.4,2001,2025
서울,동작구,상도동,쌍용스윗닷홈,33,15106247,1088000000,85.0,2003,2026
서울,동작구,상도동,씨티아모리움,11,9515016,133000000,14.2,2012,2026
서울,동작구,상도동,아이파크,47,13712335,1260000000,85.0,2004,2026
서울,동작구,상도동,약수맨션,4,8365930,1100000000,131.5,1980,2025
서울,동작구,상도동,원명,1,8051726,660000000,82.0,2004,2026
서울,동작구,상도동,원아파트,1,9440642,800000000,84.7,2006,2026
서울,동작구,상도동,이수브라운스톤상도(527-0),54,17590305,1344500000,84.8,2007,2026
서울,동작구,상도동,정호힐사이드,1,6460743,525000000,81.3,2000,2024
서울,동작구,상도동,종인아네스트,1,7661480,650000000,84.8,2011,2026
서울,동작구,상도동,종인아네스트(409-3),2,10422517,662500000,63.7,2010,2026
서울,동작구,상도동,중앙하이츠빌,71,13472443,1195000000,85.0,2003,2026
서울,동작구,상도동,청운아파트,2,5591572,345000000,61.7,1994,2026
서울,동작구,상도동,초원,2,5157029,471500000,91.5,2003,2026
서울,동작구,상도동,태양아파트,1,13070220,765000000,58.5,2004,2026
서울,동작구,상도동,파크뷰아파트,7,6294058,500000000,79.4,2009,2025
서울,동작구,상도동,포스코더샵,128,19753292,1470000000,85.0,2007,2026
서울,동작구,상도동,현대(관악),44,11947431,895000000,84.8,1992,2026
서울,동작구,상도동,현대201동,2,9342183,672500000,72.4,1995,2025
서울,동작구,상도동,힐스테이트 상도 센트럴파크,174,18821675,1612500000,84.6,2012,2026
서울,동작구,상도동,힐스테이트 상도 프레스티지,94,17516993,1637500000,85.0,2013,2026
서울,동작구,신대방동,경남교수,22,12632446,1196000000,84.9,2001,2026
서울,동작구,신대방동,골드타워,51,16398085,318500000,19.4,2025,2025
서울,동작구,신대방동,동작상떼빌,40,10425744,1075000000,85.0,2006,2026
서울,동작구,신대방동,동작협성휴포레시그니처,32,13531497,1150000000,85.0,2022,2026
서울,동작구,신대방동,롯데관악타워,6,8064137,1340000000,166.4,1996,2026
서울,동작구,신대방동,롯데낙천대,106,15534810,990000000,55.5,2003,2026
서울,동작구,신대방동,벽산,19,12215529,740000000,59.8,1997,2026
서울,동작구,신대방동,보라매e편한세상,34,14103623,1300000000,84.9,2010,2026
서울,동작구,신대방동,보라매나산스위트,2,5899503,1295000000,219.5,1996,2025
서울,동작구,신대방동,보라매삼성쉐르빌,15,10498688,1527000000,163.8,2003,2026
서울,동작구,신대방동,보라매아카데미타워,17,9864626,1030000000,115.5,1998,2026
서울,동작구,신대방동,보라매우성,9,10448522,730000000,58.9,1995,2026
서울,동작구,신대방동,보라매자이더포레스트,119,21108734,1330000000,59.9,2021,2026
서울,동작구,신대방동,보라매파크빌,41,13926590,1180000000,84.8,2002,2026
서울,동작구,신대방동,보라매현대,2,8208490,1325000000,161.4,1996,2026
서울,동작구,신대방동,삼성보라매옴니타워,8,7857179,1295000000,164.8,1997,2026
서울,동작구,신대방동,신대방,17,10067114,600000000,59.6,1995,2026
서울,동작구,신대방동,신대방경남,32,13392857,960000000,78.2,2003,2026
서울,동작구,신대방동,신동아,17,11579226,505000000,48.2,1993,2026
서울,동작구,신대방동,신동아파밀리에,8,12181192,1185000000,112.1,2005,2026
서울,동작구,신대방동,엘리스,1,5330213,410000000,76.9,2002,2026
서울,동작구,신대방동,우성1차,112,12572067,1285000000,85.0,1988,2026
서울,동작구,신대방동,우성2차,26,11686565,862500000,68.2,1995,2026
서울,동작구,신대방동,캐릭터그린빌,1,9715680,1155000000,118.9,2000,2025
서울,동작구,신대방동,펭귄,5,8169416,515000000,57.7,1978,2026
서울,동작구,신대방동,한성아파트,26,14217198,972500000,59.9,1995,2026
서울,동작구,신대방동,해태보라매타워,21,10677344,684000000,59.9,1996,2026
서울,동작구,신대방동,현대,78,11588034,980000000,84.6,1996,2026
서울,동작구,신대방동,현진에버빌,7,9714637,715000000,84.9,2003,2026
서울,동작구,흑석동,MARKHILLS,1,23319560,5700000000,244.4,2009,2024
서울,동작구,흑석동,롯데캐슬에듀포레,46,26431475,1805000000,59.9,2018,2026
서울,동작구,흑석동,명수대,2,22481462,1935000000,86.0,1976,2026
서울,동작구,흑석동,명수대현대,49,23154333,2300000000,84.3,1988,2026
서울,동작구,흑석동,아크로리버하임,99,30970909,2480000000,84.9,2019,2026
서울,동작구,흑석동,우리유앤미,35,14666001,1100000000,83.6,2003,2026
서울,동작구,흑석동,청호,25,13868003,830000000,59.8,1997,2026
서울,동작구,흑석동,한강현대,60,23196239,2150000000,83.5,1988,2026
서울,동작구,흑석동,해가든,13,14704514,1340000000,107.2,2010,2026
서울,동작구,흑석동,흑석동양아파트,62,16341517,1100000000,85.0,2003,2026
서울,동작구,흑석동,흑석리버파크자이,39,32965194,2200000000,60.0,2025,2026
서울,동작구,흑석동,흑석한강센트레빌,70,22388501,2020000000,84.9,2011,2026
서울,동작구,흑석동,흑석한강센트레빌Ⅱ,93,19659548,1700000000,85.0,2012,2026
서울,동작구,흑석동,흑석한강푸르지오,98,20851635,1950000000,85.0,2012,2026
서울,마포구,공덕동,공덕1삼성래미안,69,19660937,1563000000,84.9,1999,2026
서울,마포구,공덕동,공덕2삼성래미안,61,21177255,1578000000,84.9,2004,2026
서울,마포구,공덕동,공덕3삼성래미안,59,24095381,1770000000,60.0,2004,2026
서울,마포구,공덕동,공덕SK리더스뷰,28,24353616,2100000000,84.9,2021,2026
서울,마포구,공덕동,공덕더샵,19,22943822,1950000000,85.0,2018,2025
서울,마포구,공덕동,공덕파크자이,27,22353993,1900000000,85.0,2015,2026
서울,마포구,공덕동,공덕현대,37,14326069,1144000000,84.6,1989,2026
서울,마포구,공덕동,두영이지안,3,14506428,1230000000,84.8,2008,2025
서울,마포구,공덕동,래미안공덕4차,70,23013356,1490000000,59.9,2005,2026
서울,마포구,공덕동,래미안공덕5차,65,24766924,1790000000,60.0,2011,2026
서울,마포구,공덕동,로즈빌A,2,9147781,775000000,84.7,2004,2026
서울,마포구,공덕동,로즈빌B,1,10461285,889000000,85.0,2004,2025
서울,마포구,공덕동,롯데캐슬프레지던트,6,14410456,2762500000,191.5,2009,2025
서울,마포구,공덕동,마포공덕파크팰리스Ⅱ,3,11310618,1600000000,141.5,2005,2026
서울,마포구,공덕동,마포현대,45,16967126,1200000000,72.5,1988,2026
서울,마포구,공덕동,솔리스타,11,11266620,163000000,14.3,2018,2026
서울,마포구,공덕동,한화꿈에그린,27,17129940,1460000000,84.9,2004,2026
서울,마포구,구수동,영풍,1,12254902,1200000000,97.9,1997,2025
서울,마포구,노고산동,빌리브디에이블,1,20526179,788000000,38.4,2025,2026
서울,마포구,노고산동,신촌다올노블리움,2,13095876,188000000,14.4,2017,2026
서울,마포구,노고산동,신촌포스빌,19,8348794,270000000,32.3,2004,2026
서울,마포구,노고산동,현대벤처빌,30,8138793,275000000,34.6,2002,2026
서울,마포구,대흥동,대흥동세양,8,13120567,1287500000,84.6,2000,2025
서울,마포구,대흥동,대흥동태영아파트,134,21026936,1647500000,84.8,1999,2026
서울,마포구,대흥동,동양엔파트,5,16373553,1390000000,84.9,2007,2025
서울,마포구,대흥동,마포그랑자이,82,29106209,2155000000,60.0,2020,2026
서울,마포구,대흥동,마포그랑자이(2단지),18,26404125,1905000000,85.0,2020,2026
서울,마포구,대흥동,마포자이2차,32,24853935,2247500000,85.0,2014,2026
서울,마포구,대흥동,서희스타힐스,14,13968872,179500000,12.8,2014,2026
서울,마포구,대흥동,성신,1,10591527,795000000,75.1,2006,2025
서울,마포구,도화동,고려,5,12069578,1020000000,81.7,1984,2026
서울,마포구,도화동,도화동현대,107,16247025,1380000000,68.2,1996,2026
서울,마포구,도화동,도화현대,14,16456857,1170000000,59.4,1998,2026
서울,마포구,도화동,마포동원베네스트,30,19309463,1155000000,58.6,2010,2026
서울,마포구,도화동,마포아크로타워,6,15501824,1395000000,85.0,2007,2026
서울,마포구,도화동,마포트라팰리스,8,14240657,1185000000,84.0,2006,2025
서울,마포구,도화동,삼성,95,19062187,1740000000,85.0,1997,2026
서울,마포구,도화동,성지,10,8754748,755000000,84.2,1984,2026
서울,마포구,도화동,우성,148,16463592,1500000000,80.0,1991,2026
서울,마포구,도화동,정우상가맨션,23,11146943,1320000000,125.9,1983,2026
서울,마포구,도화동,한화오벨리스크,110,15066456,767500000,49.9,2004,2026
서울,마포구,도화동,현대홈타운,74,15097116,1300000000,85.0,2000,2026
서울,마포구,마포동,강변한신코아,8,12529138,975000000,77.2,1992,2026
서울,마포구,마포동,마포쌍용황금아파트,37,15673981,1230000000,59.9,2000,2026
서울,마포구,마포동,보성,15,14445755,890000000,59.4,1996,2026
서울,마포구,마포동,비체힐리버뷰,3,8172605,140000000,16.5,2012,2025
서울,마포구,망원동,강림스위트빌,5,9851915,805000000,81.7,2004,2025
서울,마포구,망원동,강변타운,4,10649565,905000000,85.0,2000,2026
서울,마포구,망원동,광남캐스빌A,1,9300083,675000000,72.6,2002,2024
서울,마포구,망원동,광남캐스빌B,1,9361835,600000000,64.1,2002,2025
서울,마포구,망원동,길명1차아파트,1,7948588,940000000,118.3,2004,2025
서울,마포구,망원동,노아아크빌,3,7815443,830000000,106.2,2004,2026
서울,마포구,망원동,뉴서울,1,7467491,580000000,77.7,2002,2025
서울,마포구,망원동,뉴성신아파트,2,12023876,710000000,59.0,2021,2025
서울,마포구,망원동,대림1,13,13418079,1135000000,85.0,2002,2026
서울,마포구,망원동,대림2,24,14162634,1130000000,84.7,2002,2026
서울,마포구,망원동,대상3,13,10482921,830000000,84.9,2000,2026
서울,마포구,망원동,대상4,2,12881441,772500000,60.0,2000,2026
서울,마포구,망원동,동보프리미아,2,10948905,690000000,63.0,2004,2026
서울,마포구,망원동,두영이지안,4,11264530,799000000,71.6,2004,2026
서울,마포구,망원동,리츠,1,12059646,647000000,53.6,2013,2026
서울,마포구,망원동,마포월드컵제이스카이,16,14615870,783500000,60.0,2021,2026
서울,마포구,망원동,마포한강아이파크,49,19508158,1515000000,84.6,2019,2026
서울,마포구,망원동,마포한강제이스카이,14,12686995,515000000,40.6,2019,2026
서울,마포구,망원동,망원동동원데쟈뷰,6,9502804,872500000,84.8,2008,2026
서울,마포구,망원동,목화,1,9743711,825000000,84.7,2003,2026
서울,마포구,망원동,미원1,6,10181417,600500000,59.0,1996,2026
서울,마포구,망원동,미원2,20,11140801,652500000,59.8,1997,2026
서울,마포구,망원동,삼성화원,1,12082635,1082000000,89.6,2002,2025
서울,마포구,망원동,삼우월드,2,8886396,752500000,84.7,2004,2026
서울,마포구,망원동,삼우하이뷰,1,8881200,770000000,86.7,2003,2026
서울,마포구,망원동,삼화아크빌(470-2),1,9095284,945000000,103.9,2005,2026
서울,마포구,망원동,상암마젤란21,5,10923656,900000000,82.4,2005,2026
서울,마포구,망원동,성신,13,9068323,438000000,48.3,1976,2026
서울,마포구,망원동,성원1,6,11363636,735000000,59.4,1998,2026
서울,마포구,망원동,성원2,12,11231701,674000000,59.4,1999,2026
서울,마포구,망원동,솔루체,5,12677616,699000000,57.9,2021,2026
서울,마포구,망원동,솔루체2차아파트,3,13662980,633000000,46.1,2022,2026
서울,마포구,망원동,스카이캐슬,2,12975030,600000000,46.6,2019,2026
서울,마포구,망원동,시티,1,10625483,688000000,64.8,2004,2025
서울,마포구,망원동,신부,1,8687837,725000000,83.4,2001,2026
서울,마포구,망원동,신부3차파스카,3,11094428,670000000,59.9,2002,2026
서울,마포구,망원동,신부파스카4차,6,9855826,834000000,84.6,2004,2026
서울,마포구,망원동,신부파스카5차,4,10755583,400000000,37.2,2013,2026
서울,마포구,망원동,영화블렌하임,9,9223889,980000000,107.3,2009,2026
서울,마포구,망원동,예지안파크뷰,6,9739484,815000000,83.7,2004,2025
서울,마포구,망원동,예향,1,8672924,730000000,84.2,2001,2026
서울,마포구,망원동,우림루미아트,2,11998383,858500000,72.2,2003,2026
서울,마포구,망원동,참존1차(419-3),1,10700698,675000000,63.1,2005,2024
서울,마포구,망원동,참존2차(102동),1,9052334,768000000,84.8,2005,2026
서울,마포구,망원동,천우,2,9840506,654000000,66.5,2002,2025
서울,마포구,망원동,탑건진선미,3,11771630,1000000000,85.0,2004,2026
서울,마포구,망원동,태경크레앙스(101동),1,11280526,910000000,80.7,2004,2026
서울,마포구,망원동,태청,6,9697699,725000000,75.0,2003,2025
서울,마포구,망원동,한강1차대주피오레,1,10078105,800000000,79.4,2003,2025
서울,마포구,망원동,한강2차대주피오레,5,12592680,1200000000,85.0,2003,2026
서울,마포구,망원동,한강그린1차아파트,4,8967928,590000000,63.1,2011,2026
서울,마포구,망원동,한강로얄스위트,1,7455100,880000000,118.0,2005,2025
서울,마포구,망원동,한강월드컵,1,9431724,795000000,84.3,2006,2026
서울,마포구,망원동,함성드림빌,2,9504780,719000000,76.0,2004,2025
서울,마포구,망원동,함성백합,2,9707221,576000000,61.6,2001,2026
서울,마포구,망원동,함성월드빌,6,11769616,741500000,59.9,2003,2026
서울,마포구,망원동,함성월드빌2차,1,10991609,930000000,84.6,2004,2026
서울,마포구,망원동,함성월드빌3차301동,1,11108207,850000000,76.5,2005,2026
서울,마포구,망원동,해오름,1,9540164,1000000000,104.8,2011,2025
서울,마포구,망원동,해오름2차,1,8724332,820000000,94.0,2007,2025
서울,마포구,망원동,현대리버빌,2,9820593,1155000000,117.6,2004,2025
서울,마포구,망원동,현진에버빌2,6,13508021,1130000000,83.7,2003,2026
서울,마포구,망원동,휴먼빌,24,14886165,898000000,60.0,2004,2026
서울,마포구,상수동,래미안밤섬리베뉴Ⅰ,38,21708436,1795000000,85.0,2014,2026
서울,마포구,상수동,래미안밤섬리베뉴Ⅱ,49,21902967,1985000000,84.9,2014,2026
서울,마포구,상수동,밤섬리버베르빌,1,14800452,2580000000,174.3,2004,2025
서울,마포구,상수동,상수동월드메르디앙,2,12248284,1750000000,143.0,2000,2025
서울,마포구,상수동,상수두산위브,21,17219012,1540000000,84.8,2004,2026
서울,마포구,상수동,신구강변연가,6,16181336,2465000000,152.3,2004,2026
서울,마포구,상암동,DMC상암센트럴파크1단지,26,13484866,1197500000,84.9,2009,2026
서울,마포구,상암동,DMC상암센트럴파크2단지,35,15808122,820000000,52.0,2009,2026
서울,마포구,상암동,상암월드컵파크10단지,25,12604547,1000000000,84.9,2010,2026
서울,마포구,상암동,상암월드컵파크11단지,9,11190953,950000000,84.9,2010,2026
서울,마포구,상암동,상암월드컵파크12단지,31,13728445,940000000,59.7,2010,2026
서울,마포구,상암동,상암월드컵파크2단지,83,17189586,1030000000,59.9,2003,2026
서울,마포구,상암동,상암월드컵파크3단지,46,13576380,1152500000,84.8,2003,2026
서울,마포구,상암동,상암월드컵파크4단지,57,16276872,1508000000,84.8,2006,2026
서울,마포구,상암동,상암월드컵파크5단지,39,15648990,1430000000,84.8,2005,2026
서울,마포구,상암동,상암월드컵파크6단지,37,15145706,1465000000,104.3,2005,2026
서울,마포구,상암동,상암월드컵파크7단지,49,14042955,1250000000,84.9,2005,2026
서울,마포구,상암동,상암월드컵파크9단지,32,12376376,1051500000,84.9,2010,2026
서울,마포구,상암동,예인하우스,2,7860764,582500000,74.1,2012,2026
서울,마포구,서교동,광남벨라스(1차),4,8562573,1045000000,125.2,2004,2026
서울,마포구,서교동,광남벨라스2차,2,7841193,1067500000,136.1,2005,2025
서울,마포구,서교동,기정MAY(247-28),1,8617066,1025000000,119.0,2004,2026
서울,마포구,서교동,대아,1,13914317,760000000,54.6,1997,2025
서울,마포구,서교동,대우미래사랑,51,9040537,310000000,34.3,2005,2026
서울,마포구,서교동,대운,1,10278271,868000000,84.4,2003,2025
서울,마포구,서교동,메세나폴리스,51,17824151,2500000000,142.0,2012,2026
서울,마포구,서교동,삼익플라주서교1,1,11605416,960000000,82.7,2007,2026
서울,마포구,서교동,서교푸르지오,14,11898581,1100000000,92.4,2004,2026
서울,마포구,서교동,센트레,1,8211432,668000000,81.4,2002,2026
서울,마포구,서교동,에덴지우,1,9556030,805000000,84.2,2011,2026
서울,마포구,서교동,엘림,1,8236017,670000000,81.4,2002,2025
서울,마포구,서교동,엠제이더퍼스트홍대,6,17327065,258000000,14.9,2018,2026
서울,마포구,서교동,함성참좋은,1,8687461,830000000,95.5,2004,2026
서울,마포구,성산동,골든빌(210-10),2,7768228,920000000,118.1,2003,2026
서울,마포구,성산동,그레이스,1,9632972,790000000,82.0,2002,2026
서울,마포구,성산동,대원,3,11559725,690000000,59.7,1999,2026
서울,마포구,성산동,라인성서,1,9062104,715000000,78.9,2005,2026
서울,마포구,성산동,만민하늘애,8,15015855,780000000,53.6,2023,2026
서울,마포구,성산동,벨로스,2,7969961,535000000,65.6,2006,2026
서울,마포구,성산동,삼호빌라트,2,7900072,662500000,83.9,2001,2025
서울,마포구,성산동,상인파크빌,3,9411250,785000000,91.4,2002,2026
서울,마포구,성산동,성사1차풍림아파트101동,25,10609858,670000000,59.8,2000,2026
서울,마포구,성산동,성산2차e-편한세상,17,11183049,941000000,85.0,2005,2026
서울,마포구,성산동,성산동성,10,11875000,730000000,60.0,1999,2026
서울,마포구,성산동,성산동자담이움아파트,3,10021221,850000000,84.8,2006,2026
서울,마포구,성산동,성산시영(대우),128,20567659,1029000000,50.0,1986,2026
서울,마포구,성산동,성산시영(선경),104,22655323,1145000000,50.5,1986,2026
서울,마포구,성산동,성산시영(유원),85,22211005,1320000000,59.4,1986,2026
서울,마포구,성산동,성산월드타운대림,66,12553224,1075000000,84.7,2004,2026
서울,마포구,성산동,성산힐아파트,2,8177853,623000000,76.3,2011,2025
서울,마포구,성산동,성일빌딩,5,8619529,440000000,50.8,2007,2025
서울,마포구,성산동,세원,6,8894271,532500000,59.9,1996,2026
서울,마포구,성산동,예림아너스,3,9021200,600000000,66.5,2006,2025
서울,마포구,성산동,월드컵아이파크(666-0),7,11662426,1100000000,94.3,2008,2025
서울,마포구,성산동,월드컵아이파크(667),46,15200708,1075000000,84.7,2009,2026
서울,마포구,성산동,유안,1,8237232,700000000,85.0,2002,2025
서울,마포구,성산동,한림101동,2,8911597,750000000,84.2,2004,2025
서울,마포구,성산동,한림201동,3,9175607,650000000,70.8,2004,2026
서울,마포구,성산동,해피존,1,8210200,689000000,83.9,2002,2024
서울,마포구,신공덕동,kcc웰츠,8,16658218,1830000000,112.9,2011,2025
서울,마포구,신공덕동,공덕아이파크,28,19262804,1574000000,85.0,2013,2026
서울,마포구,신공덕동,공덕프로포즈Ⅱ,6,8813161,150000000,15.5,2015,2026
서울,마포구,신공덕동,뉴마인,1,12313487,850000000,69.0,2008,2026
서울,마포구,신공덕동,대우메트로디오빌,15,11679835,350000000,34.4,2005,2026
서울,마포구,신공덕동,대우월드마크마포,15,16904428,1830000000,121.3,2011,2026
서울,마포구,신공덕동,브라운스톤공덕아파트,32,24628486,1692500000,59.9,2009,2026
서울,마포구,신공덕동,블레스하임,8,16636587,397500000,23.9,2019,2026
서울,마포구,신공덕동,신공덕1차삼성래미안1아파트,76,21059207,1605000000,84.9,2000,2026
서울,마포구,신공덕동,신공덕e편한세상,20,18587632,1207500000,59.6,2007,2026
서울,마포구,신공덕동,신공덕래미안2차,57,17231205,1300000000,59.5,2000,2026
서울,마포구,신공덕동,신공덕래미안3차,39,21017830,1450000000,60.0,2003,2026
서울,마포구,신공덕동,펜트라우스,52,16797001,1875000000,105.0,2011,2026
서울,마포구,신수동,(91-511),3,9454304,570000000,60.3,2011,2025
서울,마포구,신수동,경남아너스빌,6,14711074,1250000000,85.0,2005,2026
서울,마포구,신수동,대원칸타빌,26,14499733,1417500000,85.0,2004,2026
서울,마포구,신수동,마포경남아너스빌,23,15420836,1310000000,85.0,2007,2026
서울,마포구,신수동,마포아이파크포레,121,27363559,2080000000,84.9,2019,2026
서울,마포구,신수동,밤섬경남아너스빌,45,17255595,1465000000,84.8,2009,2026
서울,마포구,신수동,벽산솔렌스힐,13,13887957,1180000000,85.0,2007,2026
서울,마포구,신수동,세양청마루,16,14798050,980000000,57.4,2003,2026
서울,마포구,신수동,신수동르끌레브아파트,6,19756750,720000000,37.4,2023,2025
서울,마포구,신수동,신수동성원,26,14884538,1104500000,59.8,1998,2026
서울,마포구,신수동,신촌삼익,46,17376775,1111000000,59.8,1997,2026
서울,마포구,신수동,하나테크노빌,1,6400000,200000000,31.2,2002,2025
서울,마포구,신수동,현대,16,15118847,1280000000,84.5,1996,2026
서울,마포구,신수동,힐스테이트마포더퍼스트,2,19582802,1655000000,84.5,2026,2026
서울,마포구,신정동,서강GS,73,18339446,1315000000,60.0,1999,2026
서울,마포구,아현동,공덕자이,114,26003059,2115000000,85.0,2015,2026
서울,마포구,아현동,더클래시,174,29425614,1897500000,60.0,2022,2026
서울,마포구,아현동,마포래미안푸르지오1단지,64,28349587,1950000000,60.0,2014,2026
서울,마포구,아현동,마포래미안푸르지오2단지,85,28266206,2200000000,84.6,2014,2026
서울,마포구,아현동,마포래미안푸르지오3단지,74,25381119,2049500000,84.7,2014,2026
서울,마포구,아현동,마포래미안푸르지오4단지,131,27799272,2090000000,84.4,2014,2026
서울,마포구,아현동,마포센트럴 아이파크,40,22861871,1700000000,85.0,2017,2026
서울,마포구,아현동,마포트라팰리스2차,19,13258337,1350000000,99.6,2008,2025
서울,마포구,아현동,마포푸르지오더센트럴,32,19509972,756750000,38.8,2023,2026
서울,마포구,아현동,삼환나띠르빌,8,14016490,1190000000,84.9,2003,2026
서울,마포구,아현동,서서울삼성,25,13723642,960000000,84.9,1998,2026
서울,마포구,아현동,애오개아이파크,9,15994668,475000000,30.0,2016,2026
서울,마포구,아현동,예미원,13,11487482,720000000,66.2,1970,2026
서울,마포구,연남동,광남벨라스(VALLACE),1,7534338,565000000,75.0,2003,2024
서울,마포구,연남동,노블레스(249-12),1,8752961,850000000,97.1,2003,2026
서울,마포구,연남동,노블레스빌2,1,8822098,725000000,82.2,2002,2026
서울,마포구,연남동,노블레스빌3,1,8281573,800000000,96.6,2003,2024
서울,마포구,연남동,대명,15,13168861,830000000,60.0,1995,2026
서울,마포구,연남동,리츠,2,8991188,515000000,57.5,2012,2026
서울,마포구,연남동,새마을,5,10444178,435000000,41.6,1970,2025
서울,마포구,연남동,서암,1,10584377,710000000,67.1,2004,2026
서울,마포구,연남동,엘르빌,1,9973243,1230000000,123.3,2001,2024
서울,마포구,연남동,청기와,1,11728045,828000000,70.6,2000,2026
서울,마포구,연남동,코오롱,36,14646322,1140000000,84.9,2003,2026
서울,마포구,연남동,홍익하이빌,3,7535927,430000000,57.1,2004,2026
서울,마포구,연남동,휴먼,1,7539241,610000000,80.9,2003,2025
서울,마포구,염리동,마포자이,40,21352195,2325000000,113.8,2003,2026
서울,마포구,염리동,마포자이더센트리지(102동~112동),80,25850972,1842500000,84.9,2022,2026
서울,마포구,염리동,마포프레스티지자이,135,30609049,2200000000,59.9,2021,2026
서울,마포구,염리동,상록,58,16898175,945000000,58.7,1997,2026
서울,마포구,염리동,염리동세양청마루아파트101동,9,18484288,1245000000,70.3,2005,2026
서울,마포구,염리동,염리삼성래미안,66,19900494,1500000000,59.8,2001,2026
서울,마포구,염리동,우공,1,8871066,730000000,82.3,2004,2026
서울,마포구,염리동,우리파크아파트,2,12981744,256000000,19.7,2021,2026
서울,마포구,염리동,중앙하이츠,17,13123360,1090000000,83.8,1998,2026
서울,마포구,용강동,강변그린,2,11092437,660000000,59.5,1999,2026
서울,마포구,용강동,대림2차,17,19062205,1685000000,84.9,2004,2025
서울,마포구,용강동,대호강변,1,11415794,970000000,85.0,2010,2025
서울,마포구,용강동,두영,1,8062051,1055000000,130.9,2003,2025
서울,마포구,용강동,래미안마포리버웰,32,27861113,2465000000,85.0,2015,2026
서울,마포구,용강동,마포대림1,10,14137277,1864000000,131.8,2002,2026
서울,마포구,용강동,마포용강삼성래미안,45,23553926,1790000000,84.2,2003,2026
서울,마포구,용강동,이편한세상마포리버파크,33,29301012,2150000000,60.0,2016,2026
서울,마포구,중동,DMC마포청구아파트,37,11896349,1010000000,84.9,1994,2026
서울,마포구,중동,강림월드타운,5,8804109,600000000,68.2,2002,2026
서울,마포구,중동,건영월드컵,25,10429756,800000000,78.4,2002,2026
서울,마포구,중동,동원월드타운,14,10018131,760000000,72.6,2004,2026
서울,마포구,중동,마포중동현대,54,13234803,830000000,59.9,2001,2026
서울,마포구,중동,수풍,1,7136405,395000000,55.4,2009,2026
서울,마포구,중동,예원,1,9370557,725000000,77.4,2003,2025
서울,마포구,중동,울트라월드컵(참누리),45,14480708,1165000000,84.9,2006,2026
서울,마포구,중동,중동계룡아파트,22,11654846,857500000,84.6,2000,2026
서울,마포구,중동,현대,29,12006717,832500000,59.6,2000,2026
서울,마포구,창전동,대원파크빌,1,9121313,600000000,65.8,2004,2026
서울,마포구,창전동,마포웨스트리버태영데시앙,30,20097522,1602500000,84.4,2019,2026
서울,마포구,창전동,서강예가,48,19591001,1510000000,85.0,2007,2026
서울,마포구,창전동,서강오벨리스크스위트,21,14712806,1270000000,85.0,2007,2026
서울,마포구,창전동,신촌금호,32,13454974,1080000000,84.9,2001,2026
서울,마포구,창전동,신촌태영데시앙,53,15122985,1285000000,85.0,2003,2026
서울,마포구,창전동,중앙하이츠101동,5,10110612,585000000,57.9,2007,2026
서울,마포구,창전동,중앙하이츠103동,1,10197027,590000000,57.9,2007,2026
서울,마포구,창전동,중앙하이츠104동,6,10774303,506500000,47.0,2007,2026
서울,마포구,창전동,창전동현대홈타운,27,17180917,1300000000,85.0,2005,2026
서울,마포구,창전동,창전래미안,55,15188979,1270000000,84.9,1998,2026
서울,마포구,창전동,창전쌍용스윗닷홈,7,15686182,1330000000,85.0,2005,2026
서울,마포구,창전동,해모로,47,18246869,1505000000,83.8,2007,2026
서울,마포구,토정동,한강삼성,49,20247657,1360000000,59.8,1997,2026
서울,마포구,하중동,한강밤섬자이,32,19084115,2385000000,135.3,2010,2026
서울,마포구,합정동,KCC엠파이어리버,9,12169346,1900000000,156.1,2006,2026
서울,마포구,합정동,그레이스,1,9281939,720000000,77.6,2003,2025
서울,마포구,합정동,그레이스3차,1,11901368,835000000,70.2,2005,2025
서울,마포구,합정동,대운행복,1,10043263,650000000,64.7,2004,2024
서울,마포구,합정동,두영이지안,2,13896439,1022500000,73.6,2005,2025
서울,마포구,합정동,두영이지안101동,1,12902086,1095000000,84.9,2007,2025
서울,마포구,합정동,두영이지안102동,1,12370988,1050000000,84.9,2007,2026
서울,마포구,합정동,마포한강2차푸르지오,24,22312210,1900000000,83.4,2016,2026
서울,마포구,합정동,마포한강푸르지오,11,22388941,2060000000,120.0,2015,2026
서울,마포구,합정동,삼성강변,1,11241273,950000000,84.5,1998,2025
서울,마포구,합정동,에덴지우,1,7278020,800000000,109.9,2006,2025
서울,마포구,합정동,일신건영휴먼빌아파트,3,12387919,1050000000,83.8,2005,2026
서울,마포구,합정동,장미(466-0),2,10470468,819000000,78.2,2000,2026
서울,마포구,합정동,펠리스아트빌,4,11338184,1070000000,99.6,2003,2026
서울,마포구,합정동,한강동원아파트,2,13188884,1120000000,84.9,2003,2026
서울,마포구,합정동,한국프라우드,4,14445476,1227500000,85.0,2005,2026
서울,마포구,합정동,합정한강아파트,8,13873052,730000000,52.6,2017,2026
서울,마포구,합정동,현대하이츠,1,13817716,755000000,54.6,2004,2025
서울,마포구,현석동,강변힐스테이트,57,20408163,1540000000,84.8,2004,2026
서울,마포구,현석동,래미안웰스트림,74,24924950,1955000000,85.0,2016,2026
서울,마포구,현석동,반도유보라아일랜드,4,21657810,2740000000,131.6,2008,2026
서울,마포구,현석동,밤섬예가클래식,10,20464860,1749950000,85.5,1989,2026
서울,마포구,현석동,밤섬힐스테이트,24,21506734,1350000000,59.4,1999,2026
서울,서대문구,남가좌동,DMC금호리첸시아,56,16766659,1277500000,79.7,2024,2026
서울,서대문구,남가좌동,DMC래미안클라시스,134,13257258,910000000,60.0,2000,2026
서울,서대문구,남가좌동,DMC센트럴아이파크,112,15563403,1247500000,85.0,2018,2026
서울,서대문구,남가좌동,DMC센트레빌,54,14802948,1072500000,72.4,2009,2026
서울,서대문구,남가좌동,DMC에코자이,120,17871040,1210000000,59.8,2019,2026
서울,서대문구,남가좌동,DMC파크뷰자이1단지,222,16417366,1405000000,85.0,2015,2026
서울,서대문구,남가좌동,DMC파크뷰자이2단지,96,16359100,1323500000,85.0,2015,2026
서울,서대문구,남가좌동,DMC파크뷰자이3단지,33,17788967,1215000000,60.0,2015,2026
서울,서대문구,남가좌동,DMC파크뷰자이4단지,15,15770643,1300000000,85.0,2015,2026
서울,서대문구,남가좌동,DMC파크뷰자이5단지,6,19422817,1165000000,60.0,2015,2026
서울,서대문구,남가좌동,남가좌동현대,148,12407407,848000000,59.4,1999,2026
서울,서대문구,남가좌동,디엠씨엘가,32,11010700,330000000,30.4,2017,2026
서울,서대문구,남가좌동,래미안남가좌2차,65,15741811,1075000000,59.8,2005,2026
서울,서대문구,남가좌동,래미안루센티아,69,16973126,1320000000,84.8,2020,2026
서울,서대문구,남가좌동,백련미라보,2,6621055,387500000,58.5,1992,2026
서울,서대문구,남가좌동,쌍용스윗닷홈,13,10590727,930000000,85.0,2005,2026
서울,서대문구,남가좌동,창덕에버빌,12,7694753,690000000,99.3,1998,2026
서울,서대문구,냉천동,돈의문센트레빌,56,18406104,1477500000,85.0,2011,2026
서울,서대문구,냉천동,동부센트레빌,36,12195122,873500000,59.9,2002,2026
서울,서대문구,대현동,신촌럭키,128,13484087,1007500000,83.4,1999,2026
서울,서대문구,대현동,신촌자이엘라,9,12200633,279000000,22.1,2014,2026
서울,서대문구,대현동,예스에이피엠,7,9039256,350000000,38.7,2007,2026
서울,서대문구,대현동,이대경우타운,3,10313531,131000000,12.6,2018,2026
서울,서대문구,대현동,파라타워,5,15134245,239000000,15.8,2020,2026
서울,서대문구,대현동,혜우,4,6548115,744000000,114.1,1996,2026
서울,서대문구,북가좌동,DMC두산위브,27,10357438,880000000,85.0,2007,2026
서울,서대문구,북가좌동,DMC래미안e편한세상,301,15303119,1310000000,85.0,2012,2026
서울,서대문구,북가좌동,DMC서부인터빌,9,8504607,715000000,84.7,2008,2026
서울,서대문구,북가좌동,DMC아이파크,24,12183637,1040000000,84.9,2009,2026
서울,서대문구,북가좌동,DMC이랜드해가든,9,10952774,930000000,84.9,2007,2026
서울,서대문구,북가좌동,DMC한양,78,10464841,865000000,84.3,1987,2026
서울,서대문구,북가좌동,DMC현대아파트,28,9998331,680000000,65.9,2000,2026
서울,서대문구,북가좌동,DMC휴먼빌아파트,9,9059889,850000000,85.0,2008,2026
서울,서대문구,북가좌동,대경아르체,8,10722465,344000000,31.0,2018,2026
서울,서대문구,북가좌동,동도하이츠비동,3,6740117,560000000,84.0,2004,2026
서울,서대문구,북가좌동,동도하이츠에이동,1,7014277,565000000,80.6,2004,2026
서울,서대문구,북가좌동,동림아파트,2,4629717,300000000,64.4,2002,2025
서울,서대문구,북가좌동,명진,2,4994451,405000000,81.1,2001,2025
서울,서대문구,북가좌동,북가좌삼호,66,9932600,850000000,84.6,1996,2026
서울,서대문구,북가좌동,세라,1,6010607,510000000,84.8,2002,2025
서울,서대문구,북가좌동,신일해피트리,16,9619911,787500000,85.0,2005,2026
서울,서대문구,북가좌동,요진,10,8101852,630000000,82.1,1998,2026
서울,서대문구,북가좌동,우공팰리스,1,12437811,1050000000,84.4,2007,2026
서울,서대문구,북가좌동,월드컵현대,25,12299197,825000000,59.8,1998,2026
서울,서대문구,북가좌동,주은스카이빌,2,4231967,842500000,199.1,2000,2026
서울,서대문구,북가좌동,충우팰리스2,1,7101432,600000000,84.5,2004,2026
서울,서대문구,북가좌동,한솔,4,5547753,434500000,78.3,2002,2026
서울,서대문구,북가좌동,한울뉴타운,1,7698541,570000000,74.0,2004,2025
서울,서대문구,북아현동,e편한세상신촌1단지,82,23563990,1717500000,84.9,2018,2026
서울,서대문구,북아현동,e편한세상신촌2단지,55,22475877,1800000000,85.0,2018,2026
서울,서대문구,북아현동,e편한세상신촌3단지,38,25304319,1740000000,60.0,2018,2026
서울,서대문구,북아현동,e편한세상신촌4단지,44,24050931,1910000000,84.8,2018,2026
서울,서대문구,북아현동,건일팰리스,3,7097232,600000000,84.5,2004,2025
서울,서대문구,북아현동,경남(2차),1,13831259,1700000000,122.9,1999,2025
서울,서대문구,북아현동,경남102동,2,15073951,1150000000,78.2,2008,2026
서울,서대문구,북아현동,그린빌,6,13506956,1224000000,97.0,2003,2026
서울,서대문구,북아현동,늘푸른,2,22135319,1415000000,65.9,2004,2026
서울,서대문구,북아현동,대성,1,8024072,640000000,79.8,2004,2025
서울,서대문구,북아현동,두산,147,15593729,935000000,60.0,1999,2026
서울,서대문구,북아현동,문영센스빌,1,13997494,1117000000,79.8,2002,2025
서울,서대문구,북아현동,북아현1차,1,8991009,900000000,100.1,2001,2025
서울,서대문구,북아현동,북아현2차,1,7062835,580000000,82.1,2001,2024
서울,서대문구,북아현동,북아현경남,5,21316688,1466500000,84.8,1996,2026
서울,서대문구,북아현동,북아현맨션,10,17951736,1525000000,85.0,1975,2026
서울,서대문구,북아현동,성우아파트,4,14958479,1265000000,84.4,2005,2025
서울,서대문구,북아현동,신촌푸르지오,99,19951222,1620000000,85.0,2015,2026
서울,서대문구,북아현동,신촌헤리센트,69,15720697,464520000,29.9,2022,2026
서울,서대문구,북아현동,우민A,4,13171292,1063500000,81.0,2001,2026
서울,서대문구,북아현동,우민B,4,14802881,1210000000,83.1,2001,2025
서울,서대문구,북아현동,조은1차,1,13033175,1100000000,84.4,2004,2025
서울,서대문구,북아현동,화신,7,12016439,1200000000,107.6,2004,2026
서울,서대문구,북아현동,힐스테이트신촌,112,22225787,1537500000,59.8,2023,2026
서울,서대문구,연희동,대림,12,8378570,762500000,84.7,1993,2026
서울,서대문구,연희동,대우푸르지오,68,13501397,973500000,59.8,2002,2026
서울,서대문구,연희동,동도아카데미하우스2차,2,7873098,1565000000,199.3,2000,2026
서울,서대문구,연희동,드리밍아파트,2,7290342,585000000,80.2,2006,2026
서울,서대문구,연희동,리베르떼-빌(LibertVille),3,7611188,1660000000,218.1,2002,2026
서울,서대문구,연희동,삼우장미,2,7822509,435000000,55.8,2009,2026
서울,서대문구,연희동,선명(101동),2,7443325,477500000,64.2,2005,2026
서울,서대문구,연희동,선명(102동),4,7308620,485000000,66.4,2004,2026
서울,서대문구,연희동,성원,58,10581582,850000000,85.0,2001,2026
서울,서대문구,연희동,성원쌍떼빌팰리스,6,9880502,1463500000,148.1,2005,2026
서울,서대문구,연희동,시민,6,2892653,182500000,57.7,1978,2026
서울,서대문구,연희동,신원,3,5234356,440000000,84.1,2002,2026
서울,서대문구,연희동,싸이,2,7402062,538500000,72.8,2005,2025
서울,서대문구,연희동,에코빌리지,2,7742795,533500000,69.1,2009,2025
서울,서대문구,연희동,연우,1,5779825,640000000,110.7,2004,2025
서울,서대문구,연희동,연화,3,6902853,680000000,98.5,1975,2026
서울,서대문구,연희동,연희궁,3,4365267,185000000,42.4,1972,2026
서울,서대문구,연희동,연희에스엠,1,7934176,540000000,68.1,2011,2026
서울,서대문구,연희동,연희웨스트팰리스,5,9756098,132000000,13.1,2014,2025
서울,서대문구,연희동,연희자이엘라,11,11581879,159000000,13.6,2014,2026
서울,서대문구,연희동,연희파크푸르지오,47,13915045,1030000000,84.6,2018,2026
서울,서대문구,연희동,우국한마음,1,7484677,635000000,84.8,2005,2024
서울,서대문구,연희동,우민,2,5591631,310000000,55.4,2004,2025
서울,서대문구,연희동,은하,1,5343819,265000000,49.6,1971,2026
서울,서대문구,연희동,일진아이윌,1,10782717,695000000,64.5,2005,2025
서울,서대문구,연희동,임광,27,12174783,750000000,60.0,1999,2026
서울,서대문구,연희동,제니스APT,3,8100885,485000000,59.9,2016,2026
서울,서대문구,연희동,제이아델리아,1,6215880,1150000000,185.0,2003,2026
서울,서대문구,연희동,충우,3,6482282,600000000,92.6,2003,2025
서울,서대문구,연희동,충우하이빌,1,3793627,400000000,105.4,2003,2025
서울,서대문구,연희동,한인트윈빌,2,7001891,592500000,84.6,2002,2026
서울,서대문구,연희동,홍연,14,7447827,389000000,52.2,1981,2026
서울,서대문구,연희동,홍연(723-9),7,9573042,500000000,52.2,1981,2026
서울,서대문구,연희동,흥연,4,9190121,480000000,52.2,1981,2026
서울,서대문구,영천동,독립문삼호,101,12679877,1120000000,84.8,1995,2026
서울,서대문구,창천동,(72-31),64,15164034,264420000,17.3,2023,2024
서울,서대문구,창천동,3RU-City,17,9994183,172000000,17.2,2013,2026
서울,서대문구,창천동,건우그린,1,7400157,567000000,76.6,2003,2026
서울,서대문구,창천동,노블레스,2,8051946,594000000,74.0,2004,2026
서울,서대문구,창천동,씨밀레,1,7803993,645000000,82.6,2004,2026
서울,서대문구,창천동,엘르빌,4,8828778,940000000,106.5,2001,2026
서울,서대문구,창천동,연대JK,2,7577232,202000000,26.6,2012,2024
서울,서대문구,창천동,하이펠리스,2,7575758,750000000,99.0,2004,2025
서울,서대문구,천연동,반석블레스포레,4,12298458,1045000000,85.0,2024,2025
서울,서대문구,천연동,천연뜨란채,149,15403254,859000000,56.0,2006,2026
서울,서대문구,충정로2가,로얄패밀리아파트B동,2,8184583,672500000,82.1,2004,2026
서울,서대문구,충정로2가,현대,2,10478900,880000000,84.0,1992,2026
서울,서대문구,충정로3가,글로리,2,9948798,1211750000,121.9,2001,2025
서울,서대문구,충정로3가,미동,5,7619048,450000000,57.8,1969,2026
서울,서대문구,충정로3가,새롬,1,13278446,1258000000,94.7,2003,2025
서울,서대문구,충정로3가,우리유앤미,8,12982415,1100000000,84.7,2008,2026
서울,서대문구,충정로3가,충림예하임,3,10047281,850000000,84.6,2010,2026
서울,서대문구,충정로3가,충정리시온,20,12013822,535000000,44.9,2004,2026
서울,서대문구,충정로3가,충정솔레디움(101동),5,13955511,1123000000,83.1,2005,2025
서울,서대문구,충정로3가,충정솔레디움(102동),2,12720660,1039500000,81.8,2005,2025
서울,서대문구,충정로3가,피어리스,6,8707265,733500000,84.2,1987,2026
서울,서대문구,충정로3가,행복한,1,25031320,999000000,39.9,2006,2025
서울,서대문구,합동,사랑채,1,6978275,530000000,76.0,2003,2026
서울,서대문구,합동,에스케이뷰,9,15369395,1305000000,84.9,2008,2026
서울,서대문구,현저동,독립문극동(200-0),141,14964063,1160000000,84.9,1998,2026
서울,서대문구,현저동,독립문파크빌,44,11094276,659000000,59.4,2000,2026
서울,서대문구,홍은동,Elleville,1,5041810,820000000,162.6,2000,2026
서울,서대문구,홍은동,HDX휴팰리스,9,10786218,637500000,59.1,2018,2026
서울,서대문구,홍은동,e편한세상서대문,58,16336465,1015000000,60.0,2023,2026
서울,서대문구,홍은동,교수(B),1,4169572,299000000,71.7,2006,2025
서울,서대문구,홍은동,그랜드(B동),1,3967168,232000000,58.5,2003,2024
서울,서대문구,홍은동,극동,41,6300047,535000000,84.9,1995,2026
서울,서대문구,홍은동,나영힐빌리지,1,4667704,630000000,135.0,2004,2026
서울,서대문구,홍은동,넥서스빌,2,6021704,1197500000,199.0,2002,2026
서울,서대문구,홍은동,동아빌라(188-72),2,5154014,850000000,164.9,1992,2026
서울,서대문구,홍은동,동원베네스트,13,8884736,745000000,85.0,2012,2026
서울,서대문구,홍은동,동일,8,7506201,555000000,85.0,1997,2026
서울,서대문구,홍은동,동평늘푸른,1,5321665,450000000,84.6,2005,2025
서울,서대문구,홍은동,두산,35,8580858,675000000,84.8,1997,2026
서울,서대문구,홍은동,로하스,4,6919608,468500000,64.7,2010,2026
서울,서대문구,홍은동,명가,1,5880881,470000000,79.9,2009,2026
서울,서대문구,홍은동,미든푸르지,1,5294741,450000000,85.0,2006,2025
서울,서대문구,홍은동,반석블레스,8,9982420,692000000,72.4,2013,2026
서울,서대문구,홍은동,베벌리힐즈,1,6542293,1550000000,236.9,2006,2025
서울,서대문구,홍은동,부림베스트빌,1,4741604,272500000,57.5,2001,2025
서울,서대문구,홍은동,북한산더샵,65,14478083,1190000000,84.8,2017,2026
서울,서대문구,홍은동,북한산두산위브,61,11885149,895000000,84.8,2020,2026
서울,서대문구,홍은동,북한산두산위브2차,39,12836799,767000000,59.8,2021,2026
서울,서대문구,홍은동,북한산삼부르네상스101동,2,7337145,672500000,91.4,2024,2026
서울,서대문구,홍은동,북한산삼부르네상스102동103동104동,1,7928243,670000000,84.5,2024,2025
서울,서대문구,홍은동,북한산삼부르네상스202동203동204동,1,6059958,510000000,84.2,2024,2024
서울,서대문구,홍은동,북한산삼부르네상스205동206동207동,1,8614646,725000000,84.2,2024,2026
서울,서대문구,홍은동,북한산삼부르네상스301동302동303동,5,8054868,680000000,84.2,2024,2025
서울,서대문구,홍은동,북한산삼부르네상스304동305동,1,8436412,710000000,84.2,2024,2026
서울,서대문구,홍은동,서강1차(1동),7,6081364,435000000,71.5,1988,2026
서울,서대문구,홍은동,서강2차(2동),6,4853428,530000000,95.2,1989,2026
서울,서대문구,홍은동,서강주상복합,2,5674891,790000000,143.6,1998,2026
서울,서대문구,홍은동,서대문노블루체,5,9631923,295000000,29.1,2018,2026
서울,서대문구,홍은동,서대문센트럴아이파크,2,13127188,787500000,60.0,2025,2026
서울,서대문구,홍은동,성우,1,6119087,520000000,85.0,2004,2026
서울,서대문구,홍은동,세윤외인빌리지,1,4534960,1100000000,242.6,2001,2026
서울,서대문구,홍은동,세한숲속마을,8,5946848,499000000,83.9,2002,2026
서울,서대문구,홍은동,신원지벤스타1,1,6342016,840000000,132.4,2005,2026
서울,서대문구,홍은동,신원지벤스타6,1,6011873,800000000,133.1,2005,2025
서울,서대문구,홍은동,유림그랑블,2,4730750,470000000,99.4,2003,2026
서울,서대문구,홍은동,유원,27,7905384,500000000,64.3,1987,2026
서울,서대문구,홍은동,장성미모아,2,5495738,442500000,80.5,2006,2025
서울,서대문구,홍은동,제이씨라디앙,1,4833450,830000000,171.7,2005,2025
서울,서대문구,홍은동,진흥,8,8279928,690000000,78.0,2002,2026
서울,서대문구,홍은동,초원,2,5582623,275000000,49.3,1988,2026
서울,서대문구,홍은동,풍림1차,23,7949126,480000000,56.6,1988,2026
서울,서대문구,홍은동,풍림2,51,9829060,600000000,58.5,1990,2026
서울,서대문구,홍은동,"현대(1,2차)",62,10171753,694000000,60.0,1988,2026
서울,서대문구,홍은동,현대하이츠,1,8208595,510000000,62.1,2004,2026
서울,서대문구,홍은동,홍은동벽산,126,8709981,718500000,84.8,1997,2026
서울,서대문구,홍은동,홍은동아더프라임,8,10563921,647500000,59.9,2014,2026
서울,서대문구,홍은동,홍은동풍림아이원,13,8007725,690000000,84.9,2002,2026
서울,서대문구,홍은동,홍은미성,25,6099749,544000000,83.6,1985,2026
서울,서대문구,홍은동,홍은센트레빌,29,11674450,790000000,60.0,2009,2026
서울,서대문구,홍은동,힐스테이트홍은포레스트,66,15040107,1000000000,72.8,2023,2026
서울,서대문구,홍제동,경일,1,4789272,350000000,73.1,2004,2024
서울,서대문구,홍제동,고은,10,7842365,480725000,62.5,1975,2026
서울,서대문구,홍제동,광산,4,6488547,420500000,63.7,1973,2026
서울,서대문구,홍제동,그레이스(B동),1,8243728,690000000,83.7,2005,2025
서울,서대문구,홍제동,금호어울림,38,10736323,897500000,84.8,2016,2026
서울,서대문구,홍제동,남양,19,8842176,720000000,83.1,1999,2026
서울,서대문구,홍제동,동양드림,2,7510714,617500000,82.2,2005,2026
서울,서대문구,홍제동,마체스터,1,9419522,800000000,84.9,2008,2026
서울,서대문구,홍제동,무악재한화,10,11429704,1090000000,84.3,2001,2026
서울,서대문구,홍제동,문화촌현대,101,10510511,740000000,59.9,2002,2026
서울,서대문구,홍제동,서대문푸르지오센트럴파크,114,21129536,1295000000,59.9,2023,2026
서울,서대문구,홍제동,서울맨션,2,7957675,417500000,52.4,1972,2026
서울,서대문구,홍제동,성원,28,10781500,574500000,55.4,1998,2026
서울,서대문구,홍제동,송도그린빌A동,4,6208644,380000000,61.2,2003,2025
서울,서대문구,홍제동,송도그린빌B동,1,5076142,400000000,78.8,2003,2026
서울,서대문구,홍제동,아름채,1,6989386,540000000,77.3,2004,2026
서울,서대문구,홍제동,안산맨숀,7,9469946,620000000,57.9,1972,2026
서울,서대문구,홍제동,에이원,2,10793745,632500000,58.6,2015,2025
서울,서대문구,홍제동,원일,2,5615110,410000000,72.4,1970,2025
서울,서대문구,홍제동,유원하나,64,7948576,580000000,72.3,1996,2026
서울,서대문구,홍제동,인왕,8,11577750,665315000,56.8,1968,2026
서울,서대문구,홍제동,인왕궁맨숀,11,9662465,538000000,54.0,1974,2025
서울,서대문구,홍제동,인왕드림빌,1,4983488,498000000,99.9,2004,2025
서울,서대문구,홍제동,인왕산벽산,20,9423372,770000000,84.6,2003,2026
서울,서대문구,홍제동,인왕산어울림,10,9063057,1115000000,120.1,2006,2026
서울,서대문구,홍제동,인왕산한신휴플러스,11,10833088,1020000000,84.9,2009,2026
서울,서대문구,홍제동,인왕산현대,90,11569927,940000000,84.9,2000,2026
서울,서대문구,홍제동,제니스,3,10386373,580000000,60.3,2017,2025
서울,서대문구,홍제동,제니스뷰아파트,7,9691314,680000000,69.6,2022,2025
서울,서대문구,홍제동,제일아파트,5,9213029,775000000,84.1,2015,2026
서울,서대문구,홍제동,조한,1,7299270,620000000,84.9,2000,2024
서울,서대문구,홍제동,중앙하이츠,10,8688653,570000000,72.0,2001,2026
서울,서대문구,홍제동,청구1차,80,10940080,927500000,84.8,1994,2026
서울,서대문구,홍제동,청구2차,22,11813349,820000000,59.9,1997,2026
서울,서대문구,홍제동,청구3차,29,10593220,810000000,85.0,2001,2026
서울,서대문구,홍제동,초원드림빌,1,8417508,600000000,71.3,2000,2026
서울,서대문구,홍제동,태영으뜸(데시앙),12,9770512,513500000,56.1,1998,2026
서울,서대문구,홍제동,파크힐,5,6362559,537000000,84.4,2004,2026
서울,서대문구,홍제동,현대그린,31,8121469,690000000,85.0,1996,2026
서울,서대문구,홍제동,홍일,5,5595886,365000000,65.2,1969,2026
서울,서대문구,홍제동,홍제비콘드림힐,12,9256983,651500000,74.6,2006,2026
서울,서대문구,홍제동,홍제삼성래미안,86,12166667,750000000,60.0,2001,2026
서울,서대문구,홍제동,홍제센트럴IPARK,104,15656878,1277500000,85.0,2020,2026
서울,서대문구,홍제동,홍제에스피엘,27,6110729,504000000,84.3,2023,2026
서울,서대문구,홍제동,홍제역해링턴플레이스,138,17647405,1342500000,85.0,2024,2026
서울,서대문구,홍제동,홍제원그린뷰아파트,2,4917734,810000000,164.7,2003,2026
서울,서대문구,홍제동,홍제원현대(459-0),119,12147505,930000000,84.9,2000,2026
서울,서대문구,홍제동,홍제한양,114,11821512,775000000,60.1,1993,2026
서울,서대문구,홍제동,홍제현대,71,11111111,955000000,83.0,1992,2026
서울,서대문구,홍제동,힐탑,1,10003671,545000000,54.5,2003,2026
서울,서초구,내곡동,서초더샵포레,86,18200533,1682500000,84.8,2014,2026
서울,서초구,내곡동,서초포레스타2단지,20,21149873,1540000000,84.5,2015,2026
서울,서초구,반포동,APELBAUM,1,13706958,2480000000,180.9,2005,2026
서울,서초구,반포동,골드넷멤버스빌리지,2,13084395,1525000000,113.4,2004,2026
서울,서초구,반포동,궁전,11,20093999,2940000000,146.6,1984,2025
서울,서초구,반포동,그랑빌,1,12440086,3400000000,273.3,2001,2025
서울,서초구,반포동,그랜드빌(100-8),1,8534370,2020000000,236.7,2004,2026
서울,서초구,반포동,금정노블,1,15281959,1523000000,99.7,2002,2026
서울,서초구,반포동,대성유니드,2,20703200,2275000000,111.0,2004,2025
서울,서초구,반포동,더샵반포리버파크,2,30825736,1540000000,50.0,2022,2026
서울,서초구,반포동,덕동반포빌라트,3,11586325,1620000000,128.2,2005,2026
서울,서초구,반포동,디에이치반포라클라스,47,50997091,3650000000,60.0,2021,2026
서울,서초구,반포동,라인,3,20968312,1780000000,84.9,1995,2025
서울,서초구,반포동,래미안원베일리,126,67377175,5900000000,85.0,2023,2026
서울,서초구,반포동,래미안원펜타스,9,53755219,7100000000,107.9,2024,2026
서울,서초구,반포동,래미안퍼스티지,133,50512187,5150000000,84.9,2009,2026
서울,서초구,반포동,몽마르뜨빌(577-3),1,13186514,970000000,73.6,2002,2026
서울,서초구,반포동,반포2차ApelBaum,4,15795616,3750000000,243.5,2007,2026
서울,서초구,반포동,반포대우멤버스카운티,1,13276578,1310000000,98.7,2003,2025
서울,서초구,반포동,반포동피카소빌,1,14613236,2250000000,154.0,2004,2025
서울,서초구,반포동,반포두산힐스빌,13,23679727,1200000000,47.7,2001,2026
서울,서초구,반포동,반포래미안아이파크,34,41246563,4620000000,99.9,2018,2026
서울,서초구,반포동,반포루이캐슬,1,11787819,1800000000,152.7,2006,2025
서울,서초구,반포동,반포리체,73,47672228,3650000000,85.0,2010,2026
서울,서초구,반포동,반포미도,53,35310734,3000000000,85.0,1987,2026
서울,서초구,반포동,반포미도2차아파트,22,40565114,2775000000,71.5,1989,2026
서울,서초구,반포동,반포샤인힐4차,3,10144849,1870000000,184.3,2003,2026
서울,서초구,반포동,반포서래빌,1,8081200,1250000000,154.7,2003,2026
서울,서초구,반포동,반포서래월드메르디앙스칼라아파트B동,1,14462138,1780000000,123.1,2005,2025
서울,서초구,반포동,반포센트레빌아스테리움,7,37553419,3080000000,82.0,2021,2025
서울,서초구,반포동,반포써밋,41,40148834,3400000000,84.7,2018,2026
서울,서초구,반포동,반포쎄레노아파트,2,11719921,900000000,76.8,2002,2026
서울,서초구,반포동,반포에스케이뷰,2,16715549,3565000000,213.3,2006,2026
서울,서초구,반포동,반포이안애1차,1,13077063,2150000000,164.4,2003,2026
서울,서초구,반포동,반포자이,164,46893340,4850000000,85.0,2009,2026
서울,서초구,반포동,반포푸르지오,27,32882657,2500000000,84.8,2000,2026
서울,서초구,반포동,반포훼미리(101동),9,17118402,1460000000,108.5,2002,2026
서울,서초구,반포동,반포훼미리(102동),5,18363940,1490000000,71.9,2003,2026
서울,서초구,반포동,반포훼미리(103동),1,19980411,2040000000,102.1,2003,2026
서울,서초구,반포동,반포힐스테이트,24,48947235,4150000000,84.8,2012,2026
서울,서초구,반포동,보아스힐(701-4),1,16806723,1060000000,63.1,2006,2026
서울,서초구,반포동,산호아파트,1,13276919,910000000,68.5,2001,2026
서울,서초구,반포동,삼광,2,9082652,800000000,88.1,2003,2025
서울,서초구,반포동,삼성에이스빌,2,16806069,1425000000,84.8,2002,2026
서울,서초구,반포동,삼호가든맨션(5차),6,29800858,4235000000,142.1,1986,2026
서울,서초구,반포동,상지리츠빌(73-10),1,12910697,3010000000,233.1,2001,2025
서울,서초구,반포동,상지리츠빌2차,2,14459692,2325000000,160.9,2004,2025
서울,서초구,반포동,서래아르드빌,2,9075513,1890000000,208.6,2008,2025
서울,서초구,반포동,서초블랑빌,1,8880825,930000000,104.7,2003,2026
서울,서초구,반포동,선데일,1,12529366,3200000000,255.4,2006,2026
서울,서초구,반포동,신성리더스카운티,1,11046755,1850000000,167.5,2003,2026
서울,서초구,반포동,써니힐,1,14317324,1100000000,76.8,2003,2026
서울,서초구,반포동,쏠레뉴,1,16476881,1910000000,115.9,2004,2026
서울,서초구,반포동,아델스빌1,1,16042781,3900000000,243.1,2007,2025
서울,서초구,반포동,아크로리버파크,77,61212478,5470000000,85.0,2016,2026
서울,서초구,반포동,엘리제빌,2,15526625,3055000000,197.1,2007,2026
서울,서초구,반포동,엠브이아파트,51,23261391,1910000000,83.4,1994,2026
서울,서초구,반포동,예당하우스,1,12427506,1050000000,84.5,2002,2025
서울,서초구,반포동,정광아파트,3,13904861,1290000000,95.6,2004,2026
서울,서초구,반포동,태평아트,1,14589024,1175000000,80.5,2002,2025
서울,서초구,반포동,팔라디오,1,12435847,945000000,76.0,2003,2025
서울,서초구,반포동,프라임빌라트,1,11869978,1300000000,109.5,2003,2026
서울,서초구,반포동,프레스턴클레식,2,14182089,3050000000,215.1,2005,2026
서울,서초구,반포동,한신서래,26,28707578,2530000000,64.5,1987,2026
서울,서초구,반포동,현대동궁아파트,21,25575448,2000000000,70.4,1991,2026
서울,서초구,반포동,효성빌라26동,2,12999875,2195000000,170.8,2005,2025
서울,서초구,방배동,SK리더스뷰(파스텔시티),6,18573113,1575000000,84.8,2006,2026
서울,서초구,방배동,TheHerren,3,19215112,1180000000,61.4,2017,2026
서울,서초구,방배동,UPPERHOUSE,3,16171179,3780000000,233.4,2012,2026
서울,서초구,방배동,Venessere,1,13912724,2270000000,163.2,2007,2025
서울,서초구,방배동,골드아트빌,1,15354748,1305000000,85.0,2009,2025
서울,서초구,방배동,공작빌라트,3,11480281,1700000000,148.1,1995,2026
서울,서초구,방배동,광해리드빌,1,11024029,1280000000,116.1,2004,2025
서울,서초구,방배동,금강프리빌,2,18340628,1835000000,104.5,2001,2025
서울,서초구,방배동,나인빌,1,11988491,2250000000,187.7,2009,2026
서울,서초구,방배동,네스코,1,25239778,2500000000,99.0,2002,2025
서울,서초구,방배동,네스코뮤즈빌(A),1,10546934,1400000000,132.7,2003,2024
서울,서초구,방배동,노블씨티,1,16380519,1870000000,114.2,2008,2026
서울,서초구,방배동,노블하우스(803-8),1,12859220,2300000000,178.9,2004,2024
서울,서초구,방배동,노블하임,1,12357375,3000000000,242.8,2003,2026
서울,서초구,방배동,뉴캐슬,1,10003531,850000000,85.0,2004,2026
서울,서초구,방배동,다이너스티힐,1,12890625,3300000000,256.0,2007,2026
서울,서초구,방배동,대림e-편한세상1,14,16407915,2750000000,164.2,2003,2026
서울,서초구,방배동,대우(효령),13,21552232,1830000000,84.9,1992,2025
서울,서초구,방배동,동광빌라트,1,10976484,1685000000,153.5,1994,2025
서울,서초구,방배동,동부센트레빌,7,21038496,2900000000,134.0,2004,2026
서울,서초구,방배동,두원,1,29456816,2500000000,84.9,1996,2025
서울,서초구,방배동,디오수페리움2,8,17927231,1432500000,85.0,2006,2026
서울,서초구,방배동,래미안방배아트힐(1008-2),37,18851622,2500000000,127.6,2004,2026
서울,서초구,방배동,래미안방배에버뉴,4,14519426,2635000000,181.5,1977,2026
서울,서초구,방배동,레베빌(798-1),1,19398048,4750000000,244.9,2000,2025
서울,서초구,방배동,렉스빌,1,14713095,3600000000,244.7,2002,2026
서울,서초구,방배동,롯데빌라트2차,1,12130123,1980000000,163.2,1998,2025
서울,서초구,방배동,롯데아파트,1,9667907,2000000000,206.9,1998,2026
서울,서초구,방배동,롯데캐슬아르떼,44,29864668,2820000000,85.0,2013,2026
서울,서초구,방배동,롯데캐슬파크(38),3,13270181,3250000000,244.9,2002,2026
서울,서초구,방배동,롯데캐슬포레스트,2,15835875,3790000000,239.3,2003,2025
서울,서초구,방배동,롯데캐슬헤론,28,17512250,2095000000,114.0,2006,2026
서울,서초구,방배동,루이스캐슬,1,13105015,1500000000,114.5,2006,2026
서울,서초구,방배동,르가든5차,1,20569887,3660000000,177.9,2014,2024
서울,서초구,방배동,르가든6차,1,21104679,3500000000,165.8,2015,2025
서울,서초구,방배동,리베하임,1,10338961,790000000,76.4,2016,2025
서울,서초구,방배동,리벨루스(804-1),1,12593401,1500000000,119.1,2003,2025
서울,서초구,방배동,리치팰리스,3,12656354,1710000000,135.1,2009,2026
서울,서초구,방배동,멤버스빌,1,17667845,1500000000,84.9,2003,2026
서울,서초구,방배동,멤버스카운티601,2,15749861,1695000000,107.6,2005,2026
서울,서초구,방배동,멤피스빌,1,9817155,2400000000,244.5,1999,2026
서울,서초구,방배동,명지해드는터,1,6945248,600000000,86.4,2004,2026
서울,서초구,방배동,바흐하우스반포캐슬,1,13907296,850000000,61.1,2024,2024
서울,서초구,방배동,방배 서리풀 그랑블,13,21742507,1800000000,85.0,2019,2026
서울,서초구,방배동,방배1차현대홈타운,63,27861195,2020000000,59.9,1999,2026
서울,서초구,방배동,방배2차e-편한세상,8,17060687,2800000000,164.1,2004,2026
서울,서초구,방배동,방배2차현대홈타운,17,27077937,2550000000,84.9,2001,2026
서울,서초구,방배동,방배3차e-편한세상,10,19005773,3995000000,209.6,2006,2026
서울,서초구,방배동,방배3차현대홈타운,8,21048631,2410000000,120.9,2004,2026
서울,서초구,방배동,방배5차상지리츠빌,3,14007395,1970000000,140.6,2004,2026
서울,서초구,방배동,방배CJ나인빌1차,2,12877303,1820000000,141.5,2005,2026
서울,서초구,방배동,방배CJ나인빌2차,1,10358113,1640000000,158.3,2005,2025
서울,서초구,방배동,방배그랑자이,51,36730345,3050000000,85.0,2021,2026
서울,서초구,방배동,방배노블힐스,1,9044565,1100000000,121.6,2003,2025
서울,서초구,방배동,방배대성유니드아파트,3,15926371,1840000000,125.0,2003,2026
서울,서초구,방배동,방배대우(562-1),7,19455943,1645000000,84.7,1992,2026
서울,서초구,방배동,방배대우디오빌,46,9797297,290000000,29.6,2005,2026
서울,서초구,방배동,방배대우멤버스카운티,1,18013584,1830000000,101.6,2003,2025
서울,서초구,방배동,방배대우멤버스카운티(809-17),1,14738687,1850000000,125.5,2003,2026
서울,서초구,방배동,방배대우멤버스카운티201,1,16474756,1860000000,112.9,2003,2025
서울,서초구,방배동,방배대우멤버스카운티301,2,14722565,1791000000,121.6,2004,2026
서울,서초구,방배동,방배대우유로카운티,3,18505667,4000000000,216.2,2002,2026
서울,서초구,방배동,방배더유엘포레,1,15368852,600000000,39.0,2026,2026
서울,서초구,방배동,방배동동양파라곤,1,14363471,2850000000,198.4,2004,2026
서울,서초구,방배동,방배디오슈페리움Ⅰ,14,17631778,1677500000,84.8,2006,2026
서울,서초구,방배동,방배래미안타워,26,18579446,2075000000,103.3,2005,2026
서울,서초구,방배동,방배롯데캐슬로제,4,22638881,3900000000,172.3,2009,2026
서울,서초구,방배동,방배마에스트로,7,23185892,720000000,34.6,2019,2026
서울,서초구,방배동,방배브라운가,7,19660937,1700000000,84.9,2006,2025
서울,서초구,방배동,방배블레스밸리,6,14758567,1895000000,128.4,2003,2026
서울,서초구,방배동,방배비젼21빌라트,4,10747663,1995000000,184.5,2000,2026
서울,서초구,방배동,방배샤인힐6차,2,12530562,2050000000,163.6,2003,2025
서울,서초구,방배동,방배서리풀힐스,3,18237011,1550000000,85.0,2006,2026
서울,서초구,방배동,방배신동아럭스빌,5,15416895,2535000000,164.4,2003,2026
서울,서초구,방배동,방배신삼호,18,24733178,3300000000,164.6,1983,2026
서울,서초구,방배동,방배씨티(보성),9,18608414,1360000000,74.2,2000,2026
서울,서초구,방배동,방배아이파크,8,19708552,2350000000,125.6,2006,2025
서울,서초구,방배동,방배아크로리버,23,16384654,2340000000,149.2,2004,2026
서울,서초구,방배동,방배아크로타워,12,14055223,852500000,60.1,2007,2026
서울,서초구,방배동,방배아크빌,1,13815688,2700000000,195.4,2003,2025
서울,서초구,방배동,방배아트e-편한세상102,1,16516792,1800000000,109.0,2005,2025
서울,서초구,방배동,방배아트e-편한세상103,2,18209504,1620000000,91.9,2005,2026
서울,서초구,방배동,방배아트e-편한세상106,2,19685893,1862500000,96.1,2005,2026
서울,서초구,방배동,방배아트e편한세상101,2,18476634,1640000000,91.9,2005,2025
서울,서초구,방배동,방배아트e편한세상104,1,17537969,1985000000,113.2,2005,2026
서울,서초구,방배동,방배아트e편한세상105,1,17096300,1280000000,74.9,2005,2024
서울,서초구,방배동,방배아트자이,35,32965105,2545000000,84.9,2018,2026
서울,서초구,방배동,방배어울림,3,15637089,1920000000,122.8,2008,2025
서울,서초구,방배동,방배우성,22,22601872,1990000000,85.0,1991,2026
서울,서초구,방배동,방배임광3차,39,21739130,1600000000,79.8,1988,2026
서울,서초구,방배동,방배자이,7,14791465,2680000000,165.0,2003,2025
서울,서초구,방배동,방배중앙센트레빌,2,20877524,1250000000,59.9,2021,2026
서울,서초구,방배동,방배타운하우스,1,14488512,990000000,68.3,2003,2025
서울,서초구,방배동,방배트리플,3,16819013,1380000000,82.0,2003,2026
서울,서초구,방배동,방배한화,7,18892194,2090000000,110.8,2001,2026
서울,서초구,방배동,방배현대멤피스2,2,15939803,2595000000,162.8,2002,2026
서울,서초구,방배동,방배현대빌라트(999-2),1,7663588,1950000000,254.4,1993,2025
서울,서초구,방배동,방배홈타운(479-11),1,10355471,1040000000,100.4,2002,2025
서울,서초구,방배동,베네쎄레,1,12364506,3000000000,242.6,2008,2025
서울,서초구,방배동,베로니스2차,2,12066888,2200000000,181.5,2004,2026
서울,서초구,방배동,베로니스5차,1,14548710,2600000000,178.7,2007,2025
서울,서초구,방배동,벨루체팰리스,1,15671285,1640000000,104.6,2007,2026
서울,서초구,방배동,보아스방배,1,11987533,1000000000,83.4,2005,2025
서울,서초구,방배동,브라운스톤방배,20,22068185,1900000000,85.0,2005,2026
서울,서초구,방배동,브라운스톤효령아파트,1,16237548,2300000000,141.6,2005,2025
서울,서초구,방배동,비욘디에,1,11247891,1800000000,160.0,2002,2026
서울,서초구,방배동,비젼21(2차),1,12286357,2020000000,164.4,2001,2025
서울,서초구,방배동,빌라도르,3,12244898,1300000000,102.4,2001,2026
서울,서초구,방배동,삼성래미안1,30,20963373,1737500000,84.9,2003,2026
서울,서초구,방배동,삼호1동~3동,33,22115739,1810000000,81.4,1975,2026
서울,서초구,방배동,삼호2,22,17047532,2555000000,131.4,1976,2026
서울,서초구,방배동,삼호3,7,14795807,2650000000,181.6,1976,2026
서울,서초구,방배동,삼호한숲,13,20030635,1500000000,84.9,1998,2026
서울,서초구,방배동,삼환나띠르빌(1002-10),3,15387926,1430000000,92.9,2003,2026
서울,서초구,방배동,삼환나띠르빌(1002-11),1,15172711,1410000000,92.9,2003,2025
서울,서초구,방배동,삼환나띠르빌(1002-21),5,15043581,1398000000,92.9,2003,2026
서울,서초구,방배동,삼환나띠르빌(1002-7),1,17217260,1600000000,92.9,2003,2025
서울,서초구,방배동,삼환나띠르빌(1002-9),1,11208806,1670000000,149.0,2003,2025
서울,서초구,방배동,상지리츠빌4차(843-13),2,15854460,2170000000,136.9,2004,2026
서울,서초구,방배동,상지리츠빌6차,1,15762926,1750000000,111.0,2004,2025
서울,서초구,방배동,상지리츠빌8차,1,14701208,1850000000,125.8,2005,2024
서울,서초구,방배동,서리풀e편한세상,31,30753602,2680000000,85.0,2010,2026
서울,서초구,방배동,서리풀래디앙아파트,2,22018690,1542500000,71.3,2020,2026
서울,서초구,방배동,서리풀프라젠아파트,6,21255915,1652500000,78.2,2020,2026
서울,서초구,방배동,서초이에스에이3차,4,21212121,1260000000,59.4,2002,2026
서울,서초구,방배동,서초훼미리하우스,5,20171457,1200000000,59.5,2017,2026
서울,서초구,방배동,성지라빌레뜨B,1,15527950,3800000000,244.7,2005,2026
서울,서초구,방배동,세양아르비채101동,1,11701148,1945000000,166.2,2006,2025
서울,서초구,방배동,세양아르비채102동,1,12298839,1650000000,134.2,2006,2025
서울,서초구,방배동,신구,2,11914668,1575000000,132.2,1992,2026
서울,서초구,방배동,신구하이텍빌리지,1,8500660,1740000000,204.7,1996,2024
서울,서초구,방배동,신동아,2,23949217,3750000000,157.4,1981,2024
서울,서초구,방배동,쌍용예가클래식,12,21704287,2157500000,89.8,2006,2026
서울,서초구,방배동,써니힐즈,1,19262295,2115000000,109.8,2013,2025
서울,서초구,방배동,아이리스,3,13321492,765000000,56.3,2003,2026
서울,서초구,방배동,엘루크방배서리풀,16,30660522,1474000000,48.2,2024,2026
서울,서초구,방배동,영진,1,17241379,1810000000,105.0,1998,2026
서울,서초구,방배동,월드빌라트(798-5),2,10906747,2200000000,201.7,1996,2025
서울,서초구,방배동,월드빌라트(999),1,6883628,1800000000,261.5,1994,2025
서울,서초구,방배동,월드빌리지,1,15121092,3690000000,244.0,1999,2024
서울,서초구,방배동,이연아마빌레,2,18093159,1525000000,84.3,2006,2025
서울,서초구,방배동,임광,27,22882755,2430000000,84.8,1985,2026
서울,서초구,방배동,정림,1,24112028,2600000000,107.8,2001,2025
서울,서초구,방배동,청광아트빌(14차),3,9598105,2350000000,244.8,2001,2026
서울,서초구,방배동,청암,3,7325525,1670000000,228.0,1992,2026
서울,서초구,방배동,태림,2,11770428,1210000000,102.8,2004,2026
서울,서초구,방배동,파라다이스(477-7),3,16142335,1370000000,84.8,2004,2026
서울,서초구,방배동,파세지아타,1,19377396,2300000000,118.7,2023,2026
서울,서초구,방배동,판테옹빌라,2,12376509,2365000000,193.1,2002,2025
서울,서초구,방배동,폴라씨엘로,1,16852580,2100000000,124.6,2015,2026
서울,서초구,방배동,푸른마을,1,14738510,930000000,63.1,2003,2025
서울,서초구,방배동,프레스턴(1-62),1,13095739,2800000000,213.8,2005,2026
서울,서초구,방배동,프리우스,7,17337884,1270000000,75.3,2004,2026
서울,서초구,방배동,하늘바람,2,13897430,3390000000,243.9,2004,2026
서울,서초구,방배동,한신트리플,13,10471204,420000000,39.3,2004,2026
서울,서초구,방배동,한신휴플러스,8,19365323,1638500000,84.6,2006,2026
서울,서초구,방배동,한진로즈힐,5,20648846,2010000000,97.3,2005,2026
서울,서초구,방배동,한화엘르빌,1,10206780,1930000000,189.1,2001,2026
서울,서초구,방배동,현대맨션,1,9057706,1860000000,205.4,1994,2024
서울,서초구,방배동,현대멤피스,17,17871700,2735000000,158.8,2001,2026
서울,서초구,방배동,현대쉴러하우스,2,13149268,1805000000,137.3,2008,2025
서울,서초구,방배동,현대아르빌,2,33638237,2548500000,76.5,2004,2026
서울,서초구,방배동,현대오페라하우스,1,17579591,1640000000,93.3,2002,2025
서울,서초구,방배동,황실자이,4,19158929,3350000000,175.3,2005,2026
서울,서초구,방배동,효산빌라트,1,16676593,1400000000,84.0,2003,2026
서울,서초구,방배동,훼미리타운,6,14231016,595000000,40.2,2012,2026
서울,서초구,서초동,(1617-21),1,11424973,1270000000,111.2,2007,2026
서울,서초구,서초동,DK밸리뷰서초2차,1,17424773,498000000,28.6,2022,2025
서울,서초구,서초동,DK밸리뷰시티,1,14855209,395000000,26.6,2019,2025
서울,서초구,서초동,N-Suite(1513-2),1,11570984,1300000000,112.4,2004,2026
서울,서초구,서초동,N-Suite101동(1511-6),1,13078137,1575000000,120.4,2004,2025
서울,서초구,서초동,N-Suite102동(1511-3),1,16091573,1940000000,120.6,2004,2026
서울,서초구,서초동,urbanplace,7,9757177,198500000,21.0,2014,2026
서울,서초구,서초동,강남태영데시앙루브,7,15397371,1300000000,84.4,2005,2026
서울,서초구,서초동,경남아너스빌,2,16628247,2190000000,131.6,2005,2025
서울,서초구,서초동,경남아너스빌(1608-8),2,22609515,1920000000,84.9,2006,2026
서울,서초구,서초동,경남아너스빌201동,7,23307828,1980000000,85.0,2006,2026
서울,서초구,서초동,그린빌라트,1,10161741,1200000000,118.1,1997,2025
서울,서초구,서초동,극동스타클래스2,5,20354037,1500000000,81.1,2006,2026
서울,서초구,서초동,다솔멤버스,1,14024347,1970000000,140.5,2003,2026
서울,서초구,서초동,대경벨로체,1,11069267,920000000,83.1,2007,2025
서울,서초구,서초동,대림서초리시온,43,11077724,530000000,49.9,2003,2026
서울,서초구,서초동,대상파크빌,1,14903246,955000000,64.1,2006,2024
서울,서초구,서초동,대성유니드,9,21443447,1980000000,95.6,2004,2026
서울,서초구,서초동,더미켈란,4,17362374,4137500000,244.8,2005,2026
서울,서초구,서초동,더샵서초,24,19056261,634500000,33.1,2006,2026
서울,서초구,서초동,"더샾오데움(101,102동)",3,18096010,3750000000,205.2,2005,2026
서울,서초구,서초동,더샾오데움(103동),1,16370823,2800000000,171.0,2005,2026
서울,서초구,서초동,더샾오데움(104동),1,16241404,1795000000,110.5,2006,2025
서울,서초구,서초동,동아빌리지,1,8156821,620000000,76.0,2008,2025
서울,서초구,서초동,동원베네스트아파트,6,18474676,1745000000,84.9,2002,2026
서울,서초구,서초동,동일하이빌,5,18029684,1620000000,85.0,2006,2026
서울,서초구,서초동,두산위브(1362),12,16271491,1180000000,75.9,2005,2026
서울,서초구,서초동,두진한아름,7,18243879,1400000000,85.0,1995,2026
서울,서초구,서초동,디아레나서초,4,14818639,402500000,27.4,2020,2026
서울,서초구,서초동,래미안 리더스원,85,44041105,3380000000,84.9,2020,2026
서울,서초구,서초동,래미안서초3차,2,11233150,2025000000,180.3,2005,2025
서울,서초구,서초동,래미안서초4차,1,17237494,2295000000,133.1,2005,2026
서울,서초구,서초동,래미안서초5차,2,18091832,2175000000,120.2,2005,2025
서울,서초구,서초동,래미안서초7차,4,16629982,2300000000,129.4,2006,2025
서울,서초구,서초동,래미안서초스위트,31,32369278,2790000000,85.0,2009,2026
서울,서초구,서초동,래미안서초에스티지,24,34389952,3080000000,83.6,2016,2026
서울,서초구,서초동,래미안서초에스티지S,35,36556604,3325000000,84.8,2018,2026
서울,서초구,서초동,래미안서초유니빌,55,11269473,500000000,45.3,2003,2026
서울,서초구,서초동,레미안서초6차(1520-9),1,15605809,2160000000,138.4,2006,2025
서울,서초구,서초동,롯데캐슬메디치,3,14937993,1850000000,107.4,2010,2026
서울,서초구,서초동,롯데캐슬쥬피터,3,15574520,2450000000,164.0,2003,2026
서울,서초구,서초동,롯데캐슬클래식,62,30246297,3050000000,102.6,2006,2026
서울,서초구,서초동,"마제스타시티(힐스테이트서리풀101,102동)",10,32933133,1975000000,60.0,2017,2026
서울,서초구,서초동,밀라텔쉐르빌,9,13319045,650000000,46.3,2001,2026
서울,서초구,서초동,브라운스톤로얄스위트서초,1,13257847,1850000000,139.5,2005,2024
서울,서초구,서초동,브라운스톤서초(1677-1),5,16729839,1330000000,80.1,2006,2025
서울,서초구,서초동,비버리캐슬,5,19919314,1150000000,59.5,2020,2026
서울,서초구,서초동,삼성서초가든스위트,7,21983471,4200000000,181.5,2000,2026
서울,서초구,서초동,삼풍아파트,92,33849251,3390000000,79.5,1988,2026
서울,서초구,서초동,삼환바우스,4,17027164,1445000000,84.9,2006,2026
서울,서초구,서초동,상지리츠빌(1),2,14097796,2195000000,156.0,2002,2025
서울,서초구,서초동,상지리츠빌(1617-13),2,11258664,1892500000,167.3,2004,2026
서울,서초구,서초동,상지리츠빌(4),1,17973149,2490000000,138.5,2004,2025
서울,서초구,서초동,상지리츠빌(6),3,14257894,2050000000,143.8,2004,2026
서울,서초구,서초동,상지리츠빌(7),1,10078387,2250000000,223.2,2005,2026
서울,서초구,서초동,새티스,1,16079159,1300000000,80.8,2003,2026
서울,서초구,서초동,새티스2,4,12107684,942500000,80.0,2002,2026
서울,서초구,서초동,샹보르,2,11307576,2177500000,192.6,2002,2025
서울,서초구,서초동,서초1차e-편한세상,6,18731326,2445000000,130.5,2004,2026
서울,서초구,서초동,서초2차e-편한세상,13,20129342,2100000000,116.7,2005,2026
서울,서초구,서초동,서초3차e편한세상,3,15672396,2480000000,158.2,2005,2025
서울,서초구,서초동,서초4현대,24,22330113,1985000000,85.0,2000,2026
서울,서초구,서초동,서초5차e편한세상,10,16304348,2580000000,158.2,2005,2026
서울,서초구,서초동,서초8차상지리츠빌,2,15803032,2125000000,135.0,2006,2026
서울,서초구,서초동,서초교대e편한세상,31,31725888,3010000000,85.0,2010,2026
서울,서초구,서초동,서초그랑자이,87,42050461,3900000000,84.5,2021,2026
서울,서초구,서초동,서초극동스타클래스,7,20166074,1700000000,84.3,2003,2026
서울,서초구,서초동,서초금호어울림,4,14394853,1795000000,124.4,2001,2024
서울,서초구,서초동,서초네스피아B,1,11353451,1140000000,100.4,2005,2025
서울,서초구,서초동,서초노블레스아파트,10,17921308,505000000,28.2,2019,2026
서울,서초구,서초동,서초노빌리에,3,15240905,1240000000,81.4,2006,2026
서울,서초구,서초동,서초녹원,1,20002353,1700000000,85.0,1997,2026
서울,서초구,서초동,서초대림빌라트,1,8774907,1810000000,206.3,2004,2025
서울,서초구,서초동,서초대우,5,10749798,2000000000,186.0,2000,2026
서울,서초구,서초동,서초대우아이빌,13,8780129,315000000,37.8,2003,2026
서울,서초구,서초동,서초동대우디오빌프라임,4,14122632,1200000000,85.0,2005,2025
서울,서초구,서초동,서초동롯데캐슬리버티,10,15680897,1960000000,125.8,2005,2026
서울,서초구,서초동,서초동삼성쉐르빌2,41,8773424,309000000,35.2,2002,2026
서울,서초구,서초동,서초동아,2,10603094,1260000000,119.1,2006,2026
서울,서초구,서초동,서초동아이파크,1,15167142,2500000000,164.8,2003,2026
서울,서초구,서초동,서초동아타워,5,10436647,1500000000,177.3,1996,2026
서울,서초구,서초동,서초동에지앙,1,9058368,1240000000,136.9,2006,2025
서울,서초구,서초동,서초동프레스티지아파트,4,13152518,1050000000,81.2,2017,2026
서울,서초구,서초동,서초동현대리츠빌,3,12843251,2100000000,163.5,2002,2026
서울,서초구,서초동,서초두산위브2,3,16566129,2000000000,116.3,2005,2025
서울,서초구,서초동,서초두산위브트레지움,3,21565618,2810000000,130.3,2008,2025
서울,서초구,서초동,서초래미안,81,25871362,2790000000,111.3,2003,2026
서울,서초구,서초동,서초레몬,1,10251323,310000000,30.2,2005,2026
서울,서초구,서초동,서초로얄,1,15737357,1335000000,84.8,2001,2025
서울,서초구,서초동,서초로즈힐,2,12455899,1447500000,116.2,2005,2026
서울,서초구,서초동,서초롯데캐슬84,1,16632316,3470000000,208.6,2001,2025
서울,서초구,서초동,서초롯데캐슬프레지던트,16,29695555,2885000000,85.0,2014,2026
서울,서초구,서초동,서초벽산블루밍,4,23047754,1945000000,84.4,2006,2026
서울,서초구,서초동,서초삼성래미안,28,21960692,2060000000,85.0,2001,2026
서울,서초구,서초동,서초센트럴IPARK,54,23504419,1892500000,80.5,2020,2026
서울,서초구,서초동,서초쌍용플래티넘,11,14196429,950000000,68.2,2006,2026
서울,서초구,서초동,서초아트래디앙,6,25913563,1475000000,56.9,2023,2026
서울,서초구,서초동,서초아트자이,7,17273400,2850000000,165.6,2009,2026
서울,서초구,서초동,서초에스케이뷰,2,19891327,1782500000,90.7,2006,2026
서울,서초구,서초동,서초예성그린캐슬,3,11849464,1250000000,105.5,2003,2026
서울,서초구,서초동,서초우방유쉘,2,15930009,1352500000,84.9,2006,2025
서울,서초구,서초동,서초이오빌,46,9083808,400000000,46.0,2003,2026
서울,서초구,서초동,서초자연인아파트(102동),2,10269253,340000000,33.0,2013,2026
서울,서초구,서초동,서초자이,11,19485319,2500000000,133.5,2006,2026
서울,서초구,서초동,서초자이르네,4,23361186,1985000000,85.0,2022,2026
서울,서초구,서초동,서초중흥S-클래스(도시형생활주택),5,9187621,198000000,20.7,2013,2026
서울,서초구,서초동,서초지웰,1,23247581,1970000000,84.7,2005,2025
서울,서초구,서초동,서초코아,2,12373772,1028500000,83.3,2003,2026
서울,서초구,서초동,서초타운트라팰리스,2,15625925,1450000000,93.2,2006,2025
서울,서초구,서초동,서초태동스위트,1,12298047,1020000000,82.9,2001,2024
서울,서초구,서초동,서초트라팰리스,17,19447162,1880000000,95.6,2005,2026
서울,서초구,서초동,서초트레져,2,10389670,2245000000,216.1,2005,2025
서울,서초구,서초동,서초파라곤,9,14829794,1315000000,85.0,2005,2026
서울,서초구,서초동,서초푸르지오써밋,46,37419957,3197500000,84.9,2017,2026
서울,서초구,서초동,서초프레스턴,1,11660257,2850000000,244.4,2005,2025
서울,서초구,서초동,서초한빛삼성,29,23185484,1500000000,59.5,1999,2026
서울,서초구,서초동,서초한신,14,20765903,2015000000,90.4,2001,2026
서울,서초구,서초동,서초한신리빙타워,4,14622937,700000000,47.9,1999,2026
서울,서초구,서초동,서초한양수자인,2,16190901,1370000000,84.6,2013,2026
서울,서초구,서초동,서초한일,8,20585338,1490000000,85.0,1997,2026
서울,서초구,서초동,서초한일유앤아이주상복합,1,15416451,1490000000,96.6,2007,2026
서울,서초구,서초동,서초현대,27,23769100,1620000000,54.4,1999,2026
서울,서초구,서초동,서초현대타워아파트,3,10661579,1900000000,178.2,1997,2026
서울,서초구,서초동,서초화원그랑빌,2,14894484,1100000000,74.0,2002,2025
서울,서초구,서초동,서초힐하우스,4,10922981,1222500000,111.9,2002,2025
서울,서초구,서초동,수광빌라트,1,10106938,1550000000,153.4,1996,2026
서울,서초구,서초동,스위트빌,2,14115285,1195000000,84.7,2003,2025
서울,서초구,서초동,신동아아파트(1차),4,26288030,2500000000,95.4,1978,2024
서울,서초구,서초동,신원아침도시(1420),7,19445103,1640000000,84.3,2005,2026
서울,서초구,서초동,신원아침도시(1434),4,17485434,1445000000,83.1,2004,2026
서울,서초구,서초동,아남,21,22953586,1850000000,84.4,1989,2026
서울,서초구,서초동,아이파크빌,2,13094043,2347500000,179.3,2001,2025
서울,서초구,서초동,아크로비스타,47,20869315,3400000000,152.3,2004,2026
서울,서초구,서초동,애지앙,1,12676887,1075000000,84.8,2003,2026
서울,서초구,서초동,연우,2,12428269,1050000000,84.9,2015,2025
서울,서초구,서초동,예림,1,12672079,1077000000,85.0,2003,2025
서울,서초구,서초동,옥스포드빌라트,2,13741657,1050000000,76.4,2003,2025
서울,서초구,서초동,우성아파트,25,30436830,2073000000,59.9,1998,2026
서울,서초구,서초동,우정에쉐르,6,14540067,990000000,72.4,2004,2025
서울,서초구,서초동,월드메르디앙(오페라),2,11382305,2150000000,189.5,2004,2026
서울,서초구,서초동,유원서초,33,25921998,2200000000,84.8,1993,2026
서울,서초구,서초동,지에스타워,6,16358338,417500000,26.0,2022,2026
서울,서초구,서초동,진흥아파트,37,26648243,3130000000,131.0,1979,2026
서울,서초구,서초동,초원현대,3,22423025,1340000000,59.8,1998,2026
서울,서초구,서초동,트라움하우스2,1,13507429,3600000000,266.5,1996,2025
서울,서초구,서초동,트라움하우스3,1,25195355,6900000000,273.9,2002,2025
서울,서초구,서초동,티에스프리우스,2,13383792,1450000000,108.3,2004,2026
서울,서초구,서초동,풍림아이원(101동),1,13382402,1600000000,119.6,2004,2025
서울,서초구,서초동,풍림아이원플러스,15,10167414,350000000,34.4,2004,2026
서울,서초구,서초동,한라비발디스튜디오193,17,12506253,255000000,20.0,2013,2026
서울,서초구,서초동,한성,1,12623316,1190000000,94.3,2003,2025
서울,서초구,서초동,햄프턴코트,1,12541918,1870000000,149.1,2004,2025
서울,서초구,서초동,현대ESA2,11,14972477,2040000000,136.2,2003,2026
서울,서초구,서초동,현대빌리지,1,13933806,2025000000,145.3,2005,2026
서울,서초구,서초동,현대서초3,7,21180390,1780000000,84.0,1997,2025
서울,서초구,서초동,현대성우주상복합아파트,11,11426101,1800000000,161.9,2002,2026
서울,서초구,서초동,현대슈퍼빌,32,17348429,2800000000,164.9,2003,2026
서울,서초구,서초동,현대아파트,30,23419898,1900000000,84.3,1989,2026
서울,서초구,서초동,현대이에스에이아파트,13,11283928,1570000000,144.3,2002,2026
서울,서초구,서초동,현대홈타운,3,15574931,2090000000,134.2,2005,2025
서울,서초구,신원동,서초포레스타3단지,20,19500618,1860000000,99.5,2014,2026
서울,서초구,신원동,서초포레스타5단지,24,23118638,1832500000,84.4,2014,2026
서울,서초구,신원동,서초포레스타6단지,12,24601754,1475000000,59.9,2015,2026
서울,서초구,신원동,서초포레스타7단지,5,24357691,1570000000,59.9,2013,2026
서울,서초구,신원동,힐스테이트서초젠트리스,17,21178962,1990000000,85.0,2014,2026
서울,서초구,양재동,강남월드메르디앙프레스티지,7,19506199,740000000,37.4,2022,2026
서울,서초구,양재동,광정,2,9428875,515000000,52.5,2004,2026
서울,서초구,양재동,그린씨티아파트1,1,15192878,1280000000,84.2,2003,2026
서울,서초구,양재동,금강,2,14464870,1190000000,82.1,2003,2026
서울,서초구,양재동,뉴현대,4,10590015,1400000000,132.2,1992,2026
서울,서초구,양재동,다원아파트,1,14814815,704000000,47.5,2002,2026
서울,서초구,양재동,대흥,2,12007944,680250000,56.6,2002,2026
서울,서초구,양재동,더-클라스(402-8),3,10750119,900000000,83.7,2003,2025
서울,서초구,양재동,동원,1,13184815,1160000000,88.0,2001,2025
서울,서초구,양재동,리시본하우스,6,15460402,912500000,58.6,2020,2026
서울,서초구,양재동,메르디안하우스,2,6974093,1437500000,206.1,2001,2025
서울,서초구,양재동,미영(101),3,10217574,850000000,83.2,2003,2026
서울,서초구,양재동,비젼(102),1,12905517,1090000000,84.5,2003,2026
서울,서초구,양재동,비젼(103),2,13372029,1225000000,91.8,2003,2026
서울,서초구,양재동,비젼아파트101동,2,9662307,990000000,102.5,2003,2025
서울,서초구,양재동,삼익양재빌라,1,9168144,1500000000,163.6,1993,2026
서울,서초구,양재동,새티스,3,11901704,1390000000,116.8,2000,2026
서울,서초구,양재동,새티스(402-10),2,9292497,513500000,54.9,2001,2025
서울,서초구,양재동,서초파크빌,1,14951731,1270000000,84.9,2000,2026
서울,서초구,양재동,신영체르니,27,15191816,570000000,35.9,2002,2026
서울,서초구,양재동,아원데코빌,1,7668232,490000000,63.9,2001,2026
서울,서초구,양재동,양재,1,10860122,750000000,69.1,2001,2025
서울,서초구,양재동,양재동현대,1,8830022,1000000000,113.2,2003,2025
서울,서초구,양재동,양재테크노2차,1,7343941,840000000,114.4,2002,2026
서울,서초구,양재동,양재테크노빌,1,12586910,1050000000,83.4,2001,2025
서울,서초구,양재동,양재파크뷰,2,13178021,1120000000,85.0,2002,2026
서울,서초구,양재동,양재한신휴플러스,2,18200024,1545000000,84.9,2005,2026
서울,서초구,양재동,우면파크아파트,3,12935323,830000000,68.1,2003,2026
서울,서초구,양재동,우성,49,20572239,1650000000,73.2,1991,2026
서울,서초구,양재동,우성112,1,26483802,2240000000,84.6,1991,2026
서울,서초구,양재동,우성KBS(113동),11,23497461,1990000000,84.7,1996,2026
서울,서초구,양재동,위너스,1,12568807,685000000,54.5,2003,2025
서울,서초구,양재동,인랜드,2,16286845,1193500000,73.3,2002,2026
서울,서초구,양재동,프라임,2,11563332,912000000,78.9,2002,2026
서울,서초구,양재동,한아름,1,11710433,990000000,84.5,2003,2026
서울,서초구,양재동,해청3차,2,11142425,1000000000,89.9,2004,2025
서울,서초구,양재동,현대타운,2,13244561,1114000000,84.1,2005,2026
서울,서초구,양재동,현대테라하임102동,1,11002081,1850000000,168.2,2006,2026
서울,서초구,양재동,호반써밋양재,20,19092066,450000000,23.6,2026,2026
서울,서초구,양재동,휴먼씨티,1,10560724,840000000,79.5,2001,2025
서울,서초구,우면동,대림,26,14000306,1832500000,130.9,1995,2026
서울,서초구,우면동,동고,25,16463573,1280000000,77.1,1995,2026
서울,서초구,우면동,서초네이처힐1단지,7,17348095,1535000000,84.8,2012,2026
서울,서초구,우면동,서초네이처힐2단지,4,16228018,1275000000,84.7,2012,2026
서울,서초구,우면동,서초네이처힐3단지,32,18306812,1712500000,84.8,2013,2026
서울,서초구,우면동,서초네이처힐4단지,18,18597309,1575000000,84.6,2011,2026
서울,서초구,우면동,서초네이처힐6단지,4,22208628,1460000000,60.0,2013,2026
서울,서초구,우면동,서초네이처힐7단지,11,18874602,1480000000,84.8,2011,2025
서울,서초구,우면동,서초호반써밋,23,18258613,1940000000,101.0,2013,2026
서울,서초구,우면동,서초힐스,62,21786325,1550000000,75.0,2012,2026
서울,서초구,우면동,우솔마을서초리슈빌S아파트,16,10750145,310000000,30.9,2014,2026
서울,서초구,우면동,코오롱,28,24728416,1297500000,52.5,1994,2026
서울,서초구,우면동,한라,18,25550183,1532500000,60.0,1994,2026
서울,서초구,우면동,호반써밋서초파크,44,21507886,1336250000,59.9,2013,2026
서울,서초구,우면동,호반써밋서초파크뷰(토지임대부아파트),30,16576416,1300000000,85.0,2013,2026
서울,서초구,잠원동,강변,21,35601146,2740000000,84.5,1987,2026
서울,서초구,잠원동,금호베스트빌,1,40014123,3400000000,85.0,2002,2025
서울,서초구,잠원동,노블레스,2,14536099,2215000000,152.4,2000,2025
서울,서초구,잠원동,대우아이빌,28,18095268,630000000,35.0,2001,2026
서울,서초구,잠원동,대주피오레아파트,5,14026140,1600000000,125.5,2002,2025
서울,서초구,잠원동,데뜨아르,1,24252413,2060000000,84.9,2008,2025
서울,서초구,잠원동,동아,62,39600754,2900000000,84.9,2002,2026
서울,서초구,잠원동,두산위브,7,26624068,1380000000,47.0,2003,2026
서울,서초구,잠원동,래미안신반포리오센트,23,38506830,3770000000,84.9,2019,2026
서울,서초구,잠원동,래미안신반포팰리스,52,41211224,4095000000,104.0,2016,2026
서울,서초구,잠원동,롯데캐슬갤럭시,14,30919721,3450000000,106.2,2002,2026
서울,서초구,잠원동,롯데캐슬갤럭시(50-1),16,24722272,3275000000,132.8,2004,2026
서울,서초구,잠원동,메이플자이,40,59730395,4970000000,84.5,2025,2026
서울,서초구,잠원동,미주파스텔,15,31979184,2019000000,59.6,2002,2026
서울,서초구,잠원동,반포르엘,24,51359174,5050000000,97.5,2022,2026
서울,서초구,잠원동,반포르엘2차,8,45318442,3812500000,84.1,2022,2026
서울,서초구,잠원동,반포센트럴자이,26,51219634,4990000000,98.9,2020,2026
서울,서초구,잠원동,보미리아파트,5,17788962,2050000000,115.2,2001,2026
서울,서초구,잠원동,브라운스톤잠원,5,34730398,2950000000,84.9,2003,2026
서울,서초구,잠원동,블루힐하우스,7,29571800,2490000000,84.5,1999,2025
서울,서초구,잠원동,새서울맨션,1,13553608,2010000000,148.3,1975,2025
서울,서초구,잠원동,성진준빌라트,1,7228491,410000000,56.7,2003,2025
서울,서초구,잠원동,신반포12,15,36066819,2970000000,75.8,1982,2026
서울,서초구,잠원동,신반포16,26,43560794,2300000000,52.4,1983,2026
서울,서초구,잠원동,신반포19,14,33818216,3230000000,107.0,1982,2026
서울,서초구,잠원동,신반포2,90,49344480,4130000000,92.2,1978,2026
서울,서초구,잠원동,신반포20,3,25008684,3600000000,144.0,1983,2026
서울,서초구,잠원동,신반포25,6,42135164,3797500000,84.5,1984,2026
서울,서초구,잠원동,신반포27,10,44893378,2642750000,53.5,1985,2026
서울,서초구,잠원동,신반포4,61,39386401,4350000000,105.4,1979,2026
서울,서초구,잠원동,신반포7,11,31419594,3940000000,140.0,1980,2026
서울,서초구,잠원동,신반포르엘,11,46309160,3545000000,84.9,2023,2025
서울,서초구,잠원동,신반포자이,23,49281657,3900000000,84.9,2018,2026
서울,서초구,잠원동,신반포중앙하이츠,7,25927948,1900000000,75.0,2021,2026
서울,서초구,잠원동,신반포청구,32,36721749,2691000000,84.8,1998,2026
서울,서초구,잠원동,신사레전드,1,12637363,230000000,18.2,2012,2024
서울,서초구,잠원동,신화,13,31820860,2100000000,57.3,1997,2026
서울,서초구,잠원동,아크로리버뷰신반포,32,56427472,4500000000,78.5,2018,2026
서울,서초구,잠원동,월드메르디앙,5,24652041,2090000000,84.8,2002,2026
서울,서초구,잠원동,잠원동상지리츠빌카일룸,1,27514287,4670000000,169.7,2009,2026
서울,서초구,잠원동,잠원동트루빌,2,12821086,1087500000,84.8,2004,2025
서울,서초구,잠원동,잠원시티아파트,3,24602386,495000000,21.2,2017,2025
서울,서초구,잠원동,잠원아이비,4,14868258,1325000000,90.3,2005,2026
서울,서초구,잠원동,잠원중앙하이츠(A동),1,20436560,4700000000,230.0,1996,2025
서울,서초구,잠원동,잠원현대훼밀리,14,32075535,2270000000,72.0,1997,2026
서울,서초구,잠원동,중앙하이츠,16,30911715,2247500000,67.7,1998,2026
서울,서초구,잠원동,킴스빌리지,26,36135453,1105000000,30.2,1996,2026
서울,서초구,잠원동,한강,22,36416928,3050000000,84.5,1989,2026
서울,서초구,잠원동,한신,33,36914340,3120000000,84.5,1992,2026
서울,서초구,잠원동,한신그린,3,31805866,2700000000,84.9,1993,2026
서울,서초구,잠원동,한신로얄,15,33608273,2730000000,81.2,1992,2026
서울,서초구,잠원동,한신진일빌라트,3,21016585,3600000000,161.3,1996,2025
서울,서초구,잠원동,한신타운,7,31279324,2120000000,73.0,1989,2025
서울,서초구,잠원동,한신타워,16,36575700,2770000000,62.9,1996,2026
서울,서초구,잠원동,현대,14,27100271,2300000000,84.9,1993,2026
서울,서초구,잠원동,훼미리,17,27850201,2350000000,84.8,1992,2026
서울,성동구,금호동1가,금호삼성래미안,63,18698916,1420000000,84.4,2001,2026
서울,성동구,금호동1가,벽산,188,17438882,1450000000,84.8,2001,2026
서울,성동구,금호동1가,신금호,2,7540945,640000000,84.9,2003,2026
서울,성동구,금호동1가,신금호두산위브,20,14171357,1190000000,84.3,2006,2026
서울,성동구,금호동1가,이편한세상금호파크힐스,110,26507510,1900000000,84.9,2019,2026
서울,성동구,금호동1가,푸른마을(8차),1,9062254,690000000,76.1,2002,2025
서울,성동구,금호동2가,금호자이1차,60,22004422,1582500000,85.0,2012,2026
서울,성동구,금호동2가,래미안하이리버,119,23337223,1620000000,60.0,2012,2026
서울,성동구,금호동2가,상기,2,17502161,810000000,46.3,1976,2025
서울,성동구,금호동2가,신금호파크자이,105,26342114,1780000000,60.0,2016,2026
서울,성동구,금호동3가,금호1차푸르지오,31,19676505,1245000000,60.0,2005,2026
서울,성동구,금호동3가,금호자이2차,33,21534580,1450000000,84.7,2012,2026
서울,성동구,금호동3가,금호한신,54,16762696,1197000000,60.0,2005,2026
서울,성동구,금호동3가,두산,150,15704637,1265000000,79.1,1994,2026
서울,성동구,금호동4가,대우,131,20343505,1500000000,84.7,2001,2026
서울,성동구,금호동4가,롯데,35,15178256,1290000000,85.0,2003,2026
서울,성동구,금호동4가,브라운스톤2차,19,17298188,1470000000,85.0,2010,2026
서울,성동구,금호동4가,브라운스톤금호,24,19301492,1637500000,84.8,2007,2026
서울,성동구,금호동4가,삼산금호,3,13144590,650000000,49.4,1975,2026
서울,성동구,금호동4가,서울숲2차푸르지오,75,24733034,1850000000,84.8,2012,2026
서울,성동구,금호동4가,서울숲르씨엘,20,20165525,1395000000,59.5,2023,2026
서울,성동구,금호동4가,서울숲푸르지오,112,24024837,1870000000,84.6,2007,2026
서울,성동구,금호동4가,힐스테이트서울숲리버,48,23857210,2082500000,84.9,2018,2026
서울,성동구,도선동,삼성쉐르빌,30,12609157,1050000000,84.9,2006,2026
서울,성동구,마장동,대성유니드,19,15845896,1095000000,59.7,2004,2026
서울,성동구,마장동,라봄성동,91,17583341,330500000,18.8,2025,2025
서울,성동구,마장동,마장동중앙하이츠,19,13966667,1065000000,60.0,1999,2026
서울,성동구,마장동,마장동해맑은아파트,2,11456242,970000000,84.7,2004,2026
서울,성동구,마장동,삼성홈타운,8,10908084,193000000,18.1,2015,2026
서울,성동구,마장동,삼웅아파트2동,1,7620744,770000000,101.0,1996,2025
서울,성동구,마장동,세림,71,15637013,975000000,72.8,1986,2026
서울,성동구,마장동,신명스카이뷰,6,12107618,1017500000,84.0,2005,2026
서울,성동구,마장동,신성미소지움,30,12770676,997500000,84.9,2004,2026
서울,성동구,마장동,아트리움,1,6555615,610000000,93.0,2004,2025
서울,성동구,마장동,왕십리금호어울림,29,15887960,1350000000,85.0,2006,2026
서울,성동구,마장동,왕십리삼성아파트,34,15411647,1225000000,59.8,1996,2026
서울,성동구,마장동,우성에비뉴,7,11145598,710000000,62.1,2017,2026
서울,성동구,마장동,장원,2,8300975,674000000,81.2,2002,2025
서울,성동구,마장동,태성,1,9870450,800000000,81.0,2004,2025
서울,성동구,마장동,한영스테이,13,14152452,269000000,18.8,2025,2025
서울,성동구,마장동,현대,118,14509803,1055000000,59.9,1998,2026
서울,성동구,사근동,벽산,11,10377358,830000000,84.8,2000,2026
서울,성동구,사근동,중앙하이츠,22,10730689,771000000,71.8,1989,2026
서울,성동구,사근동,한양마이라움,7,9150327,166000000,18.4,2018,2026
서울,성동구,상왕십리동,센트럴큐브,10,12116317,280000000,24.0,2019,2026
서울,성동구,상왕십리동,텐즈힐(2단지),87,20548752,1800000000,84.9,2014,2026
서울,성동구,성수동1가,강변건영아파트,34,25838120,2150000000,84.9,2002,2026
서울,성동구,성수동1가,강변동양,5,34295175,2900000000,84.6,2001,2026
서울,성동구,성수동1가,갤러리아포레,9,46789098,9000000000,195.2,2011,2026
서울,성동구,성수동1가,금호,11,19298659,1540000000,85.0,2003,2026
서울,성동구,성수동1가,대우2,22,16897101,1405000000,85.0,1999,2026
서울,성동구,성수동1가,동아,32,27829314,2005000000,96.2,1983,2026
서울,성동구,성수동1가,동아그린,46,17403978,1292500000,58.3,1999,2026
서울,성동구,성수동1가,뚝섬현대,12,15079554,1270000000,84.2,1992,2026
서울,성동구,성수동1가,서울숲대림,28,22257930,1780000000,84.0,2000,2026
서울,성동구,성수동1가,서울숲성수현대,29,18411425,1499000000,84.7,1990,2026
서울,성동구,성수동1가,서울숲아이파크리버포레1차,58,41078638,2675000000,60.0,2024,2026
서울,성동구,성수동1가,서울숲아이파크리버포레2차,1,43343447,2600000000,60.0,2025,2025
서울,성동구,성수동1가,서울숲한양현대,21,18116547,1350000000,59.9,1999,2025
서울,성동구,성수동1가,서울숲해오름(717-0),3,10572566,770000000,78.4,2005,2026
서울,성동구,성수동1가,쌍용,64,22423025,1500000000,59.8,1997,2026
서울,성동구,성수동1가,아크로서울포레스트,7,73306893,13500000000,164.5,2020,2026
서울,성동구,성수동1가,우방,8,15025659,1052500000,60.0,1997,2026
서울,성동구,성수동1가,우성,5,17007204,1440000000,84.7,2004,2026
서울,성동구,성수동1가,중앙하이츠빌,24,21714236,1845000000,85.0,2003,2026
서울,성동구,성수동1가,트리마제,100,47680538,3935000000,84.5,2017,2026
서울,성동구,성수동1가,한진타운,39,25841751,1750000000,59.4,1994,2026
서울,성동구,성수동1가,현대그린,15,21063718,1490000000,81.5,1994,2026
서울,성동구,성수동2가,E-아름다운세상,4,14677879,1182500000,83.4,2014,2026
서울,성동구,성수동2가,강변금호타운,18,34715476,2365750000,59.7,1994,2026
서울,성동구,성수동2가,강변임광,10,34453780,2725000000,84.7,2000,2026
서울,성동구,성수동2가,강변청구3,4,27777778,2350000000,84.6,1995,2026
서울,성동구,성수동2가,강변현대,10,33007335,2700000000,81.8,1994,2026
서울,성동구,성수동2가,금호타운2차아파트,11,17350684,1240000000,59.9,1997,2026
서울,성동구,성수동2가,대명루첸,2,20718069,1760000000,85.0,2009,2025
서울,성동구,성수동2가,롯데캐슬파크,38,19577161,1870000000,102.0,2003,2026
서울,성동구,성수동2가,삼익,1,32685079,2000000000,61.2,1976,2025
서울,성동구,성수동2가,서울숲금강아미움,11,15823958,1175000000,80.9,2004,2026
서울,성동구,성수동2가,서울숲힐스테이트,26,28868816,2545000000,84.8,2009,2025
서울,성동구,성수동2가,성동상가,7,35163776,2190000000,62.3,1978,2026
서울,성동구,성수동2가,성수1차대우아파트,13,11850731,740000000,59.5,1999,2026
서울,성동구,성수동2가,성수동두산위브,3,17204156,2100000000,130.4,2006,2026
서울,성동구,성수동2가,성수우방2차아파트,26,15797392,1042500000,59.8,1999,2026
서울,성동구,성수동2가,신성미소지움,13,16664683,1100000000,59.4,2001,2026
서울,성동구,성수동2가,우성2차,4,15007486,1225000000,84.3,2006,2026
서울,성동구,성수동2가,이화101동,3,13806926,1240000000,89.8,2004,2026
서울,성동구,성수동2가,이화102동,2,14536888,1265000000,87.0,2004,2026
서울,성동구,성수동2가,청구강변1,18,28266761,2399000000,84.9,1994,2026
서울,성동구,성수동2가,한신한강,12,32814113,2595000000,85.0,2000,2026
서울,성동구,성수동2가,현대I-PARK,48,17713895,1780000000,104.6,2003,2026
서울,성동구,송정동,건영,47,12666779,940000000,84.9,2000,2026
서울,성동구,송정동,금호베스트빌,3,12710219,1080000000,85.0,2002,2026
서울,성동구,송정동,서울숲아이파크,32,14138439,1260000000,84.9,2009,2026
서울,성동구,송정동,성동리버뷰,2,9537894,556250000,58.3,2004,2026
서울,성동구,송정동,양지쉐르빌아파트,4,10631989,627500000,59.0,2016,2026
서울,성동구,송정동,히페리온리버팰리스,8,11460555,956500000,84.0,2022,2026
서울,성동구,신당동,한진해모로,1,12653013,1075000000,85.0,2001,2025
서울,성동구,옥수동,극동,134,18285343,1640000000,84.7,1986,2026
서울,성동구,옥수동,극동그린,55,16721620,1415000000,84.9,1997,2026
서울,성동구,옥수동,극동옥정,6,14982927,1100000000,84.9,1998,2026
서울,성동구,옥수동,동인샤인빌,8,19419174,1122500000,57.2,2003,2026
서울,성동구,옥수동,래미안 옥수 리버젠,179,29093031,2100000000,60.0,2012,2026
서울,성동구,옥수동,레미테지,2,14056852,3150000000,224.1,2004,2026
서울,성동구,옥수동,모닝빌아파트,1,8606675,1800000000,209.1,2000,2026
서울,성동구,옥수동,벽산빌라트,2,10336403,1650000000,159.6,1997,2025
서울,성동구,옥수동,예건네스빌,1,11769651,840000000,71.4,2005,2025
서울,성동구,옥수동,옥수,5,11223458,555000000,49.4,1975,2026
서울,성동구,옥수동,옥수삼성,124,22683298,1730000000,84.8,1999,2026
서울,성동구,옥수동,옥수어울림,32,22917897,1940000000,84.7,2011,2026
서울,성동구,옥수동,옥수이테크빌,6,12267394,1035000000,84.4,2002,2025
서울,성동구,옥수동,옥수파크힐스101동~116동,126,29207741,2250000000,84.3,2016,2026
서울,성동구,옥수동,옥수파크힐스117동~125동,54,29626335,2015000000,59.9,2016,2026
서울,성동구,옥수동,옥수하이츠,39,25925053,2555000000,114.8,1998,2026
서울,성동구,옥수동,옥수힐,1,12350848,1180000000,95.5,2004,2026
서울,성동구,옥수동,풍림아이원,22,22089964,1872500000,84.8,2004,2026
서울,성동구,옥수동,한남하이츠,57,23611270,2800000000,101.1,1982,2026
서울,성동구,옥수동,현대,65,21111893,1810000000,84.9,1990,2026
서울,성동구,옥수동,화이트캐슬,1,15558149,2000000000,128.6,2005,2025
서울,성동구,용답동,YM프라젠,5,9982343,830000000,85.0,2007,2026
서울,성동구,용답동,덕현해밀,2,12609922,998500000,78.7,2014,2026
서울,성동구,용답동,중앙하이츠,9,13365663,1015000000,84.5,1995,2026
서울,성동구,용답동,청계SKVIEW,26,16719361,1010000000,59.8,2025,2025
서울,성동구,응봉동,금호현대,48,15538847,1200000000,79.8,1990,2026
서울,성동구,응봉동,대림(1차),59,18739240,1700000000,75.5,1986,2026
서울,성동구,응봉동,대림(2차),48,15807044,1150000000,84.5,1989,2026
서울,성동구,응봉동,대림강변타운,108,20080321,1485000000,59.8,2001,2026
서울,성동구,응봉동,서울숲리버그린동아아파트,47,19339780,1350000000,60.0,2003,2026
서울,성동구,응봉동,신동아,82,14257129,1085000000,76.7,1996,2026
서울,성동구,하왕십리동,극동미라주,48,14430826,1150000000,71.9,2001,2026
서울,성동구,하왕십리동,금호베스트빌,80,12955079,1050000000,85.0,2001,2026
서울,성동구,하왕십리동,드림,1,11111111,810000000,72.9,2006,2026
서울,성동구,하왕십리동,무학현대,31,11809861,1000000000,84.5,1996,2026
서울,성동구,하왕십리동,벽산,103,13068048,1248000000,84.9,1996,2026
서울,성동구,하왕십리동,상리제나우스,7,10514019,135000000,12.8,2013,2026
서울,성동구,하왕십리동,상왕아파트,1,9537037,515000000,54.0,2002,2025
서울,성동구,하왕십리동,센트라스,331,23944602,1760000000,60.0,2016,2026
서울,성동구,하왕십리동,왕십리KCC스위첸,36,16632843,1204000000,76.8,2016,2026
서울,성동구,하왕십리동,왕십리자이,114,21670278,1382500000,60.0,2017,2026
서울,성동구,하왕십리동,왕십리지웰,7,14124793,1200000000,85.0,2009,2026
서울,성동구,하왕십리동,왕십리지음재,6,13338279,190000000,13.7,2020,2026
서울,성동구,하왕십리동,왕십리풍림아이원,114,17306784,1200000000,59.9,2004,2026
서울,성동구,하왕십리동,텐즈힐(1단지),163,20852969,1850000000,85.0,2015,2026
서울,성동구,하왕십리동,한신무학,63,12703790,995000000,75.2,1989,2026
서울,성동구,하왕십리동,한진해모로,19,11223944,1145000000,112.3,2001,2026
서울,성동구,행당동,(1-10),1,6076618,460000000,75.7,2003,2025
서울,성동구,행당동,대림e-편한세상,224,18012008,1347500000,84.9,2000,2026
서울,성동구,행당동,두산,15,15682349,1090000000,59.9,1997,2026
서울,성동구,행당동,라체르보푸르지오써밋,2,27876960,2365000000,84.8,2025,2025
서울,성동구,행당동,서울숲 한신 더 휴,162,18481460,1502500000,85.0,2003,2026
서울,성동구,행당동,서울숲더샵,54,21263958,1982500000,92.2,2014,2026
서울,성동구,행당동,서울숲리버뷰자이,86,27525992,2342500000,85.0,2018,2026
서울,성동구,행당동,서울숲삼부아파트,20,19524211,1806000000,84.5,1998,2026
서울,성동구,행당동,서울숲한성,2,9774032,817500000,83.6,2003,2026
서울,성동구,행당동,서울숲행당푸르지오,61,19772118,1500000000,59.8,2011,2026
서울,성동구,행당동,신동아,79,14787752,1025000000,60.0,1995,2026
서울,성동구,행당동,행당두산위브,38,21467319,1477500000,60.0,2009,2026
서울,성동구,행당동,행당브라운스톤,21,18171081,1275000000,59.3,2005,2025
서울,성동구,행당동,행당한진타운,202,18794697,1440000000,60.0,2000,2026
서울,성동구,홍익동,청계대주파크빌,8,10828626,920000000,85.0,2005,2026
서울,성동구,홍익동,홍익한신,7,8804939,600000000,73.0,1975,2025
서울,성북구,길음동,길음뉴타운1단지(래미안길음1차),147,13752292,980000000,60.0,2003,2026
서울,성북구,길음동,길음뉴타운2단지푸르지오,191,10591974,900000000,85.0,2005,2026
서울,성북구,길음동,길음뉴타운3단지푸르지오,70,11668611,790000000,60.0,2005,2026
서울,성북구,길음동,길음뉴타운4단지(e편한세상),212,12818170,961500000,84.6,2005,2026
서울,성북구,길음동,길음뉴타운5단지(래미안),60,12703385,1050000000,85.0,2006,2026
서울,성북구,길음동,길음뉴타운6단지(래미안),110,15439107,1229750000,84.0,2007,2026
서울,성북구,길음동,길음뉴타운7단지(두산위브),62,13647183,1077500000,85.0,2010,2026
서울,성북구,길음동,길음뉴타운8단지(래미안),180,15002500,1150000000,84.8,2010,2026
서울,성북구,길음동,길음뉴타운9단지(래미안),104,14595104,1172500000,85.0,2010,2026
서울,성북구,길음동,길음뉴타운신안파크아파트,17,6510580,482500000,79.9,1988,2026
서울,성북구,길음동,길음동동부센트레빌(1278-0),185,11491679,910000000,84.8,2003,2026
서울,성북구,길음동,길음역롯데캐슬트윈골드,1,23467513,1405000000,59.9,2024,2026
서울,성북구,길음동,길음현대,14,9986662,559000000,60.0,2000,2026
서울,성북구,길음동,래미안길음센터피스,191,19009505,1240000000,60.0,2019,2026
서울,성북구,길음동,롯데캐슬골든힐스,65,11964100,950000000,84.9,2019,2026
서울,성북구,길음동,롯데캐슬클라시아,190,19738647,1445000000,59.9,2022,2026
서울,성북구,길음동,삼부컨비니언,71,10260260,730000000,59.9,1998,2026
서울,성북구,돈암동,고명,2,8678238,404975000,48.2,1972,2026
서울,성북구,돈암동,구현대,14,13088790,683365000,51.5,1981,2026
서울,성북구,돈암동,길음역금호어울림센터힐,62,13368984,950000000,72.3,2014,2026
서울,성북구,돈암동,대성유니드(641-0),5,8770897,745000000,84.9,2009,2026
서울,성북구,돈암동,돈암동 풍림아파트 101~105동,54,7640529,642500000,84.7,1999,2026
서울,성북구,돈암동,돈암동더샵아파트,30,9373121,795000000,84.8,2006,2026
서울,성북구,돈암동,돈암동삼성,111,10048469,800000000,84.6,1999,2026
서울,성북구,돈암동,돈암동해피트리,26,8059416,987500000,129.7,2013,2026
서울,성북구,돈암동,돈암코오롱하늘채,55,13922154,1110000000,84.9,2016,2026
서울,성북구,돈암동,돈암현대아파트,58,10499439,593000000,56.7,1991,2026
서울,성북구,돈암동,돈암힐스테이트,18,12041091,847500000,59.9,2007,2026
서울,성북구,돈암동,동부센트레빌,44,10864167,925000000,80.5,2003,2026
서울,성북구,돈암동,동소문현대,12,7672332,650000000,84.7,1994,2026
서울,성북구,돈암동,범양,51,10620505,730000000,59.8,1998,2026
서울,성북구,돈암동,삼성아지오아파트,1,5978581,508000000,85.0,2007,2025
서울,성북구,돈암동,서라벌,3,6014827,430000000,71.5,2004,2026
서울,성북구,돈암동,성일우리미,15,7710418,655000000,85.0,2004,2026
서울,성북구,돈암동,이수브라운스톤돈암,110,12502084,879500000,60.0,2004,2026
서울,성북구,돈암동,일신건영휴먼빌아파트,51,8876750,880000000,85.0,2005,2026
서울,성북구,돈암동,한신,158,9797446,840000000,84.9,1998,2026
서울,성북구,돈암동,한진(609-1),269,10070493,768000000,59.6,1998,2026
서울,성북구,동선동1가,코아루센타시아,4,9116742,770000000,84.3,2010,2026
서울,성북구,동선동4가,한양수자인,3,9407614,640000000,68.0,2008,2026
서울,성북구,동선동5가,트라움하임,1,6416584,390000000,60.8,2004,2024
서울,성북구,동소문동4가,송산아파트,31,9813961,595000000,58.6,1998,2026
서울,성북구,동소문동4가,한신플러스A,2,7611290,1010000000,135.6,2004,2025
서울,성북구,동소문동5가,돈암동일하이빌,21,10828880,950000000,85.0,2006,2026
서울,성북구,동소문동5가,성신여대역솔하임,8,14899385,211500000,14.1,2018,2025
서울,성북구,동소문동6가,시티플레이스,6,12981455,182000000,14.0,2015,2026
서울,성북구,동소문동6가,청기와,2,7581021,544000000,71.7,2001,2026
서울,성북구,동소문동6가,한신플러스B,2,8939494,950000000,106.3,2004,2026
서울,성북구,동소문동7가,브라운스톤동선,26,13843716,920000000,60.0,2010,2026
서울,성북구,동소문동7가,한신플러스C,60,12126523,794000000,59.9,2004,2026
서울,성북구,보문동1가,보문리슈빌하우트,50,18062677,1140000000,59.8,2022,2026
서울,성북구,보문동2가,광남캐스빌,1,5723006,300000000,52.4,2001,2025
서울,성북구,보문동3가,이편한세상보문,42,11719118,1028000000,84.9,2013,2026
서울,성북구,보문동3가,현대I-PARK,40,12218268,930000000,84.3,2003,2026
서울,성북구,보문동4가,보문하우스토리,12,10955394,960000000,82.8,2011,2026
서울,성북구,보문동6가,보문파크뷰자이,163,16869885,1050000000,59.9,2017,2026
서울,성북구,보문동6가,아남,27,7891637,655000000,84.9,1994,2026
서울,성북구,보문동7가,DH팰리스타워,1,11003668,660000000,60.0,2021,2024
서울,성북구,삼선동2가,삼선푸르지오,115,10963103,920000000,84.8,2008,2026
서울,성북구,삼선동2가,삼선현대힐스테이트,61,12458209,825000000,56.8,2009,2026
서울,성북구,삼선동3가,삼선에스케이뷰,42,14951731,1265000000,84.9,2012,2026
서울,성북구,삼선동3가,제일,1,7181540,610000000,84.9,2003,2026
서울,성북구,삼선동4가,공신,1,5940594,900000000,151.5,1998,2026
서울,성북구,삼선동4가,코오롱,31,11511512,760000000,59.9,1999,2026
서울,성북구,삼선동5가,청기와,1,6666667,500000000,75.0,2003,2025
서울,성북구,상월곡동,동아에코빌,160,10050042,735000000,60.0,2003,2026
서울,성북구,상월곡동,우남푸르미아,14,7712944,597000000,72.1,1994,2026
서울,성북구,상월곡동,한솔,1,8869101,498000000,56.2,2003,2025
서울,성북구,석관동,두산,193,11425206,830000000,60.0,1998,2026
서울,성북구,석관동,래미안아트리치,123,15588530,1020000000,60.0,2019,2026
서울,성북구,석관동,삼성,8,7317787,457500000,59.8,1997,2026
서울,성북구,석관동,석관래미안,59,11786893,900000000,84.8,2009,2026
서울,성북구,석관동,신동아파밀리에,22,9585492,822500000,84.9,2011,2026
서울,성북구,석관동,장위아트포레,2,10868686,269500000,25.0,2025,2026
서울,성북구,석관동,중앙하이츠,20,9031611,622500000,59.8,1994,2026
서울,성북구,석관동,코오롱,49,9567574,710000000,84.9,1999,2026
서울,성북구,성북동,성북,3,6156317,230000000,37.4,1971,2025
서울,성북구,성북동,성북좋은,1,11449709,1300000000,113.5,2002,2026
서울,성북구,성북동1가,스타팰리스,3,9910399,1825000000,184.2,2006,2025
서울,성북구,성북동1가,휴아름스튜디오,9,12748710,200000000,16.3,2015,2026
서울,성북구,안암동1가,안암동삼성래미안,64,12077396,900000000,84.9,2005,2026
서울,성북구,안암동3가,대광,28,3878077,207500000,51.8,1971,2026
서울,성북구,안암동3가,동관아트빌,1,7383814,510000000,69.1,2004,2025
서울,성북구,안암동3가,동아쉐르빌,1,5537245,420000000,75.8,2005,2026
서울,성북구,안암동3가,삼익,18,7549459,795000000,98.7,1983,2026
서울,성북구,안암동3가,해링턴플레이스안암,7,16391276,870000000,49.6,2024,2026
서울,성북구,안암동4가,안암,6,4532018,280000000,61.0,1969,2026
서울,성북구,장위동,경헌그린아파트,2,5728432,715000000,124.8,2003,2026
서울,성북구,장위동,그린빌아파트,3,5962924,505000000,84.7,2002,2026
서울,성북구,장위동,꿈의숲대명루첸아파트,64,10831772,916500000,84.8,2008,2026
서울,성북구,장위동,꿈의숲아이파크,168,16861252,1190000000,67.8,2022,2026
서울,성북구,장위동,꿈의숲코오롱하늘채,46,14733616,1055000000,59.9,2017,2026
서울,성북구,장위동,래미안장위퍼스트하이,186,14098187,1115000000,84.9,2020,2026
서울,성북구,장위동,래미안포레카운티,84,14241531,1077500000,85.0,2021,2026
서울,성북구,장위동,석계역한일노벨리아시티,43,7755810,115000000,14.7,2019,2026
서울,성북구,장위동,세영아파트,1,10349127,830000000,80.2,2003,2025
서울,성북구,장위동,신장위아파트,1,6561529,570000000,86.9,2003,2025
서울,성북구,장위동,우방아파트,13,7767447,570000000,60.0,2001,2026
서울,성북구,장위동,장위동동원베네스트,2,7987928,677500000,84.8,2005,2026
서울,성북구,장위동,장위자이레디언트(3단지),1,16440608,1200000000,73.0,2025,2025
서울,성북구,장위동,장위자이레디언트(4단지),1,12506253,750000000,60.0,2025,2026
서울,성북구,장위동,장위지웰에스테이트,28,10631645,425000000,40.0,2022,2026
서울,성북구,장위동,참누리아파트,23,9390445,773000000,85.0,2006,2026
서울,성북구,정릉동,갤럭시더정릉,2,16633132,248000000,14.9,2022,2026
서울,성북구,정릉동,길음뉴타운경남아너스빌,102,10272644,674000000,59.6,1999,2026
서울,성북구,정릉동,길음뉴타운데시앙,61,8751262,570000000,59.4,1999,2026
서울,성북구,정릉동,대동아파트,6,7121717,577500000,81.1,2003,2026
서울,성북구,정릉동,대우,64,7886801,377500000,43.1,2001,2026
서울,성북구,정릉동,대원아파트,1,4521375,367000000,81.2,2006,2024
서울,성북구,정릉동,대창쉐르빌,1,4863680,355000000,73.0,2000,2024
서울,성북구,정릉동,동우,2,3842977,181500000,47.0,1975,2026
서울,성북구,정릉동,동일스카이,1,4172209,345000000,82.7,2010,2026
서울,성북구,정릉동,라온유,27,9887773,900000000,84.6,2008,2026
서울,성북구,정릉동,"산장아파트가동,나동",25,6598601,350000000,52.9,1977,2026
서울,성북구,정릉동,스카이아파트,1,3530658,300000000,85.0,2023,2026
서울,성북구,정릉동,쌍용2,32,8764608,570000000,59.9,1999,2026
서울,성북구,정릉동,우방,26,7111278,467000000,59.9,1999,2026
서울,성북구,정릉동,우정에쉐르,21,7889779,660000000,84.9,2009,2026
서울,성북구,정릉동,이니지오2,45,8957777,264570000,29.3,2025,2025
서울,성북구,정릉동,정릉2차e-편한세상,67,10959716,816000000,84.1,2009,2026
서울,성북구,정릉동,정릉2차대주피오레,16,8137008,635000000,85.0,2008,2026
서울,성북구,정릉동,정릉e-편한세상,71,10373097,710000000,59.8,2006,2026
서울,성북구,정릉동,정릉꿈에그린,36,10897588,826500000,84.6,2015,2026
서울,성북구,정릉동,정릉성원상떼빌,26,8883884,548000000,59.9,2000,2026
서울,성북구,정릉동,정릉스카이쌍용아파트,46,8938116,627500000,59.9,1999,2026
서울,성북구,정릉동,정릉우성아파트 101~105동,87,8624544,654000000,85.0,2000,2026
서울,성북구,정릉동,정릉중앙하이츠아파트,22,6353358,419000000,59.3,1999,2026
서울,성북구,정릉동,정릉푸르지오,38,9777359,770000000,84.9,2005,2026
서울,성북구,정릉동,정릉푸른마을동아,53,8709981,657000000,85.0,2003,2026
서울,성북구,정릉동,정릉풍림아이원,241,8502795,600000000,60.0,2005,2026
서울,성북구,정릉동,정릉한일유앤아이,5,6824332,610000000,85.0,2006,2026
서울,성북구,정릉동,정릉힐스테이트,34,9773905,810000000,84.9,2004,2026
서울,성북구,정릉동,정릉힐스테이트1차,26,9164531,777500000,84.8,2007,2026
서울,성북구,정릉동,정릉힐스테이트3차,56,11462154,740000000,60.0,2008,2026
서울,성북구,정릉동,중앙하이츠빌1단지,50,8737350,682500000,85.0,2004,2026
서울,성북구,정릉동,중앙하이츠빌2단지,68,8965611,685000000,84.7,2005,2026
서울,성북구,정릉동,청구,6,6533915,395000000,59.8,1999,2025
서울,성북구,정릉동,풍산쉐르빌(815-1),1,5353061,445000000,83.1,2008,2026
서울,성북구,정릉동,피오레,6,6880076,686500000,99.6,2004,2026
서울,성북구,종암동,고려,6,5284247,311900000,59.0,1983,2026
서울,성북구,종암동,극동,23,10172616,700000000,59.7,2000,2026
서울,성북구,종암동,래미안라센트,79,15413578,1155000000,85.0,2011,2026
서울,성북구,종암동,래미안세레니티,109,14173754,1020000000,84.9,2009,2026
서울,성북구,종암동,래미안크리시엘,151,12336669,880000000,60.0,2004,2026
서울,성북구,종암동,선경(127),3,8112219,480000000,59.2,1998,2026
서울,성북구,종암동,센트럴힐,3,6732496,450000000,66.8,2003,2026
서울,성북구,종암동,아이파크종암동1차,63,13025280,930000000,85.0,2004,2026
서울,성북구,종암동,아이파크종암동2차,68,11743184,910000000,84.7,2005,2026
서울,성북구,종암동,우림카이저팰리스,15,8825606,750000000,85.0,2008,2026
서울,성북구,종암동,종암2차SKVIEW,32,13837946,925000000,60.0,2010,2026
서울,성북구,종암동,종암라온프라이빗,39,13702892,299500000,21.9,2025,2025
서울,성북구,종암동,종암선경,28,9072848,640000000,75.5,1996,2026
서울,성북구,종암동,종암에스케이,121,10942198,813000000,59.9,1999,2026
서울,성북구,종암동,중앙드림빌,1,5408576,415000000,76.7,2013,2026
서울,성북구,청량리동,샹그레빌아파트,1,10602120,848000000,80.0,2004,2026
서울,성북구,하월곡동,광남캐스빌,1,8787450,745000000,84.8,2008,2026
서울,성북구,하월곡동,길음서희스타힐스,40,10189878,825000000,84.9,2011,2026
서울,성북구,하월곡동,꿈의숲푸르지오,102,12531433,806500000,59.6,2010,2026
서울,성북구,하월곡동,동신,68,10354041,687500000,59.9,1998,2026
서울,성북구,하월곡동,동신주택,12,6283328,464500000,71.2,1985,2026
서울,성북구,하월곡동,동일하이빌뉴시티,43,9478673,1300000000,126.6,2011,2026
서울,성북구,하월곡동,래미안월곡,160,12191652,940000000,84.6,2006,2026
서울,성북구,하월곡동,베로니스,12,11052011,592500000,53.8,2020,2026
서울,성북구,하월곡동,삼전솔하임3차,24,7458387,116500000,15.6,2013,2026
서울,성북구,하월곡동,샹그레빌아파트,35,8580658,680000000,79.2,2004,2026
서울,성북구,하월곡동,성북힐스테이트(101동),35,9287045,880000000,84.7,2007,2026
서울,성북구,하월곡동,성북힐스테이트(102동),9,8719916,960000000,106.3,2007,2026
서울,성북구,하월곡동,수산동양빌,1,6601056,550000000,83.3,2003,2025
서울,성북구,하월곡동,아남,16,8504252,560000000,60.0,1996,2026
서울,성북구,하월곡동,월곡갑을명가,13,10233045,710000000,66.9,2007,2026
서울,성북구,하월곡동,월곡두산위브,214,11195435,824500000,84.6,2003,2026
서울,성북구,하월곡동,월곡래미안루나밸리,88,12812205,953500000,72.4,2007,2026
서울,성북구,하월곡동,창방트윈(A동),1,6500542,540000000,83.1,2003,2026
서울,성북구,하월곡동,창방트윈(B동),2,6891778,572500000,83.1,2003,2026
서울,성북구,하월곡동,코업스타클래스,3,9261097,1400000000,151.2,2010,2026
서울,송파구,가락동,e지브로,2,10674687,905000000,84.8,2004,2026
서울,송파구,가락동,sk파크타워,6,12944249,1095000000,84.6,2003,2026
서울,송파구,가락동,가락(1차)쌍용아파트,231,22788995,1575000000,59.9,1997,2026
서울,송파구,가락동,가락3차쌍용스윗닷홈(103동),10,14863433,1262500000,84.9,2005,2025
서울,송파구,가락동,"가락3차쌍용스윗닷홈101동,102동",11,17684508,1330000000,84.8,2005,2026
서울,송파구,가락동,가락금호아파트,94,21371881,1400000000,59.9,1997,2026
서울,송파구,가락동,가락미륭아파트,42,22642977,1525000000,73.9,1986,2026
서울,송파구,가락동,가락스타클래스,4,13180538,1298750000,100.5,2007,2026
서울,송파구,가락동,가락쌍용(2차),55,18871075,1330000000,59.9,1999,2026
서울,송파구,가락동,가락우성2,28,15634731,1040000000,60.0,2000,2026
서울,송파구,가락동,가락현대투웰브(101동),2,10855075,1140000000,105.0,2005,2026
서울,송파구,가락동,가락현대투웰브(102동),3,11054623,1015000000,84.6,2005,2026
서울,송파구,가락동,강남팰리스,24,12728959,725000000,56.3,2022,2026
서울,송파구,가락동,골드팰리스아파트,2,10451661,840000000,80.4,2007,2025
서울,송파구,가락동,그린아파트,3,9115426,507000000,55.6,1996,2026
서울,송파구,가락동,극동,29,14119601,1700000000,120.4,1984,2026
서울,송파구,가락동,대련,2,8488188,552500000,67.6,2001,2026
서울,송파구,가락동,대림,58,14752330,1300000000,84.1,1988,2026
서울,송파구,가락동,동구햇살,1,9365994,650000000,69.4,2002,2026
서울,송파구,가락동,동궁리치웰(101동),7,9767920,1330000000,136.2,2002,2026
서울,송파구,가락동,동궁리치웰(102동),9,13110846,1100000000,83.7,2005,2026
서울,송파구,가락동,동궁리치웰1,1,9371685,795000000,84.8,2004,2025
서울,송파구,가락동,동부센트레빌,27,14893022,1950000000,143.0,2001,2026
서울,송파구,가락동,동성아파트(101동),1,8854332,837000000,94.5,2006,2025
서울,송파구,가락동,동일씨티빌,3,9658422,820000000,84.9,2004,2026
서울,송파구,가락동,두산위브,10,6858368,185000000,29.2,2004,2026
서울,송파구,가락동,래미안파크팰리스,95,23550469,1935000000,84.9,2007,2026
서울,송파구,가락동,로즈힐파크(A동),1,8698119,920000000,105.8,2009,2025
서울,송파구,가락동,롯데캐슬,11,8579320,1500000000,180.5,2003,2026
서울,송파구,가락동,삼성프라자,3,7464392,980000000,131.3,1995,2026
서울,송파구,가락동,삼환,53,17744154,1750000000,85.0,1984,2026
서울,송파구,가락동,성원상떼빌,36,10777288,1200000000,108.6,2006,2026
서울,송파구,가락동,송파Nsuite,2,8535654,1037500000,121.8,2005,2026
서울,송파구,가락동,송파동부쎈트레빌,17,19063309,1620000000,85.0,2004,2026
서울,송파구,가락동,신한빌라트-신한미지엔,2,8422533,1227500000,145.7,1997,2025
서울,송파구,가락동,신한에스빌-미지엔,5,11942581,1015000000,85.0,2002,2026
서울,송파구,가락동,쌍용노블래스,3,8440570,610000000,72.3,2003,2025
서울,송파구,가락동,쌍용스윗닷홈(104동),4,14130524,1655000000,121.1,2005,2026
서울,송파구,가락동,쌍용스윗닷홈(105동),7,12905334,1580000000,122.4,2005,2026
서울,송파구,가락동,씨티빌,1,8382890,1170000000,139.6,2003,2026
서울,송파구,가락동,아키죤II,2,11488910,865000000,75.3,2003,2026
서울,송파구,가락동,아키죤아파트1동,2,10924426,822500000,75.3,2002,2025
서울,송파구,가락동,에스디펠리체,1,9248404,710000000,76.8,2007,2025
서울,송파구,가락동,예일,4,6269963,1590000000,253.6,1992,2026
서울,송파구,가락동,우민-늘푸른아파트,3,8010232,595000000,74.3,2005,2026
서울,송파구,가락동,우성,102,21694451,1250000000,51.1,1986,2026
서울,송파구,가락동,우정에쉐르,5,10241318,870000000,85.0,2004,2026
서울,송파구,가락동,이연파레스,1,12500000,1200000000,96.0,1999,2025
서울,송파구,가락동,주성드림펠리스,1,10050251,1100000000,109.4,2004,2026
서울,송파구,가락동,주성파크빌,2,10415913,799000000,76.0,2002,2026
서울,송파구,가락동,진넥스베르디엠,9,13801886,828000000,60.0,2017,2026
서울,송파구,가락동,청솔,1,9906971,820000000,82.8,2005,2025
서울,송파구,가락동,카나피아,1,8737664,850000000,97.3,2002,2025
서울,송파구,가락동,카나피아Ⅱ,1,8147361,690000000,84.7,2003,2026
서울,송파구,가락동,테라펠리체송파,47,19441957,700000000,33.9,2021,2026
서울,송파구,가락동,풍림1,9,14654744,1160000000,80.5,1995,2026
서울,송파구,가락동,프라임,1,8969280,1200000000,133.8,2002,2026
서울,송파구,가락동,프라임레지던스,4,5655738,1035000000,183.0,1994,2025
서울,송파구,가락동,프라자,35,15708043,1520000000,84.7,1985,2025
서울,송파구,가락동,한신1,25,15382795,1300000000,84.5,1993,2026
서울,송파구,가락동,한화오벨리스크,15,7622433,197000000,25.3,2004,2026
서울,송파구,가락동,헬리오시티,514,31772182,2525000000,85.0,2018,2026
서울,송파구,가락동,현대(5차),7,17129630,1038000000,54.0,1989,2026
서울,송파구,가락동,현대(60동),12,14419417,1200000000,82.2,1991,2026
서울,송파구,가락동,현대(6차),21,13797170,1170000000,84.8,1991,2026
서울,송파구,가락동,현대7,6,12976964,1098500000,84.6,1991,2026
서울,송파구,가락동,현대파크빌,1,7734908,1690000000,218.5,1999,2025
서울,송파구,거여동,e편한세상송파파크센트럴,76,20008239,1637500000,85.0,2021,2026
서울,송파구,거여동,거여1단지,147,18365980,870000000,49.8,1997,2026
서울,송파구,거여동,거여2단지효성아파트,25,11491696,1470000000,134.9,1997,2026
서울,송파구,거여동,거여4단지,84,16900785,844250000,49.8,1997,2026
서울,송파구,거여동,거여5단지,85,14814815,950000000,59.7,1997,2026
서울,송파구,거여동,금호어울림,9,11374779,1140000000,102.0,2003,2025
서울,송파구,거여동,대영무지개1,1,7374101,410000000,55.6,1991,2025
서울,송파구,거여동,보화2차,4,26250072,1065000000,40.4,1988,2026
서울,송파구,거여동,블레스,1,8832882,750000000,84.9,2005,2025
서울,송파구,거여동,삼호아파트,12,12209400,854000000,72.4,1999,2026
서울,송파구,거여동,성동레인보우,3,10356661,695000000,81.6,2000,2026
서울,송파구,거여동,송파레이크파크호반써밋Ⅰ,22,17369424,1890000000,108.8,2022,2026
서울,송파구,거여동,송파레이크파크호반써밋Ⅱ,29,19023829,2070000000,108.8,2022,2026
서울,송파구,거여동,송파레이크힐,1,14687834,1101000000,75.0,2021,2026
서울,송파구,거여동,송파시그니처롯데캐슬,119,23091030,1705000000,85.0,2021,2026
서울,송파구,거여동,송파위례리슈빌,21,18917761,2045000000,105.5,2021,2026
서울,송파구,거여동,쌍용스윗닷홈2차,6,11655531,1220000000,104.1,2006,2026
서울,송파구,거여동,쌍용스윗닷홈거여역1차,5,12948793,1183000000,85.0,2006,2026
서울,송파구,거여동,우방1,19,13186446,830000000,59.9,1999,2026
서울,송파구,거여동,청솔,1,20273010,1500000000,74.0,2002,2026
서울,송파구,거여동,포레나송파,3,12617925,1070000000,84.8,2021,2026
서울,송파구,거여동,현대1차,39,13897067,1100000000,84.9,1992,2026
서울,송파구,거여동,현대2차,19,12415622,1030000000,83.0,1992,2026
서울,송파구,거여동,현대3차,36,12832588,1090000000,84.9,1993,2026
서울,송파구,거여동,힐트리움송파,1,16868845,680000000,40.3,2026,2026
서울,송파구,마천동,금호어울림,8,11758475,999000000,85.0,2006,2026
서울,송파구,마천동,뉴타운,1,12402844,750000000,60.5,2004,2026
서울,송파구,마천동,대성골드클래스,2,12943189,551500000,42.7,2017,2025
서울,송파구,마천동,동구햇살,1,12686567,850000000,67.0,2002,2025
서울,송파구,마천동,마천금호어울림1차아파트,17,11736315,1110000000,84.8,2002,2026
서울,송파구,마천동,마천대성,4,16689031,995000000,59.6,1995,2026
서울,송파구,마천동,마천동금호타운1,9,14516936,1040000000,59.9,1998,2026
서울,송파구,마천동,산성,2,16376691,1380000000,84.3,2003,2026
서울,송파구,마천동,삼익1,9,14134276,1050000000,84.9,1996,2026
서울,송파구,마천동,성영,4,8791963,704500000,80.1,2000,2026
서울,송파구,마천동,솔렌시아,2,7825233,661500000,84.5,2003,2026
서울,송파구,마천동,송파건원여미지아파트,10,13909281,720000000,51.8,2018,2026
서울,송파구,마천동,송파자연채,1,10168985,680000000,66.9,2008,2026
서울,송파구,마천동,송파파크데일1단지,24,14189884,1092500000,84.8,2011,2026
서울,송파구,마천동,송파파크데일2단지,24,12830556,1200000000,84.9,2011,2026
서울,송파구,마천동,신동아,26,10888444,690000000,59.9,2001,2026
서울,송파구,마천동,씨티,3,8237232,700000000,85.0,2001,2026
서울,송파구,마천동,씨티빌,1,8384506,710000000,84.7,2003,2026
서울,송파구,마천동,아남,7,9862413,800000000,70.4,1992,2026
서울,송파구,마천동,우방아파트,28,11755775,757500000,67.2,2002,2026
서울,송파구,마천동,천마그랑밸리,4,11653914,990000000,84.9,2004,2026
서울,송파구,마천동,한보1,5,15609180,880000000,59.3,1998,2026
서울,송파구,마천동,한주리버뷰,1,12282338,790000000,64.3,2015,2026
서울,송파구,마천동,현대그린빌,7,10055304,600000000,59.7,1998,2026
서울,송파구,문정동,건영1,44,19433582,1615000000,84.4,1996,2026
서울,송파구,문정동,그랜빌캐슬,1,8383712,735000000,87.7,2003,2025
서울,송파구,문정동,대림미소나눔,2,8682297,692500000,79.8,2004,2026
서울,송파구,문정동,동궁리치웰(69-3),2,10614180,772500000,72.8,2004,2025
서울,송파구,문정동,동궁리치웰문정(101),1,11918133,955000000,80.1,2004,2026
서울,송파구,문정동,동궁리치웰문정(102),1,11668539,935000000,80.1,2004,2025
서울,송파구,문정동,동부화이트빌(2동),1,7663100,222000000,29.0,2002,2025
서울,송파구,문정동,메트로IV,1,8703220,600000000,68.9,2003,2026
서울,송파구,문정동,문정가락현대1차,30,16356790,1715000000,85.0,1984,2026
서울,송파구,문정동,문정그린,1,8923815,670000000,75.1,2001,2026
서울,송파구,문정동,문정대우푸르지오1차,29,17296123,1175000000,59.8,1999,2026
서울,송파구,문정동,문정대우푸르지오2차,22,16451234,1135000000,59.6,2001,2026
서울,송파구,문정동,문정대우푸르지오3차,10,13682910,1162500000,85.0,2002,2026
서울,송파구,문정동,문정동아,10,12261789,845000000,57.7,1997,2026
서울,송파구,문정동,문정래미안,134,13887741,1750000000,133.3,2004,2026
서울,송파구,문정동,문정시영,262,20455069,776000000,39.7,1989,2026
서울,송파구,문정동,보라뷰,1,9578228,813000000,84.9,2003,2026
서울,송파구,문정동,삼형아파트,1,7527853,750000000,99.6,2002,2025
서울,송파구,문정동,선경쉐르빌(106-15),1,7838284,665000000,84.8,2002,2025
서울,송파구,문정동,선경쉐르빌(106-23),1,9546227,730000000,76.5,2002,2026
서울,송파구,문정동,성해,3,10286166,860000000,75.8,2003,2026
서울,송파구,문정동,세양청마루,11,15022534,900000000,59.9,2004,2026
서울,송파구,문정동,아름빌,1,9301778,790000000,84.9,2005,2026
서울,송파구,문정동,올림픽훼밀리타운,304,21840505,2450000000,117.6,1988,2026
서울,송파구,문정동,인택,1,12354395,1050000000,85.0,2002,2026
서울,송파구,문정동,자이파인빌(101동),1,10008641,695000000,69.4,2006,2025
서울,송파구,문정동,자이파인빌(102동),2,10419067,723500000,69.4,2006,2026
서울,송파구,문정동,주성아트빌,1,9947028,845000000,85.0,2002,2026
서울,송파구,문정동,주성파크뷰,3,9636987,815000000,84.3,2003,2026
서울,송파구,문정동,크로바맨션,1,5262119,800000000,152.0,1992,2026
서울,송파구,문정동,트윈팰리스(101동),1,11205473,950000000,84.8,2006,2026
서울,송파구,문정동,파크하비오,84,19742577,1712500000,85.0,2016,2026
서울,송파구,문정동,현대,22,11892650,955000000,84.0,1991,2026
서울,송파구,문정동,현대(62-5),16,14484148,935000000,54.6,1993,2026
서울,송파구,문정동,현대2,15,12708873,880000000,59.9,1995,2026
서울,송파구,문정동,힐스테이트e편한세상문정,37,27360694,1730000000,59.9,2024,2026
서울,송파구,방이동,(185-5),2,11773060,1575000000,133.8,2002,2026
서울,송파구,방이동,AQUADCASAS,1,10455312,620000000,59.3,2004,2025
서울,송파구,방이동,광남,1,9192090,925000000,100.6,2003,2025
서울,송파구,방이동,광명아파트,3,11478015,800000000,70.6,2007,2026
서울,송파구,방이동,뉴파크플러스,1,9407904,688000000,73.1,2006,2024
서울,송파구,방이동,대림,28,20647611,2470000000,125.1,1985,2026
서울,송파구,방이동,도무스빌,1,14007754,1915000000,136.7,2004,2025
서울,송파구,방이동,동광팰리스,8,15373755,385000000,24.6,2018,2026
서울,송파구,방이동,디벨라지오,2,16261312,1380000000,84.9,2023,2024
서울,송파구,방이동,몽촌(아),1,7503531,425000000,56.6,2007,2024
서울,송파구,방이동,방이금호어울림,19,14116251,1075000000,84.3,2001,2026
서울,송파구,방이동,보미리즌빌(101동),1,10507925,842000000,80.1,2005,2026
서울,송파구,방이동,보미리즌빌(102동),1,10087143,845000000,83.8,2005,2025
서울,송파구,방이동,부광,1,8975026,690000000,76.9,2004,2026
서울,송파구,방이동,서림올림피아드,3,10101010,650000000,64.4,2004,2026
서울,송파구,방이동,세원아파트,5,7027667,475000000,67.6,2003,2026
서울,송파구,방이동,신구블레스밸리,2,15368586,1770000000,115.2,2004,2026
서울,송파구,방이동,신동아타워,9,12003968,690000000,50.4,1995,2026
서울,송파구,방이동,에비뉴잠실,2,13394876,355500000,26.5,2020,2024
서울,송파구,방이동,옥산크리스탈,10,11807326,860000000,74.5,2001,2026
서울,송파구,방이동,올림픽베어스타운1,13,17212726,1350000000,84.2,1996,2026
서울,송파구,방이동,올림픽선수기자촌1단지,87,27088851,2661000000,100.8,1988,2026
서울,송파구,방이동,올림픽선수기자촌2단지,116,26942508,2940000000,100.3,1988,2026
서울,송파구,방이동,올림픽선수기자촌3단지,62,26844135,2990000000,100.3,1988,2026
서울,송파구,방이동,올림픽카운티,19,8966408,347000000,38.7,2003,2026
서울,송파구,방이동,올림픽파크리움,7,11349933,160000000,14.7,2016,2026
서울,송파구,방이동,올림픽포레다움아파트,4,16520514,527500000,31.9,2023,2026
서울,송파구,방이동,우광아파트,1,10097872,650000000,64.4,2000,2025
서울,송파구,방이동,원진아뜨리에,3,9383698,1180000000,125.8,2004,2026
서울,송파구,방이동,윈저하우스,3,11375178,575000000,49.2,2002,2025
서울,송파구,방이동,은성아파트,1,8365589,670000000,80.1,2001,2025
서울,송파구,방이동,이스턴잠실,7,13527224,395000000,29.6,2020,2026
서울,송파구,방이동,인택스빌,4,11122892,770000000,76.6,2001,2025
서울,송파구,방이동,인택파크랜드,8,11160186,1360000000,126.7,2004,2026
서울,송파구,방이동,인텍스빌,3,9194831,680000000,69.8,2000,2026
서울,송파구,방이동,잠실라펜앤,2,18423158,685000000,36.8,2024,2026
서울,송파구,방이동,정우아트빌B,2,9424166,599000000,63.6,2006,2025
서울,송파구,방이동,주함위너스Ⅰ,3,10155881,860000000,84.7,2004,2026
서울,송파구,방이동,주함위너스Ⅱ,2,9802161,825000000,84.2,2004,2025
서울,송파구,방이동,코오롱아파트,62,19276045,1637500000,85.0,1991,2026
서울,송파구,방이동,태평양파크1,1,8954616,1320000000,147.4,1996,2024
서울,송파구,방이동,트리니엘,5,13181585,430000000,33.4,2021,2026
서울,송파구,방이동,파라다이스빌(40-0),6,14120621,1197500000,84.8,2006,2025
서울,송파구,방이동,한성나이스빌,3,8419083,630000000,74.8,2002,2026
서울,송파구,방이동,한솔빌라트,1,10084612,2050000000,203.3,1995,2026
서울,송파구,방이동,한승,2,13382244,2900000000,217.2,2006,2026
서울,송파구,방이동,한양3,21,19733261,2194000000,126.9,1985,2026
서울,송파구,방이동,해동아파트B동(134-22),1,9259259,530000000,57.2,2007,2025
서울,송파구,방이동,해태그린피아빌라트,1,11069630,2550000000,230.4,1996,2025
서울,송파구,방이동,현대빌라(208-19),1,7663498,1330000000,173.6,1993,2024
서울,송파구,방이동,현대주상복합,2,11775239,305000000,26.0,1998,2026
서울,송파구,방이동,현대홈타운스위트102,1,13020415,1620000000,124.4,2004,2026
서울,송파구,방이동,현대홈타운스위트103,2,13319079,1670000000,127.0,2004,2026
서울,송파구,방이동,현대홈타운스위트105,2,11711391,1745000000,149.0,2004,2025
서울,송파구,삼전동,동승,2,8983786,476500000,53.0,1993,2025
서울,송파구,삼전동,동신,2,11005374,690000000,62.9,2003,2026
서울,송파구,삼전동,에이메스더리버송파,4,16135705,780000000,48.3,2018,2026
서울,송파구,삼전동,하늘공원(69-5),3,9216221,680000000,63.0,2006,2025
서울,송파구,삼전동,하이파크아파트,6,14746094,755000000,51.2,2016,2026
서울,송파구,삼전동,한양,4,10417306,830000000,78.0,2004,2025
서울,송파구,삼전동,현대1,18,15701220,1287500000,80.0,1989,2026
서울,송파구,석촌동,로쟌뷰,6,13802969,1785000000,129.3,2005,2026
서울,송파구,석촌동,루컴스힐더테라스,2,22835060,1057275000,46.4,2024,2025
서울,송파구,석촌동,미켈란호수가,11,15350877,2100000000,129.4,2007,2026
서울,송파구,석촌동,밀란체1,1,11117613,760000000,68.4,2007,2026
서울,송파구,석촌동,배명씨앤디,1,10371251,785000000,75.7,2004,2026
서울,송파구,석촌동,서원파인뷰(102동),1,9533898,810000000,85.0,2003,2025
서울,송파구,석촌동,석촌,1,8822003,850000000,96.4,2002,2025
서울,송파구,석촌동,석촌동효신아파트,1,9793307,597000000,61.0,2011,2026
서울,송파구,석촌동,석촌호수효성해링턴타워,26,16360616,262500000,15.8,2015,2026
서울,송파구,석촌동,예명,3,15087770,1060000000,68.9,2001,2026
서울,송파구,석촌동,월드,1,8915732,620000000,69.5,2002,2026
서울,송파구,석촌동,잠실한솔,31,20547945,1585000000,84.9,2000,2026
서울,송파구,석촌동,현대(201),3,8541667,450000000,64.4,2004,2026
서울,송파구,송파동,2차한양아파트,55,21164021,1950000000,108.7,1984,2026
서울,송파구,송파동,SK,11,15748031,1320000000,83.8,2001,2026
서울,송파구,송파동,가락삼익맨숀,89,21229855,2190000000,108.3,1984,2026
서울,송파구,송파동,경남레이크파크,1,14477283,2170000000,149.9,1999,2026
서울,송파구,송파동,경일,3,11026431,680000000,61.7,2004,2026
서울,송파구,송파동,금강KCC,15,15568862,1210000000,84.3,2003,2025
서울,송파구,송파동,대우레이크월드,9,11257954,1820000000,163.4,2002,2026
서울,송파구,송파동,래미안송파파인탑,93,26465610,1880000000,65.0,2012,2026
서울,송파구,송파동,레이크해모로,12,15590052,1187500000,84.5,2005,2026
서울,송파구,송파동,미성맨션,12,19502402,1957500000,116.9,1985,2026
서울,송파구,송파동,성지,2,16721620,1420000000,84.9,1992,2024
서울,송파구,송파동,송파,3,11792734,990000000,83.2,2003,2025
서울,송파구,송파동,송파삼성래미안아파트,56,19975849,1875000000,83.8,2001,2026
서울,송파구,송파동,송파센텀레이크,5,18941148,1350000000,71.3,2024,2026
서울,송파구,송파동,송파파밀리에더퍼스트,10,21819933,1375000000,65.0,2023,2026
서울,송파구,송파동,송파포트힐한샘인사이드,1,14949306,840000000,56.2,2023,2025
서울,송파구,송파동,아르누보팰리스,2,17101216,2335000000,136.5,2007,2025
서울,송파구,송파동,에스-탑,2,8890469,990000000,111.3,2004,2026
서울,송파구,송파동,여흥레이크빌,4,12222023,2050000000,167.7,2003,2025
서울,송파구,송파동,온누리,2,10086454,555000000,55.2,2004,2026
서울,송파구,송파동,잠실더샵루벤,26,19788950,2085000000,106.9,2025,2026
서울,송파구,송파동,트윈레이크팰리스빌,2,12618968,362500000,28.7,2018,2026
서울,송파구,송파동,한양아파트,41,20930594,1990000000,64.3,1983,2026
서울,송파구,송파동,한양파크뷰,1,9136213,770000000,84.3,2004,2024
서울,송파구,송파동,한영해시안아파트,10,14584398,890000000,63.8,2019,2026
서울,송파구,송파동,현대,49,16772599,1310000000,59.9,1997,2026
서울,송파구,송파동,현대레이크빌1,6,11048411,1940000000,168.7,1999,2026
서울,송파구,송파동,호수,1,12018868,637000000,53.0,2000,2026
서울,송파구,송파동,호수임광,29,16607774,995000000,57.7,1995,2026
서울,송파구,송파동,힐스빌,2,8218031,520000000,62.8,2001,2026
서울,송파구,신천동,더샵스타리버,19,13292135,2170000000,171.5,2006,2026
서울,송파구,신천동,롯데캐슬골드,24,18829045,3200000000,166.7,2005,2026
서울,송파구,신천동,잠실더샵스타파크,17,15476122,2680000000,173.2,2008,2026
서울,송파구,신천동,잠실르엘,10,50456464,3492170000,74.3,2025,2026
서울,송파구,신천동,잠실시그마타워,4,11810366,2205000000,201.9,1996,2025
서울,송파구,신천동,잠실아이스페이스,14,16056970,1240000000,76.6,2001,2026
서울,송파구,신천동,잠실푸르지오월드마크,27,21557085,2200000000,108.3,2013,2026
서울,송파구,신천동,장미1,127,30958333,2940000000,82.4,1979,2026
서울,송파구,신천동,장미2,83,34550562,2800000000,82.4,1979,2026
서울,송파구,신천동,장미3,5,26088253,3500000000,134.2,1984,2026
서울,송파구,신천동,파크리오,512,32400001,2600000000,84.8,2008,2026
서울,송파구,신천동,한빛웰리스,3,12387028,1850000000,146.7,1996,2026
서울,송파구,신천동,한신잠실코아,58,24888445,1260000000,42.0,1988,2026
서울,송파구,신천동,현대타워,1,9643252,1830000000,189.8,1996,2024
서울,송파구,오금동,광남캐스빌,1,9072460,760000000,83.8,2009,2026
서울,송파구,오금동,그랑밸리(119-27),2,11754906,635000000,54.0,2012,2026
서울,송파구,오금동,그랑밸리(64),1,9158707,700000000,76.4,2007,2025
서울,송파구,오금동,노블레스카운티,2,10169684,1165000000,114.4,2005,2026
서울,송파구,오금동,노블하우스1,1,7432260,875000000,117.7,2004,2025
서울,송파구,오금동,다성이즈빌클래식,1,6212664,1040000000,167.4,2003,2026
서울,송파구,오금동,다성파크뷰,5,11853448,815000000,71.6,2002,2026
서울,송파구,오금동,대림,48,18840925,1720000000,84.9,1988,2026
서울,송파구,오금동,더뷰21,2,15563234,892500000,57.4,2021,2026
서울,송파구,오금동,르네상스빌,2,9935434,1785000000,179.7,2002,2026
서울,송파구,오금동,매그놀리아(1차),1,9177176,735000000,80.1,2003,2024
서울,송파구,오금동,매그놀리아(2차),1,10959086,825000000,75.3,2004,2026
서울,송파구,오금동,명성화인캐슬,3,7892567,620000000,84.9,2003,2026
서울,송파구,오금동,반석블레스빌,3,12477718,1050000000,84.2,2002,2026
서울,송파구,오금동,삼성,22,14604757,1122500000,73.6,1989,2026
서울,송파구,오금동,상아1차아파트,5,21252059,1430000000,60.7,1984,2026
서울,송파구,오금동,상아2차아파트,87,18827960,1190000000,50.7,1988,2026
서울,송파구,오금동,송파더플래티넘,24,21033440,1450000000,66.9,2024,2026
서울,송파구,오금동,송파두산위브,45,18088669,1140000000,60.0,2019,2026
서울,송파구,오금동,송파레미니스,11,17188604,1400000000,84.9,2017,2026
서울,송파구,오금동,송파레미니스2단지,20,16287937,1382500000,84.8,2018,2026
서울,송파구,오금동,송파호반베르디움더퍼스트,19,14882243,1510000000,101.5,2018,2026
서울,송파구,오금동,쌍용스위닷홈(201동),6,10029898,1442500000,143.8,2005,2026
서울,송파구,오금동,쌍용스윗닷홈1단지,9,15599247,1325000000,84.9,2005,2025
서울,송파구,오금동,에스아이팰리스송파올림픽공원,5,16455696,430000000,24.3,2021,2026
서울,송파구,오금동,엘리시움아파트,2,12210201,790000000,64.7,2017,2026
서울,송파구,오금동,영풍,2,11019076,658500000,59.8,1998,2026
서울,송파구,오금동,오륜파크빌,2,9826469,470000000,47.8,2005,2026
서울,송파구,오금동,올림픽파크센트레빌,6,18703061,1585000000,84.5,2009,2026
서울,송파구,오금동,우방,21,12726055,915000000,85.0,2001,2026
서울,송파구,오금동,우송그린,3,8265439,700000000,84.7,1992,2026
서울,송파구,오금동,우창,32,13601692,1442500000,109.7,1985,2026
서울,송파구,오금동,한두리,17,6986900,499000000,68.7,2004,2026
서울,송파구,오금동,현대(2-4차),71,18330406,2120000000,130.9,1984,2026
서울,송파구,오금동,현대백조,39,15818344,1240000000,78.6,1997,2026
서울,송파구,오금동,혜성공원(101동),2,9430573,780000000,82.8,1992,2026
서울,송파구,잠실동,NS파인트리,1,15228426,300000000,19.7,2021,2025
서울,송파구,잠실동,갤러리아팰리스,67,20678928,2999000000,152.0,2005,2026
서울,송파구,잠실동,레이크팰리스,166,31401855,2890000000,84.8,2006,2026
서울,송파구,잠실동,리센츠,399,39739884,2950000000,85.0,2008,2026
서울,송파구,잠실동,신동아예지움,1,9726007,1285000000,132.1,1993,2024
서울,송파구,잠실동,아시아선수촌아파트,47,35759695,4300000000,151.0,1986,2026
서울,송파구,잠실동,앙시레이크타워,1,16194245,300000000,18.5,2020,2025
서울,송파구,잠실동,우성4차,47,22902755,2300000000,95.8,1983,2026
서울,송파구,잠실동,우성아파트,108,28322399,2930000000,96.6,1981,2026
서울,송파구,잠실동,잠실엘스,347,38325472,3050000000,84.8,2008,2026
서울,송파구,잠실동,잠실월드메르디앙,13,18109381,1305000000,72.3,2005,2026
서울,송파구,잠실동,잠실포스코더샵,11,15756006,1338000000,84.9,2004,2026
서울,송파구,잠실동,주공아파트 5단지,270,49287937,3877000000,76.5,1978,2026
서울,송파구,잠실동,트리지움,277,36071555,2900000000,84.8,2007,2026
서울,송파구,잠실동,파크인-수,4,10605125,1525000000,143.8,2010,2026
서울,송파구,잠실동,한영해시안아파트,5,15675426,680000000,54.1,2017,2026
서울,송파구,잠실동,현대,33,18752952,1588000000,84.7,1990,2026
서울,송파구,장지동,송파더센트레,116,22202734,1247500000,51.8,2013,2026
서울,송파구,장지동,송파와이즈더샵,25,17331094,1680000000,96.9,2016,2026
서울,송파구,장지동,송파파인타운10단지,24,21872915,1311500000,60.0,2007,2026
서울,송파구,장지동,송파파인타운11단지,15,17541794,1490000000,84.9,2007,2026
서울,송파구,장지동,송파파인타운12단지,13,19466730,1650000000,84.9,2011,2026
서울,송파구,장지동,송파파인타운13단지,7,18109958,1535000000,84.9,2011,2026
서울,송파구,장지동,송파파인타운1단지,14,15715993,1335000000,85.0,2010,2026
서울,송파구,장지동,송파파인타운2단지,12,16597999,1410000000,84.9,2008,2026
서울,송파구,장지동,송파파인타운3단지,65,15718827,1335000000,84.9,2008,2026
서울,송파구,장지동,송파파인타운4단지,12,20541495,1745000000,85.0,2008,2026
서울,송파구,장지동,송파파인타운5단지,18,18630844,1582500000,84.9,2008,2026
서울,송파구,장지동,송파파인타운6단지,25,16719651,1420000000,84.9,2008,2026
서울,송파구,장지동,송파파인타운7단지,17,20487460,1740000000,84.9,2007,2026
서울,송파구,장지동,송파파인타운8단지,20,23261631,1395000000,60.0,2008,2026
서울,송파구,장지동,송파파인타운9단지,18,26901937,1612500000,59.9,2007,2026
서울,송파구,장지동,위례24단지(꿈에그린),150,23000815,1430000000,56.9,2013,2026
서울,송파구,장지동,위례2차아이파크,34,17808315,1895000000,108.1,2016,2026
서울,송파구,장지동,위례신도시송파푸르지오,47,17373628,1900000000,108.1,2015,2026
서울,송파구,장지동,위례아이파크,17,19058586,1815000000,100.8,2015,2026
서울,송파구,장지동,위례중앙푸르지오1단지,6,19728236,1972500000,110.2,2016,2026
서울,송파구,장지동,위례중앙푸르지오2단지,12,18058010,1710000000,84.9,2016,2026
서울,송파구,장지동,힐스테이트송파위례,30,17866313,1815000000,101.8,2016,2026
서울,송파구,풍납동,갑을,8,13699239,816000000,59.7,1996,2026
서울,송파구,풍납동,강변현대,10,11269383,937500000,83.2,1991,2026
서울,송파구,풍납동,극동,47,17136782,1160000000,79.9,1987,2026
서울,송파구,풍납동,금강캐스빌,3,8862717,745000000,84.1,2010,2026
서울,송파구,풍납동,대동1,7,12841895,800000000,60.0,1999,2026
서울,송파구,풍납동,대아(제101상가동),4,12775000,766500000,60.0,1998,2026
서울,송파구,풍납동,동아한가람1,58,15080588,1170000000,84.4,1995,2026
서울,송파구,풍납동,미랜드퀸,2,9389544,795000000,84.7,2008,2026
서울,송파구,풍납동,미성,17,10986192,1262000000,117.0,1985,2026
서울,송파구,풍납동,송파N-suite,1,7840295,595000000,75.9,2007,2025
서울,송파구,풍납동,송파해모로아파트,5,13086795,1300000000,118.4,2006,2026
서울,송파구,풍납동,송파현대힐스테이트,15,13495705,1180000000,85.0,2006,2026
서울,송파구,풍납동,신동아파밀리에,15,11579818,770000000,59.4,1993,2026
서울,송파구,풍납동,신성노바빌아파트,26,14887922,1175000000,59.8,2000,2026
서울,송파구,풍납동,신아,2,6747405,877500000,130.0,1999,2026
서울,송파구,풍납동,쌍용,39,14270551,1210000000,84.8,1994,2026
서울,송파구,풍납동,씨티극동1,45,15629691,1232000000,80.2,1998,2026
서울,송파구,풍납동,연지토성,3,9284868,830000000,101.2,2000,2026
서울,송파구,풍납동,올림픽레아아파트,6,16831075,653700000,34.8,2024,2026
서울,송파구,풍납동,이트리움송파(281-4),26,10541184,780425000,73.4,2024,2026
서울,송파구,풍납동,잠실올림픽공원아이파크,67,27865843,2030000000,76.0,2019,2026
서울,송파구,풍납동,칼라,1,6813757,630000000,92.5,1998,2025
서울,송파구,풍납동,케이앤피상상,1,10594467,900000000,85.0,2008,2026
서울,송파구,풍납동,토성현대,27,12515263,660000000,49.1,1986,2026
서울,송파구,풍납동,한강극동,70,15852626,1366500000,84.8,1995,2026
서울,송파구,풍납동,현대1,44,17405444,1445000000,83.0,1995,2026
서울,송파구,풍납동,현대리버빌1지구,68,16840278,935000000,43.2,1999,2026
서울,송파구,풍납동,현대리버빌2지구,46,14652015,785000000,41.0,1999,2026
서울,양천구,목동,CG아름채목동아파트,3,8247797,409000000,47.7,2016,2025
서울,양천구,목동,ParkPalaceII,1,6706009,500000000,74.6,2008,2026
서울,양천구,목동,강산빌라트,1,9554140,1260000000,131.9,1993,2026
서울,양천구,목동,건영,28,8478600,715000000,84.3,1994,2026
서울,양천구,목동,건진,1,9789004,965000000,98.6,1994,2026
서울,양천구,목동,극동늘푸른,26,13520280,877500000,59.9,1998,2026
서울,양천구,목동,근상프리즘,2,7660550,501000000,65.4,2004,2025
서울,양천구,목동,금강에스쁘아,20,13623434,1055000000,82.6,2002,2026
서울,양천구,목동,금호1,13,19956580,1220000000,59.9,1997,2026
서울,양천구,목동,금호아파트(768),4,12323958,850000000,72.3,1995,2026
서울,양천구,목동,금호어울림,51,14119308,1390000000,85.0,2004,2026
서울,양천구,목동,대원,3,9942814,845000000,85.0,2002,2026
서울,양천구,목동,대원칸타빌,17,16495759,1350000000,84.9,2001,2026
서울,양천구,목동,대원칸타빌2,35,15946011,1335000000,85.0,2003,2026
서울,양천구,목동,대원칸타빌3,6,16262626,1480000000,85.0,2003,2026
서울,양천구,목동,동구햇살아파트,5,9651601,820000000,85.0,2003,2026
서울,양천구,목동,동구햇살아파트2차,3,9411765,570000000,59.5,2013,2026
서울,양천구,목동,동도빌라트,1,8639911,1240000000,143.5,1996,2025
서울,양천구,목동,동원,1,6896017,445000000,64.5,2006,2024
서울,양천구,목동,두란,4,6359529,469000000,73.8,1996,2026
서울,양천구,목동,두레,1,6398537,490000000,76.6,2002,2025
서울,양천구,목동,래디앙아파트,2,14256861,1200000000,84.2,2003,2025
서울,양천구,목동,롯데캐슬위너,104,14595963,1275000000,85.0,2005,2026
서울,양천구,목동,명지해드는터,5,11553879,980000000,84.8,2005,2026
서울,양천구,목동,목4현대,2,10849608,650000000,59.9,1997,2025
서울,양천구,목동,목동2차아이파크,8,15645256,1327500000,84.8,2004,2026
서울,양천구,목동,목동가든스위트,9,11792453,1700000000,144.2,1999,2026
서울,양천구,목동,목동글로리파크,1,8240141,700000000,85.0,2003,2024
서울,양천구,목동,목동금호베스트빌,21,11237072,1020000000,96.8,2002,2026
서울,양천구,목동,목동길성그랑프리텔,6,9982006,660000000,68.4,2003,2026
서울,양천구,목동,목동노블레스,5,13536795,1045000000,81.3,2007,2026
서울,양천구,목동,목동다솔,3,7490272,685000000,84.6,2004,2026
서울,양천구,목동,목동대림,18,17566612,1490000000,84.8,1994,2026
서울,양천구,목동,목동동화옥시죤-7,1,10408484,795000000,76.4,2005,2026
서울,양천구,목동,목동두산위브,5,9624896,1080000000,112.2,2005,2026
서울,양천구,목동,목동롯데캐슬마에스트로,68,17838001,1167500000,60.0,2019,2026
서울,양천구,목동,목동미소래,2,9240730,785000000,85.0,2005,2026
서울,양천구,목동,목동벨로스주상복합,6,7849880,530000000,66.9,2019,2026
서울,양천구,목동,목동보미리즌빌,5,8424600,700000000,83.1,2006,2026
서울,양천구,목동,목동성원,18,14510243,1105000000,84.9,2000,2026
서울,양천구,목동,목동성원(926-8),21,20638121,1400000000,59.4,1997,2026
서울,양천구,목동,목동성원초원,4,13672788,819000000,59.9,1999,2026
서울,양천구,목동,목동센트럴푸르지오,16,23119986,2000000000,85.0,2015,2026
서울,양천구,목동,목동신시가지1,122,28570876,2280000000,66.0,1985,2026
서울,양천구,목동,목동신시가지2,69,25713390,2670000000,95.7,1986,2026
서울,양천구,목동,목동신시가지3,86,29226861,2370000000,82.4,1986,2026
서울,양천구,목동,목동신시가지4,80,34435262,1995000000,48.7,1986,2026
서울,양천구,목동,목동신시가지5,79,28862301,2550000000,95.2,1986,2026
서울,양천구,목동,목동신시가지6,69,31497705,2050000000,47.9,1986,2026
서울,양천구,목동,목동신시가지7,178,35322387,2350000000,66.6,1986,2026
서울,양천구,목동,목동에버하임,26,10472479,430000000,41.1,2019,2026
서울,양천구,목동,목동이-편한세상,11,13415102,1800000000,134.8,2006,2026
서울,양천구,목동,목동진흥,3,7618710,645000000,84.7,2004,2026
서울,양천구,목동,목동청구한신아파트,130,20467146,1735000000,84.8,1997,2026
서울,양천구,목동,목동태진드림피아,1,11233298,950000000,84.6,2004,2025
서울,양천구,목동,목동트윈빌,21,12083439,1700000000,156.3,2000,2026
서울,양천구,목동,목동현대1,23,22537563,1650000000,59.9,1997,2026
서울,양천구,목동,목동효성,4,8982305,955000000,98.1,2003,2026
서울,양천구,목동,목화,1,6799475,570000000,83.8,1996,2025
서울,양천구,목동,미래드림캐슬,1,6925926,748000000,108.0,2005,2025
서울,양천구,목동,미성,1,7588300,550000000,72.5,1993,2025
서울,양천구,목동,벽산,7,19884692,1690000000,85.0,1991,2026
서울,양천구,목동,벽산미라지타워,5,11955202,1772000000,148.2,1999,2026
서울,양천구,목동,보경,1,6067961,500000000,82.4,2000,2026
서울,양천구,목동,부영2,15,13690896,1865000000,123.1,2000,2026
서울,양천구,목동,부영3,21,15455864,2050000000,140.5,2000,2026
서울,양천구,목동,부영그린타운1,7,10476512,1660000000,164.1,1999,2026
서울,양천구,목동,삼성(528-7),4,6593493,412500000,67.7,2002,2026
서울,양천구,목동,삼익,38,16678012,1340000000,84.9,1997,2026
서울,양천구,목동,상진지오밸리가동,3,7961783,675000000,84.8,2006,2026
서울,양천구,목동,상진지오벨리,2,7045991,597500000,84.8,2004,2026
서울,양천구,목동,성보,1,9743346,820000000,84.2,2010,2026
서울,양천구,목동,성원2,54,10612131,760000000,59.9,2000,2026
서울,양천구,목동,세종그랑시아,6,12688463,795000000,59.0,2003,2026
서울,양천구,목동,수산팰리스,3,8084255,687000000,84.8,2005,2026
서울,양천구,목동,스카이빌아파트,6,12655236,1070000000,84.5,2002,2026
서울,양천구,목동,신동아파밀리에,4,12526289,1355000000,101.8,2002,2026
서울,양천구,목동,신한이모르젠,8,7742581,642500000,84.8,2006,2025
서울,양천구,목동,애드웰(534),2,6428644,545000000,84.8,2004,2025
서울,양천구,목동,애드웰(774-10),4,9910094,727500000,73.4,2004,2025
서울,양천구,목동,에이스,1,9436887,548000000,58.1,1997,2025
서울,양천구,목동,엘리시아,2,9568705,625000000,65.3,2009,2025
서울,양천구,목동,엘리온,6,9522114,690000000,72.5,2011,2026
서울,양천구,목동,연지프로빌,2,10650921,955000000,91.0,2002,2026
서울,양천구,목동,왕자상가아파트,1,4636960,410000000,88.4,1995,2026
서울,양천구,목동,우당,2,10397693,1370000000,131.8,1993,2026
서울,양천구,목동,우성,62,16579820,1400000000,84.4,1992,2026
서울,양천구,목동,월드메르디앙,5,12201427,1000000000,84.2,2001,2026
서울,양천구,목동,월드메르디앙2,13,12633452,1065000000,84.3,2003,2026
서울,양천구,목동,월드메르디앙3,8,19423190,1650000000,85.0,2003,2025
서울,양천구,목동,웨스트빌,10,10503138,689000000,69.7,2004,2026
서울,양천구,목동,웨스트빌(102동),3,10084164,790000000,81.2,2005,2026
서울,양천구,목동,인우,3,8845413,710000000,79.2,2002,2026
서울,양천구,목동,일신파스텔,1,10205803,605000000,59.3,1998,2025
서울,양천구,목동,정은스카이빌(959),2,10127603,690500000,68.2,2006,2026
서울,양천구,목동,지오트레벨,1,7069394,598000000,84.6,2003,2025
서울,양천구,목동,진도1,14,17606902,1430000000,85.0,1998,2026
서울,양천구,목동,진도1103동,3,13492902,1150000000,85.2,1998,2026
서울,양천구,목동,진도2,9,21358897,1430000000,59.5,1999,2026
서울,양천구,목동,청학,7,13440703,548000000,40.7,2002,2025
서울,양천구,목동,태청,1,5189903,440000000,84.8,1999,2025
서울,양천구,목동,트라팰리스웨스턴에비뉴,29,22326675,3050000000,127.6,2009,2026
서울,양천구,목동,트라팰리스이스턴에비뉴,14,22823935,2990000000,136.9,2009,2026
서울,양천구,목동,하이페리온2,36,21338681,2887500000,136.1,2006,2026
서울,양천구,목동,한신빌라트1,1,11335013,1350000000,119.1,1996,2024
서울,양천구,목동,행복자,4,6771514,502500000,72.0,2004,2026
서울,양천구,목동,현대,21,20442520,1500000000,83.2,1996,2026
서울,양천구,목동,현대I-PARK,17,16543896,1325000000,82.8,2003,2026
서울,양천구,목동,현대파크빌(907-23),7,11528497,1500000000,149.9,2003,2026
서울,양천구,목동,현대하이페리온,29,23001884,3850000000,167.4,2003,2025
서울,양천구,목동,효원빌라트,1,8985067,1420000000,158.0,1994,2025
서울,양천구,목동,힐타운,3,6099985,399000000,74.0,2004,2026
서울,양천구,신월동,NEWSK아파트,1,5104078,358000000,70.1,2002,2025
서울,양천구,신월동,강국,2,6351044,451000000,71.3,2006,2025
서울,양천구,신월동,거산,1,6500297,547000000,84.2,2005,2026
서울,양천구,신월동,궁전,5,6155861,378000000,59.8,1999,2026
서울,양천구,신월동,그린아파트빌,2,5282738,500250000,95.1,2006,2025
서울,양천구,신월동,근상아트프리즘,1,4080484,290000000,71.1,2002,2024
서울,양천구,신월동,금강,7,6195286,375000000,59.4,1998,2026
서울,양천구,신월동,금하뜨라네,7,5422610,460000000,84.8,2016,2026
서울,양천구,신월동,길성,2,5923471,397500000,66.4,2000,2026
서울,양천구,신월동,길훈,15,6788818,310000000,49.8,1987,2026
서울,양천구,신월동,길훈엔트런스빌,6,7103343,521000000,72.4,2005,2026
서울,양천구,신월동,나산,7,6176962,380000000,59.9,1997,2026
서울,양천구,신월동,나이아가라,3,7537393,635000000,84.9,1999,2026
서울,양천구,신월동,누리애,1,5717256,330000000,57.7,2010,2025
서울,양천구,신월동,당곡,2,5561441,472500000,85.0,2002,2026
서울,양천구,신월동,대림(주상복합),1,5366832,455000000,84.8,1998,2025
서울,양천구,신월동,대림타운,2,6141975,696500000,113.4,1997,2026
서울,양천구,신월동,대방샤인힐,14,8382511,529000000,59.6,2003,2026
서울,양천구,신월동,대성유니드,24,8499407,707500000,84.3,2004,2026
서울,양천구,신월동,대신,3,5151587,435000000,84.2,2003,2026
서울,양천구,신월동,대주파크빌,12,9512310,652500000,72.4,2004,2026
서울,양천구,신월동,덕수펠리체(45),1,6384409,380000000,59.5,2010,2025
서울,양천구,신월동,덕현해밀(101동),4,6169485,520000000,84.2,2013,2026
서울,양천구,신월동,동도센트리움,4,8603238,672500000,77.0,2007,2026
서울,양천구,신월동,동도하이츠,3,5044045,418000000,83.0,2004,2026
서울,양천구,신월동,동방,18,6356085,503000000,75.4,1999,2026
서울,양천구,신월동,동서,1,5584483,429000000,76.8,2014,2026
서울,양천구,신월동,동양브로미(101동)A,1,5667680,410000000,72.3,2004,2025
서울,양천구,신월동,동양브로미(102동)A,1,5866858,490000000,83.5,2004,2026
서울,양천구,신월동,동원데자뷰,11,8984366,685000000,84.9,2012,2026
서울,양천구,신월동,두원B동,1,4706436,400000000,85.0,2004,2026
서울,양천구,신월동,두원빌드피아(444-7),1,4829396,368000000,76.2,2004,2025
서울,양천구,신월동,라온미브아파트,1,5991541,255000000,42.6,2017,2025
서울,양천구,신월동,롯데캐슬,114,13768756,992500000,85.0,2014,2026
서울,양천구,신월동,롯데캐슬(1057-0),21,11356045,774000000,70.9,2010,2026
서울,양천구,신월동,롯데캐슬(1057-1),16,10622711,760000000,72.2,2010,2026
서울,양천구,신월동,리슈리안,6,9362502,482500000,52.2,2015,2026
서울,양천구,신월동,목동센트럴아이파크위브1단지,76,14874964,1145000000,85.0,2020,2026
서울,양천구,신월동,목동센트럴아이파크위브2단지,148,15188030,1146000000,85.0,2020,2026
서울,양천구,신월동,목동센트럴아이파크위브3단지,78,14758751,1040000000,59.9,2020,2026
서울,양천구,신월동,목동센트럴아이파크위브4단지,88,14799341,1170000000,85.0,2020,2026
서울,양천구,신월동,방주기픈샘,11,6841221,550000000,80.4,2004,2026
서울,양천구,신월동,방주기픈샘2,4,7465584,634500000,85.0,2007,2026
서울,양천구,신월동,방주아크빌,7,6370119,440000000,72.0,2002,2026
서울,양천구,신월동,벽산블루밍1단지,17,10175740,670000000,59.9,2003,2026
서울,양천구,신월동,벽산블루밍2단지,26,9779011,722500000,84.9,2003,2026
서울,양천구,신월동,보금자리,1,6840709,490000000,71.6,2004,2025
서울,양천구,신월동,보람,2,5403980,410000000,75.9,1996,2025
서울,양천구,신월동,보람쉬움1,11,8684437,545000000,58.2,2003,2026
서울,양천구,신월동,보아스청와,1,5577520,395000000,70.8,2004,2024
서울,양천구,신월동,빛여울,6,5046796,377500000,74.8,2005,2026
서울,양천구,신월동,삼동,2,5228758,440000000,84.2,1997,2026
서울,양천구,신월동,삼백,1,5486247,365000000,66.5,2000,2026
서울,양천구,신월동,삼익2차플라주,1,7628735,600000000,78.6,2006,2026
서울,양천구,신월동,삼익4차플라주,5,7148389,600000000,83.9,2008,2026
서울,양천구,신월동,삼익플라주,8,7418660,630000000,84.7,2006,2026
서울,양천구,신월동,삼익플라주(81-10),1,4050030,340000000,84.0,2006,2025
서울,양천구,신월동,삼익플라주행복한마을,2,6845081,490000000,72.2,2013,2025
서울,양천구,신월동,삼정그린뷰,14,7913172,652500000,84.1,2005,2026
서울,양천구,신월동,삼종레이빌101동,2,5396509,407500000,75.5,2004,2026
서울,양천구,신월동,삼종레이빌102동,1,5805319,430000000,74.1,2004,2025
서울,양천구,신월동,상신,2,5122908,305000000,59.6,2003,2026
서울,양천구,신월동,상아아름,2,6373898,482500000,76.3,2005,2026
서울,양천구,신월동,상진지오벨리,3,7531184,640000000,85.0,2009,2026
서울,양천구,신월동,새롬,3,6137248,347000000,56.5,2002,2026
서울,양천구,신월동,샤인팰리스,2,5353636,453500000,84.7,2004,2025
서울,양천구,신월동,서울,4,5407571,342500000,63.2,1993,2026
서울,양천구,신월동,서울가든,20,7118056,655000000,86.4,1985,2026
서울,양천구,신월동,성우,3,6836752,415000000,60.0,1998,2026
서울,양천구,신월동,세아쎄닛빌,3,6427504,430000000,66.9,2002,2026
서울,양천구,신월동,세제뉴타운,3,6978367,400000000,57.3,2002,2026
서울,양천구,신월동,세진,4,6659569,563000000,84.5,2007,2025
서울,양천구,신월동,세진아파트,1,5595971,500000000,89.4,2004,2026
서울,양천구,신월동,수명,1,5035545,340000000,67.5,1998,2025
서울,양천구,신월동,수명산SKVIEW,11,8595752,915000000,120.0,2009,2026
서울,양천구,신월동,수명산그린시아,6,6802456,568000000,83.2,2014,2026
서울,양천구,신월동,수명산롯데캐슬,20,8927731,728750000,85.0,2008,2026
서울,양천구,신월동,수명산타워빌,1,6578123,525000000,79.8,2003,2026
서울,양천구,신월동,수명산태승훼미리,3,7464455,630000000,84.4,2002,2026
서울,양천구,신월동,스위트드림아파트,6,8486856,415000000,48.3,2020,2026
서울,양천구,신월동,스카이캐슬아파트(512-8),3,8992806,475000000,52.8,2020,2026
서울,양천구,신월동,신도브래뉴2차,9,7464455,622000000,84.4,2004,2026
서울,양천구,신월동,신도신월1차,13,8809664,695000000,80.2,2004,2026
서울,양천구,신월동,신목동비바힐스,5,7261460,460010000,64.6,2023,2025
서울,양천구,신월동,신목동파라곤,22,14186148,985000000,67.2,2024,2026
서울,양천구,신월동,신성미소지움,11,8277167,650000000,84.6,2003,2026
서울,양천구,신월동,신성미소지움3차아파트,10,7488208,622000000,84.8,2007,2026
서울,양천구,신월동,신안약수,43,8823529,690000000,84.6,1985,2026
서울,양천구,신월동,신안파크,23,6302521,335000000,56.8,1987,2026
서울,양천구,신월동,신월2차미소지움,11,8521363,710000000,83.5,2005,2026
서울,양천구,신월동,신월2차보람쉬움,16,8665657,535000000,59.4,2005,2026
서울,양천구,신월동,신월6차보람,3,8779038,520000000,59.2,2005,2025
서울,양천구,신월동,신월대림,17,7942111,670000000,85.0,2001,2026
서울,양천구,신월동,신월동금용,11,6834472,410000000,60.0,1998,2026
서울,양천구,신월동,신월동방원,4,6319164,536500000,84.9,2004,2026
서울,양천구,신월동,신월성원,4,5955956,366500000,59.9,1996,2025
서울,양천구,신월동,신월시영,154,10972962,547750000,50.7,1988,2026
서울,양천구,신월동,신정두산위브,27,11767817,955000000,84.0,2012,2026
서울,양천구,신월동,아름다운세상,1,7092199,530000000,74.7,2006,2025
서울,양천구,신월동,양천벽산블루밍1단지,18,8913771,725000000,84.6,2006,2026
서울,양천구,신월동,양천벽산블루밍2단지,25,9055272,635000000,76.5,2006,2026
서울,양천구,신월동,양천벽산블루밍3단지,2,8021706,680000000,84.8,2006,2026
서울,양천구,신월동,양천홈타운1차,4,6998924,239000000,35.6,2019,2026
서울,양천구,신월동,양천홈타운2차아파트,7,7008322,280000000,40.3,2019,2026
서울,양천구,신월동,양천홈타운3차,1,7083940,292000000,41.2,2020,2024
서울,양천구,신월동,에이원,1,4100338,255000000,62.2,1994,2026
서울,양천구,신월동,연흥,4,6289328,395000000,69.3,2004,2026
서울,양천구,신월동,영남타운,2,4777070,202500000,42.4,1996,2026
서울,양천구,신월동,예건미예뜰1동,2,6419244,457500000,71.3,2004,2026
서울,양천구,신월동,예담파크뷰,11,9681529,740000000,78.5,2026,2026
서울,양천구,신월동,예지보금자리74차,3,5584486,260000000,55.7,2014,2026
서울,양천구,신월동,오투힐,2,5998126,384000000,64.0,2003,2026
서울,양천구,신월동,온누리,1,6024096,480000000,79.7,2006,2025
서울,양천구,신월동,온누리베일리,1,6025924,437000000,72.5,2016,2025
서울,양천구,신월동,올림푸스(150-1),3,5692600,480000000,84.3,2006,2026
서울,양천구,신월동,용민홈타워빌,1,5316635,450000000,84.6,2003,2026
서울,양천구,신월동,우당,7,7491310,485000000,59.5,1997,2026
서울,양천구,신월동,우영아파트,1,5298481,450000000,84.9,2008,2025
서울,양천구,신월동,우정,1,4980720,310000000,62.2,1988,2025
서울,양천구,신월동,우진,1,5088798,298000000,58.6,2001,2025
서울,양천구,신월동,원능한빛,1,6191213,520000000,84.0,2003,2024
서울,양천구,신월동,은성,2,5767074,467500000,80.2,2002,2026
서울,양천구,신월동,은성마을승윤노블리안,3,7449327,630000000,84.6,2013,2026
서울,양천구,신월동,은일로즈힐,2,6373364,540000000,84.7,2003,2025
서울,양천구,신월동,은하아파트,2,4618106,352500000,76.3,1993,2025
서울,양천구,신월동,이형원앙,1,5450031,439000000,80.6,1994,2026
서울,양천구,신월동,장수마을,3,8277592,565000000,59.8,2008,2026
서울,양천구,신월동,장수마을2단지동원데쟈뷰,9,9141769,738000000,84.0,2007,2026
서울,양천구,신월동,정은스카이빌(1044),4,7516149,584000000,80.0,2006,2026
서울,양천구,신월동,정은스카이빌2차,4,7067932,600000000,85.0,2007,2026
서울,양천구,신월동,제일캐슬,1,9218203,553000000,60.0,2003,2025
서울,양천구,신월동,조광,1,4322767,450000000,104.1,1997,2026
서울,양천구,신월동,주남헤븐107동,1,5153649,322000000,62.5,2006,2025
서울,양천구,신월동,주함헤븐101동,1,5511918,407000000,73.8,2006,2025
서울,양천구,신월동,주함헤븐103동,3,6226313,460000000,73.9,2006,2026
서울,양천구,신월동,주함헤븐105동,1,5601793,350000000,62.5,2007,2026
서울,양천구,신월동,주함헤븐106동,1,5601793,350000000,62.5,2007,2024
서울,양천구,신월동,청남,1,6576351,500000000,76.0,2003,2025
서울,양천구,신월동,청송그린힐,6,5991915,415000000,69.3,2003,2026
서울,양천구,신월동,청정,1,5409792,400000000,73.9,2004,2025
서울,양천구,신월동,코아루1단지,4,6955087,590000000,84.9,2009,2026
서울,양천구,신월동,코아루2단지,8,7210124,600500000,85.0,2010,2026
서울,양천구,신월동,타워빌,1,4368359,370000000,84.7,2000,2025
서울,양천구,신월동,탑건위너빌,3,5358296,415000000,74.8,2002,2026
서울,양천구,신월동,탑건위너스빌,1,5530713,470000000,85.0,2002,2025
서울,양천구,신월동,탑건진선미,3,7456404,620000000,83.2,2004,2026
서울,양천구,신월동,태산,1,6468531,370000000,57.2,2015,2024
서울,양천구,신월동,태진,6,6333216,537500000,84.9,1998,2026
서울,양천구,신월동,태헌(신월프라자),5,4563806,260000000,57.0,1999,2026
서울,양천구,신월동,태형,2,5799496,408500000,72.3,1998,2026
서울,양천구,신월동,한우리아파트,1,7790762,420000000,53.9,2005,2026
서울,양천구,신월동,해주,5,6712536,420000000,59.6,2001,2026
서울,양천구,신월동,해태,15,7005769,477000000,84.0,1999,2026
서울,양천구,신월동,행복한세상,1,4195637,350000000,83.4,2004,2025
서울,양천구,신월동,홍익아파트,1,5590879,510000000,91.2,2004,2025
서울,양천구,신월동,흥양훼미리,1,5656782,475000000,84.0,2002,2025
서울,양천구,신월동,흥인아이젠,2,6260086,497500000,79.5,2011,2026
서울,양천구,신정동,SM엘루이아파트,4,11475296,975000000,85.0,2008,2026
서울,양천구,신정동,건영,3,10055304,600000000,59.7,1996,2025
서울,양천구,신정동,경남아너스빌,40,15364973,1440000000,96.2,2004,2026
서울,양천구,신정동,길훈로즈빌,7,14773396,1255000000,85.0,2002,2025
서울,양천구,신정동,뉴목동,2,8480607,715000000,84.3,2001,2026
서울,양천구,신정동,뉴타운,1,5978797,485000000,81.1,1998,2025
서울,양천구,신정동,대림,25,13252444,1125000000,84.9,1992,2026
서울,양천구,신정동,대림e-편한세상,25,10648938,940000000,85.0,2004,2026
서울,양천구,신정동,대림아크로빌,27,11494253,1520000000,165.3,2003,2026
서울,양천구,신정동,대성유니드1차,15,9687657,585000000,59.9,2004,2026
서울,양천구,신정동,대성유니드2차,12,9260606,710000000,84.7,2004,2026
서울,양천구,신정동,동국화이트빌A동,2,6674542,565000000,84.6,2003,2025
서울,양천구,신정동,동림,2,9777779,725000000,74.2,2003,2025
서울,양천구,신정동,동문굿모닝탑,8,9973151,1555000000,153.4,2003,2026
서울,양천구,신정동,동원데쟈뷰,7,7461803,535000000,84.4,2002,2026
서울,양천구,신정동,동원로데오,6,10720455,885000000,84.2,2006,2026
서울,양천구,신정동,동일아파트,3,7964179,667000000,83.8,2002,2026
서울,양천구,신정동,동일하이빌1단지,13,11005827,1075000000,85.0,2005,2026
서울,양천구,신정동,동일하이빌2단지,30,11506091,1067500000,85.0,2005,2026
서울,양천구,신정동,래미안목동아델리체(101동~118동),115,18813280,1598000000,84.9,2021,2026
서울,양천구,신정동,래미안목동아델리체(119동~123동),19,19558676,1170000000,59.8,2021,2026
서울,양천구,신정동,로데오휘버스빌,6,7836216,666000000,85.0,2003,2026
서울,양천구,신정동,로마아트빌,4,8481312,695000000,79.1,2003,2026
서울,양천구,신정동,롯데캐슬,15,16287029,1405000000,84.7,2004,2026
서울,양천구,신정동,마이홈,3,5652665,600000000,115.0,1995,2026
서울,양천구,신정동,명지해드는터,25,16003766,1360000000,85.0,2003,2026
서울,양천구,신정동,목동2삼성래미안,46,15504005,1125000000,59.9,2001,2026
서울,양천구,신정동,목동경동미르웰,14,9254636,129750000,14.0,2017,2026
서울,양천구,신정동,목동동보,3,12211731,1345000000,110.1,2004,2026
서울,양천구,신정동,목동삼성,39,15158665,1440000000,84.8,1996,2026
서울,양천구,신정동,목동삼성쉐르빌Ⅱ,18,13316019,1925000000,161.4,2004,2026
서울,양천구,신정동,목동신세계아파트,1,11680912,820000000,70.2,2016,2025
서울,양천구,신정동,목동신시가지10,89,25176514,1860000000,70.2,1987,2026
서울,양천구,신정동,목동신시가지11,117,28155193,1595000000,51.5,1988,2026
서울,양천구,신정동,목동신시가지12,94,27812674,1745000000,71.6,1988,2026
서울,양천구,신정동,목동신시가지13,104,24840312,2120000000,70.7,1987,2026
서울,양천구,신정동,목동신시가지14,122,24536532,1870000000,71.4,1987,2026
서울,양천구,신정동,목동신시가지8,107,30851838,1820000000,54.9,1987,2026
서울,양천구,신정동,목동신시가지9,100,24590164,2170000000,71.4,1987,2026
서울,양천구,신정동,목동우성2,133,11040490,1080000000,85.0,2000,2026
서울,양천구,신정동,목동우성3,17,11727257,780000000,59.7,1999,2026
서울,양천구,신정동,목동캐슬아파트,2,7358853,745000000,100.8,1999,2025
서울,양천구,신정동,목동파크자이(101동~108동),41,18181390,1545000000,85.0,2019,2026
서울,양천구,신정동,목동해오름101동,1,6498877,550000000,84.6,2005,2026
서울,양천구,신정동,목동현대3차,78,16279344,1465000000,84.8,1997,2026
서울,양천구,신정동,목동휘버스,2,9433584,750000000,79.6,2005,2024
서울,양천구,신정동,목동힐스테이트,108,22217713,1765000000,84.9,2016,2026
서울,양천구,신정동,보람쉬움,5,9891197,702000000,79.6,2003,2026
서울,양천구,신정동,보성주상복합,3,9772754,777000000,84.9,1996,2026
서울,양천구,신정동,블레스빌,4,13911620,1105000000,79.4,2002,2026
서울,양천구,신정동,삼백훼미리,4,5468356,397500000,72.7,2002,2026
서울,양천구,신정동,삼성,2,5959025,389000000,65.3,2000,2026
서울,양천구,신정동,삼성쉐르빌,27,12689668,2333000000,197.6,2003,2026
서울,양천구,신정동,삼천리,1,10587837,625000000,59.0,1997,2025
서울,양천구,신정동,상진,1,6710002,640000000,95.4,2004,2024
서울,양천구,신정동,세양청마루,25,13061897,1040000000,85.0,2006,2026
서울,양천구,신정동,세양청마루2차주상복합,1,8682777,733000000,84.4,2008,2025
서울,양천구,신정동,수정,16,8041184,382500000,48.6,1987,2026
서울,양천구,신정동,신이모닝빌,1,7001750,560000000,80.0,2004,2025
서울,양천구,신정동,신일해피트리,4,8068589,616000000,77.3,2004,2026
서울,양천구,신정동,신정6현대,41,10460993,693000000,59.7,2000,2026
서울,양천구,신정동,신정동경남아너스빌2차,1,9473425,385000000,40.6,2005,2025
서울,양천구,신정동,신정동로마,3,8943281,760000000,60.0,2005,2026
서울,양천구,신정동,신정숲속마을,4,9608397,748500000,80.0,2016,2025
서울,양천구,신정동,신정현대5,34,10263480,1070000000,114.2,1999,2026
서울,양천구,신정동,신트리1,138,13075567,708500000,50.0,1999,2026
서울,양천구,신정동,신트리3,48,12087264,1025000000,84.8,2000,2026
서울,양천구,신정동,신트리4,147,11719404,645000000,49.5,2000,2026
서울,양천구,신정동,신호,7,9069494,758000000,84.9,1997,2026
서울,양천구,신정동,심미,2,7074767,523500000,74.4,2002,2025
서울,양천구,신정동,심미에셈빌,2,6162336,447500000,71.8,2001,2026
서울,양천구,신정동,쌍용,28,12818991,1085000000,84.6,1992,2026
서울,양천구,신정동,아이파크,41,22233367,1890000000,84.9,2002,2026
서울,양천구,신정동,예지보금자리(102동),3,7887921,670000000,84.9,2004,2025
서울,양천구,신정동,예지팰리스50차,3,8426966,690000000,81.9,2008,2026
서울,양천구,신정동,유원목동,18,15772128,1339500000,85.0,1990,2026
서울,양천구,신정동,은행,2,6448899,425000000,65.3,1995,2026
서울,양천구,신정동,이스타팰리스,2,10554147,1207500000,114.4,2004,2025
서울,양천구,신정동,이연에버리치,2,9540214,810000000,84.9,2007,2026
서울,양천구,신정동,이지라이프,1,6577704,557000000,84.7,2004,2025
서울,양천구,신정동,이펜하우스1단지,7,9348006,755000000,84.5,2011,2026
서울,양천구,신정동,이펜하우스2단지,15,9052183,770000000,84.5,2011,2026
서울,양천구,신정동,이펜하우스3단지,17,9604054,815000000,84.9,2011,2026
서울,양천구,신정동,이펜하우스4단지,19,9490001,785000000,84.5,2011,2026
서울,양천구,신정동,자성,6,12699738,935000000,83.9,2004,2026
서울,양천구,신정동,장미,1,5896258,436500000,74.0,1996,2026
서울,양천구,신정동,재훈,1,7361282,597000000,81.1,2002,2026
서울,양천구,신정동,정은SKY빌,1,7649579,650000000,85.0,2003,2025
서울,양천구,신정동,정은스카이빌2차,4,8766769,735000000,85.0,2004,2026
서울,양천구,신정동,정은스카이빌3차,3,8600377,730000000,84.9,2004,2026
서울,양천구,신정동,제이월드,3,8525649,640000000,75.1,2001,2026
서울,양천구,신정동,제일에비앙101동,2,10052235,827500000,82.3,2004,2026
서울,양천구,신정동,주건드림빌,2,8397525,665000000,79.2,2004,2026
서울,양천구,신정동,주안펌니스아파트,1,5590340,500000000,89.4,2002,2024
서울,양천구,신정동,중앙하이츠,18,9733311,1225000000,135.0,2010,2026
서울,양천구,신정동,중앙하이츠목동펠리시티,7,14699636,969000000,65.9,2021,2026
서울,양천구,신정동,청구,32,12472056,1060000000,85.0,1992,2026
서울,양천구,신정동,청우,4,5907918,435000000,73.6,2009,2026
서울,양천구,신정동,춘당아네시스,2,7200840,724000000,100.6,2004,2025
서울,양천구,신정동,태영데시앙,8,8666725,735000000,84.8,2002,2026
서울,양천구,신정동,태화상가빌라트,1,7561437,720000000,95.2,1996,2025
서울,양천구,신정동,파인빌,14,12442232,802500000,63.4,2001,2026
서울,양천구,신정동,팰리스필,3,8201223,657000000,80.1,2002,2025
서울,양천구,신정동,푸른마을2,49,10359231,599900000,59.8,2001,2026
서울,양천구,신정동,푸른마을3,41,10001667,600000000,59.9,2001,2026
서울,양천구,신정동,푸른마을4,20,9563852,812500000,85.0,2002,2026
서울,양천구,신정동,푸른힐,2,7626330,573500000,75.2,1998,2026
서울,양천구,신정동,학마을1단지,86,10702140,535000000,50.0,2000,2026
서울,양천구,신정동,현대,26,13083451,1110000000,84.8,1995,2026
서울,양천구,신정동,현대힐타운,1,9399855,650000000,69.2,2000,2025
서울,양천구,신정동,호반써밋목동,36,17127179,1345000000,84.9,2022,2026
서울,양천구,신정동,흥영,3,6723586,567000000,82.5,1996,2026
서울,양천구,신정동,힐탑이루미,2,7212175,583150000,80.9,2004,2025
서울,영등포구,당산동,THESILK,3,6728425,138000000,20.5,2013,2026
서울,영등포구,당산동,강변래미안,102,16643551,1478500000,79.4,2002,2026
서울,영등포구,당산동,강변한솔그라치아,3,9123700,860000000,94.5,2003,2026
서울,영등포구,당산동,대우,1,6696700,550000000,82.1,2004,2025
서울,영등포구,당산동,드림리버빌,8,12566199,1060000000,84.8,2002,2026
서울,영등포구,당산동,드림시드,5,9005720,738000000,82.2,2005,2026
서울,영등포구,당산동,래미안당산1차,23,16675004,1250000000,85.0,1995,2026
서울,영등포구,당산동,리버뷰,4,7981836,133500000,16.7,2015,2026
서울,영등포구,당산동,성재I캐슬2차,1,8703220,700000000,80.4,2007,2025
서울,영등포구,당산동,성재아이캐슬,2,6646095,560000000,84.3,2005,2026
서울,영등포구,당산동,훼미리하우스138,14,8002091,110000000,14.3,2013,2026
서울,영등포구,당산동,휴브리지빌딩,7,8074163,135000000,17.1,2012,2026
서울,영등포구,당산동1가,신동아파밀리에,28,15614478,935000000,59.4,2008,2026
서울,영등포구,당산동1가,진로,54,15446128,1070000000,59.4,1997,2026
서울,영등포구,당산동1가,코오롱,15,10452962,700000000,68.9,1996,2026
서울,영등포구,당산동2가,당산2가현대홈타운,72,16702912,1382500000,82.8,1994,2026
서울,영등포구,당산동2가,당산대우,67,11649295,375000000,31.7,1999,2026
서울,영등포구,당산동3가,당산계룡리슈빌1단지,25,18055197,715000000,40.1,2014,2026
서울,영등포구,당산동3가,당산계룡리슈빌2단지,20,17890694,729000000,40.2,2014,2026
서울,영등포구,당산동3가,당산계룡리슈빌3단지,41,15804109,790000000,50.0,2014,2026
서울,영등포구,당산동3가,당산어울림2차,12,13236443,1124000000,84.9,2009,2026
서울,영등포구,당산동3가,당산한양,31,14129283,1180000000,73.9,1986,2026
서울,영등포구,당산동3가,동부센트레빌,43,12697471,1400000000,115.0,2003,2026
서울,영등포구,당산동3가,삼익,17,12987013,900000000,82.6,1979,2026
서울,영등포구,당산동3가,쌍용예가클래식,23,14469830,1190000000,88.0,2010,2026
서울,영등포구,당산동4가,당산금호어울림,21,16142433,1360000000,84.2,2002,2026
서울,영등포구,당산동4가,당산롯데캐슬프레스티지,28,19825862,1685000000,85.0,2017,2026
서울,영등포구,당산동4가,당산반도유보라팰리스,41,14363666,1700000000,124.6,2010,2026
서울,영등포구,당산동4가,당산삼성2차,42,17402756,1097500000,59.8,1997,2026
서울,영등포구,당산동4가,당산현대3차,59,17381033,1250000000,73.3,1988,2026
서울,영등포구,당산동4가,당산현대5차,117,18030464,1415000000,84.7,2000,2026
서울,영등포구,당산동4가,브라운스톤당산,36,14519488,1220000000,84.0,2015,2026
서울,영등포구,당산동4가,삼익플라주,4,13044002,1020000000,84.2,2013,2026
서울,영등포구,당산동4가,한강아파트,43,14709343,1115000000,85.0,1999,2026
서울,영등포구,당산동4가,현대2,27,14776358,1095000000,80.1,1986,2026
서울,영등포구,당산동5가,당산디오빌,15,12474012,370000000,29.2,2005,2026
서울,영등포구,당산동5가,당산삼성래미안4차,106,18331321,2052500000,115.8,2003,2026
서울,영등포구,당산동5가,당산센트럴아이파크,68,23974157,1815000000,85.0,2020,2026
서울,영등포구,당산동5가,당산효성1차,63,18429407,1385000000,59.8,1999,2026
서울,영등포구,당산동5가,당산효성타운2차,23,18250770,1540000000,84.4,2001,2026
서울,영등포구,당산동5가,반도유보라,6,12568784,957500000,76.8,2002,2026
서울,영등포구,당산동5가,성원,24,14389389,1075000000,72.4,1997,2026
서울,영등포구,당산동5가,유원제일2차,36,18191829,1745000000,84.6,1984,2026
서울,영등포구,당산동6가,유탑유블레스,7,11354553,152000000,13.4,2012,2026
서울,영등포구,대림동,(1101-1),12,7508632,108500000,14.5,2012,2026
서울,영등포구,대림동,G밸리소홈,17,8695652,140000000,16.1,2018,2026
서울,영등포구,대림동,e편한세상영등포아델포레,117,17092449,1220000000,85.0,2020,2026
서울,영등포구,대림동,늘푸른,2,6867671,542500000,79.0,2008,2026
서울,영등포구,대림동,다청림1동,1,6574229,550000000,83.7,2008,2025
서울,영등포구,대림동,대림동갑을명가아파트,11,9184034,780000000,84.9,2005,2026
서울,영등포구,대림동,대림현대,24,10081286,724000000,72.1,1999,2026
서울,영등포구,대림동,무림,9,11524097,675000000,56.2,1981,2026
서울,영등포구,대림동,문영칸타빌레,11,7303569,677000000,84.9,2001,2026
서울,영등포구,대림동,보라매 신동아 파밀리에,28,11777869,995000000,84.9,2016,2026
서울,영등포구,대림동,성락,3,6790710,465000000,69.5,1989,2026
서울,영등포구,대림동,성원(1115-1),1,8545256,625000000,73.1,1997,2026
서울,영등포구,대림동,성원(650),41,10430991,649000000,59.6,1995,2026
서울,영등포구,대림동,신대림신동아파밀리에,19,10711389,875000000,84.9,2013,2026
서울,영등포구,대림동,신대림자이1단지,11,10009421,850000000,84.6,2007,2026
서울,영등포구,대림동,신대림자이2단지,15,10491571,890000000,84.6,2007,2026
서울,영등포구,대림동,신동아,61,8900757,570000000,67.4,1987,2026
서울,영등포구,대림동,쌍용플래티넘S,37,5482456,100000000,18.2,2013,2026
서울,영등포구,대림동,영등포자이르네,39,13058559,640000000,49.0,2022,2026
서울,영등포구,대림동,우성1,52,11103094,655000000,57.2,1985,2026
서울,영등포구,대림동,우성2,9,7758729,620000000,79.9,1992,2026
서울,영등포구,대림동,종인아네스트,1,7189974,545000000,75.8,2011,2026
서울,영등포구,대림동,코오롱,59,13847181,925000000,59.9,1998,2026
서울,영등포구,대림동,한솔솔파크,30,10230887,868500000,84.9,2008,2026
서울,영등포구,대림동,한신휴1차,13,9684421,607000000,59.9,1998,2026
서울,영등포구,대림동,한신휴2차,15,8300954,700000000,84.9,1999,2026
서울,영등포구,대림동,현대1,62,9380531,775000000,84.8,1992,2026
서울,영등포구,대림동,현대2,29,9204626,780000000,84.7,1992,2026
서울,영등포구,대림동,현대3차,166,13705499,907500000,59.8,1997,2026
서울,영등포구,도림동,도림청구,21,10579212,418000000,37.8,1997,2026
서울,영등포구,도림동,동아에코빌,18,11680294,910000000,85.0,2000,2026
서울,영등포구,도림동,영등포아트자이,73,15215673,1287000000,84.9,2014,2026
서울,영등포구,도림동,정호샤인빌,1,10421629,875000000,84.0,2001,2025
서울,영등포구,도림동,한라,10,11319967,701500000,59.8,1998,2026
서울,영등포구,문래동2가,남성,57,14799154,860000000,58.5,1983,2026
서울,영등포구,문래동3가,국화맨션,7,15405501,1325000000,84.7,1983,2025
서울,영등포구,문래동3가,문래건영,18,13726876,1115000000,59.4,1998,2026
서울,영등포구,문래동3가,문래공원한신,55,15179783,1018000000,59.0,1988,2026
서울,영등포구,문래동3가,문래금호어울림,8,14001647,1190000000,85.0,2006,2026
서울,영등포구,문래동3가,문래동원데자뷰,2,12769213,1085000000,85.0,2004,2026
서울,영등포구,문래동3가,문래우정,9,13219545,925000000,84.8,1998,2026
서울,영등포구,문래동3가,문래자이,78,17415863,1730000000,85.0,2001,2026
서울,영등포구,문래동3가,문래해태,10,10929170,717500000,65.6,1999,2026
서울,영등포구,문래동3가,문래힐스테이트,56,13392483,1625000000,119.5,2003,2026
서울,영등포구,문래동3가,예지팰리스77차,6,9770655,705000000,75.7,2015,2026
서울,영등포구,문래동3가,태영데시앙,3,14482515,1230000000,84.9,2005,2026
서울,영등포구,문래동4가,리버뷰신안인스빌1단지,7,11765398,1000000000,85.0,2008,2026
서울,영등포구,문래동4가,리버뷰신안인스빌2단지,5,13941997,1185000000,85.0,2008,2026
서울,영등포구,문래동4가,문래동삼환,30,12949039,920000000,72.4,2001,2026
서울,영등포구,문래동5가,문래대림,21,10362694,835000000,84.9,2000,2026
서울,영등포구,문래동5가,문래두산위브,26,11627762,855000000,72.7,1988,2026
서울,영등포구,문래동5가,문래모아미래도,26,16808191,1425000000,84.8,2017,2026
서울,영등포구,문래동5가,문래현대5차,29,10201675,865000000,84.8,1992,2026
서울,영등포구,문래동5가,현대3차,17,9225310,780000000,84.4,1991,2026
서울,영등포구,문래동6가,e편한세상 문래 에듀플라츠,31,18842755,1160000000,60.0,2020,2026
서울,영등포구,문래동6가,대원,23,12078122,770000000,60.0,1998,2026
서울,영등포구,문래동6가,문래미원,18,12037037,862500000,59.4,1996,2026
서울,영등포구,문래동6가,문래베어스타운,33,13427857,899000000,60.0,1997,2026
서울,영등포구,문래동6가,미주프라자,4,9884885,592500000,59.9,1998,2026
서울,영등포구,문래동6가,유원문래,14,9972935,847500000,85.0,1991,2026
서울,영등포구,문래동6가,한신,12,12707426,775000000,62.4,1985,2025
서울,영등포구,문래동6가,현대1차,30,12150589,830000000,64.4,1986,2026
서울,영등포구,문래동6가,현대2차,68,13906311,735000000,41.0,1987,2026
서울,영등포구,문래동6가,현대6차,29,12858556,840000000,50.6,1997,2026
서울,영등포구,신길동,EL샤틀레,2,9212385,782500000,84.9,2003,2026
서울,영등포구,신길동,건영,30,13024398,1015000000,82.5,1985,2026
서울,영등포구,신길동,경남,50,13367885,1002500000,72.5,1999,2026
서울,영등포구,신길동,남서울,13,19776640,850000000,43.0,1974,2025
서울,영등포구,신길동,다울101동,1,9712738,825000000,84.9,2006,2025
서울,영등포구,신길동,다울103동,1,9649444,790000000,81.9,2006,2025
서울,영등포구,신길동,다울아파트102동,2,8615321,830000000,96.3,2006,2025
서울,영등포구,신길동,대방,4,5795574,220000000,38.0,1972,2026
서울,영등포구,신길동,대방전철,11,16032344,990000000,71.7,1976,2026
서울,영등포구,신길동,대성유니드,10,9221557,755000000,83.5,2003,2026
서울,영등포구,신길동,더샵파크프레스티지,76,18904289,1325000000,59.9,2022,2026
서울,영등포구,신길동,동훈노보빌,9,9785428,830000000,84.8,2007,2026
서울,영등포구,신길동,래미안에스티움,182,21594195,1575000000,84.9,2017,2026
서울,영등포구,신길동,래미안영등포프레비뉴,79,19169862,1400000000,85.0,2015,2026
서울,영등포구,신길동,루나플라체,5,10804769,158500000,13.8,2019,2026
서울,영등포구,신길동,메트하임,4,10569957,595000000,51.3,2017,2026
서울,영등포구,신길동,보라매경남아너스빌,62,14357801,1072500000,84.8,2005,2026
서울,영등포구,신길동,보라매길성그랑프리텔,3,9707024,825000000,85.0,2005,2026
서울,영등포구,신길동,보라매두산위브,20,10771042,970000000,85.0,2005,2026
서울,영등포구,신길동,보라매에스케이뷰,172,20828430,1580000000,85.0,2020,2026
서울,영등포구,신길동,보라매정은벚꽃마을,5,10398497,775000000,74.5,2014,2026
서울,영등포구,신길동,삼두,12,12084765,530000000,43.6,1987,2026
서울,영등포구,신길동,삼성,47,13144841,730000000,60.5,1984,2026
서울,영등포구,신길동,삼성래미안,97,12954893,1010000000,84.9,2001,2026
서울,영등포구,신길동,삼환,141,14144272,1000000000,84.8,1997,2026
서울,영등포구,신길동,선원가와인,7,9318016,785000000,80.4,2013,2026
서울,영등포구,신길동,신기목련아파트,15,10016835,595000000,59.4,2000,2026
서울,영등포구,신길동,신길AK푸르지오,4,16992786,845500000,49.5,2024,2026
서울,영등포구,신길동,신길레전드힐스,54,7059680,97000000,13.7,2013,2026
서울,영등포구,신길동,신길센트럴아이파크,73,19343005,1350000000,60.0,2019,2026
서울,영등포구,신길동,신길센트럴자이아파트,116,22051016,1537500000,60.0,2021,2026
서울,영등포구,신길동,신길자이,24,14084508,1040000000,60.0,2011,2026
서울,영등포구,신길동,신길파크자이,59,20828430,1490000000,85.0,2022,2026
서울,영등포구,신길동,신미,4,17815814,1037500000,66.5,1981,2026
서울,영등포구,신길동,신풍두산위브,2,10974113,832500000,76.4,2005,2025
서울,영등포구,신길동,여의,4,10663918,730000000,68.0,2001,2025
서울,영등포구,신길동,여의도리버뷰,8,8063272,104500000,13.0,2012,2025
서울,영등포구,신길동,우성1,93,15713135,950000000,64.4,1986,2026
서울,영등포구,신길동,우성2,109,16869895,1180000000,64.4,1986,2026
서울,영등포구,신길동,우성3,49,13899324,970000000,64.4,1989,2026
서울,영등포구,신길동,우성4,38,12489607,995000000,85.0,1991,2026
서울,영등포구,신길동,우성5,24,10031772,852500000,85.0,1993,2026
서울,영등포구,신길동,우창,32,16985932,1050000000,66.8,1983,2026
서울,영등포구,신길동,제일골드타워,1,10575793,810000000,76.6,2003,2026
서울,영등포구,신길동,포레나 신길,25,13737450,1300000000,84.9,2008,2026
서울,영등포구,신길동,프리가,11,8857980,135000000,13.7,2013,2026
서울,영등포구,신길동,하늘애,1,6703652,290000000,43.3,2006,2026
서울,영등포구,신길동,한성,47,14030399,1000000000,59.9,1997,2026
서울,영등포구,신길동,한양,1,9405074,215000000,22.9,2003,2025
서울,영등포구,신길동,힐스테이트클래시안,137,22316809,1474000000,59.9,2020,2026
서울,영등포구,양평동1가,삼환,9,10876841,720000000,59.8,1994,2026
서울,영등포구,양평동1가,신동아,35,15449715,830000000,50.8,1982,2026
서울,영등포구,양평동1가,어반힐,2,12471326,318000000,25.5,2019,2024
서울,영등포구,양평동1가,영등포중흥에스클래스,49,17657446,1090000000,60.0,2021,2026
서울,영등포구,양평동1가,이너스삼성,5,9971910,710000000,71.2,2005,2026
서울,영등포구,양평동1가,창건애드웰,2,9387177,795000000,84.7,2006,2026
서울,영등포구,양평동1가,한신공영,19,12804268,845000000,60.0,1996,2026
서울,영등포구,양평동2가,삼성래미안,64,13745791,1020000000,59.4,1998,2026
서울,영등포구,양평동2가,상록수,16,10030166,599500000,59.7,1999,2026
서울,영등포구,양평동2가,양평벽산블루밍,58,12743950,725000000,59.6,1990,2026
서울,영등포구,양평동2가,오목교벽산블루밍,27,11194653,700000000,59.8,1996,2026
서울,영등포구,양평동3가,거성파스텔,37,13766325,1170000000,85.0,1999,2026
서울,영등포구,양평동3가,경남아너스빌,23,12186978,800000000,59.9,1998,2026
서울,영등포구,양평동3가,삼익플라주101동,8,11435992,705000000,59.9,2009,2026
서울,영등포구,양평동3가,삼익플라주201동,7,9816677,830000000,84.6,2012,2026
서울,영등포구,양평동3가,삼천리,26,12891453,1060000000,84.9,2000,2026
서울,영등포구,양평동3가,삼호,31,12258172,880000000,60.0,1998,2026
서울,영등포구,양평동3가,양평역미소지움,20,16665002,885000000,59.3,2018,2026
서울,영등포구,양평동3가,양평현대6차,102,15671891,1120000000,84.9,2000,2026
서울,영등포구,양평동3가,우림루미아트,17,12959472,1010000000,84.9,2004,2026
서울,영등포구,양평동3가,월드메르디앙,6,13642499,987500000,84.4,2005,2026
서울,영등포구,양평동3가,태승훼밀리,4,11675064,985000000,84.5,2008,2026
서울,영등포구,양평동3가,현대2차,27,13346515,1080000000,80.9,1990,2026
서울,영등포구,양평동3가,현대3차,14,12304968,1023500000,84.6,1991,2026
서울,영등포구,양평동4가,경남아너스빌,26,13285428,840000000,65.4,2000,2026
서울,영등포구,양평동4가,계명,1,8933195,690000000,77.2,2003,2025
서울,영등포구,양평동4가,삼호한숲,18,14633760,938500000,60.0,2000,2026
서울,영등포구,양평동4가,성원,34,11162296,945000000,84.7,1993,2026
서울,영등포구,양평동4가,수성예술,1,6823610,400000000,58.6,1993,2025
서울,영등포구,양평동4가,약산,2,5458854,193500000,35.6,1984,2026
서울,영등포구,양평동4가,에이스리버티움,1,6218764,520000000,83.6,2006,2026
서울,영등포구,양평동5가,동보,17,13787879,895000000,84.5,1998,2026
서울,영등포구,양평동5가,양평한신,145,15515516,998000000,59.9,1996,2026
서울,영등포구,양평동6가,동양,28,12203475,883000000,59.9,2000,2026
서울,영등포구,양평동6가,리츠뷰,1,10524469,600000000,57.0,2014,2025
서울,영등포구,양평동6가,선유도삼성홈타운,4,9481154,542500000,56.2,2015,2026
서울,영등포구,양평동6가,한솔,25,11470985,750000000,59.3,1999,2026
서울,영등포구,여의도동,공작,21,27435388,3100000000,125.8,1976,2026
서울,영등포구,여의도동,광장,33,21561018,3200000000,138.3,1978,2026
서울,영등포구,여의도동,"광장(1,2동)",6,18910741,2625000000,138.8,1978,2025
서울,영등포구,여의도동,대교,43,30366492,3180000000,95.5,1975,2026
서울,영등포구,여의도동,대우트럼프월드II,9,18985296,2460000000,143.6,2003,2025
서울,영등포구,여의도동,대우트럼프월드Ⅰ,18,16727590,2670000000,152.6,2002,2026
서울,영등포구,여의도동,라이프콤비,6,13145897,1730000000,131.6,1994,2026
서울,영등포구,여의도동,롯데캐슬아이비,26,17904509,2390000000,137.1,2005,2026
서울,영등포구,여의도동,롯데캐슬엠파이어,29,18063284,2550000000,126.8,2005,2026
서울,영등포구,여의도동,리버타워,4,10522652,2460000000,234.0,2000,2025
서울,영등포구,여의도동,리첸시아,20,20531835,2730000000,137.8,2003,2026
서울,영등포구,여의도동,목화,17,33945776,2500000000,89.3,1977,2026
서울,영등포구,여의도동,미성,28,25588143,2702500000,101.3,1978,2026
서울,영등포구,여의도동,브라이튼여의도,114,39711464,4303000000,114.0,2023,2026
서울,영등포구,여의도동,삼부,57,30679029,3400000000,106.4,1975,2026
서울,영등포구,여의도동,삼익,19,22714367,2800000000,123.3,1974,2026
서울,영등포구,여의도동,서울,8,37613954,5240000000,139.3,1976,2026
서울,영등포구,여의도동,수정,26,23758593,2725000000,112.6,1976,2026
서울,영등포구,여의도동,순복음(초원),12,15760382,1055000000,66.9,1971,2026
서울,영등포구,여의도동,시범,125,30054182,2765000000,79.2,1971,2026
서울,영등포구,여의도동,여의도자이,35,21082315,3275000000,148.9,2008,2026
서울,영등포구,여의도동,은하,11,23452930,2850000000,121.5,1974,2026
서울,영등포구,여의도동,장미,11,22434939,3200000000,133.7,1978,2026
서울,영등포구,여의도동,진주,43,36805556,2145450000,48.3,1977,2026
서울,영등포구,여의도동,한양,28,22394545,3200000000,149.5,1975,2026
서울,영등포구,여의도동,화랑,5,22057416,2305000000,104.5,1977,2025
서울,영등포구,영등포동,동도하이츠,1,5300353,450000000,84.9,2003,2025
서울,영등포구,영등포동,두산위브,21,13210702,1100000000,59.8,2004,2026
서울,영등포구,영등포동,라르파크,17,15793724,485000000,30.3,2021,2026
서울,영등포구,영등포동,순영웰라이빌,6,9778511,830000000,84.9,2002,2026
서울,영등포구,영등포동,영등포푸르지오,236,15974768,1213500000,79.8,2002,2026
서울,영등포구,영등포동,영일,5,17622304,670000000,38.0,1969,2026
서울,영등포구,영등포동1가,내이처해밀,10,7900281,112500000,14.2,2012,2026
서울,영등포구,영등포동1가,스테이72여의도,5,10794140,135000000,12.4,2013,2025
서울,영등포구,영등포동1가,여의도더리브스타일,21,12805305,190000000,14.8,2020,2026
서울,영등포구,영등포동1가,여의도씨티아이,9,9928515,127000000,12.6,2013,2026
서울,영등포구,영등포동1가,여의도의아침,4,9541499,116500000,12.0,2012,2026
서울,영등포구,영등포동1가,여의도이튼브라운,37,15246015,450000000,29.9,2022,2026
서울,영등포구,영등포동1가,창방누리애,4,9184341,777500000,84.9,2006,2026
서울,영등포구,영등포동1가,헤렌어반,2,8268428,109750000,13.3,2011,2024
서울,영등포구,영등포동2가,경동미르웰여의도,9,9622238,135000000,14.0,2017,2026
서울,영등포구,영등포동2가,센트레빌아스테리움영등포아파트,11,21835044,1310000000,60.0,2024,2026
서울,영등포구,영등포동2가,여의도리미티오148,12,14479000,525000000,38.4,2022,2026
서울,영등포구,영등포동2가,현대팰리스,2,9779398,492500000,50.5,2016,2026
서울,영등포구,영등포동3가,포레스트힐시티,8,7280118,98500000,13.5,2014,2026
서울,영등포구,영등포동4가,영등포그랑그루,6,10950413,132500000,12.1,2012,2026
서울,영등포구,영등포동5가,동남,11,10954170,850000000,82.6,1971,2026
서울,영등포구,영등포동5가,현대프라자,15,9639760,600000000,60.0,1999,2026
서울,영등포구,영등포동7가,경남아너스빌,76,14858097,1039000000,59.9,1998,2026
서울,영등포구,영등포동7가,근상프리즘,3,7404276,613000000,82.8,2010,2026
서울,영등포구,영등포동7가,리치,1,6794872,530000000,78.0,2003,2026
서울,영등포구,영등포동7가,브라운스톤영등포,11,10733664,910000000,84.9,2004,2026
서울,영등포구,영등포동7가,삼성,1,4713091,400000000,84.9,2003,2025
서울,영등포구,영등포동7가,아크로타워스퀘어,127,21382162,1740000000,84.6,2017,2026
서울,영등포구,영등포동7가,여의휴젠느,8,13360825,486500000,36.8,2018,2026
서울,영등포구,영등포동7가,포레나영등포센트럴,29,18865531,1400000000,84.8,2020,2026
서울,영등포구,영등포동7가,훼미리하우스117,8,6478210,110000000,17.0,2012,2026
서울,영등포구,영등포동8가,당산푸르지오,49,16155794,1495000000,85.0,2004,2026
서울,영등포구,영등포동8가,삼환,76,16309016,1260000000,59.9,1999,2026
서울,영등포구,영등포동8가,영등포메이준2011,4,9744013,118000000,12.1,2012,2025
서울,용산구,갈월동,용산남영역롯데캐슬헤리티지,36,18766890,450000000,24.0,2025,2025
서울,용산구,도원동,도원,1,11146222,388000000,34.8,1983,2026
서울,용산구,도원동,삼성래미안,119,20020020,1550000000,84.7,2001,2026
서울,용산구,동빙고동,라이온즈,1,14356030,1750000000,121.9,1972,2025
서울,용산구,동빙고동,현대플래티앙Ⅰ,2,13907892,2385000000,171.2,2004,2026
서울,용산구,동자동,동자,1,16093636,440000000,27.3,1969,2024
서울,용산구,동자동,센트레빌아스테리움서울,15,13964136,1900000000,131.0,2013,2026
서울,용산구,문배동,CJ나인파크,26,16351296,1590000000,97.2,2007,2026
서울,용산구,문배동,G&P용산파크,2,16504011,478500000,29.0,2018,2026
서울,용산구,문배동,리첸시아용산B,11,16621478,1910000000,145.8,2010,2026
서울,용산구,문배동,삼라마이다스빌2,9,12965582,900000000,72.5,2004,2026
서울,용산구,문배동,아크로타워,9,14251781,1680000000,126.3,2007,2026
서울,용산구,문배동,용산KCC웰츠타워,29,18682097,1675000000,84.0,2015,2026
서울,용산구,문배동,용산큐브,8,14027671,182500000,13.0,2013,2026
서울,용산구,문배동,이안용산1차(101동),10,14537964,1235000000,85.0,2005,2026
서울,용산구,문배동,이안용산1차(102동),8,14065051,1165000000,84.4,2005,2026
서울,용산구,문배동,이안용산1차(103동),8,16564809,1280000000,84.8,2005,2026
서울,용산구,문배동,이안용산3차,8,15334526,1130000000,84.8,2006,2026
서울,용산구,문배동,이안용산프리미어,18,16086034,1500000000,109.0,2007,2026
서울,용산구,문배동,지오베르크,4,14903722,1200000000,80.5,2004,2026
서울,용산구,문배동,프라임펠리스,1,10956903,150000000,13.7,2012,2025
서울,용산구,보광동,리버빌(삼성),14,23183536,1790000000,84.7,2000,2026
서울,용산구,보광동,신동아1,30,44742729,3800000000,84.9,1992,2026
서울,용산구,보광동,한강빌라,1,44551282,3475000000,78.0,2001,2025
서울,용산구,산천동,리버힐삼성,91,18471872,1495000000,59.6,2001,2026
서울,용산구,산천동,한강타운,28,15957447,952500000,59.7,2001,2026
서울,용산구,서계동,어반허브서울스테이션(UrbanHubSeoulStation),70,18352810,435250000,22.0,2025,2025
서울,용산구,서빙고동,그린파크(코오롱하늘채),6,21244943,1347500000,60.0,2000,2025
서울,용산구,서빙고동,금호베스트빌1,12,20161290,2015000000,85.0,2002,2026
서울,용산구,서빙고동,신동아,59,29344832,4000000000,140.8,1984,2026
서울,용산구,서빙고동,아페르한강,1,35221598,8500000000,241.3,2024,2024
서울,용산구,신계동,용산e편한세상,41,25293908,2120000000,84.9,2011,2026
서울,용산구,신창동,세방리버하이빌,12,13603028,1150000000,84.5,2005,2025
서울,용산구,용문동,대성2차,1,9786982,827000000,84.5,2002,2025
서울,용산구,용문동,대호드림빌(38-213),1,9742977,815000000,83.6,2002,2025
서울,용산구,용문동,브라운스톤,15,21187855,1400000000,85.0,2011,2026
서울,용산구,용문동,삼성하이츠,2,11345774,1155000000,104.4,2003,2026
서울,용산구,용산동2가,용암한신,1,10872557,790000000,72.7,1982,2025
서울,용산구,용산동2가,한신,4,14504284,1185000000,81.7,1981,2026
서울,용산구,용산동5가,용산파크타워(24-0),35,26229757,3350000000,124.8,2009,2026
서울,용산구,용산동5가,용산파크타워(24-1),13,28025601,3800000000,130.6,2009,2026
서울,용산구,원효로1가,로얄카운티-3,1,10998243,1440000000,130.9,2007,2026
서울,용산구,원효로1가,리첸시아용산A,8,14542261,1740000000,122.5,2010,2026
서울,용산구,원효로1가,시온캐슬용산,6,16736648,380000000,22.6,2021,2026
서울,용산구,원효로1가,용산더프라임,54,19052540,1695000000,85.0,2014,2026
서울,용산구,원효로1가,용산파크뷰(46-3),3,16032417,455000000,27.6,2018,2026
서울,용산구,원효로2가,원효,5,11867825,765000000,61.2,1970,2026
서울,용산구,원효로3가,용산소미글로벌리버파크,9,21936865,490000000,23.0,2022,2026
서울,용산구,원효로4가,강변삼성스위트,34,20854188,1358500000,59.9,1999,2026
서울,용산구,원효로4가,산호,54,25477136,2200000000,82.0,1977,2026
서울,용산구,원효로4가,풍전,5,14759666,1300000000,81.7,1971,2026
서울,용산구,원효로4가,한강수,2,10878331,1465000000,134.9,2005,2026
서울,용산구,이촌동,G&D용산드림,6,41237947,780000000,19.2,2020,2026
서울,용산구,이촌동,LG한강자이,30,30841388,4200000000,134.8,2003,2026
서울,용산구,이촌동,강변,21,14899891,970000000,65.6,1971,2026
서울,용산구,이촌동,강서,4,21595400,1120000000,53.8,1972,2026
서울,용산구,이촌동,강촌,82,28560555,2345000000,84.8,1998,2026
서울,용산구,이촌동,대림,30,25949516,1995000000,84.8,1994,2026
서울,용산구,이촌동,동부센트레빌,18,22790329,2300000000,100.9,2001,2026
서울,용산구,이촌동,동아그린,32,24346989,1435000000,59.6,1999,2026
서울,용산구,이촌동,동원베네스트,6,17476139,1485000000,85.0,2005,2026
서울,용산구,이촌동,두산위브트레지움,8,19769334,1761250000,89.1,1976,2026
서울,용산구,이촌동,래미안첼리투스,29,37493791,4649980000,124.0,2015,2026
서울,용산구,이촌동,로얄맨숀,4,13915016,2344500000,166.9,1972,2025
서울,용산구,이촌동,리버뷰,7,10796027,1500000000,145.9,1970,2026
서울,용산구,이촌동,미주B,5,11970225,1785000000,149.1,1976,2026
서울,용산구,이촌동,반도,16,25328537,3490000000,136.2,1977,2026
서울,용산구,이촌동,보람더하임,4,20518317,1735000000,84.5,2009,2026
서울,용산구,이촌동,북한강(성원),21,33249370,1980000000,59.6,2001,2026
서울,용산구,이촌동,빌라맨션,2,12317737,2830000000,229.8,1974,2026
서울,용산구,이촌동,삼익,22,23057260,2550000000,104.9,1979,2026
서울,용산구,이촌동,시범(중산1차),4,17981973,1040000000,54.5,1970,2025
서울,용산구,이촌동,왕궁,15,26346604,2700000000,102.5,1974,2025
서울,용산구,이촌동,우성,28,26546392,2002500000,58.2,1995,2026
서울,용산구,이촌동,월드메르디앙,4,18444961,2025000000,116.6,1971,2026
서울,용산구,이촌동,이촌동삼성리버스위트,14,22121447,3600000000,159.1,2002,2026
서울,용산구,이촌동,이촌시범,3,16997983,1180000000,69.4,1970,2026
서울,용산구,이촌동,이촌코오롱(A),54,28279992,2245000000,59.8,1999,2026
서울,용산구,이촌동,이촌코오롱(B),6,30675359,1900000000,59.8,1999,2026
서울,용산구,이촌동,장미,3,15759239,3100000000,196.7,1975,2026
서울,용산구,이촌동,장미(203-14),1,27746900,1298000000,46.8,1972,2026
서울,용산구,이촌동,점보,7,12048193,2140000000,177.6,1974,2026
서울,용산구,이촌동,정우,2,6301991,2000000000,317.4,1972,2025
서울,용산구,이촌동,제일,2,12627447,1630000000,128.9,1976,2025
서울,용산구,이촌동,중앙하이츠(A),2,13604436,2760000000,202.9,1996,2026
서울,용산구,이촌동,퀸스리버빌,1,12964348,2600000000,200.6,1999,2024
서울,용산구,이촌동,한가람,152,30060120,2455000000,59.9,1998,2026
서울,용산구,이촌동,한강(대우),57,29500000,2500000000,85.0,2000,2026
서울,용산구,이촌동,한강동부,3,19696789,1650000000,83.8,2008,2026
서울,용산구,이촌동,한강맨숀,52,42861206,4490000000,102.0,1971,2026
서울,용산구,이촌동,현대맨숀,55,23164086,2789960000,126.1,1974,2026
서울,용산구,이촌동,현대한강,35,27097078,2080000000,84.9,1997,2026
서울,용산구,이태원동,ThePlusⅢ,2,14473127,1710000000,118.2,2002,2025
서울,용산구,이태원동,남산대림,32,24407543,1725000000,72.3,1994,2026
서울,용산구,이태원동,마운틴뷰,2,10506759,1315000000,125.9,1999,2026
서울,용산구,이태원동,메이(124-12),1,13409962,1400000000,104.4,2002,2026
서울,용산구,이태원동,용산동아파트,8,12622878,577500000,48.0,1969,2026
서울,용산구,이태원동,이태원(이테크빌),1,32831737,2400000000,73.1,2002,2025
서울,용산구,이태원동,주공1,5,20080321,1700000000,84.6,1993,2026
서울,용산구,이태원동,창덕아파트,3,10737463,910000000,84.8,1996,2026
서울,용산구,이태원동,청화1,34,23913293,3300000000,142.7,1982,2026
서울,용산구,이태원동,퍼시픽맨션골드,3,9965390,1560000000,157.0,2003,2026
서울,용산구,청암동,GS자이,8,13675978,2944375000,223.8,2005,2026
서울,용산구,청암동,SK청암대(64-1),1,8982158,2200000000,244.9,2001,2026
서울,용산구,청암동,SK청암대(64-29),1,11839151,2900000000,245.0,2001,2026
서울,용산구,청파동1가,목화,2,12779457,890000000,70.8,2004,2025
서울,용산구,청파동1가,아이딜,2,12235848,865000000,71.8,2004,2026
서울,용산구,청파동3가,베르체,2,9805863,1065000000,108.5,2003,2025
서울,용산구,청파동3가,한울글로리A,2,10015314,654000000,65.3,2003,2025
서울,용산구,한강로1가,대우월드마크용산,14,17803541,2100000000,120.4,2007,2026
서울,용산구,한강로1가,삼각아파트,2,28035215,1050000000,38.0,1970,2026
서울,용산구,한강로1가,센트럴파크,10,24038692,694000000,28.7,2021,2026
서울,용산구,한강로1가,용산파크자이,18,20230346,2300000000,123.1,2005,2026
서울,용산구,한강로2가,래미안용산더센트럴,8,31428041,4775000000,161.5,2017,2026
서울,용산구,한강로2가,벽산메가트리움,19,19096117,1800000000,85.0,2005,2026
서울,용산구,한강로2가,아스테리움용산,7,30943484,5300000000,171.3,2012,2026
서울,용산구,한강로2가,용산파크e-편한세상,13,19680522,1920000000,84.7,2007,2026
서울,용산구,한강로2가,용산푸르지오써밋(420),14,25210822,3325000000,130.9,2017,2026
서울,용산구,한강로2가,한강로대우아이빌,5,11732016,380000000,32.4,2004,2026
서울,용산구,한강로2가,호반써밋A.DITION,2,35300972,2975000000,84.3,2025,2025
서울,용산구,한강로3가,센트럴파크,66,33985818,3735000000,114.5,2020,2026
서울,용산구,한강로3가,시티파크(2단지),14,26584514,3852500000,149.7,2007,2026
서울,용산구,한강로3가,시티하우스,4,11284489,242000000,19.9,2011,2026
서울,용산구,한강로3가,쌍용스윗닷홈,4,23370294,2095000000,85.0,2003,2026
서울,용산구,한강로3가,용산시티파크(1단지),21,22998703,3300000000,146.5,2007,2026
서울,용산구,한강로3가,우림필유,4,21473114,1825000000,85.0,2006,2025
서울,용산구,한강로3가,원효전자상가,4,16856194,940000000,55.8,1974,2026
서울,용산구,한강로3가,전자타운한신(A),3,14967860,785000000,54.4,1993,2026
서울,용산구,한강로3가,철우,8,21960442,1510000000,68.8,1978,2026
서울,용산구,한강로3가,한강대우트럼프월드3,9,22007104,3160000000,143.6,2004,2026
서울,용산구,한강로3가,한강자이에클라트,15,16169007,1260000000,80.8,2006,2026
서울,용산구,한남동,나인원한남,12,64354989,15725000000,244.3,2019,2026
서울,용산구,한남동,대림아르빌,8,18934767,1585000000,84.6,2005,2026
서울,용산구,한남동,대성이태리하우스,5,20025916,1950000000,84.9,2006,2026
서울,용산구,한남동,르가든더메인한남,2,30601045,7750000000,251.2,2019,2025
서울,용산구,한남동,리버탑,9,19936298,1300000000,59.6,2001,2026
서울,용산구,한남동,리버티하우스,5,13813745,1900000000,143.2,2001,2026
서울,용산구,한남동,성아1,13,8341565,760000000,98.0,1970,2026
서울,용산구,한남동,스카이빌2,2,11218628,925000000,82.5,2001,2026
서울,용산구,한남동,시범,27,17815126,1080000000,59.5,1970,2026
서울,용산구,한남동,아일랜드캐슬,1,14637658,915000000,62.5,2003,2025
서울,용산구,한남동,오페라하우스3차,1,14972933,1217000000,81.3,2003,2026
서울,용산구,한남동,태성1,2,14595496,875000000,60.0,1975,2026
서울,용산구,한남동,트윈빌비동,1,18412137,2500000000,135.8,2008,2024
서울,용산구,한남동,트윈빌에이동,1,19858668,3850000000,193.9,2008,2026
서울,용산구,한남동,파르크한남,1,63208775,17000000000,269.0,2020,2024
서울,용산구,한남동,한남더힐,24,54451630,6887500000,118.7,2011,2026
서울,용산구,한남동,한남동동원베네스트,6,19421821,1632500000,81.8,2010,2026
서울,용산구,한남동,한남동리첸시아,28,18351680,945000000,46.2,2004,2026
서울,용산구,한남동,한남아이파크애비뉴,53,19518242,950000000,49.6,2017,2026
서울,용산구,한남동,한남파라곤,2,23271368,2700000000,116.0,2011,2026
서울,용산구,한남동,한남해피트리,7,22019334,1435000000,65.2,2016,2026
서울,용산구,한남동,한남힐스테이트,19,21473153,2220000000,84.9,2003,2026
서울,용산구,한남동,한성1,7,14638404,591000000,44.4,1974,2026
서울,용산구,한남동,현대안성타워,2,16760789,1152500000,67.9,1998,2026
서울,용산구,한남동,현대하이페리온,7,23311739,4750000000,203.8,2002,2025
서울,용산구,한남동,힐탑트레져1동,1,21875855,4000000000,182.8,2003,2026
서울,용산구,효창동,세양청마루,4,17936851,1195000000,71.7,2006,2026
서울,용산구,효창동,세인트힐,4,8686058,1475000000,175.3,2004,2026
서울,용산구,효창동,아이딜,2,17391854,1375000000,79.1,2005,2025
서울,용산구,효창동,아인하우스,3,15846539,950000000,60.0,2012,2026
서울,용산구,효창동,예빌리지,1,13910173,1180000000,84.8,2004,2025
서울,용산구,효창동,용산데시앙포레,30,22393385,1425000000,59.8,2022,2026
서울,용산구,효창동,용산롯데캐슬센터포레,43,27560772,1870000000,60.0,2019,2026
서울,용산구,효창동,용산케이씨씨스위첸,23,22729949,1650000000,84.9,2018,2026
서울,용산구,효창동,울트라멤버스,2,9276789,1225000000,132.0,2003,2025
서울,용산구,효창동,임선웰빙아파트,1,10290987,870000000,84.5,2004,2025
서울,용산구,효창동,태원팰리스,1,7904246,1400000000,177.1,2007,2026
서울,용산구,효창동,화이트타운,1,9446216,800000000,84.7,2003,2025
서울,용산구,효창동,효창로즈,2,10084245,855000000,84.8,2001,2026
서울,용산구,효창동,효창맨션,1,7165344,523500000,73.1,1969,2025
서울,용산구,효창동,효창베네스,4,17630092,1495000000,84.9,2002,2026
서울,용산구,효창동,효창아트빌2차,2,13269534,1345000000,101.4,2002,2025
서울,용산구,효창동,효창파크푸르지오,28,24280424,1650000000,72.0,2010,2026
서울,용산구,효창동,효창한신,6,13611078,1465000000,98.6,1987,2026
서울,용산구,후암동,명남아띠팰리스,1,14422447,1100000000,76.3,2006,2025
서울,용산구,후암동,브라운스톤남산,7,11724053,1900000000,166.6,2004,2026
서울,용산구,후암동,삼안리치10차,1,18070652,1330000000,73.6,2005,2026
서울,용산구,후암동,신주에지앙,1,5580357,500000000,89.6,2004,2024
서울,용산구,후암동,신후암,2,8730800,540000000,61.8,1971,2026
서울,용산구,후암동,예빌리지,1,12258879,1360000000,110.9,2002,2025
서울,용산구,후암동,제일,1,16116751,1270000000,78.8,2004,2026
서울,용산구,후암동,화인,1,10471204,1500000000,143.2,2002,2025
서울,용산구,후암동,후암맨션,1,10813808,780000000,72.1,1974,2025
서울,용산구,후암동,후암미주,22,14777844,945000000,62.3,1980,2026
서울,용산구,후암동,힐튼빌리지1차,2,11429629,1100000000,95.7,2002,2026
서울,은평구,갈현동,갈현건영,3,6667778,400000000,60.0,2001,2026
서울,은평구,갈현동,갈현동현대,30,8414856,554500000,59.2,1997,2026
서울,은평구,갈현동,갈현삼성,1,6199123,495000000,79.8,2003,2026
서울,은평구,갈현동,대경아르체,37,14477401,637000000,42.5,2024,2026
서울,은평구,갈현동,동광갈현베르빌,13,8538423,825000000,85.0,2004,2026
서울,은평구,갈현동,라이프시티,9,5814688,460000000,79.1,1991,2026
서울,은평구,갈현동,메카,1,6642942,560000000,84.3,2001,2026
서울,은평구,갈현동,명성,1,5005392,557000000,111.3,1996,2025
서울,은평구,갈현동,미미,18,8473865,530000000,59.6,1997,2026
서울,은평구,갈현동,베로니스,2,11434741,595750000,52.1,2017,2026
서울,은평구,갈현동,선구,2,6147541,427500000,69.5,2003,2025
서울,은평구,갈현동,수정럭스(428-6),1,6089744,418000000,68.6,2003,2026
서울,은평구,갈현동,우남,5,6241168,530000000,84.9,1998,2026
서울,은평구,갈현동,웰빙,1,4717537,400000000,84.8,2004,2025
서울,은평구,갈현동,웰빙존,1,4656319,378000000,81.2,2004,2024
서울,은평구,갈현동,유호루하스,10,6437170,110000000,16.9,2018,2026
서울,은평구,갈현동,인우(281-236),2,6109459,468290000,76.6,1999,2024
서울,은평구,갈현동,코오롱하늘채,13,7086838,615000000,85.0,2003,2026
서울,은평구,갈현동,플라잉캐슬,3,8348294,465000000,55.7,2019,2026
서울,은평구,갈현동,한솔,13,6181181,297500000,40.0,1997,2026
서울,은평구,갈현동,행운,2,5640820,424500000,75.3,2002,2026
서울,은평구,갈현동,현재트윈빌,4,5313960,625000000,120.3,2000,2026
서울,은평구,갈현동,호림리슈리안,2,7655439,575000000,75.1,2007,2026
서울,은평구,갈현동,효민아크로뷰,28,14414414,498000000,37.0,2024,2026
서울,은평구,구산동,갈현1단지e-편한세상,29,7858848,650000000,84.6,2004,2026
서울,은평구,구산동,갈현현대,41,6956957,470000000,59.9,1998,2026
서울,은평구,구산동,경남아너스빌,38,7084662,600000000,84.7,2004,2026
서울,은평구,구산동,경향파크,16,5301786,450000000,84.1,1989,2026
서울,은평구,구산동,구산,1,3299002,410000000,124.3,2005,2025
서울,은평구,구산동,구산그린빌,3,7495798,446000000,59.5,2009,2026
서울,은평구,구산동,금강포란재(101),1,5250653,442000000,84.2,2005,2025
서울,은평구,구산동,대림e-편한세상2,12,7315228,627000000,84.6,2004,2026
서울,은평구,구산동,동익파크1동(355-95),7,5589550,475000000,85.0,1991,2026
서울,은평구,구산동,동익파크2동(355-98),9,5414950,460000000,85.0,1991,2026
서울,은평구,구산동,두일,1,4490664,380000000,84.6,2004,2025
서울,은평구,구산동,벨뷰아파트,2,8235449,405000000,49.2,2021,2026
서울,은평구,구산동,벽산스카이파크,1,4431774,342000000,77.2,2008,2025
서울,은평구,구산동,브라운스톤구산,11,8128166,730000000,84.9,2006,2026
서울,은평구,구산동,새천년3차드림,2,6321976,532500000,84.2,2006,2026
서울,은평구,구산동,새천년구산2차,2,4747455,320000000,67.2,2004,2025
서울,은평구,구산동,세영아파트,3,6827452,370000000,56.4,2016,2026
서울,은평구,구산동,신호(199-24),1,5421267,545000000,100.5,2008,2026
서울,은평구,구산동,에덴드림,2,5121405,434500000,84.8,2004,2026
서울,은평구,구산동,온세,1,5190744,415000000,80.0,2004,2024
서울,은평구,구산동,우공아트빌,3,3674121,230000000,68.0,2002,2025
서울,은평구,구산동,은평서해그랑블,16,9648221,590000000,59.6,2022,2026
서울,은평구,구산동,이안,1,3751340,210000000,56.0,2009,2025
서울,은평구,구산동,천지로얄,3,5225080,390000000,74.6,2005,2026
서울,은평구,구산동,캐슬아파트(18-10),3,6019120,510000000,84.7,2006,2026
서울,은평구,구산동,한성산장,1,4000000,480000000,120.0,1992,2026
서울,은평구,녹번동,DH팰리스타워,4,11490330,505000000,44.0,2020,2026
서울,은평구,녹번동,거성,3,6994001,443000000,63.3,2008,2025
서울,은평구,녹번동,거장메카,13,11422992,468000000,41.0,2019,2026
서울,은평구,녹번동,거장카운티,3,12196036,472000000,38.7,2020,2026
서울,은평구,녹번동,경원파발리안,3,8672566,490000000,56.5,2011,2026
서울,은평구,녹번동,녹번2현대,12,9065223,790000000,84.9,2001,2026
서울,은평구,녹번동,녹번JR아파트,53,10105903,635000000,59.9,2002,2026
서울,은평구,녹번동,녹번타워,28,13296844,651500000,49.0,2025,2025
서울,은평구,녹번동,녹번현대아파트,1,8337525,663000000,79.5,1989,2026
서울,은평구,녹번동,대림아파트(276),51,8620690,750000000,84.9,1993,2026
서울,은평구,녹번동,동호스카이,3,10305737,600000000,56.8,2009,2026
서울,은평구,녹번동,래미안베라힐즈,141,15306723,1200000000,85.0,2019,2026
서울,은평구,녹번동,북한산푸르지오,116,13403560,1082500000,85.0,2015,2026
서울,은평구,녹번동,산수(86-20),1,5904908,385000000,65.2,2004,2025
서울,은평구,녹번동,세민HIPARK,1,8424527,485000000,57.6,2008,2024
서울,은평구,녹번동,송학파크팰리스,1,7279259,385000000,52.9,2008,2025
서울,은평구,녹번동,신현대,1,4476909,380000000,84.9,2004,2025
서울,은평구,녹번동,예원(86-126),1,5347117,600000000,112.2,2004,2026
서울,은평구,녹번동,월든힐스,1,7236745,490000000,67.7,2013,2026
서울,은평구,녹번동,유일아트리움,2,8996905,476500000,53.0,2016,2026
서울,은평구,녹번동,제니더클래식,3,11820964,618000000,52.3,2022,2026
서울,은평구,녹번동,청록MS(91-9),1,7268644,615000000,84.6,2004,2025
서울,은평구,녹번동,해주드림빌,9,7868020,740000000,78.8,2001,2026
서울,은평구,녹번동,힐스테이트녹번,102,17184424,1194000000,59.9,2019,2026
서울,은평구,대조동,YS홈타운,6,7104778,102500000,13.9,2013,2025
서울,은평구,대조동,경인에버빌,1,12210308,353000000,28.9,2020,2025
서울,은평구,대조동,나이스홈,2,7888592,236500000,30.0,2012,2024
서울,은평구,대조동,뉴캐슬,22,7843137,120000000,15.3,2013,2026
서울,은평구,대조동,대경아르체아파트,16,12004001,360000000,30.0,2021,2026
서울,은평구,대조동,대경홈타운,12,9245830,127500000,13.8,2014,2026
서울,은평구,대조동,대덕타워,2,7754036,117000000,15.1,2013,2026
서울,은평구,대조동,대일아이안(9-25),2,9469154,495000000,52.3,2013,2025
서울,은평구,대조동,대조동아트캐슬주상복합,1,8702830,738000000,84.8,2010,2026
서울,은평구,대조동,대조리치빌III,4,9650871,309500000,32.2,2014,2026
서울,은평구,대조동,디안(89-258),1,5935078,490000000,82.6,2005,2026
서울,은평구,대조동,루체하임,19,11023295,530000000,48.1,2023,2026
서울,은평구,대조동,만민하늘愛,3,7226616,530000000,73.3,2008,2026
서울,은평구,대조동,메트하임,4,12813257,179770000,14.0,2020,2026
서울,은평구,대조동,모아아파트(101동),1,8998435,460000000,51.1,2013,2025
서울,은평구,대조동,모아아파트(102동),5,11311417,320000000,28.3,2020,2026
서울,은평구,대조동,모아아파트(103동),6,9727123,407500000,42.5,2015,2026
서울,은평구,대조동,모아아파트(104동),3,11243106,550000000,47.1,2015,2026
서울,은평구,대조동,미래하임,2,9301616,305000000,32.8,2012,2025
서울,은평구,대조동,미래하임(6-19),7,10503441,290000000,27.6,2014,2026
서울,은평구,대조동,미래하임(9-46),2,10458417,417500000,39.9,2013,2026
서울,은평구,대조동,보성리엔빌,2,14252669,388000000,27.2,2021,2025
서울,은평구,대조동,북한산포레스트,6,9958071,190000000,19.1,2021,2026
서울,은평구,대조동,삼성타운,29,10050505,645000000,59.4,1997,2026
서울,은평구,대조동,서경아파트,5,10220014,290000000,28.2,2017,2026
서울,은평구,대조동,서경아파트(15-58),4,12737864,365000000,27.3,2020,2025
서울,은평구,대조동,신세계드림빌2,1,7882883,630000000,79.9,2003,2025
서울,은평구,대조동,아이안빌,2,11035261,408500000,37.0,2012,2026
서울,은평구,대조동,영화노블레스아파트,2,9954937,243000000,24.4,2019,2026
서울,은평구,대조동,예가크레시아,3,10046213,500000000,49.8,2012,2026
서울,은평구,대조동,유성아이비아파트,1,10402355,424000000,40.8,2014,2024
서울,은평구,대조동,유진아이디움,4,11582324,162500000,14.0,2019,2026
서울,은평구,대조동,장미아파트,3,6158100,490000000,79.6,2001,2026
서울,은평구,대조동,정은노블스,1,7812062,557000000,71.3,2008,2024
서울,은평구,대조동,정익제이원,3,10102240,272000000,26.4,2014,2026
서울,은평구,대조동,정익제이원6차,5,10350584,310000000,30.0,2017,2026
서울,은평구,대조동,정익제이원아파트(15-114),1,10375235,276500000,26.6,2015,2025
서울,은평구,대조동,제이타워1,3,8094849,99000000,12.2,2012,2026
서울,은평구,대조동,제이타워3,3,8203445,100000000,12.2,2012,2026
서울,은평구,대조동,제이타워4,13,9836066,120000000,12.2,2013,2026
서울,은평구,대조동,주주베B,8,9027626,135000000,14.1,2014,2026
서울,은평구,대조동,주주베에이,8,8532277,126500000,13.6,2014,2026
서울,은평구,대조동,해오름시티,7,5687694,110000000,19.3,2012,2025
서울,은평구,대조동,호림리슈리안,4,9264473,534000000,56.8,2018,2026
서울,은평구,대조동,효민아크로뷰,3,11500754,310000000,26.5,2018,2026
서울,은평구,불광동,LUMINO816,1,12162162,207000000,17.0,2024,2024
서울,은평구,불광동,갤럭시타운,2,9420290,422500000,44.8,2013,2025
서울,은평구,불광동,그린라이프,1,6948534,590000000,84.9,2005,2025
서울,은평구,불광동,극동메트로타워,3,8876250,890000000,104.5,2001,2026
서울,은평구,불광동,남양구르미아파트,2,4621431,360000000,78.1,2005,2025
서울,은평구,불광동,남해그린힐,5,6472357,387500000,59.9,2001,2026
서울,은평구,불광동,대암아파트,2,7969349,520000000,65.2,1997,2025
서울,은평구,불광동,대호아파트,12,9698492,586500000,59.7,1999,2026
서울,은평구,불광동,대호프라자아파트,19,8506616,548000000,60.0,2000,2026
서울,은평구,불광동,동호스카이,3,9214891,520000000,54.3,2010,2026
서울,은평구,불광동,디앤제이하우징(281-89),12,11479868,290000000,25.1,2022,2026
서울,은평구,불광동,라이프미성,139,10494753,820000000,66.7,1988,2026
서울,은평구,불광동,명남뉴타운,1,6027656,510000000,84.6,2003,2025
서울,은평구,불광동,베로니스,3,11333572,317000000,28.0,2019,2025
서울,은평구,불광동,북한산대창센시티,21,8439566,680000000,84.7,2004,2026
서울,은평구,불광동,북한산동호스카이,1,6671373,567000000,85.0,2013,2025
서울,은평구,불광동,북한산래미안아파트(1단지),22,13084816,932500000,60.0,2010,2026
서울,은평구,불광동,북한산래미안아파트(2단지),40,12530778,946500000,72.5,2010,2026
서울,은평구,불광동,북한산한양수자인아파트,15,9884403,600000000,59.7,2006,2026
서울,은평구,불광동,북한산현대홈타운,59,12000621,880000000,85.0,2004,2026
서울,은평구,불광동,북한산현대힐스테이트3차아파트,138,12646935,850000000,60.0,2010,2026
서울,은평구,불광동,북한산힐스테이트1차아파트,68,12621830,850000000,59.8,2009,2026
서울,은평구,불광동,북한산힐스테이트7차,79,14479617,1100000000,84.9,2011,2026
서울,은평구,불광동,불광롯데캐슬,54,14752459,980000000,60.0,2018,2026
서울,은평구,불광동,삼익(217-9),5,6728840,570000000,84.7,1992,2026
서울,은평구,불광동,삼흥아파트,3,5638215,360000000,63.8,2002,2026
서울,은평구,불광동,서강아파트,1,3066271,620000000,202.2,1991,2025
서울,은평구,불광동,선우아파트,1,6462675,490000000,75.8,2002,2026
서울,은평구,불광동,신우아파트,1,9087877,545000000,60.0,1995,2026
서울,은평구,불광동,엘지아파트,2,5153027,402500000,78.0,2002,2025
서울,은평구,불광동,연신내역트리플라101동,19,13291388,338000000,25.4,2021,2026
서울,은평구,불광동,연신내역트리플라102동,17,13000000,338000000,26.0,2021,2026
서울,은평구,불광동,월드그린,1,6232770,520000000,83.4,2003,2025
서울,은평구,불광동,은혜스카이빌아파트,5,7554653,635000000,84.3,2005,2026
서울,은평구,불광동,제이타워,2,8157713,115500000,14.2,2013,2024
서울,은평구,불광동,태양아파트,1,6960009,590000000,84.8,2004,2025
서울,은평구,불광동,효민아크로뷰,6,14910966,277500000,21.1,2021,2025
서울,은평구,수색동,DMC 진흥,31,10695038,700000000,57.5,2003,2026
서울,은평구,수색동,DMCSKVIEW,69,17647785,1390000000,85.0,2023,2026
서울,은평구,수색동,DMCSK뷰아이파크포레,95,16677785,1075000000,60.0,2025,2026
서울,은평구,수색동,DMC롯데캐슬더퍼스트,128,16536302,1155000000,60.0,2021,2026
서울,은평구,수색동,DMC아트포레자이,13,15295917,1290000000,85.0,2026,2026
서울,은평구,수색동,DMC자이1단지,18,9772848,1202500000,116.9,2009,2026
서울,은평구,수색동,DMC파인시티자이,56,18125110,1290000000,74.8,2025,2026
서울,은평구,수색동,e편한세상 수색 에코포레,112,9164106,740000000,85.0,2003,2026
서울,은평구,수색동,"수정가,나동",5,11237733,720000000,65.3,1987,2025
서울,은평구,수색동,청구,22,13965316,860000000,60.0,2000,2026
서울,은평구,신사동,개성하이뷰,4,5589067,450000000,80.5,2009,2026
서울,은평구,신사동,거성리젠시,1,9836544,505500000,51.4,2023,2025
서울,은평구,신사동,구암,4,6610037,670000000,99.7,2004,2025
서울,은평구,신사동,굿모닝기룡(369-0),1,6548545,547000000,83.5,2005,2026
서울,은평구,신사동,뉴서울(277-19),3,5567813,429000000,77.0,2003,2026
서울,은평구,신사동,뉴서울(277-2),4,6567229,400000000,60.9,2003,2025
서울,은평구,신사동,뉴신사신성,10,6189292,522500000,84.4,1993,2026
서울,은평구,신사동,다원그린,1,7207984,585000000,81.2,2003,2024
서울,은평구,신사동,대운,1,3396226,270000000,79.5,2001,2026
서울,은평구,신사동,대주파크빌,8,8107311,620000000,83.9,2004,2026
서울,은평구,신사동,라이프씨티,8,5991089,470000000,83.0,1992,2026
서울,은평구,신사동,린든빌(29-26),1,7384927,438000000,59.3,2007,2026
서울,은평구,신사동,명남(200-16),1,5880168,475000000,80.8,2003,2026
서울,은평구,신사동,명남(23-45),1,6511566,487000000,74.8,2002,2024
서울,은평구,신사동,명남더블레스(19-162),4,9465805,507500000,53.4,2018,2026
서울,은평구,신사동,명남더블레스(39-19),1,5738195,480000000,83.6,2003,2024
서울,은평구,신사동,명진(200-115),3,4475309,377000000,84.2,2000,2025
서울,은평구,신사동,명진(348-7),3,5631712,600000000,84.5,2003,2026
서울,은평구,신사동,미래하임(아파트),4,9310945,415000000,44.6,2015,2025
서울,은평구,신사동,미성,62,8515662,593500000,63.5,1987,2026
서울,은평구,신사동,부흥아파트(33-10),3,6512729,550000000,84.4,2005,2026
서울,은평구,신사동,삼부,5,7416268,500000000,75.2,2001,2026
서울,은평구,신사동,선정(35-2),1,7422035,545000000,73.4,2006,2024
서울,은평구,신사동,세민하이파크,2,10972879,441000000,40.2,2017,2026
서울,은평구,신사동,승윤노블리안,6,8140032,469000000,58.0,2019,2026
서울,은평구,신사동,신사동한신휴플러스,21,8623745,680000000,84.6,2003,2026
서울,은평구,신사동,신사성원,14,8248715,518750000,59.9,2000,2026
서울,은평구,신사동,신사씨티,32,7419521,431000000,58.1,1993,2026
서울,은평구,신사동,신사코아,3,4126442,483000000,117.0,2004,2026
서울,은평구,신사동,신성,21,7093933,453000000,61.3,1988,2026
서울,은평구,신사동,신성수정,15,7063679,485000000,84.8,1996,2026
서울,은평구,신사동,신아,2,5769317,382500000,66.3,2008,2025
서울,은평구,신사동,신현,2,7883170,705000000,89.9,2003,2026
서울,은평구,신사동,에코벨리,2,6498716,405000000,62.3,2003,2026
서울,은평구,신사동,예성그린,1,5042017,300000000,59.5,2013,2025
서울,은평구,신사동,우공101동,2,5319533,447500000,84.1,2004,2026
서울,은평구,신사동,유성,1,4966552,245000000,49.3,2003,2025
서울,은평구,신사동,유한베스트빌,1,6238230,530000000,85.0,2002,2026
서울,은평구,신사동,은평신사두산위브,16,8765015,745000000,85.0,2006,2026
서울,은평구,신사동,은평신사두산위브2차,13,9295211,798000000,85.0,2011,2026
서울,은평구,신사동,응암역효성해링턴플레이스,41,11878545,775000000,71.9,2019,2026
서울,은평구,신사동,이랜드타운아파트,22,7470973,582500000,84.9,2004,2026
서울,은평구,신사동,임탑(12-1)100동,3,4945249,420000000,84.9,2004,2026
서울,은평구,신사동,정명네스트,2,5840351,457500000,78.6,2003,2026
서울,은평구,신사동,청운,1,7169652,560000000,78.1,2003,2025
서울,은평구,신사동,청운제일(362-0),1,7019043,575000000,81.9,2002,2026
서울,은평구,신사동,현대1,49,7069027,595000000,84.2,1997,2026
서울,은평구,신사동,현대2,47,6955087,590000000,84.8,1994,2026
서울,은평구,신사동,형진,5,6072265,363000000,59.8,1997,2025
서울,은평구,신사동,홍익,8,6673340,430500000,59.9,1995,2026
서울,은평구,역촌동,SM벨리체,1,10222382,570000000,55.8,2020,2026
서울,은평구,역촌동,개성팰리스,2,3965517,230000000,58.0,2012,2025
서울,은평구,역촌동,거성리젠시2차,3,8408797,585000000,63.8,2006,2026
서울,은평구,역촌동,건우샹그리라,1,6594582,555000000,84.2,2004,2025
서울,은평구,역촌동,고도아파트,2,10032076,513000000,51.1,2021,2026
서울,은평구,역촌동,궁전,1,6131352,520000000,84.8,1994,2026
서울,은평구,역촌동,뉴캐슬,1,5024784,740000000,147.3,2003,2026
서울,은평구,역촌동,더-위일이노펠리체,4,12523205,708500000,56.3,2024,2025
서울,은평구,역촌동,두성,1,5985829,490000000,81.9,2004,2026
서울,은평구,역촌동,두성아파트,3,5550307,470000000,84.7,2004,2025
서울,은평구,역촌동,디딤빌아파트,2,5514706,465000000,84.3,2000,2025
서울,은평구,역촌동,리더스파크,3,8975136,740000000,82.4,2006,2026
서울,은평구,역촌동,만민라이프,1,5050803,427500000,84.6,2002,2026
서울,은평구,역촌동,만민라이프(A동),1,6421586,545000000,84.9,2004,2026
서울,은평구,역촌동,명남뉴(32-3),2,6480963,482500000,74.2,2004,2026
서울,은평구,역촌동,명남뉴아파트,1,6239699,530000000,84.9,2004,2026
서울,은평구,역촌동,무궁화,9,3432494,210000000,61.2,1972,2026
서울,은평구,역촌동,미랜드,2,7195811,611500000,85.0,2006,2025
서울,은평구,역촌동,부호(101동),1,6891062,549700000,79.8,2004,2026
서울,은평구,역촌동,부호(103동),1,6078848,515000000,84.7,2004,2024
서울,은평구,역촌동,서안,2,6020166,507500000,84.3,2003,2026
서울,은평구,역촌동,센타폴리스,2,8478458,917500000,110.9,2004,2026
서울,은평구,역촌동,센트레빌아스테리움시그니처,13,12312047,870000000,60.0,2026,2026
서울,은평구,역촌동,소망,3,3590456,155000000,43.2,2002,2026
서울,은평구,역촌동,솔빛,1,5419416,460000000,84.9,2004,2024
서울,은평구,역촌동,아그네스풍림아이원,10,7713096,815000000,103.4,2009,2026
서울,은평구,역촌동,에버그린,2,5719582,444000000,77.7,2003,2026
서울,은평구,역촌동,엔에스,2,5011417,417000000,83.2,2001,2026
서울,은평구,역촌동,역촌,1,4890650,487500000,99.7,2001,2024
서울,은평구,역촌동,역촌센트레빌,37,8599364,715000000,84.9,2011,2026
서울,은평구,역촌동,역촌월드,2,5881876,335000000,58.5,2003,2025
서울,은평구,역촌동,연리지,1,5994815,555000000,92.6,2006,2025
서울,은평구,역촌동,예청,1,6005652,510000000,84.9,2004,2025
서울,은평구,역촌동,월드,1,5273149,250000000,47.4,2003,2025
서울,은평구,역촌동,위산엘리시움,11,8956315,490000000,54.7,2018,2026
서울,은평구,역촌동,청우참조은,1,5267342,265000000,50.3,2003,2025
서울,은평구,역촌동,청운퀸즈,3,6518480,500000000,76.7,2001,2025
서울,은평구,역촌동,태경맨션,1,4557241,351500000,77.1,2004,2025
서울,은평구,역촌동,푸른솔,2,4860207,360000000,74.4,2007,2025
서울,은평구,역촌동,프라우드아파트,1,6244845,530000000,84.9,2004,2025
서울,은평구,역촌동,하늘애,3,9416196,800000000,84.8,2007,2026
서울,은평구,역촌동,한국리치빌,5,7599470,640000000,84.2,2003,2026
서울,은평구,역촌동,현대타운,1,3559910,585000000,164.3,1996,2025
서울,은평구,응암동,e편한세상백련산,58,10873845,888000000,84.3,2022,2026
서울,은평구,응암동,거장메카,14,11937237,582000000,48.8,2024,2026
서울,은평구,응암동,거장메카(116-22),1,14129996,350000000,24.8,2021,2025
서울,은평구,응암동,경남,11,7008245,530000000,74.2,1995,2026
서울,은평구,응암동,경원파발리안,3,7941092,550000000,69.3,2009,2026
서울,은평구,응암동,경향렉스빌,9,7997864,700000000,84.8,2004,2026
서울,은평구,응암동,남청파인힐,10,7762060,429000000,55.1,2001,2026
서울,은평구,응암동,녹번역e편한세상캐슬,306,17565332,1220000000,60.0,2021,2026
서울,은평구,응암동,녹번역센트레빌,22,10583039,886500000,84.9,2013,2026
서울,은평구,응암동,뉴월드(240-63),3,5381727,430000000,79.9,2005,2026
서울,은평구,응암동,뉴월드(402-120),1,5033756,425000000,84.4,2005,2026
서울,은평구,응암동,뉴월드(402-42),3,5633450,445000000,79.9,2005,2026
서울,은평구,응암동,뉴월드(403-32),1,5248619,427500000,81.4,2005,2025
서울,은평구,응암동,다원,2,6952628,590000000,84.9,2006,2025
서울,은평구,응암동,다원(107-4),1,8037742,460000000,57.2,2011,2025
서울,은평구,응암동,대주피오레,29,8360810,670000000,84.9,2003,2026
서울,은평구,응암동,더위일,3,10268562,543000000,50.6,2017,2026
서울,은평구,응암동,드림캐시아1,2,8757157,520000000,59.4,2011,2026
서울,은평구,응암동,드림캐시아2,3,8062618,685000000,85.0,2011,2026
서울,은평구,응암동,디우아르떼,8,11967750,435000000,36.9,2019,2026
서울,은평구,응암동,메트로럭스,1,5301189,785000000,148.1,2007,2025
서울,은평구,응암동,명남(122-10),1,7772021,660000000,84.9,2001,2026
서울,은평구,응암동,명남더블레스,11,8775351,468000000,51.3,2012,2026
서울,은평구,응암동,명남래희안(122-4),5,6618084,445000000,67.2,2001,2026
서울,은평구,응암동,명남스카이뷰,19,10257308,580000000,57.1,2023,2026
서울,은평구,응암동,명진,1,6307271,530000000,84.0,2004,2026
서울,은평구,응암동,모아(365-35),2,5926262,433500000,73.4,2006,2026
서울,은평구,응암동,모아아파트,7,9532062,512500000,52.5,2016,2026
서울,은평구,응암동,미소세상,1,6982678,520000000,74.5,2017,2026
서울,은평구,응암동,밝은문,2,9470561,415000000,43.8,2014,2025
서울,은평구,응암동,백련산에스케이뷰아이파크,147,14315867,990000000,59.9,2020,2026
서울,은평구,응암동,백련산파크자이,97,13714897,880000000,59.9,2021,2026
서울,은평구,응암동,백련산해모로,85,13425980,875000000,60.0,2020,2026
서울,은평구,응암동,백련산힐스테이트1차,131,11200664,810000000,84.2,2011,2026
서울,은평구,응암동,백련산힐스테이트2차,132,12125860,807500000,60.0,2011,2026
서울,은평구,응암동,백련산힐스테이트3차,83,10792220,850000000,84.3,2011,2026
서울,은평구,응암동,백련산힐스테이트4차,89,12650035,935000000,85.0,2018,2026
서울,은평구,응암동,벧엘블레스빌,1,8068316,685000000,84.9,2006,2024
서울,은평구,응암동,삼영N-CITY,1,7950338,365000000,45.9,2015,2025
서울,은평구,응암동,삼흥리치,8,9197236,525000000,56.4,2016,2026
서울,은평구,응암동,상아,1,5972580,440000000,73.7,2002,2024
서울,은평구,응암동,서강스카이빌,4,5510211,827500000,150.0,2001,2026
서울,은평구,응암동,서강스카이빌2,4,5499073,852500000,156.4,2003,2026
서울,은평구,응암동,서강스카이빌3(116-24),2,8431396,716500000,85.0,2006,2026
서울,은평구,응암동,서안에이스,2,5845157,542500000,96.6,2004,2026
서울,은평구,응암동,신동아,11,8499336,448000000,52.7,1990,2026
서울,은평구,응암동,신진뉴캐슬,2,5483106,462500000,84.4,2004,2026
서울,은평구,응암동,아르지움주상복합,44,11549177,577000000,50.4,2024,2026
서울,은평구,응암동,애필리움,4,8609934,731500000,85.0,2006,2026
서울,은평구,응암동,역산아이지아,2,6411766,483500000,75.0,2004,2026
서울,은평구,응암동,예청B,2,6043806,480000000,79.4,2003,2026
서울,은평구,응암동,우성,17,6914434,520000000,64.6,1988,2026
서울,은평구,응암동,위산일리온시티,18,12085062,230000000,19.4,2020,2026
서울,은평구,응암동,유로카운티,1,5535530,430000000,77.7,2002,2026
서울,은평구,응암동,유성아이비,1,8662281,395000000,45.6,2011,2025
서울,은평구,응암동,응암동금호,31,9743847,618000000,59.8,1998,2026
서울,은평구,응암동,응암아네스트,10,7858589,110000000,13.7,2014,2026
서울,은평구,응암동,응암푸르지오,41,8907363,720000000,84.2,2008,2026
서울,은평구,응암동,응암하이포롬,6,7165549,609000000,85.0,2003,2026
서울,은평구,응암동,자선메르시안(115),1,7544083,415000000,55.0,2002,2026
서울,은평구,응암동,자선메르시안(119-15),1,7018322,475000000,67.7,2003,2026
서울,은평구,응암동,자선메르시안(400),2,6414035,465000000,73.8,2005,2025
서울,은평구,응암동,자선메르시안101동(123-26),1,6636716,325000000,49.0,2002,2025
서울,은평구,응암동,자선메르시안102동(123-25),1,7422803,375000000,50.5,2002,2025
서울,은평구,응암동,재연,2,6340860,410000000,64.7,2004,2025
서울,은평구,응암동,조이팰리스(90-23),3,6344877,520000000,84.3,2003,2026
서울,은평구,응암동,진흥펠리체,3,8291587,480000000,57.9,2015,2025
서울,은평구,응암동,청록,1,3689551,280000000,75.9,1998,2026
서울,은평구,응암동,청송아파트,1,5908769,500000000,84.6,2000,2026
서울,은평구,응암동,청안파인,3,6420596,200000000,32.2,2012,2026
서울,은평구,응암동,펠리시티,14,10540492,587000000,55.7,2022,2026
서울,은평구,응암동,푸른숲,1,5590813,370000000,66.2,2011,2025
서울,은평구,응암동,프라임팰리스,4,6394042,455000000,71.2,2003,2025
서울,은평구,응암동,해태드림타운,5,6600660,552500000,84.8,1997,2026
서울,은평구,응암동,힐스테이트녹번역,101,16402187,1220000000,77.0,2022,2026
서울,은평구,증산동,DMC덕원,4,11604453,558500000,47.7,1997,2026
서울,은평구,증산동,DMC문영퀸즈파크아파트,2,6708250,570000000,85.0,2004,2025
서울,은평구,증산동,DMC센트럴자이(1단지),16,18660218,1585000000,84.9,2023,2026
서울,은평구,증산동,DMC센트럴자이(2단지),56,22388049,1387500000,60.0,2023,2026
서울,은평구,증산동,DMC센트럴자이(3단지),66,19199059,1630000000,84.9,2023,2026
서울,은평구,증산동,DMC센트럴자이(4단지),11,21276596,1190000000,55.9,2023,2026
서울,은평구,증산동,DMC우방,67,11767651,800000000,59.9,2000,2026
서울,은평구,증산동,DMC월드,3,9621051,800000000,80.9,2002,2026
서울,은평구,증산동,DMC자이2단지,8,9677549,1080000000,114.6,2009,2026
서울,은평구,증산동,네르비,4,10472996,784000000,76.7,2003,2026
서울,은평구,증산동,두산위브,4,9323579,787500000,84.5,2005,2026
서울,은평구,증산동,두성,2,8787982,605000000,69.5,2003,2026
서울,은평구,증산동,디오반,18,7745505,112000000,14.5,2011,2026
서울,은평구,증산동,럭스빌(101동),1,7229353,597000000,82.6,2004,2025
서울,은평구,증산동,럭스빌(102동),1,8964303,560000000,62.5,2004,2026
서울,은평구,증산동,목화,1,8183210,695000000,84.9,2001,2026
서울,은평구,증산동,베로니스,5,11670314,640000000,54.2,2019,2025
서울,은평구,증산동,삼성베스트빌,1,9403935,325000000,34.6,2008,2026
서울,은평구,증산동,선정(178),3,8849850,750000000,84.7,2002,2026
서울,은평구,증산동,인우,3,8353870,592540000,70.9,2003,2026
서울,은평구,증산동,자산메르시안(164-31),1,5976896,595000000,99.6,2004,2026
서울,은평구,증산동,자선메르시안(101),1,8079978,590000000,73.0,2003,2025
서울,은평구,증산동,자선메르시안(102),1,8212030,598000000,72.8,2003,2026
서울,은평구,증산동,자선메르시안(103),4,6939599,466000000,65.3,2003,2026
서울,은평구,증산동,자선메르시안(162-18),3,9720355,723000000,74.4,2004,2026
서울,은평구,증산동,자선메르시안(162-21),3,9981034,842000000,84.4,2002,2026
서울,은평구,증산동,증산중앙하이츠,5,8170637,897000000,116.3,2001,2026
서울,은평구,증산동,청록,1,6478210,550000000,84.9,2004,2025
서울,은평구,증산동,청운,1,8271535,580000000,70.1,2004,2026
서울,은평구,진관동,구파발10단지어울림(1011~1019동)BL3-1,28,10495283,950000000,101.8,2010,2026
서울,은평구,진관동,구파발9단지래미안(916~928동)BL3-2,51,10216110,978000000,101.8,2010,2026
서울,은평구,진관동,마고정3단지센트레빌(301~309동)BL2-11,3,10799940,1325000000,134.3,2009,2026
서울,은평구,진관동,마고정3단지센트레빌(310~322동)BL2-3,39,12118332,962000000,84.0,2009,2026
서울,은평구,진관동,마고정3단지센트레빌(323~335동)BL2-2,23,11668955,1080000000,101.8,2009,2026
서울,은평구,진관동,박석고개1단지힐스테이트(101~111동)BL2-12,24,13868610,997500000,84.5,2009,2026
서울,은평구,진관동,박석고개1단지힐스테이트(112~115동)BL2-13,5,9863542,1065000000,101.8,2008,2026
서울,은평구,진관동,박석고개1단지힐스테이트(116~131동)BL2-1,56,13976608,951500000,59.9,2009,2026
서울,은평구,진관동,상림마을6단지푸르지오(601~605동)BL1-8,7,9175610,780000000,85.0,2008,2026
서울,은평구,진관동,상림마을6단지푸르지오(606~614동)BL1-7,10,8992806,767500000,84.8,2008,2026
서울,은평구,진관동,상림마을6단지푸르지오(615~621동)BL1-6,15,8660565,820000000,101.6,2008,2026
서울,은평구,진관동,상림마을6단지푸르지오(622~629동)BL1-5,17,10869565,690000000,59.8,2008,2026
서울,은평구,진관동,상림마을7단지아이파크(702~705동)BL1-4,9,9808102,828000000,84.4,2008,2026
서울,은평구,진관동,상림마을7단지아이파크(706~708동)BL1-3,24,9424732,800000000,84.8,2008,2026
서울,은평구,진관동,상림마을7단지아이파크(709~712동)BL1-10,5,8345635,850000000,101.6,2008,2026
서울,은평구,진관동,상림마을7단지아이파크(713~718동)BL1-11,6,9888170,840000000,85.0,2008,2026
서울,은평구,진관동,상림마을7단지아이파크(719~729동)BL1-13,11,8190646,1000000000,134.9,2008,2026
서울,은평구,진관동,상림마을7단지아이파크(730~742동)BL1-14,6,6989885,865000000,167.4,2008,2026
서울,은평구,진관동,상림마을8단지롯데캐슬(801~809동)BL1-2,21,11470985,787000000,59.3,2008,2026
서울,은평구,진관동,상림마을8단지롯데캐슬(810~820동)BL1-1,16,10039504,945000000,93.2,2008,2026
서울,은평구,진관동,상림마을8단지롯데캐슬(821~830동)BL1-12,39,10614459,960000000,84.8,2008,2026
서울,은평구,진관동,우물골2단지두산위브(201~203동)BL2-4,3,13017356,820000000,59.9,2009,2026
서울,은평구,진관동,우물골2단지두산위브(204~208동)BL2-5,24,12128344,790000000,59.9,2009,2026
서울,은평구,진관동,우물골2단지두산위브(209~222동)BL2-8,32,10134719,879500000,84.5,2009,2026
서울,은평구,진관동,우물골2단지두산위브(223~244동)BL2-7,20,10290987,1100000000,101.5,2010,2026
서울,은평구,진관동,우물골2단지두산위브(245~255동)BL2-6,19,11604297,1040000000,84.7,2009,2026
서울,은평구,진관동,은평뉴타운 제각말 푸르지오(5-1단지),13,9365061,830000000,84.9,2010,2026
서울,은평구,진관동,은평뉴타운 제각말 푸르지오(5-2단지),15,9322634,900000000,101.8,2010,2026
서울,은평구,진관동,은평뉴타운 제각말 푸르지오(5-3단지),6,9236042,905000000,93.4,2010,2026
서울,은평구,진관동,은평뉴타운 제각말 푸르지오(5-4단지),32,9924608,866000000,84.9,2010,2026
서울,은평구,진관동,은평뉴타운기자촌11단지,41,9903325,800000000,84.8,2015,2026
서울,은평구,진관동,은평뉴타운꿈에그린,24,12310245,738000000,59.9,2018,2026
서울,은평구,진관동,은평뉴타운솔하임,41,11988278,530000000,45.0,2017,2026
서울,은평구,진관동,은평뉴타운엘크루,26,11837279,710000000,60.0,2017,2026
서울,은평구,진관동,은평스카이뷰자이,43,13215526,1120000000,84.7,2019,2026
서울,은평구,진관동,폭포동4단지힐스테이트(408~422동)BL3-9,25,8897457,1165000000,134.9,2010,2026
서울,은평구,진관동,폭포동4단지힐스테이트(423~425동)BL3-10,7,8304293,1090000000,134.9,2010,2026
서울,은평구,진관동,폭포동4단지힐스테이트(426~428동)BL3-11,6,8590017,1100000000,118.4,2010,2026
서울,은평구,진관동,힐데스하임,14,12429239,502500000,40.6,2017,2026
서울,종로구,견지동,대성스카이렉스,1,10514019,1575000000,149.8,2008,2026
서울,종로구,교북동,경희궁자이(4단지),48,25916928,1000000000,37.3,2017,2026
서울,종로구,교북동,동아,6,10263408,826500000,84.3,1995,2026
서울,종로구,구기동,마운틴뷰,6,8194236,527500000,68.1,2019,2026
서울,종로구,내수동,경희궁의아침2단지,5,15468347,2190000000,140.8,2004,2026
서울,종로구,내수동,경희궁의아침3단지,6,15290450,2365000000,162.5,2004,2026
서울,종로구,내수동,경희궁의아침4단지,8,15771014,2060000000,124.2,2004,2025
서울,종로구,내수동,경희궁파크팰리스,8,15950872,1857500000,117.3,2003,2026
서울,종로구,내수동,세종로대우,1,12282777,1350000000,109.9,1994,2025
서울,종로구,내수동,킹스매너,1,6975885,1322000000,189.5,2004,2025
서울,종로구,당주동,롯데미도파광화문빌딩,5,8783205,820000000,93.4,1981,2026
서울,종로구,당주동,세종,4,9595535,940000000,98.1,1983,2025
서울,종로구,동숭동,동성아파트(1동),2,6855108,368000000,53.8,1999,2026
서울,종로구,명륜1가,건양하늘터,2,7696391,652500000,84.8,2006,2026
서울,종로구,명륜1가,리치캐슬아파트,1,7707815,650000000,84.3,2003,2025
서울,종로구,명륜1가,방산아파트,1,5994467,195000000,32.5,1995,2025
서울,종로구,명륜2가,명륜동주상복합아남아파트,14,14421398,786000000,54.9,1999,2026
서울,종로구,명륜2가,아남1,39,13462898,1143000000,84.9,1995,2026
서울,종로구,명륜2가,아남2,2,14983165,890000000,59.4,1996,2025
서울,종로구,무악동,경희궁롯데캐슬,22,22706821,1705000000,84.9,2019,2026
서울,종로구,무악동,인왕산2차아이파크,23,14403662,1245000000,84.2,2015,2026
서울,종로구,무악동,인왕산아이파크,97,15673242,1380000000,84.9,2008,2026
서울,종로구,무악동,현대,83,15500000,1299600000,84.9,2000,2026
서울,종로구,부암동,별빛고운,2,6852716,690000000,100.7,2006,2025
서울,종로구,부암동,부암스카이뷰,2,8082796,655000000,81.0,2004,2026
서울,종로구,사직동,광화문스페이스본(101동~105동),62,15805033,1945000000,123.9,2008,2026
서울,종로구,사직동,광화문스페이스본(106동),9,13631331,2088000000,150.4,2008,2025
서울,종로구,수송동,로얄팰리스스위트,22,9868673,386500000,39.7,2005,2026
서울,종로구,숭인동,도시그린빌라,2,6818436,349000000,51.6,1997,2026
서울,종로구,숭인동,동문(482-0),1,9166667,550000000,60.0,2002,2026
서울,종로구,숭인동,롯데캐슬천지인,15,11295086,1190000000,111.7,2004,2026
서울,종로구,숭인동,버넷하임1,3,6692694,120000000,17.9,2013,2026
서울,종로구,숭인동,블루빌,5,6637168,290000000,42.9,2017,2026
서울,종로구,숭인동,삼전솔하임2차,5,6778644,112000000,16.7,2012,2026
서울,종로구,숭인동,삼전솔하임4차,10,8648111,130500000,15.1,2014,2026
서울,종로구,숭인동,숭인상가,7,7792208,625000000,80.8,1979,2026
서울,종로구,숭인동,숭인한양LEEPS,5,7824726,100000000,12.8,2014,2026
서울,종로구,숭인동,에비뉴청계Ⅱ,1,14749263,250000000,17.0,2025,2026
서울,종로구,숭인동,익성씨티하임,4,7003891,109000000,15.6,2013,2026
서울,종로구,숭인동,종로동광모닝스카이,8,6710817,106400000,15.9,2013,2026
서울,종로구,숭인동,종로센트레빌,41,14586115,1040000000,59.9,2008,2026
서울,종로구,숭인동,종로아인스빌,3,9053498,110000000,12.2,2013,2025
서울,종로구,숭인동,종로유케이201,7,7493755,90000000,12.1,2013,2026
서울,종로구,숭인동,종로중흥S클래스,20,6464754,123000000,19.5,2013,2026
서울,종로구,숭인동,종로청계힐스테이트,26,13638047,896000000,59.9,2009,2026
서울,종로구,숭인동,탑스빌,1,7394622,407000000,55.0,2003,2026
서울,종로구,숭인동,하림빌라트,2,6718455,320000000,47.6,1998,2025
서울,종로구,신교동,신현(101동),1,11259137,955000000,84.8,2002,2026
서울,종로구,신교동,신현(102동),1,11200189,950000000,84.8,2002,2026
서울,종로구,신문로1가,신문로맨션,1,9781004,795000000,81.3,1981,2024
서울,종로구,신문로2가,디팰리스,8,31825675,4875000000,147.8,2020,2026
서울,종로구,신영동,구암하이빌,2,5587344,445000000,79.7,2002,2026
서울,종로구,신영동,대아파크빌,3,7720415,655000000,84.8,1998,2025
서울,종로구,연건동,이화에수풀,9,10895171,185000000,17.0,2014,2026
서울,종로구,연지동,아르젠종로,3,9433962,155000000,18.0,2015,2026
서울,종로구,옥인동,세종아파트,1,8477357,1550000000,182.8,2005,2025
서울,종로구,익선동,운현신화타워,6,9361515,765000000,81.2,1998,2026
서울,종로구,익선동,현대뜨레비앙,21,10053564,450000000,48.5,2003,2026
서울,종로구,인의동,효성쥬얼리시티,14,10564693,1020000000,95.6,2006,2026
서울,종로구,창신동,(627-120),1,9547069,430000000,45.0,1999,2026
서울,종로구,창신동,MID그린(1동),1,10075567,600000000,59.6,2002,2026
서울,종로구,창신동,MID그린(2동),1,8223684,450000000,54.7,2002,2025
서울,종로구,창신동,MID그린(3동),2,8659825,510000000,58.9,2002,2026
서울,종로구,창신동,MID그린(8동),2,8335823,495000000,59.5,2002,2026
서울,종로구,창신동,MID그린(9동),1,12520868,750000000,59.9,2002,2026
서울,종로구,창신동,동대문,11,12152778,350000000,28.8,1966,2026
서울,종로구,창신동,동대문맨션,6,4806454,577300000,106.1,1973,2026
서울,종로구,창신동,동문상가,1,7111597,260000000,36.6,1970,2025
서울,종로구,창신동,두산,50,13633687,913500000,60.0,1999,2026
서울,종로구,창신동,브라운스톤창신,4,10366367,879500000,84.8,2006,2026
서울,종로구,창신동,성용,2,9015971,525000000,58.2,1994,2026
서울,종로구,창신동,유성,1,7468672,447000000,59.8,1996,2024
서울,종로구,창신동,창신쌍용1,55,10517090,740000000,79.9,1992,2026
서울,종로구,창신동,창신쌍용2,102,9704609,700000000,64.7,1993,2026
서울,종로구,창신동,창신이수,11,11183432,900000000,84.5,2003,2026
서울,종로구,창신동,흥인,1,10144163,577000000,56.9,1997,2026
서울,종로구,청운동,청운현대,4,14151669,1069000000,91.2,2000,2026
서울,종로구,충신동,CS타워,5,6923771,153500000,22.2,2011,2026
서울,종로구,충신동,힐스테이트창경궁,3,16857589,1358550000,85.0,2022,2026
서울,종로구,통인동,효자,2,3659132,225000000,61.5,1999,2024
서울,종로구,평동,경희궁자이(3단지),71,28136084,2210000000,84.6,2017,2026
서울,종로구,평창동,갑을아파트,4,5745240,190000000,31.5,1997,2026
서울,종로구,평창동,그린나래,20,10754737,395050000,36.8,2026,2026
서울,종로구,평창동,노블레스빌,1,6869884,1670000000,243.1,2002,2024
서울,종로구,평창동,롯데낙천대,13,10499475,1130000000,110.5,2001,2026
서울,종로구,평창동,롯데캐슬로잔,13,10183435,2150000000,219.8,2009,2026
서울,종로구,평창동,밀레니엄,3,8174387,690000000,84.4,2017,2025
서울,종로구,평창동,벽산블루밍평창힐스,2,10537804,1590000000,150.9,2004,2026
서울,종로구,평창동,삼성,16,10493988,742500000,72.4,1998,2026
서울,종로구,평창동,엘리시아,5,5678885,1210000000,213.1,2009,2025
서울,종로구,평창동,일성빌라트,5,10154136,665000000,85.0,1996,2026
서울,종로구,평창동,형우럭스빌(33-1),2,8586398,885000000,103.1,2005,2026
서울,종로구,필운동,두레엘리시안,2,14427230,1037500000,72.3,2007,2026
서울,종로구,필운동,신동아블루아광화문의꿈,2,14803204,1850000000,125.3,2007,2026
서울,종로구,행촌동,대성아파트,8,9128861,258500000,24.8,1971,2026
서울,종로구,혜화동,혜화훼미리,2,9315277,779000000,85.2,2004,2025
서울,종로구,홍파동,경희궁자이(2단지),82,28879283,2450000000,84.8,2017,2026
서울,종로구,효제동,이지마루종로,1,14374701,300000000,20.9,2021,2025
서울,종로구,효제동,포레스트힐시티,10,9768331,185500000,17.6,2017,2026
서울,중구,남대문로5가,남산트라팰리스,3,18141663,2300000000,126.8,2010,2026
서울,중구,남산동2가,남산퍼시픽,1,10217114,640000000,62.6,2003,2025
서울,중구,남창동,경서,6,7495357,299500000,37.7,1970,2026
서울,중구,만리동1가,LIG서울역리가,27,18715438,1590000000,85.0,2012,2026
서울,중구,만리동1가,서울역디오빌,2,13060360,740000000,56.7,2005,2026
서울,중구,만리동2가,서울역센트럴자이,108,25889800,1790000000,73.0,2017,2026
서울,중구,만리동2가,서울역한라비발디센트럴,23,19726825,1495000000,85.0,2018,2026
서울,중구,묵정동,묵정,14,9597789,503500000,52.5,1981,2026
서울,중구,묵정동,충무,3,10771728,590000000,54.2,1982,2026
서울,중구,묵정동,힐스테이트남산,25,18630752,780000000,44.6,2024,2026
서울,중구,순화동,덕수궁롯데캐슬,24,19078967,1445000000,69.5,2016,2026
서울,중구,순화동,바비엥3,12,9511490,627500000,65.7,2006,2026
서울,중구,순화동,순화동더샵,14,13714355,1165000000,85.0,2007,2026
서울,중구,신당동,(372-66),4,9613636,615000000,64.0,2010,2025
서울,중구,신당동,(432-2001),2,4901567,244000000,49.8,2001,2026
서울,중구,신당동,글로리안(A),1,3334445,200000000,60.0,2002,2025
서울,중구,신당동,글로리안(B),3,5283791,310000000,58.7,2002,2025
서울,중구,신당동,남산FORESTHOUSE,1,15661277,3710000000,236.9,2008,2026
서울,중구,신당동,남산정은스카이,10,10307657,1450000000,143.0,2005,2026
서울,중구,신당동,남산타운,345,17672008,1460000000,84.9,2002,2026
서울,중구,신당동,노블레스2,4,11407510,937500000,84.8,2002,2026
서울,중구,신당동,노블레스하우스,2,11272695,777500000,69.0,2007,2026
서울,중구,신당동,다다아파트,1,6003002,360000000,60.0,2000,2026
서울,중구,신당동,다오아트빌,2,6314679,338750000,53.6,2000,2026
서울,중구,신당동,도현블랑빌,3,9321901,630000000,84.8,2001,2026
서울,중구,신당동,동산,3,4817708,259000000,53.8,2001,2026
서울,중구,신당동,동평화패션타운,1,3995778,265000000,66.3,1968,2026
서울,중구,신당동,래미안하이베르,98,17921279,1317500000,60.0,2011,2026
서울,중구,신당동,마이스터빌,1,16372641,4000000000,244.3,2003,2025
서울,중구,신당동,명경,2,5691932,338500000,59.5,2002,2026
서울,중구,신당동,명경아트빌,2,5802702,250000000,43.1,2000,2026
서울,중구,신당동,벨레어카운티,1,16543715,4530000000,273.8,2004,2025
서울,중구,신당동,삼성,132,16008004,1167500000,60.0,1999,2026
서울,중구,신당동,삼성V아파트A동,4,9861571,805000000,81.6,2007,2026
서울,중구,신당동,삼성홈타운,2,11371438,872500000,78.8,2004,2025
서울,중구,신당동,성지,1,10170524,835000000,82.1,2002,2025
서울,중구,신당동,신당KCC스위첸,36,17943274,1177500000,72.1,2019,2026
서울,중구,신당동,신당동파라다이스,20,12270451,857500000,72.3,2000,2026
서울,중구,신당동,신당아르브,9,8738938,150000000,18.1,2014,2026
서울,중구,신당동,신당역솔하임,4,12221029,172500000,14.1,2016,2026
서울,중구,신당동,신당푸르지오,45,15108425,1350000000,84.8,2005,2026
서울,중구,신당동,신신(1차),5,5265862,219000000,38.9,2001,2026
서울,중구,신당동,신신(2차),3,6605691,390000000,59.0,2001,2026
서울,중구,신당동,약수역더시티,25,13308590,252500000,18.9,2021,2026
서울,중구,신당동,약수하이츠,238,17171195,1275000000,65.4,1999,2026
서울,중구,신당동,청구103동,1,6912051,284500000,41.2,2000,2024
서울,중구,신당동,청구e편한세상,79,18832392,1645000000,85.0,2011,2026
서울,중구,신당동,청구드림,2,9592065,815000000,85.0,2002,2026
서울,중구,신당동,청구파크뷰,1,10793238,830000000,76.9,2003,2026
서울,중구,신당동,타워,1,9863124,735000000,74.5,2002,2025
서울,중구,신당동,탑힐,2,18082192,990000000,54.8,2002,2024
서울,중구,신당동,태원팰리스,2,8955224,750000000,83.8,2004,2025
서울,중구,신당동,태원팰리스5차(432-1132),2,8397419,755000000,90.3,2006,2026
서울,중구,신당동,토토타워(5차),1,5171839,310000000,59.9,2001,2025
서울,중구,신당동,푸른마을(432-921),2,7247598,430000000,59.3,2000,2026
서울,중구,신당동,푸른마을(B),2,4841778,280000000,57.8,2001,2025
서울,중구,신당동,프라임1,2,8973399,715000000,79.8,2003,2025
서울,중구,신당동,프라임2,4,10761462,763500000,73.6,2003,2026
서울,중구,신당동,하이,1,9102244,730000000,80.2,2001,2024
서울,중구,신당동,하이1(113-5),3,9377968,790000000,84.2,2000,2026
서울,중구,신당동,한진해모로,28,13805221,917500000,59.8,2001,2026
서울,중구,신당동,현대,95,11254019,1000000000,84.0,1993,2026
서울,중구,오장동,오렌지카운티을지로,4,12708556,195000000,13.4,2020,2026
서울,중구,오장동,오장동오팰리오,3,15369111,465000000,29.5,2021,2026
서울,중구,오장동,이지마루오장,1,13357079,300000000,22.5,2018,2025
서울,중구,을지로5가,삼성파크빌,4,9015910,765000000,84.9,2006,2025
서울,중구,인현동2가,세운푸르지오헤리시티,33,14661980,415000000,28.4,2023,2026
서울,중구,인현동2가,인현상가/신성아파트,10,9345003,417500000,45.8,1968,2026
서울,중구,입정동,힐스테이트세운센트럴1단지,20,22784072,1132500000,49.4,2023,2026
서울,중구,입정동,힐스테이트세운센트럴2단지,35,20698400,1030000000,49.8,2023,2026
서울,중구,장충동1가,상지리츠빌장충동카일룸,2,27790265,6800000000,244.7,2008,2025
서울,중구,장충동1가,장충동라임카운티,4,11682092,2855000000,244.5,2000,2025
서울,중구,정동,삼정아트테라스정동,19,17500875,369000000,18.7,2020,2026
서울,중구,정동,정동,2,14009859,640000000,45.6,1965,2026
서울,중구,중림동,브라운스톤서울,10,13368889,1750000000,117.7,2006,2026
서울,중구,중림동,삼성사이버빌리지,59,20011772,1480000000,59.9,2001,2026
서울,중구,중림동,성요셉,1,5349285,194500000,36.4,1971,2025
서울,중구,충무로4가,남산센트럴자이,19,14734165,1320000000,82.4,2009,2026
서울,중구,충무로4가,진양상가,11,8686765,670000000,71.9,1970,2026
서울,중구,충무로5가,이지마루충무로,2,11205390,315000000,28.1,2020,2025
서울,중구,충무로5가,충무로엘크루메크로시티2차,21,9558617,218000000,22.8,2016,2026
서울,중구,충무로5가,충무로헤센스마트,15,11234818,240000000,21.0,2018,2026
서울,중구,필동3가,미주,2,6872852,900000000,131.0,1976,2026
서울,중구,황학동,(1546-0),2,9488560,282000000,29.7,2015,2026
서울,중구,황학동,DUO302,22,9987477,159500000,16.0,2014,2026
서울,중구,황학동,골드캐슬Ⅲ,8,9511450,301500000,32.8,2017,2026
서울,중구,황학동,그랜드힐오피스텔,5,8287293,190000000,24.2,2017,2026
서울,중구,황학동,동광팰리스,7,10921248,294000000,25.9,2018,2026
서울,중구,황학동,롯데캐슬,223,13900342,1070000000,84.9,2008,2026
서울,중구,황학동,신당블루카운티,8,10008340,600000000,60.0,2016,2026
서울,중구,황학동,위너빌(Winnervill),18,13169232,370000000,28.6,2018,2026
서울,중구,황학동,청계랜드힐아파트,3,12420275,370000000,29.9,2022,2026
서울,중구,황학동,청계리버팰리스A,4,10078325,306500000,31.0,2019,2026
서울,중구,황학동,청계리버팰리스B,6,10980392,280000000,25.5,2018,2025
서울,중구,황학동,한양I-Class,30,7941356,130000000,16.4,2013,2026
서울,중구,황학동,황학동코아루,10,11301430,960000000,85.0,2010,2026
서울,중구,황학동,황학아크로타워,33,11864842,1200000000,109.1,2010,2026
서울,중구,회현동1가,SK리더스뷰남산,13,14103686,2280000000,176.3,2010,2026
서울,중구,회현동1가,남산롯데캐슬아이리스,37,16663012,1850000000,113.5,2011,2026
서울,중구,회현동1가,삼풍,5,6798785,470000000,68.6,1975,2026
서울,중구,회현동1가,평화,2,9005515,522500000,58.0,1976,2025
서울,중구,회현동2가,쌍용남산플래티넘,16,13681827,2227500000,166.2,2010,2026
서울,중구,흥인동,동대문솔하임,2,9821429,192500000,19.6,2016,2025
서울,중구,흥인동,동대문와이즈캐슬,19,9196141,143000000,15.6,2014,2026
서울,중구,흥인동,우일타운,15,8189757,610000000,75.4,1994,2026
서울,중구,흥인동,위더스하임,8,11523929,274500000,23.8,2018,2026
서울,중구,흥인동,청계천두산위브더제니스,21,12638714,1580000000,124.2,2014,2026
서울,중랑구,망우동,EGSoulLeader,2,6948584,93250000,13.4,2012,2025
서울,중랑구,망우동,가야써니빌,3,8172115,490000000,60.0,2002,2026
서울,중랑구,망우동,개나리,4,7163324,300000000,41.9,1988,2026
서울,중랑구,망우동,경남,20,7188434,402500000,56.3,1989,2026
서울,중랑구,망우동,금호어울림(580),47,7912398,650000000,84.9,2006,2026
서울,중랑구,망우동,금호어울림(580-1),9,7771106,635000000,84.9,2006,2026
서울,중랑구,망우동,대보,4,7043854,310000000,44.0,1988,2026
서울,중랑구,망우동,더하이어,1,8322514,100000000,12.0,2013,2025
서울,중랑구,망우동,로얄팰리스주상복합아파트,3,8701473,520000000,59.8,2021,2026
서울,중랑구,망우동,망우,1,5564946,428000000,76.9,2003,2026
서울,중랑구,망우동,문수해오름,3,5621337,470000000,83.6,2002,2026
서울,중랑구,망우동,백림금호,5,7167861,450000000,60.0,2000,2026
서울,중랑구,망우동,성도아트빌,1,5807457,447000000,77.0,2008,2025
서울,중랑구,망우동,세움삼익플라주,1,10805861,590000000,54.6,2020,2026
서울,중랑구,망우동,신내역금강펜테리움센트럴파크,38,9860320,835500000,85.0,2021,2026
서울,중랑구,망우동,신내역힐데스하임참좋은아파트,12,9711759,824000000,84.8,2021,2026
서울,중랑구,망우동,신원,17,6597718,543000000,84.1,1999,2026
서울,중랑구,망우동,아스테르아파트,17,11504425,560000000,50.8,2024,2026
서울,중랑구,망우동,"염광(5,8,10,11동)",1,5797582,350000000,60.4,1984,2025
서울,중랑구,망우동,예성그린캐슬,7,7544501,580000000,84.8,2004,2026
서울,중랑구,망우동,예원캐슬,4,6475790,229500000,36.2,2012,2025
서울,중랑구,망우동,용마프라자,1,5482456,325000000,59.3,1995,2025
서울,중랑구,망우동,주함해븐(101동),3,7565432,383000000,50.6,2011,2025
서울,중랑구,망우동,중랑숲리가,44,8298169,700000000,85.0,2012,2026
서울,중랑구,망우동,중랑숲시티프라디움,24,12895442,718000000,56.0,2022,2026
서울,중랑구,망우동,청광,4,6665190,461500000,71.6,2001,2025
서울,중랑구,망우동,한울네세창,3,6101896,515000000,84.4,2005,2026
서울,중랑구,망우동,한일써너스빌리젠시1단지(101동),10,10051973,851000000,84.7,2008,2026
서울,중랑구,망우동,한일써너스빌리젠시2단지,9,9706439,870000000,84.5,2008,2026
서울,중랑구,망우동,한진해모로,14,7665136,626500000,84.9,2007,2026
서울,중랑구,망우동,해오름101동,3,6884621,585000000,85.0,2005,2026
서울,중랑구,망우동,해오름102동,2,7804370,450000000,57.7,2005,2026
서울,중랑구,면목동,개인택시주택조합(미성아파트),4,6055957,335500000,55.4,1995,2025
서울,중랑구,면목동,건원베스트원,1,9142857,192000000,21.0,2015,2025
서울,중랑구,면목동,경남아너스빌,35,11670362,737000000,60.0,2006,2026
서울,중랑구,면목동,공감대(390-24),1,6588319,555000000,84.2,2005,2025
서울,중랑구,면목동,그린캐슬APT,2,5904614,430000000,72.2,2005,2025
서울,중랑구,면목동,남청파인힐(101동),1,7552686,620000000,82.1,2006,2026
서울,중랑구,면목동,늘푸른동아,48,10226320,730000000,59.6,2002,2026
서울,중랑구,면목동,다울101동,3,5770137,490000000,84.9,2003,2026
서울,중랑구,면목동,대원칸타빌,24,9178245,791500000,79.5,2003,2026
서울,중랑구,면목동,동서그랜드맨션,1,4948987,650000000,131.3,1993,2025
서울,중랑구,면목동,동성네스트빌101,1,5279831,400000000,75.8,2001,2026
서울,중랑구,면목동,동원베네스트,9,9368371,795000000,84.9,2003,2026
서울,중랑구,면목동,동일스카이씨티(37차),1,7735946,300000000,38.8,2007,2026
서울,중랑구,면목동,두산1,17,9119813,635000000,59.8,1993,2026
서울,중랑구,면목동,두산2,17,6855440,850000000,134.2,1995,2026
서울,중랑구,면목동,두산3,18,8947741,758500000,84.8,1995,2026
서울,중랑구,면목동,두산4,32,9455638,780000000,84.9,2000,2026
서울,중랑구,면목동,두산5,30,11025396,699000000,59.8,2000,2026
서울,중랑구,면목동,두산6,17,9068010,625000000,59.6,1993,2026
서울,중랑구,면목동,두원,16,8430282,515000000,59.3,1998,2026
서울,중랑구,면목동,라온프라이빗,53,14295820,1040000000,85.0,2020,2026
서울,중랑구,면목동,리치카운티,11,8968504,710000000,84.7,2004,2026
서울,중랑구,면목동,마젤란21,17,9754120,748000000,78.9,2007,2026
서울,중랑구,면목동,면목동2차미소지움아파트,3,8357735,659000000,82.0,2005,2026
서울,중랑구,면목동,면목동금호어울림아파트,19,8766080,744000000,84.9,2005,2026
서울,중랑구,면목동,면목루브루,4,9215638,490000000,54.4,2021,2026
서울,중랑구,면목동,면목삼익아파트,19,9915966,630000000,59.5,1997,2026
서울,중랑구,면목동,면목삼호101,18,7838794,627500000,83.1,2000,2026
서울,중랑구,면목동,면목한신,128,9192635,425000000,44.5,1987,2026
서울,중랑구,면목동,미래한건아파트,2,5621650,430000000,76.5,2005,2025
서울,중랑구,면목동,사가정센트럴아이파크,150,15074256,1252500000,84.9,2020,2026
서울,중랑구,면목동,삼성제이드아파트,3,8027211,445000000,45.9,2015,2026
서울,중랑구,면목동,성원상떼빌,18,9514271,594500000,59.9,1997,2026
서울,중랑구,면목동,솔루테아파트,2,7970882,614000000,77.2,2001,2026
서울,중랑구,면목동,신성,18,8930062,593500000,59.9,1998,2026
서울,중랑구,면목동,신성미소지움,11,8542074,685000000,80.2,2004,2026
서울,중랑구,면목동,신영,6,6133056,88500000,14.4,2013,2025
서울,중랑구,면목동,신우,6,8845127,575000000,59.9,1998,2026
서울,중랑구,면목동,쌍용더플래티넘용마산,39,13323030,970000000,75.1,2020,2026
서울,중랑구,면목동,아람플러스,6,7532063,640000000,85.0,2009,2026
서울,중랑구,면목동,아이쉐르빌,1,7283518,540000000,74.1,2004,2026
서울,중랑구,면목동,영우,1,6598240,495000000,75.0,2003,2025
서울,중랑구,면목동,용마금호타운,40,8186101,695000000,84.9,1992,2026
서울,중랑구,면목동,용마동아,11,7598963,645000000,84.9,1993,2026
서울,중랑구,면목동,용마산금호어울림,11,9574749,740000000,75.7,2006,2026
서울,중랑구,면목동,용마산모아엘가파크포레,36,10425934,832500000,83.9,2023,2026
서울,중랑구,면목동,용마산하늘채,22,11688276,970000000,84.6,2015,2026
서울,중랑구,면목동,용마한신,65,9875847,477000000,44.4,1990,2026
서울,중랑구,면목동,용마한신2,14,9466335,712500000,84.5,1998,2026
서울,중랑구,면목동,우정아파트,2,7620428,391000000,51.4,2003,2026
서울,중랑구,면목동,일신강변,2,8808725,525000000,59.6,1999,2026
서울,중랑구,면목동,진로,5,6024096,370000000,59.8,2001,2026
서울,중랑구,면목동,킴스아파트,7,8995117,345000000,38.9,2018,2026
서울,중랑구,면목동,포르투나,20,11367571,591000000,52.0,2024,2026
서울,중랑구,면목동,포인트아파트에이동,2,6331116,515000000,81.4,2005,2025
서울,중랑구,면목동,풍림,12,7912458,502500000,59.4,1997,2026
서울,중랑구,면목동,한강훼미리(138-62),1,7227174,600000000,83.0,2004,2026
서울,중랑구,면목동,한건브리앙,1,6101813,350000000,57.4,2004,2025
서울,중랑구,면목동,한양수자인사가정파크,68,13054273,972500000,74.9,2019,2026
서울,중랑구,면목동,현대,66,8748457,710000000,84.4,1994,2026
서울,중랑구,면목동,현대휴온,13,6549257,119000000,18.2,2013,2026
서울,중랑구,면목동,형진,3,8341675,520000000,59.9,1996,2026
서울,중랑구,묵동,SM해그린,5,7708729,650000000,84.3,2006,2026
서울,중랑구,묵동,고덕골든빌(101동),1,10008006,750000000,74.9,2012,2026
서울,중랑구,묵동,고덕골든빌(103동),1,7956300,670000000,84.2,2012,2026
서울,중랑구,묵동,공감대,6,9664938,602500000,60.0,2005,2026
서울,중랑구,묵동,극동늘푸른,20,8028069,665000000,84.1,1999,2026
서울,중랑구,묵동,금호어울림,9,9365500,795000000,84.8,2003,2026
서울,중랑구,묵동,동구햇살,12,7855355,662000000,85.0,2004,2026
서울,중랑구,묵동,리치빌,4,5630381,610000000,105.7,2006,2026
서울,중랑구,묵동,묵동자이(1단지),13,8913746,998000000,112.2,2010,2026
서울,중랑구,묵동,묵동자이(2단지),18,9715407,990000000,101.9,2010,2026
서울,중랑구,묵동,묵동포레시타,3,7477138,137500000,18.6,2013,2025
서울,중랑구,묵동,문수해오름,5,7220515,611000000,84.6,2004,2026
서울,중랑구,묵동,백운,2,6750633,506500000,75.0,2002,2026
서울,중랑구,묵동,브라운스톤태릉,39,10654115,840000000,83.5,2004,2026
서울,중랑구,묵동,삼성,2,6980702,404000000,57.8,1991,2025
서울,중랑구,묵동,세방,12,8049716,567500000,72.4,2000,2026
서울,중랑구,묵동,세원,3,5908070,500000000,84.6,1997,2026
서울,중랑구,묵동,세이지움태릉입구역,278,14294271,265500000,18.4,2026,2026
서울,중랑구,묵동,신내,113,9538153,475000000,49.8,1996,2026
서울,중랑구,묵동,신내대림아파트,40,8532626,1025000000,126.3,1995,2026
서울,중랑구,묵동,신내두산아파트,40,8433640,1050000000,126.3,1995,2026
서울,중랑구,묵동,신도,11,9016530,600000000,59.9,1998,2026
서울,중랑구,묵동,신도2,3,9899300,580000000,58.6,1999,2026
서울,중랑구,묵동,신도브래뉴,11,8773621,455000000,51.9,2004,2026
서울,중랑구,묵동,신안1,21,9422949,587500000,60.0,1999,2026
서울,중랑구,묵동,신안2,13,8856212,584000000,59.8,2000,2026
서울,중랑구,묵동,신안3,13,9104577,585000000,59.9,2000,2026
서울,중랑구,묵동,에이트플레이스,19,13196481,266500000,20.5,2026,2026
서울,중랑구,묵동,우성,10,6248942,300000000,47.1,1975,2026
서울,중랑구,묵동,월드메르디앙,7,9220453,770000000,83.5,2009,2026
서울,중랑구,묵동,월등스카이뷰,2,6314439,408500000,64.7,2004,2026
서울,중랑구,묵동,위더스빌,9,8074973,685000000,84.8,2010,2026
서울,중랑구,묵동,이편한세상화랑대,67,13301003,1020000000,84.8,2017,2026
서울,중랑구,묵동,장미,5,7298086,675000000,92.5,1983,2025
서울,중랑구,묵동,정은스카이빌,2,6144114,520500000,84.7,2004,2025
서울,중랑구,묵동,태창네스트빌,1,7110058,600000000,84.4,2005,2026
서울,중랑구,묵동,풀내음(A동),4,7078189,430000000,60.8,2006,2026
서울,중랑구,묵동,풍산쉐르빌,3,6590640,420000000,64.3,2002,2026
서울,중랑구,묵동,하늘빛아파트,1,6825939,580000000,85.0,2011,2025
서울,중랑구,묵동,한국,25,9389671,585000000,59.6,1999,2026
서울,중랑구,묵동,헤르만스테이트,6,6300000,142000000,21.9,2013,2026
서울,중랑구,묵동,현대아이파크,25,9884853,850000000,85.0,2002,2026
서울,중랑구,묵동,효산센터빌,1,7426958,605000000,81.5,2008,2026
서울,중랑구,상봉동,SG타워,6,6674729,474500000,69.5,2004,2026
서울,중랑구,상봉동,e-푸른가동,1,7033928,595000000,84.6,2004,2026
서울,중랑구,상봉동,건영1,34,8092043,687500000,85.0,1997,2026
서울,중랑구,상봉동,건영2차아파트,63,8768832,730000000,85.0,1996,2026
서울,중랑구,상봉동,건영캐스빌,37,9864438,835000000,84.6,2006,2026
서울,중랑구,상봉동,금강산아파트,2,6820566,432500000,62.6,1996,2026
서울,중랑구,상봉동,더클래스,3,10106195,285500000,28.2,2019,2025
서울,중랑구,상봉동,동부아파트,52,9629630,593000000,54.0,1999,2026
서울,중랑구,상봉동,동성네스트빌1동,5,5614823,400000000,71.2,2003,2026
서울,중랑구,상봉동,동일스카이시티101동,1,7406188,450000000,60.8,2009,2024
서울,중랑구,상봉동,레그노시티,6,11247284,298500000,26.9,2020,2026
서울,중랑구,상봉동,리더스,4,10292077,301500000,29.3,2019,2025
서울,중랑구,상봉동,매원아파트,1,6896552,400000000,58.0,2003,2025
서울,중랑구,상봉동,문수해오름,4,6099717,517500000,84.8,2003,2026
서울,중랑구,상봉동,미랜드프래임빌(102동),1,7418584,590000000,79.5,2006,2026
서울,중랑구,상봉동,백운아파트,3,6063295,410000000,67.6,2004,2025
서울,중랑구,상봉동,상봉듀오트리스,24,9385184,1237500000,117.1,2016,2026
서울,중랑구,상봉동,상봉베스트원,20,10595171,241000000,22.1,2019,2026
서울,중랑구,상봉동,상봉생활,50,14811863,299250000,20.2,2026,2026
서울,중랑구,상봉동,상봉어반뷰,16,7994350,116500000,14.6,2018,2026
서울,중랑구,상봉동,상봉태솔아파트101동,31,9695946,574000000,59.2,2022,2025
서울,중랑구,상봉동,상봉힐스테이,1,12332412,178450000,14.5,2021,2024
서울,중랑구,상봉동,센트럴파크55,11,9625230,470000000,48.8,2019,2026
서울,중랑구,상봉동,솔렌시아3(85-1),4,7674559,374000000,49.8,2018,2026
서울,중랑구,상봉동,"엘지,쌍용아파트",96,8857919,607000000,68.1,1996,2026
서울,중랑구,상봉동,와이센트럴시티상봉,103,14257228,286000000,20.1,2025,2025
서울,중랑구,상봉동,우정아파트,11,12240116,800000000,57.2,2002,2026
서울,중랑구,상봉동,주함해븐타워,13,8264463,129500000,14.9,2015,2026
서울,중랑구,상봉동,태솔에버빌,2,6666634,385500000,57.8,2014,2025
서울,중랑구,상봉동,태영데시앙1,48,10081203,833750000,84.9,2003,2026
서울,중랑구,상봉동,태영데시앙2(1411동),9,9338061,760000000,84.6,2003,2026
서울,중랑구,상봉동,포시티,16,7404914,110000000,14.9,2014,2026
서울,중랑구,상봉동,풍산쉐르빌101동,1,5603202,392000000,70.0,2002,2026
서울,중랑구,상봉동,풍산쉐르빌102동,2,3959873,187500000,47.4,2002,2026
서울,중랑구,상봉동,프레미어스엠코,41,11575803,1175000000,107.1,2013,2026
서울,중랑구,상봉동,한일써너스빌,31,10578946,870000000,84.6,2003,2026
서울,중랑구,신내동,건영2차,59,9790576,650000000,57.3,1996,2026
서울,중랑구,신내동,경남아너스빌,12,8590257,705000000,85.0,2007,2026
서울,중랑구,신내동,경원,4,5367687,307500000,57.6,1989,2026
서울,중랑구,신내동,광남,5,6917827,346000000,53.5,2000,2026
서울,중랑구,신내동,다우훼밀리,8,8388926,547500000,60.0,1999,2026
서울,중랑구,신내동,대성유니트,9,7668313,600000000,76.9,2005,2026
서울,중랑구,신내동,데시앙,24,10615683,850000000,84.3,2010,2026
서울,중랑구,신내동,동광오뜨빌,1,6630998,525000000,79.2,2001,2026
서울,중랑구,신내동,동성1,95,8213697,533000000,59.4,1993,2026
서울,중랑구,신내동,동성3,68,8383838,540000000,59.4,1997,2026
서울,중랑구,신내동,동성5,4,7895176,473000000,59.9,1997,2026
서울,중랑구,신내동,동성7,21,8426020,550000000,59.3,1999,2026
서울,중랑구,신내동,동성아파트,40,7996633,527500000,59.4,1997,2026
서울,중랑구,신내동,동성타워프라자,10,7019500,430000000,60.5,1996,2026
서울,중랑구,신내동,라이프미성,22,6719028,416000000,59.6,1992,2026
서울,중랑구,신내동,망우역신원아침도시,8,11271647,556500000,48.8,2023,2026
서울,중랑구,신내동,벽산,34,7861767,497500000,59.8,2000,2026
서울,중랑구,신내동,새한,40,7316351,600000000,84.4,1998,2026
서울,중랑구,신내동,석탑,28,7522568,520000000,59.8,1997,2026
서울,중랑구,신내동,성원,87,7530835,635000000,84.3,1994,2026
서울,중랑구,신내동,신내 데시앙포레,64,8860012,755000000,84.9,2013,2026
서울,중랑구,신내동,신내11대명,66,9305835,478500000,49.8,1996,2026
서울,중랑구,신내동,신내6대주,207,10165663,515000000,49.8,1996,2026
서울,중랑구,신내동,신내9진흥,161,9192285,360000000,39.8,1996,2026
서울,중랑구,신내동,신내아트빌,2,3867380,462500000,119.6,1997,2026
서울,중랑구,신내동,신내우디안1단지,62,8874320,745000000,84.6,2014,2026
서울,중랑구,신내동,신천빌리지,1,7086075,517000000,73.0,2003,2026
서울,중랑구,신내동,영풍마드레빌,12,8249999,700000000,84.8,2004,2026
서울,중랑구,신내동,우남푸르미아,10,7854021,660000000,84.7,2005,2026
서울,중랑구,신내동,원당,3,6031746,380000000,63.0,1989,2025
서울,중랑구,신내동,월드,2,4902962,480000000,97.9,2004,2025
서울,중랑구,신내동,월드크라운,2,4897188,534500000,109.2,2004,2025
서울,중랑구,신내동,조호그레이스,1,4112683,346000000,84.1,2004,2026
서울,중랑구,신내동,조호그레이스2,1,5465262,306000000,56.0,2003,2025
서울,중랑구,신내동,중앙하이츠,61,7237849,615000000,85.0,1996,2026
서울,중랑구,신내동,진로아파트,54,8090915,850000000,101.9,1995,2026
서울,중랑구,신내동,화성.두산아파트,67,9094982,615000000,67.0,1995,2026
서울,중랑구,중화동,강오(A동),3,6494058,459000000,82.3,2004,2026
서울,중랑구,중화동,강오(B동),1,6804898,489000000,71.9,2004,2025
서울,중랑구,중화동,극동,6,6936886,587500000,84.5,1991,2026
서울,중랑구,중화동,남광타운,2,6937585,330000000,47.6,2012,2025
서울,중랑구,중화동,동구햇살아파트101동,2,8166909,617500000,75.6,2001,2026
서울,중랑구,중화동,동양엔파트,14,8350322,707500000,84.5,2010,2026
서울,중랑구,중화동,동양엔파트2차,4,9305211,787500000,84.6,2013,2026
서울,중랑구,중화동,로얄,1,6632086,537000000,81.0,2004,2024
서울,중랑구,중화동,리버센SKVIEW롯데캐슬,4,18878146,1132500000,60.0,2025,2026
서울,중랑구,중화동,미영리치타운,5,7873923,667000000,84.7,2007,2026
서울,중랑구,중화동,미영리치타운103,4,7608952,646000000,84.9,2006,2026
서울,중랑구,중화동,범양프레체,12,6410256,115000000,17.9,2012,2026
서울,중랑구,중화동,삼익아파트.상가동,7,8510280,505000000,59.3,1995,2026
서울,중랑구,중화동,중화동건영아파트,10,7143607,562500000,84.8,1998,2026
서울,중랑구,중화동,청광플러스원,6,9932192,840000000,84.8,2007,2026
서울,중랑구,중화동,태능에셈빌,2,7413694,629000000,84.8,2005,2026
서울,중랑구,중화동,태솔,2,7159151,514000000,71.8,2006,2026
서울,중랑구,중화동,한솔e(A동),1,6030762,545000000,90.4,2004,2026
서울,중랑구,중화동,한솔e(B동),1,4839685,400000000,82.6,2004,2025
서울,중랑구,중화동,한신아파트상가동유치원동(103~109),206,11320281,715000000,59.8,1997,2026
서울,중랑구,중화동,한영(101),5,5971035,470000000,84.2,2003,2026
서울,중랑구,중화동,한영(104),2,6274042,420000000,66.9,2003,2026
