주소,lat,lng,정확도
경기 고양시 덕양구 화신로 48,37.6175427809968,126.839585650475,주소
경기 광명시 금당로 71,37.4621724277797,126.885251333324,주소
경기 구리시 동구릉로 37-13,37.604454593288,127.131474727904,주소
경기 군포시 오금로 15-35,37.3528904896393,126.92830227976,주소
경기 성남시 분당구 양현로 194,37.4019293283986,127.126069984102,주소
경기 성남시 분당구 양현로 400,37.4166156058319,127.125626699567,주소
경기 수원시 영통구 영통로 328,37.2545141544303,127.06443833496,주소
경기 수원시 장안구 송원로41번길 34,37.300644971052,127.005913828692,주소
경기 수원시 장안구 송정로21번길 42,37.2973029569991,127.002918098111,주소
경기 안산시 단원구 달미로 95,37.3448147578976,126.815136660237,주소
경기 안양시 만안구 예술공원로103번길 73,37.4208414602841,126.916290130013,주소
경기 용인시 기흥구 금화로82번길 7,37.2664740997828,127.10921768888,주소
경기 용인시 수지구 상현로 45,37.3037505320364,127.078521840304,주소
경기 용인시 수지구 죽전로293번길 12,37.3367475845272,127.127607587216,주소
경기 용인시 처인구 금학로367번길 14,37.2385686654942,127.205262070148,주소
경기 의왕시 등칙골길 28,37.3520370499567,126.975577099052,주소
경기 이천시 백사면 청백리로 207,37.3084015579051,127.482301383394,주소
경기 파주시 가람로 121,37.7415978163839,126.759504510873,주소
경기 파주시 광탄면 심궁로 13,37.7806021587867,126.852315913493,주소
경기 파주시 쇠재1길 21,37.751271148236,126.77878626184,주소
경기 평택시 장안웃길 66,37.0665412806416,127.081647013964,주소
경기 평택시 팽성읍 송화택지로25번길 14,36.9629427545064,127.056979712941,주소
경기 화성시 동탄원천로 289-17,37.2122401151359,127.061195311937,주소
경기 화성시 팔탄면 버들로 1537,37.1188844180709,126.872659410236,주소
경기도 가평군 가평읍 각담말길 15,37.8602874648863,127.514379190211,주소
경기도 가평군 가평읍 광장로 10,37.8275239586144,127.510056993971,주소
경기도 가평군 가평읍 광장로 22번길,37.8278398311903,127.509036431183,주소
경기도 가평군 가평읍 문화로 91,37.8210633344458,127.508957631216,주소
경기도 가평군 가평읍 석봉로 121,37.826049808863,127.51178548091,주소
경기도 가평군 가평읍 석봉로 129,37.8266833481961,127.511538151612,주소
경기도 가평군 가평읍 석봉로 168,37.8301225570249,127.5109721332,주소
경기도 가평군 가평읍 연인2길 21,37.8296105787178,127.511152163392,주소
경기도 가평군 가평읍 태봉두밀로 34-31,37.8053958566792,127.484988703218,주소
경기도 가평군 가평읍 향교로 23,37.8307050887336,127.507266938232,주소
경기도 가평군 가평읍 향교로27번길 5,37.8304853762898,127.508430423605,주소
경기도 가평군 북면 석장모루길 13,37.8793460474272,127.548120677523,주소
경기도 가평군 상면 비룡로 2199-19,37.8032602854543,127.342528699186,주소
경기도 가평군 상면 청군로 2090,37.8379018113052,127.28856876773,주소
경기도 가평군 상면 청군로 700-22,37.7760887822331,127.371140194704,주소
경기도 가평군 설악면 미사리로 324-213,37.6870491032638,127.540451273332,주소
경기도 가평군 설악면 미사리로 588,37.703889332138,127.540155657295,주소
경기도 가평군 설악면 신천중앙로120번길 11,37.6795250630736,127.490735757873,주소
경기도 가평군 설악면 신천중앙로120번길 8,37.6785440521563,127.491111995964,주소
경기도 가평군 설악면 신천중앙로132번길 14,37.6792999785084,127.489375086664,주소
경기도 가평군 설악면 양방가루재길 76,37.6292923437716,127.499451808607,주소
경기도 가평군 설악면 한서로 233,37.6706231675559,127.515332920904,주소
경기도 가평군 설악면 한양부로 21-1,37.6819366954485,127.493949988402,주소
경기도 가평군 조종면 연등윗길 22,37.8143950670299,127.346971432235,주소
경기도 가평군 조종면 조종새싹로 13-9,37.8215151854986,127.348931950826,주소
경기도 가평군 조종면 조종새싹로 28,37.8212041609813,127.349636029359,주소
경기도 가평군 청평면 경춘로 75,37.6831257492915,127.377692768812,주소
경기도 가평군 청평면 경춘로 807-23,37.7385696390147,127.416454544517,주소
경기도 가평군 청평면 골안길 7,37.7434394062863,127.422211468509,주소
경기도 가평군 청평면 상천역로19번길 38,37.7701144080109,127.456085319096,주소
경기도 가평군 청평면 잠곡로 27,37.7378504970074,127.421874545534,주소
경기도 가평군 청평면 청평중앙로 72,37.7394274159516,127.421884969476,주소
경기도 고양시 덕양구 고양대로 1381,37.6545488007407,126.837593740263,주소
경기도 고양시 덕양구 고양대로 1774,37.6448219103597,126.87797446984,주소
경기도 고양시 덕양구 고양대로1384번길 35,37.6525257833063,126.83723552084,주소
경기도 고양시 덕양구 고양대로1384번길 6,37.6539994959491,126.837153431592,주소
경기도 고양시 덕양구 고양대로1384번길 7-5,37.6538070091644,126.837911525214,주소
경기도 고양시 덕양구 권율대로 690,37.6504571717728,126.875619354956,주소
경기도 고양시 덕양구 권율대로 696-9,37.6508490186589,126.876314020118,주소
경기도 고양시 덕양구 권율대로 726,37.651998219378,126.879180801222,주소
경기도 고양시 덕양구 권율대로 885,37.6632766143279,126.889085614464,주소
경기도 고양시 덕양구 권율대로 886,37.6627450264111,126.889555843133,주소
경기도 고양시 덕양구 권율대로 890,37.6629781805504,126.889920327432,주소
경기도 고양시 덕양구 권율대로 893,37.6636815477151,126.889889821024,주소
경기도 고양시 덕양구 권율대로 896-13,37.6630730714678,126.891691296844,주소
경기도 고양시 덕양구 권율대로 899,37.6639578558314,126.890349111185,주소
경기도 고양시 덕양구 권율대로 901,37.664092493504,126.890576722619,주소
경기도 고양시 덕양구 권율대로 903,37.6642235266083,126.890804113479,주소
경기도 고양시 덕양구 꽃마을로 4,37.5989399402577,126.892204900814,주소
경기도 고양시 덕양구 꽃마을로 66,37.6012815102648,126.893379812743,주소
경기도 고양시 덕양구 꽃마을로 68,37.6009616503181,126.893770162165,주소
경기도 고양시 덕양구 능곡로13번길 15,37.6220171290131,126.819886511434,주소
경기도 고양시 덕양구 대덕산2길 17,37.5820419959208,126.863767046239,주소
경기도 고양시 덕양구 대덕산2길 24,37.582303963648,126.863497572611,주소
경기도 고양시 덕양구 대덕산2길 41,37.5826723521995,126.864411899395,주소
경기도 고양시 덕양구 대덕산2길 46,37.5824925866987,126.865262237671,주소
경기도 고양시 덕양구 대덕산2길 8,37.5820429770895,126.864619881924,주소
경기도 고양시 덕양구 대덕산3길 40,37.5810380302262,126.866856166937,주소
경기도 고양시 덕양구 대덕산로 111,37.5822593934572,126.868604730923,주소
경기도 고양시 덕양구 대덕산로 55,37.5815289260585,126.863806586683,주소
경기도 고양시 덕양구 대덕산로 63,37.5808059504391,126.865045420206,주소
경기도 고양시 덕양구 대덕산로 70,37.5801251466329,126.864954948441,주소
경기도 고양시 덕양구 대주로 138-50,37.6411565458396,126.812752864566,주소
경기도 고양시 덕양구 덕수천1로 60,37.6481568318916,126.883614081915,주소
경기도 고양시 덕양구 덕수천2로 118,37.6483172085013,126.89323759599,주소
경기도 고양시 덕양구 덕수천2로 150,37.6486125857708,126.895795928553,주소
경기도 고양시 덕양구 도래울1로 57,37.6286551593458,126.869125768532,주소
경기도 고양시 덕양구 도래울1로 80,37.6267030559422,126.870818101245,주소
경기도 고양시 덕양구 도래울1로 83,37.627476023284,126.872068987213,주소
경기도 고양시 덕양구 도래울2로 3,37.630293347546,126.869955099872,주소
경기도 고양시 덕양구 도래울2로 9-1,37.6301322413257,126.870437414392,주소
경기도 고양시 덕양구 도래울3로,37.630561133427,126.871861028431,주소
경기도 고양시 덕양구 도래울3로 14-1,37.6303878075716,126.870891024334,주소
경기도 고양시 덕양구 도래울3로 6,37.6306766739361,126.870161521055,주소
경기도 고양시 덕양구 도래울로 34,37.6289731810326,126.868534771142,주소
경기도 고양시 덕양구 도래울로 40,37.6293721646535,126.868801988058,주소
경기도 고양시 덕양구 도래울로 42,37.6296556054547,126.869118123378,주소
경기도 고양시 덕양구 도래울로 42-11,37.6288879074472,126.869880175367,주소
경기도 고양시 덕양구 도래울로 42-15,37.6286531354729,126.869657867936,주소
경기도 고양시 덕양구 도래울로 42-4,37.6290683366537,126.869031244197,주소
경기도 고양시 덕양구 도래울로 42-5,37.6294911001286,126.869456682258,주소
경기도 고양시 덕양구 도래울로 52,37.6303744495607,126.869477567953,주소
경기도 고양시 덕양구 도래울로 54,37.6306827129164,126.869591788846,주소
경기도 고양시 덕양구 도래울로 57,37.6319017066712,126.868662613864,주소
경기도 고양시 덕양구 동산1로1길 11,37.6437948948597,126.886380258056,주소
경기도 고양시 덕양구 동산1로1길 35,37.6445239358022,126.885970444541,주소
경기도 고양시 덕양구 동산2로 1,37.6448503636538,126.8861586047,주소
경기도 고양시 덕양구 동산2로 18,37.6461153341081,126.885310809522,주소
경기도 고양시 덕양구 동세로 125,37.6513594060647,126.882102852001,주소
경기도 고양시 덕양구 동세로 15,37.6442090510796,126.886540524358,주소
경기도 고양시 덕양구 동세로 22-2,37.6451776301227,126.887032626437,주소
경기도 고양시 덕양구 동세로 22-4,37.6452835092391,126.887423836977,주소
경기도 고양시 덕양구 동세로 32,37.6463862282985,126.886582990389,주소
경기도 고양시 덕양구 동세로 82,37.649668189667,126.884581142849,주소
경기도 고양시 덕양구 동세로 9,37.643733620575,126.886841284706,주소
경기도 고양시 덕양구 동송로 70,37.6526798112838,126.896113096163,주소
경기도 고양시 덕양구 마상로 1,37.6646551570376,126.823158990395,주소
경기도 고양시 덕양구 마상로 169,37.6579168325262,126.841154668534,주소
경기도 고양시 덕양구 마상로107번길 13,37.6623588619131,126.834931026323,주소
경기도 고양시 덕양구 마상로107번길 8,37.6611487577141,126.835707320344,주소
경기도 고양시 덕양구 마상로113번길 35,37.6619652469811,126.836956056588,주소
경기도 고양시 덕양구 마상로153번길 3,37.6588879017735,126.839683501792,주소
경기도 고양시 덕양구 무원로 37,37.6162943101785,126.83215563073,주소
경기도 고양시 덕양구 무원로 45,37.617686502692,126.830570380785,주소
경기도 고양시 덕양구 무원로 47,37.6176977026631,126.8316599889,주소
경기도 고양시 덕양구 무원로6번길 36,37.614046396156,126.833718262095,주소
경기도 고양시 덕양구 무원로6번길 50,37.6147173769486,126.83372911367,주소
경기도 고양시 덕양구 백양로 108,37.635365527649,126.834743663247,주소
경기도 고양시 덕양구 백양로 27,37.6285681770143,126.832853390697,주소
경기도 고양시 덕양구 백양로 34,37.6286522227463,126.833415318402,주소
경기도 고양시 덕양구 백양로 51,37.6303059255628,126.833248267951,주소
경기도 고양시 덕양구 백양로 6,37.626165406621,126.832647276809,주소
경기도 고양시 덕양구 삼송로 222,37.6529338220763,126.899046285557,주소
경기도 고양시 덕양구 삼송로 238,37.6525018505548,126.899950487559,주소
경기도 고양시 덕양구 삼송로 88,37.6507361109295,126.884016187605,주소
경기도 고양시 덕양구 삼송로 94-12,37.6503569690733,126.884650900124,주소
경기도 고양시 덕양구 삼송로 94-6,37.6505578482849,126.884518007982,주소
경기도 고양시 덕양구 서정마을2로 17,37.6209890552833,126.847815650829,주소
경기도 고양시 덕양구 서정마을로 22,37.6184284491705,126.849783702571,주소
경기도 고양시 덕양구 서정마을로 36,37.6194566433451,126.850412322471,주소
경기도 고양시 덕양구 서정마을로 42,37.6200854656389,126.850288729725,주소
경기도 고양시 덕양구 성신로 104,37.6266341892468,126.839920004294,주소
경기도 고양시 덕양구 성신로 14,37.6275379368669,126.83016603259,주소
경기도 고양시 덕양구 성신로 46,37.6270605092551,126.834031725005,주소
경기도 고양시 덕양구 성신로 49,37.6282733926695,126.833759073281,주소
경기도 고양시 덕양구 성신로 6-27,37.6272143117276,126.830925078376,주소
경기도 고양시 덕양구 세솔로 120,37.6542628168948,126.886227302301,주소
경기도 고양시 덕양구 세솔로 122-17,37.6544812800052,126.885642333359,주소
경기도 고양시 덕양구 세솔로 149,37.6515869840862,126.883270471532,주소
경기도 고양시 덕양구 세솔로 150,37.6541995043822,126.882395721338,주소
경기도 고양시 덕양구 소만로 15,37.6142573517135,126.841401394177,주소
경기도 고양시 덕양구 소만로 22,37.6151826408114,126.842593794904,주소
경기도 고양시 덕양구 소원로 155,37.6130880260499,126.840381474641,주소
경기도 고양시 덕양구 소원로 157,37.6138433111419,126.840172138342,주소
경기도 고양시 덕양구 소원로 251,37.6143410847384,126.848839387776,주소
경기도 고양시 덕양구 소원로266번길 2-1,37.6143574344167,126.851569546735,주소
경기도 고양시 덕양구 신원2로,37.6659359744144,126.886274431061,주소
경기도 고양시 덕양구 신원2로 45-1,37.6654377995377,126.884213534854,주소
경기도 고양시 덕양구 신원3로 20,37.6682159162119,126.88507800325,주소
경기도 고양시 덕양구 신원3로 21,37.6678055808861,126.885883262844,주소
경기도 고양시 덕양구 신원로 36,37.6637593465675,126.888689008149,주소
경기도 고양시 덕양구 신원로 40,37.6639765761552,126.888501562937,주소
경기도 고양시 덕양구 신원로 40-44,37.6640980512632,126.889675790214,주소
경기도 고양시 덕양구 신원로 60,37.6644491359831,126.888306367056,주소
경기도 고양시 덕양구 신원로1길 61,37.6612712394062,126.888446789038,주소
경기도 고양시 덕양구 오금1로 10,37.6626920220511,126.895255585354,주소
경기도 고양시 덕양구 오금1로 143,37.6601046483173,126.908086023132,주소
경기도 고양시 덕양구 오금2로 26,37.6649111907663,126.892115915196,주소
경기도 고양시 덕양구 오부자1길 16,37.6528247905793,126.914663191912,주소
경기도 고양시 덕양구 오부자1길 4,37.6525772532353,126.913621379221,주소
경기도 고양시 덕양구 오부자2길 14,37.6524298076436,126.917717853907,주소
경기도 고양시 덕양구 오부자2길 5,37.6521731593613,126.918426500147,주소
경기도 고양시 덕양구 오부자로 115,37.6504023836904,126.922320998575,주소
경기도 고양시 덕양구 오부자로 133,37.6487625487604,126.921435451792,주소
경기도 고양시 덕양구 오부자로 14,37.6517649439656,126.911456334359,주소
경기도 고양시 덕양구 오부자로 25,37.6531072507404,126.912817883372,주소
경기도 고양시 덕양구 오부자로 36,37.6530849578666,126.914240205583,주소
경기도 고양시 덕양구 오부자로 50,37.6528919875601,126.915642662161,주소
경기도 고양시 덕양구 용두로121번길 20,37.6215748305453,126.893271206388,주소
경기도 고양시 덕양구 원당로125번길 12,37.6631603420428,126.838619263631,주소
경기도 고양시 덕양구 원흥1로 10,37.6497098781891,126.868458679179,주소
경기도 고양시 덕양구 원흥1로 26,37.6510763025816,126.868858208878,주소
경기도 고양시 덕양구 원흥1로 46-19,37.6506616273428,126.870778651812,주소
경기도 고양시 덕양구 원흥1로 52,37.6511302774588,126.870166940656,주소
경기도 고양시 덕양구 으뜸로 110,37.5786259215073,126.867845488062,주소
경기도 고양시 덕양구 으뜸로 124,37.5791147507252,126.869746197258,주소
경기도 고양시 덕양구 으뜸로 130,37.5794528561065,126.870613359914,주소
경기도 고양시 덕양구 으뜸로 138,37.5799620214211,126.87120287095,주소
경기도 고양시 덕양구 은빛로 12,37.638110321441,126.829076851015,주소
경기도 고양시 덕양구 은빛로 45,37.638112638666,126.833023032579,주소
경기도 고양시 덕양구 은빛로 53,37.6380299706501,126.833626984659,주소
경기도 고양시 덕양구 은빛로17번길,37.6395451367281,126.830011240365,주소
경기도 고양시 덕양구 읍내로 16,37.7008035899959,126.901446927619,주소
경기도 고양시 덕양구 의장로 29-8,37.6264955797395,126.872995266505,주소
경기도 고양시 덕양구 중앙로 438,37.6180042977546,126.846726772755,주소
경기도 고양시 덕양구 중앙로 439,37.6175492938384,126.84630703196,주소
경기도 고양시 덕양구 중앙로 527,37.6219819298435,126.836490527858,주소
경기도 고양시 덕양구 중앙로 542,37.623349247298,126.836997388796,주소
경기도 고양시 덕양구 중앙로 559,37.6235392292613,126.834768940681,주소
경기도 고양시 덕양구 중앙로 616,37.6271032030175,126.830285514511,주소
경기도 고양시 덕양구 중앙로 628,37.6275362158185,126.82891233969,주소
경기도 고양시 덕양구 중앙로176번길 18-29,37.6046541593841,126.87171545085,주소
경기도 고양시 덕양구 중앙로176번길 18-4,37.6032743872942,126.872717213534,주소
경기도 고양시 덕양구 중앙로557번길 7-20,37.6225534995638,126.835635862947,주소
경기도 고양시 덕양구 중앙로558번길 16-16,37.623653272087,126.836694729631,주소
경기도 고양시 덕양구 지도로 41,37.6208432179104,126.824358727768,주소
경기도 고양시 덕양구 지도로 55,37.6222006518104,126.824363916456,주소
경기도 고양시 덕양구 지도로103번길 85,37.625292399948,126.818890022802,주소
경기도 고양시 덕양구 지정로 73,37.6516622580575,126.918754211476,주소
경기도 고양시 덕양구 지정로 77,37.6520637227421,126.918997071692,주소
경기도 고양시 덕양구 지축1로 39,37.648829339537,126.914603967396,주소
경기도 고양시 덕양구 지축로 50,37.64999609334,126.913587767548,주소
경기도 고양시 덕양구 지축로 52,37.6498486861754,126.913948851151,주소
경기도 고양시 덕양구 지축로 56,37.649800552474,126.91429100875,주소
경기도 고양시 덕양구 지축로 62,37.6495628624983,126.915023529833,주소
경기도 고양시 덕양구 지축로 70,37.6492985535591,126.915832677654,주소
경기도 고양시 덕양구 지축로 74,37.6491554550341,126.916180830651,주소
경기도 고양시 덕양구 지축로 86,37.6487646721028,126.917420706879,주소
경기도 고양시 덕양구 충경로 38,37.6152019018014,126.833710478936,주소
경기도 고양시 덕양구 충경로 52,37.6152284243695,126.835340738694,주소
경기도 고양시 덕양구 충경로 87,37.6157338803296,126.83939551435,주소
경기도 고양시 덕양구 충장로,37.6401661488778,126.838515945022,주소
경기도 고양시 덕양구 충장로 118-27,37.6226059547274,126.835002993466,주소
경기도 고양시 덕양구 충장로 118-31,37.6224909186508,126.835210653867,주소
경기도 고양시 덕양구 충장로 118-35,37.6223577828603,126.835425829654,주소
경기도 고양시 덕양구 충장로 118-54,37.6215697585303,126.835798423921,주소
경기도 고양시 덕양구 충장로 134,37.6243805813461,126.834970071982,주소
경기도 고양시 덕양구 충장로 2,37.6131347683792,126.834481403206,주소
경기도 고양시 덕양구 충장로 22,37.6148032731199,126.834456864566,주소
경기도 고양시 덕양구 충장로103번길 25,37.6220282793603,126.831711732175,주소
경기도 고양시 덕양구 충장로123번길 19,37.6241013717415,126.832544177519,주소
경기도 고양시 덕양구 충장로123번길 37,37.624144061206,126.83126710675,주소
경기도 고양시 덕양구 토당로 123,37.6259044071954,126.816826163131,주소
경기도 고양시 덕양구 토당로 124,37.6259957579152,126.817867889208,주소
경기도 고양시 덕양구 토당로 125,37.6264031152796,126.817473811194,주소
경기도 고양시 덕양구 토당로 93,37.6232722603912,126.817403192845,주소
경기도 고양시 덕양구 토당로 99,37.6240553273002,126.817299667841,주소
경기도 고양시 덕양구 토당로32번길 11,37.6194396102747,126.821800991721,주소
경기도 고양시 덕양구 토당로67번길 66,37.6244977664253,126.81594366906,주소
경기도 고양시 덕양구 통일로 1132,37.7155487211586,126.851894498869,주소
경기도 고양시 덕양구 통일로 343,37.6649188892336,126.89069156894,주소
경기도 고양시 덕양구 통일로 760,37.687862250129,126.866080758078,주소
경기도 고양시 덕양구 통일로 820,37.6905275269194,126.859278712864,주소
경기도 고양시 덕양구 통일로1154번길 16-11,37.7167650720108,126.851066619875,주소
경기도 고양시 덕양구 통일로726번길 130,37.6921232492666,126.866567661998,주소
경기도 고양시 덕양구 통일로754번길 19,37.6884247110544,126.866780064352,주소
경기도 고양시 덕양구 통일로770번길 57,37.6903354343375,126.865135160332,주소
경기도 고양시 덕양구 푸른마을로 11,37.7095682699242,126.903408041462,주소
경기도 고양시 덕양구 푸른마을로 30,37.7103767805464,126.90481983538,주소
경기도 고양시 덕양구 푸른마을로 34-6,37.7103444282698,126.905146152932,주소
경기도 고양시 덕양구 푸른마을로 6,37.708880232243,126.902794045857,주소
경기도 고양시 덕양구 푸른마을로 63,37.7141894768432,126.904655611291,주소
경기도 고양시 덕양구 푸른마을로 65,37.7139690648014,126.905508653561,주소
경기도 고양시 덕양구 푸른마을로 6?,37.708880232243,126.902794045857,주소
경기도 고양시 덕양구 푸른마을로120번길 31,37.7158235594919,126.902329606626,주소
경기도 고양시 덕양구 행당로11번길 48,37.622922016434,126.826641887462,주소
경기도 고양시 덕양구 행신로 145,37.6193422479907,126.831389190344,주소
경기도 고양시 덕양구 행신로 155-12,37.6197188657269,126.832785872309,주소
경기도 고양시 덕양구 행신로 90,37.6171951941048,126.826294203256,주소
경기도 고양시 덕양구 행신로311번길 78,37.6237194495748,126.842224411918,주소
경기도 고양시 덕양구 행주로17번길 70,37.603403402439,126.824342776359,주소
경기도 고양시 덕양구 향기로 101,37.5991995101826,126.892891663893,주소
경기도 고양시 덕양구 향기로 115,37.6000533458217,126.893652211007,주소
경기도 고양시 덕양구 향기로 123,37.6006722031427,126.894317644748,주소
경기도 고양시 덕양구 향기로 148,37.6021525865153,126.896311250088,주소
경기도 고양시 덕양구 향기로 53,37.595299653759,126.891110880055,주소
경기도 고양시 덕양구 향기로 56,37.5949820771675,126.892116853211,주소
경기도 고양시 덕양구 향기로 58,37.5952067038195,126.892324652085,주소
경기도 고양시 덕양구 향기로 60,37.5954002795297,126.892470444746,주소
경기도 고양시 덕양구 향기로 68,37.5958843585905,126.892741737487,주소
경기도 고양시 덕양구 향기로 70,37.5958059180328,126.89307906213,주소
경기도 고양시 덕양구 향동1로 37,37.6034936902658,126.89547159437,주소
경기도 고양시 덕양구 향동1로 38,37.603011419973,126.895301721699,주소
경기도 고양시 덕양구 혜음로 30,37.7027537041097,126.903021356512,주소
경기도 고양시 덕양구 혜음로13번길 22-7,37.7029323344031,126.899432556799,주소
경기도 고양시 덕양구 호국로 783,37.6564025128324,126.835601166174,주소
경기도 고양시 덕양구 호국로 846-10,37.6598936450364,126.840798448766,주소
경기도 고양시 덕양구 호국로 846-16,37.6597322089553,126.84108030861,주소
경기도 고양시 덕양구 호국로 851,37.6608886191871,126.840613971031,주소
경기도 고양시 덕양구 호국로 859,37.6595648181108,126.838567321416,주소
경기도 고양시 덕양구 호국로 860,37.6612227022853,126.842222027666,주소
경기도 고양시 덕양구 호국로 887,37.6637849014447,126.842958058727,주소
경기도 고양시 덕양구 호국로716번길 13-19,37.6527901787983,126.833844271914,주소
경기도 고양시 덕양구 호국로742번길 34,37.6526942946847,126.834599654425,주소
경기도 고양시 덕양구 호국로834번길 55-7,37.6586700171049,126.842337019767,주소
경기도 고양시 덕양구 호국로834번길 89,37.6578216922442,126.843652403898,주소
경기도 고양시 덕양구 화수로 25,37.6453791892223,126.832725419878,주소
경기도 고양시 덕양구 화수로 47,37.6452293780857,126.834916024917,주소
경기도 고양시 덕양구 화신로 122,37.6236599713119,126.841207087385,주소
경기도 고양시 덕양구 화신로 168?,37.627321043471,126.841412156171,주소
경기도 고양시 덕양구 화신로 21,37.6151777248977,126.838225903568,주소
경기도 고양시 덕양구 화신로 22,37.6151569695421,126.839654316752,주소
경기도 고양시 덕양구 화신로 234,37.6305307068371,126.835355130438,주소
경기도 고양시 덕양구 화신로 236,37.6313259671424,126.835844253787,주소
경기도 고양시 덕양구 화신로 238,37.6322580328221,126.836165985309,주소
경기도 고양시 덕양구 화신로 267,37.6305227540985,126.831571815875,주소
경기도 고양시 덕양구 화신로 273,37.6306196861147,126.830806342574,주소
경기도 고양시 덕양구 화신로 278,37.6311506366645,126.83055522569,주소
경기도 고양시 덕양구 화신로 284,37.6313362168265,126.829850718089,주소
경기도 고양시 덕양구 화신로 309,37.6315688348241,126.826743815316,주소
경기도 고양시 덕양구 화신로 319,37.6326512487296,126.826294938956,주소
경기도 고양시 덕양구 화신로 333,37.6340070530698,126.825990992036,주소
경기도 고양시 덕양구 화신로 343,37.6349109194549,126.826479559037,주소
경기도 고양시 덕양구 화신로 36,37.6159025093453,126.841166386742,주소
경기도 고양시 덕양구 화신로 45,37.6169374739289,126.838642988906,주소
경기도 고양시 덕양구 화신로 74,37.6193452093019,126.839257259344,주소
경기도 고양시 덕양구 화신로272번길 3,37.6310645384004,126.830957139718,주소
경기도 고양시 덕양구 화정로 26,37.6348942142526,126.828673755252,주소
경기도 고양시 덕양구 화정로 47,37.6351964680328,126.831407413753,주소
경기도 고양시 덕양구 화중로 100,37.6361379021603,126.831467372597,주소
경기도 고양시 덕양구 화중로 126,37.6382450188893,126.831899039746,주소
경기도 고양시 덕양구 화중로 177,37.6428078708021,126.833296354282,주소
경기도 고양시 덕양구 화중로 205,37.6453159339824,126.833740814374,주소
경기도 고양시 덕양구 화중로 217,37.6465017140997,126.833866326322,주소
경기도 고양시 덕양구 화중로 220,37.6464730796364,126.834712144944,주소
경기도 고양시 덕양구 화중로 32-21,37.6302145936978,126.831303115992,주소
경기도 고양시 덕양구 화중로 54,37.6319757367999,126.830728270802,주소
경기도 고양시 덕양구 화중로 60,37.6324163357496,126.830803175626,주소
경기도 고양시 덕양구 화중로 72,37.6336374403318,126.831054633605,주소
경기도 고양시 덕양구 화중로 98,37.6357731232175,126.831425031117,주소
경기도 고양시 덕양구 화중로104번길 8,37.636100180187,126.831740386532,주소
경기도 고양시 덕양구 화중로152번길 43,37.6408934917193,126.836018311402,주소
경기도 고양시 일산동구 강석로 108,37.6507694756542,126.780208712534,주소
경기도 고양시 일산동구 강석로 115,37.6511051964891,126.779299931395,주소
경기도 고양시 일산동구 강석로 123,37.6519010573211,126.778783672797,주소
경기도 고양시 일산동구 강석로 134,37.6539283838048,126.780100358173,주소
경기도 고양시 일산동구 강송로 119,37.6495766627454,126.78608856041,주소
경기도 고양시 일산동구 강송로 149,37.6519882380817,126.784607696344,주소
경기도 고양시 일산동구 강송로 158,37.6529361920429,126.784822534511,주소
경기도 고양시 일산동구 강송로 167,37.6535324803492,126.783699834161,주소
경기도 고양시 일산동구 강송로 170,37.6539105078962,126.784277135271,주소
경기도 고양시 일산동구 강송로 181,37.6545863291207,126.783144438759,주소
경기도 고양시 일산동구 강송로 190,37.6557717062617,126.783758953931,주소
경기도 고양시 일산동구 강송로 197,37.6560162512168,126.782299630664,주소
경기도 고양시 일산동구 강송로125번길 21,37.6495055900492,126.784956853419,주소
경기도 고양시 일산동구 강촌로 118,37.6515650377002,126.786934335014,주소
경기도 고양시 일산동구 강촌로 140,37.6521391747615,126.78905766637,주소
경기도 고양시 일산동구 강촌로 157,37.6536709198969,126.790973802547,주소
경기도 고양시 일산동구 강촌로 189,37.6551277754415,126.793308505318,주소
경기도 고양시 일산동구 강촌로 27,37.6470270967418,126.777962566796,주소
경기도 고양시 일산동구 강촌로 89,37.6513313250291,126.783177247807,주소
경기도 고양시 일산동구 강촌로 90,37.6496009979059,126.784311924311,주소
경기도 고양시 일산동구 강촌로26번길 40,37.6452328867659,126.780517478645,주소
경기도 고양시 일산동구 강촌로26번길 43,37.6452076304152,126.780986766328,주소
경기도 고양시 일산동구 강촌로26번길 66,37.6442679532939,126.781109404902,주소
경기도 고양시 일산동구 경의로 315,37.6580481102015,126.793146395984,주소
경기도 고양시 일산동구 고양대로 754,37.682113839897,126.779595576878,주소
경기도 고양시 일산동구 공릉천로 13,37.6958265070737,126.843465483267,주소
경기도 고양시 일산동구 공릉천로 32,37.6962275981867,126.844674478218,주소
경기도 고양시 일산동구 노루목로 100,37.6488266128629,126.776856470775,주소
경기도 고양시 일산동구 노루목로 107,37.6500245317066,126.777176291913,주소
경기도 고양시 일산동구 노루목로 78,37.6481923508051,126.774596853228,주소
경기도 고양시 일산동구 노루목로 81,37.6488348770189,126.77471015244,주소
경기도 고양시 일산동구 대산로 23,37.6699306791504,126.773621173945,주소
경기도 고양시 일산동구 대산로11번길 37,37.6680112775328,126.773878400679,주소
경기도 고양시 일산동구 대산로31번길 3,37.6701867066104,126.773042665824,주소
경기도 고양시 일산동구 무궁화로 159,37.6707385454635,126.777912341808,주소
경기도 고양시 일산동구 문봉길 110,37.7072272387669,126.812624638188,주소
경기도 고양시 일산동구 백석로 24,37.6435482404109,126.782420095565,주소
경기도 고양시 일산동구 산두로 190,37.6742034909043,126.782975140628,주소
경기도 고양시 일산동구 산두로 223,37.6754439422902,126.778844493045,주소
경기도 고양시 일산동구 산두로 99,37.6667229797167,126.785658871723,주소
경기도 고양시 일산동구 숲속마을1로 101,37.6708177192733,126.799421954893,주소
경기도 고양시 일산동구 숲속마을1로 33,37.6647461991898,126.799102810624,주소
경기도 고양시 일산동구 숲속마을1로 76,37.6677432842943,126.800363159243,주소
경기도 고양시 일산동구 숲속마을2로 147,37.672421192994,126.797472542825,주소
경기도 고양시 일산동구 숲속마을2로 86,37.6739346968719,126.801846004805,주소
경기도 고양시 일산동구 숲속마을로 139,37.6725866945208,126.79657775488,주소
경기도 고양시 일산동구 숲속마을로 14-43,37.6695159928335,126.802523322758,주소
경기도 고양시 일산동구 숲속마을로 195,37.6731184248875,126.802822206254,주소
경기도 고양시 일산동구 숲속마을로 22,37.6673086117714,126.800765670454,주소
경기도 고양시 일산동구 숲속마을로 26,37.6673221965833,126.800380835194,주소
경기도 고양시 일산동구 숲속마을로 36,37.6673553400981,126.79936451407,주소
경기도 고양시 일산동구 숲속마을로 38,37.6673760401429,126.799086654848,주소
경기도 고양시 일산동구 숲속마을로 40,37.6673898652382,126.798845877173,주소
경기도 고양시 일산동구 숲속마을로 42,37.667402368479,126.798569966664,주소
경기도 고양시 일산동구 숲속마을로 44,37.6674121977686,126.798258700292,주소
경기도 고양시 일산동구 숲속마을로 48,37.6674360169788,126.797909766034,주소
경기도 고양시 일산동구 숲속마을로 49-32,37.6658049168076,126.796931979472,주소
경기도 고양시 일산동구 숲속마을로 49-36,37.6656177694508,126.796923875476,주소
경기도 고양시 일산동구 숲속마을로 50-38,37.6679431204603,126.798719139104,주소
경기도 고양시 일산동구 숲속마을로 50-54,37.667894959742,126.799431181009,주소
경기도 고양시 일산동구 숲속마을로 50-76,37.667741904726,126.798703247707,주소
경기도 고양시 일산동구 숲속마을로 51,37.6668703854122,126.796705679257,주소
경기도 고양시 일산동구 연리지로 50,37.6601830883244,126.756963444361,주소
경기도 고양시 일산동구 연리지로 51,37.6599268237402,126.754904252922,주소
경기도 고양시 일산동구 월드고양로 21,37.6613583069557,126.748910315174,주소
경기도 고양시 일산동구 위시티1로 7,37.6764673836664,126.810868702184,주소
경기도 고양시 일산동구 위시티2로 13,37.6766198913272,126.812147888902,주소
경기도 고양시 일산동구 위시티2로 19,37.6764244621302,126.81270995075,주소
경기도 고양시 일산동구 위시티2로 33,37.6758943998644,126.814294638384,주소
경기도 고양시 일산동구 위시티2로11번길 14-14,37.6767708992749,126.812944069456,주소
경기도 고양시 일산동구 위시티2로11번길 14-31,37.6767038737871,126.813859823295,주소
경기도 고양시 일산동구 위시티2로11번길 14-4,37.6769843857712,126.812348406294,주소
경기도 고양시 일산동구 위시티2로11번길 14-9,37.6770966713542,126.812760178839,주소
경기도 고양시 일산동구 위시티2로11번길 22-14,37.6771570371409,126.813044328553,주소
경기도 고양시 일산동구 위시티2로11번길 6-25,37.6764441942514,126.813449440508,주소
경기도 고양시 일산동구 위시티2로11번길 6-31,37.6764045845967,126.813755602713,주소
경기도 고양시 일산동구 위시티3로 111,37.6724492157877,126.81003681887,주소
경기도 고양시 일산동구 위시티3로 47,37.6768359434755,126.815514057032,주소
경기도 고양시 일산동구 위시티3로 52,37.6766591796006,126.814313476577,주소
경기도 고양시 일산동구 위시티3로 58,37.6762957365697,126.814091976857,주소
경기도 고양시 일산동구 위시티3로 60,37.6760422367142,126.813942979278,주소
경기도 고양시 일산동구 위시티3로 67,37.6751315973579,126.814731028265,주소
경기도 고양시 일산동구 위시티3로 81,37.6741349655121,126.813207885201,주소
경기도 고양시 일산동구 위시티3로 83-11,37.6741388629919,126.813678291341,주소
경기도 고양시 일산동구 위시티4로 46,37.6841360946767,126.814583702057,주소
경기도 고양시 일산동구 위시티4로 79,37.6815962052547,126.807697457933,주소
경기도 고양시 일산동구 위시티4로 80,37.6843795284273,126.810945317628,주소
경기도 고양시 일산동구 위시티로 151,37.6853441200697,126.813609451696,주소
경기도 고양시 일산동구 위시티로 24,37.6749267501861,126.80815924795,주소
경기도 고양시 일산동구 위시티로 55,37.6774451771508,126.809948471646,주소
경기도 고양시 일산동구 은행마을로 70,37.669274496977,126.806361398641,주소
경기도 고양시 일산동구 일산로 196,37.6539654937946,126.790744065331,주소
경기도 고양시 일산동구 일산로 200,37.6543641969619,126.790501001602,주소
경기도 고양시 일산동구 일산로 202,37.6544980292432,126.790420166034,주소
경기도 고양시 일산동구 일산로 203,37.6543896649172,126.789674124261,주소
경기도 고양시 일산동구 일산로 204,37.6546375760839,126.790360958904,주소
경기도 고양시 일산동구 일산로 205,37.6540818914134,126.78866676037,주소
경기도 고양시 일산동구 일산로 205-1,37.6545698934227,126.78903628491,주소
경기도 고양시 일산동구 일산로 206,37.654905429926,126.791220221281,주소
경기도 고양시 일산동구 일산로 207,37.654702240892,126.789486485248,주소
경기도 고양시 일산동구 일산로 210,37.6551837038497,126.790030669492,주소
경기도 고양시 일산동구 일산로 213,37.6551776737935,126.789225970203,주소
경기도 고양시 일산동구 일산로 228,37.6567963097249,126.789088235608,주소
경기도 고양시 일산동구 일산로 229,37.6565493942584,126.788408068795,주소
경기도 고양시 일산동구 일산로 230,37.6578971697095,126.79088307804,주소
경기도 고양시 일산동구 일산로 232,37.6570779577576,126.788937960264,주소
경기도 고양시 일산동구 일산로 233,37.6568352495718,126.788243046944,주소
경기도 고양시 일산동구 일산로 234,37.6572219985473,126.788822751796,주소
경기도 고양시 일산동구 일산로 235,37.6569875866628,126.788182437603,주소
경기도 고양시 일산동구 일산로 236,37.6573627807075,126.788749483358,주소
경기도 고양시 일산동구 일산로 238,37.6575084936191,126.788662487991,주소
경기도 고양시 일산동구 일산로 240,37.6576539678542,126.788593172146,주소
경기도 고양시 일산동구 일산로 242,37.6580331547429,126.789379051448,주소
경기도 고양시 일산동구 일산로 243,37.6576696779059,126.787758579153,주소
경기도 고양시 일산동구 일산로 245,37.6578168528474,126.787683363476,주소
경기도 고양시 일산동구 일산로 250,37.6584822735176,126.788110193589,주소
경기도 고양시 일산동구 일산로 251,37.6582372473537,126.787431595892,주소
경기도 고양시 일산동구 일산로 328,37.6647540871949,126.784383010443,주소
경기도 고양시 일산동구 일산로 416,37.6719012805826,126.780233340278,주소
경기도 고양시 일산동구 일산로 441,37.673090302114,126.777685770915,주소
경기도 고양시 일산동구 일산로 450,37.673894118902,126.777284824334,주소
경기도 고양시 일산동구 일산로 453,37.6737102006625,126.776269962228,주소
경기도 고양시 일산동구 일산로 458,37.6743032734448,126.776390943266,주소
경기도 고양시 일산동구 일산로 461,37.6740071447603,126.775596434173,주소
경기도 고양시 일산동구 일산로330번길 33,37.6655432415684,126.7857601901,주소
경기도 고양시 일산동구 장백로 8,37.6399730961569,126.790712730746,주소
경기도 고양시 일산동구 장항한강5로 60,37.6487660972698,126.754595098352,주소
경기도 고양시 일산동구 정발산로 11,37.6565578915405,126.770172347817,주소
경기도 고양시 일산동구 정발산로 115,37.6594743988115,126.780745626616,주소
경기도 고양시 일산동구 정발산로 43-20,37.6584011318816,126.773393488954,주소
경기도 고양시 일산동구 중산로 105,37.68139727074,126.781325934456,주소
경기도 고양시 일산동구 중산로 142,37.6847806955713,126.781854619666,주소
경기도 고양시 일산동구 중산로 147-1,37.68524522125,126.780824652513,주소
경기도 고양시 일산동구 중산로 149,37.6854249171642,126.780798388673,주소
경기도 고양시 일산동구 중산로 214,37.6911659113485,126.780495662161,주소
경기도 고양시 일산동구 중산로 244,37.6937423374858,126.780882186685,주소
경기도 고양시 일산동구 중산로 250,37.6941720520158,126.781000541913,주소
경기도 고양시 일산동구 중산로 254,37.6946298080418,126.781081852763,주소
경기도 고양시 일산동구 중산로 269,37.6962476389815,126.781055439074,주소
경기도 고양시 일산동구 중산로 280,37.6961394442868,126.782620493164,주소
경기도 고양시 일산동구 중산로 60,37.6778660385094,126.783162283542,주소
경기도 고양시 일산동구 중산로 63,37.6777340313757,126.782128043373,주소
경기도 고양시 일산동구 중산로 67,37.6781081530819,126.781952489496,주소
경기도 고양시 일산동구 중산로 70,37.6786922463232,126.78263026048,주소
경기도 고양시 일산동구 중산로157번길 62-4,37.6841893306564,126.778634306428,주소
경기도 고양시 일산동구 중앙로 1079,37.6450543770892,126.784560867709,주소
경기도 고양시 일산동구 중앙로 1191,37.652929566286,126.776700276323,주소
경기도 고양시 일산동구 중앙로1261번길 61,37.6574073840157,126.770243392308,주소
경기도 고양시 일산동구 탄중로 311-8,37.6939272518943,126.78007786839,주소
경기도 고양시 일산동구 탄중로 314,37.6932786019912,126.77991254527,주소
경기도 고양시 일산동구 탄중로 316,37.6932248855229,126.780192531357,주소
경기도 고양시 일산동구 탄중로 321,37.6935042994729,126.780833452323,주소
경기도 고양시 일산동구 탄중로 361,37.6914040100151,126.783501669994,주소
경기도 고양시 일산동구 탄중로 373,37.6904444829473,126.783557066931,주소
경기도 고양시 일산동구 태극로 11,37.662957365165,126.7513775829,주소
경기도 고양시 일산동구 하늘마을1로 14,37.675012096881,126.78706601682,주소
경기도 고양시 일산동구 하늘마을1로 46,37.6773001003492,126.789559701949,주소
경기도 고양시 일산동구 하늘마을로 144,37.6794622542777,126.781186398506,주소
경기도 고양시 일산동구 하늘마을로 93,37.6810011049057,126.78688406866,주소
경기도 고양시 일산동구 하늘마을로93번길 18-8,37.6803941747835,126.785821895981,주소
경기도 고양시 일산동구 한류월드로 262,37.6623481124333,126.756774369747,주소
경기도 고양시 일산동구 호수로 404,37.6420140501344,126.782812864232,주소
경기도 고양시 일산동구 호수로430번길 30-4,37.6438545023188,126.780629629319,주소
경기도 고양시 일산서구 가좌1로 57,37.6871607896628,126.718667865655,주소
경기도 고양시 일산서구 가좌1로 8,37.6908482689896,126.721998940499,주소
경기도 고양시 일산서구 가좌2로 15,37.6878699685317,126.721753039296,주소
경기도 고양시 일산서구 가좌2로 20,37.6885574175739,126.722596701832,주소
경기도 고양시 일산서구 가좌2로 31,37.6884262206658,126.721558110591,주소
경기도 고양시 일산서구 가좌3로 19,37.686642076121,126.719604237535,주소
경기도 고양시 일산서구 가좌3로 27,37.6871820144836,126.719256757618,주소
경기도 고양시 일산서구 가좌3로 43,37.6881025820857,126.718103445511,주소
경기도 고양시 일산서구 가좌3로 47,37.6883337058094,126.717774351121,주소
경기도 고양시 일산서구 가좌3로 7-1,37.6854238132495,126.720188145568,주소
경기도 고양시 일산서구 가좌4로 12-7,37.6861310905947,126.718602825341,주소
경기도 고양시 일산서구 가좌4로 13,37.6855499061513,126.718541760385,주소
경기도 고양시 일산서구 가좌4로 2,37.6861734296161,126.71981086386,주소
경기도 고양시 일산서구 가좌4로 4,37.6860191717348,126.719578806623,주소
경기도 고양시 일산서구 강선로 118,37.6738931438191,126.768083755141,주소
경기도 고양시 일산서구 강선로 123,37.6748637441641,126.767203258975,주소
경기도 고양시 일산서구 강선로 137,37.6757595666207,126.768612757695,주소
경기도 고양시 일산서구 강선로 140,37.6755499167011,126.769260440781,주소
경기도 고양시 일산서구 강선로 152,37.6765085686146,126.769866084431,주소
경기도 고양시 일산서구 강선로 167,37.6780109839562,126.770207982304,주소
경기도 고양시 일산서구 강선로 183,37.6795496217272,126.770830238317,주소
경기도 고양시 일산서구 강선로 189,37.6797174188105,126.771405485927,주소
경기도 고양시 일산서구 강선로 192,37.679651676175,126.772072026799,주소
경기도 고양시 일산서구 강선로 29,37.6673899312081,126.761510837079,주소
경기도 고양시 일산서구 강선로 32,37.667383212964,126.763095051734,주소
경기도 고양시 일산서구 강선로 35,37.6678802159458,126.762882426149,주소
경기도 고양시 일산서구 강선로 67,37.6701752949682,126.764916392129,주소
경기도 고양시 일산서구 강선로 67?,37.6701752949682,126.764916392129,주소
경기도 고양시 일산서구 강선로 74,37.6703382284228,126.765659210155,주소
경기도 고양시 일산서구 강선로 77,37.67122822894,126.764625731644,주소
경기도 고양시 일산서구 강성로232번길 48-2,37.6773595676945,126.752653779349,주소
경기도 고양시 일산서구 고봉로 177,37.6766190038122,126.774141226604,주소
경기도 고양시 일산서구 고봉로 99,37.6698432084949,126.769626764693,주소
경기도 고양시 일산서구 고양대로 348,37.6738435519202,126.744476855032,주소
경기도 고양시 일산서구 고양대로 618,37.6860409508998,126.76500316437,주소
경기도 고양시 일산서구 고양대로 629,37.6865793289204,126.766704881133,주소
경기도 고양시 일산서구 고양대로 632,37.6855315551009,126.766235181339,주소
경기도 고양시 일산서구 고양대로 686-15,37.6833621482864,126.772201815847,주소
경기도 고양시 일산서구 고양대로 724-8,37.6825917858133,126.776187173477,주소
경기도 고양시 일산서구 고양대로255번길 27,37.6687360674907,126.735234431473,주소
경기도 고양시 일산서구 고양대로632번길 60,37.6838254353761,126.768548819252,주소
경기도 고양시 일산서구 고양대로632번길 62,37.6840055059351,126.768852766613,주소
경기도 고양시 일산서구 고양대로675번길 1,37.6843805020583,126.771074990567,주소
경기도 고양시 일산서구 대산로 103,37.6734608597575,126.76557967878,주소
경기도 고양시 일산서구 대산로 113,37.6738236272282,126.764511208874,주소
경기도 고양시 일산서구 대산로 114,37.6742863151536,126.764935728575,주소
경기도 고양시 일산서구 대산로 116,37.6744014342772,126.764696869566,주소
경기도 고양시 일산서구 대산로 117,37.6739690190646,126.764272708341,주소
경기도 고양시 일산서구 대산로 124,37.6747138057011,126.763931650367,주소
경기도 고양시 일산서구 대산로 125,37.6743693521459,126.763387171301,주소
경기도 고양시 일산서구 대산로 126,37.674790602967,126.763768630529,주소
경기도 고양시 일산서구 대산로 128,37.674867665753,126.763603342427,주소
경기도 고양시 일산서구 대산로 162,37.6762903640056,126.760194168917,주소
경기도 고양시 일산서구 대산로 254,37.6813195491039,126.751372768129,주소
경기도 고양시 일산서구 대화1로 63,37.6727373638112,126.733937649401,주소
경기도 고양시 일산서구 대화1로 63?,37.6727373638112,126.733937649401,주소
경기도 고양시 일산서구 대화2로 137,37.6731243211164,126.736178247722,주소
경기도 고양시 일산서구 대화2로 150,37.6720402218179,126.73652156871,주소
경기도 고양시 일산서구 대화2로 66,37.672248675028,126.729344744196,주소
경기도 고양시 일산서구 대화로 124,37.669936779279,126.734503500189,주소
경기도 고양시 일산서구 대화로 136,37.67062483046,126.735293916334,주소
경기도 고양시 일산서구 덕산로 153-33,37.6946509147551,126.717824334834,주소
경기도 고양시 일산서구 덕이로 104,37.6927648692268,126.74838051788,주소
경기도 고양시 일산서구 덕이로 165,37.6932123776151,126.741545805026,주소
경기도 고양시 일산서구 산현로 87,37.6926996231239,126.771335252034,주소
경기도 고양시 일산서구 산현로17번길 2,37.6897234009081,126.763777165366,주소
경기도 고양시 일산서구 산현로17번길 23,37.6905108035956,126.763392923796,주소
경기도 고양시 일산서구 산현로17번길 9,37.6900404321021,126.763361765576,주소
경기도 고양시 일산서구 산현로78번길 23,37.6901415747788,126.770315226323,주소
경기도 고양시 일산서구 성저로 92,37.6847450160758,126.757364690276,주소
경기도 고양시 일산서구 성저로46번길 48,37.6838028555426,126.755266826692,주소
경기도 고양시 일산서구 성저로46번길 80,37.6848295471696,126.756107488475,주소
경기도 고양시 일산서구 송산로 379,37.6854012233186,126.720540471574,주소
경기도 고양시 일산서구 송포로 35,37.6695833713942,126.732370904723,주소
경기도 고양시 일산서구 송포로 44,37.6706229681976,126.732233647748,주소
경기도 고양시 일산서구 송포로 49,37.6708600597401,126.730867631594,주소
경기도 고양시 일산서구 송포로 50,37.6715708927274,126.732395164763,주소
경기도 고양시 일산서구 원일로 36,37.687033912627,126.766225364268,주소
경기도 고양시 일산서구 원일로 53,37.6889712153294,126.768338388746,주소
경기도 고양시 일산서구 원일로 56,37.6868346816043,126.768542075711,주소
경기도 고양시 일산서구 원일로21번길 43,37.6887364300074,126.763890836895,주소
경기도 고양시 일산서구 일산로 517,37.6763632917477,126.769938287836,주소
경기도 고양시 일산서구 일산로 524,37.6772140967054,126.769759842723,주소
경기도 고양시 일산서구 일산로 525,37.6767995576225,126.769160897366,주소
경기도 고양시 일산서구 일산로 528,37.6773487562935,126.769418332268,주소
경기도 고양시 일산서구 일산로 529,37.6769478272712,126.768822972944,주소
경기도 고양시 일산서구 일산로 535,37.6771866648651,126.768266211944,주소
경기도 고양시 일산서구 일산로 537,37.6772588733545,126.768103318777,주소
경기도 고양시 일산서구 일산로 538,37.677763292309,126.76845078009,주소
경기도 고양시 일산서구 일산로 541,37.6774361990436,126.767698078209,주소
경기도 고양시 일산서구 일산로 542,37.6779371506653,126.768022763248,주소
경기도 고양시 일산서구 일산로 542?,37.6779371506653,126.768022763248,주소
경기도 고양시 일산서구 일산로 543,37.6775458020508,126.767446194341,주소
경기도 고양시 일산서구 일산로 544,37.6780624970971,126.767804270025,주소
경기도 고양시 일산서구 일산로 547,37.67767152858,126.767101305363,주소
경기도 고양시 일산서구 일산로 548,37.6782149215714,126.7674735792,주소
경기도 고양시 일산서구 일산로 549,37.6777440317659,126.766905988518,주소
경기도 고양시 일산서구 일산로 550,37.67831847492,126.767306617534,주소
경기도 고양시 일산서구 일산로 555,37.6780398077461,126.766215726587,주소
경기도 고양시 일산서구 일산로 556,37.6786082679842,126.766596759326,주소
경기도 고양시 일산서구 일산로 557,37.6781502578889,126.766029130763,주소
경기도 고양시 일산서구 일산로 558,37.6786801299785,126.766396567059,주소
경기도 고양시 일산서구 일산로 559,37.6782916231222,126.765712413921,주소
경기도 고양시 일산서구 일산로 562,37.6788807028759,126.765904521,주소
경기도 고양시 일산서구 일산로 563,37.6784149580933,126.765481339187,주소
경기도 고양시 일산서구 일산로 568,37.6790958915338,126.765423535619,주소
경기도 고양시 일산서구 일산로 569,37.6786421102531,126.764901014511,주소
경기도 고양시 일산서구 일산로 570,37.6791724277062,126.765264136069,주소
경기도 고양시 일산서구 일산로 571,37.6788444424085,126.764435825519,주소
경기도 고양시 일산서구 일산로 574,37.679365454815,126.76478571087,주소
경기도 고양시 일산서구 일산로 576,37.6794990067308,126.764483294722,주소
경기도 고양시 일산서구 일산로 577,37.6789913532968,126.764101060823,주소
경기도 고양시 일산서구 일산로 580,37.6796642131062,126.764151303289,주소
경기도 고양시 일산서구 일산로 589,37.6795402452045,126.762851554351,주소
경기도 고양시 일산서구 일산로 593,37.6796989006304,126.762490105993,주소
경기도 고양시 일산서구 일산로 662,37.6830081415845,126.755806228631,주소
경기도 고양시 일산서구 일산로 731,37.6778975884761,126.751476348733,주소
경기도 고양시 일산서구 일산로 738,37.6779491611182,126.749661867389,주소
경기도 고양시 일산서구 일중로15번길 38,37.682988871248,126.771967381527,주소
경기도 고양시 일산서구 일청로 85,37.6911840382775,126.774299894038,주소
경기도 고양시 일산서구 일청로91번길 76,37.6912140391461,126.770563960348,주소
경기도 고양시 일산서구 일현로 122,37.6976189592572,126.766061053821,주소
경기도 고양시 일산서구 일현로 123,37.6979191081513,126.765488741804,주소
경기도 고양시 일산서구 일현로 140,37.7001466136168,126.765548173106,주소
경기도 고양시 일산서구 일현로 42,37.6909310638432,126.763011769903,주소
경기도 고양시 일산서구 일현로 48,37.6912678160526,126.763219996235,주소
경기도 고양시 일산서구 일현로 50,37.6915034809856,126.76338455431,주소
경기도 고양시 일산서구 일현로 54,37.691659683229,126.763505941274,주소
경기도 고양시 일산서구 일현로 56,37.6919282454922,126.763721531186,주소
경기도 고양시 일산서구 일현로 65,37.6928407810098,126.763510920584,주소
경기도 고양시 일산서구 주엽로 101,37.668382527045,126.755650363768,주소
경기도 고양시 일산서구 주엽로 102,37.6680892908874,126.756275623467,주소
경기도 고양시 일산서구 주엽로 117,37.6699011608073,126.756189788738,주소
경기도 고양시 일산서구 주엽로 118,37.6693374684425,126.7575688979,주소
경기도 고양시 일산서구 주엽로 121,37.6700352097298,126.756661666649,주소
경기도 고양시 일산서구 주엽로 134,37.6707100571822,126.758114396878,주소
경기도 고양시 일산서구 주엽로 150,37.671944099169,126.758981257769,주소
경기도 고양시 일산서구 주엽로 168,37.6733864175739,126.760457083021,주소
경기도 고양시 일산서구 주엽로 213,37.6776984006744,126.761522166709,주소
경기도 고양시 일산서구 주엽로 214,37.6770411431222,126.76299973234,주소
경기도 고양시 일산서구 주화로 180,37.6745223777333,126.749361317936,주소
경기도 고양시 일산서구 주화로 70,37.6697490006306,126.760285040366,주소
경기도 고양시 일산서구 주화로 84,37.6703317753197,126.758881399288,주소
경기도 고양시 일산서구 주화로 88,37.6705536778608,126.75852499633,주소
경기도 고양시 일산서구 중앙로 1391,37.6679637231098,126.764630034382,주소
경기도 고양시 일산서구 중앙로 1413,37.669037264497,126.762798836447,주소
경기도 고양시 일산서구 중앙로 1437,37.6700574812134,126.760499747317,주소
경기도 고양시 일산서구 중앙로 1449,37.6706419178402,126.759158664707,주소
경기도 고양시 일산서구 중앙로 1456,37.6715581955538,126.758974004688,주소
경기도 고양시 일산서구 중앙로 1471,37.6718167554986,126.756158584664,주소
경기도 고양시 일산서구 킨텍스로 282,37.6698538573983,126.752211251124,주소
경기도 고양시 일산서구 탄중로 497,37.6888908603032,126.771066569026,주소
경기도 고양시 일산서구 탄현로 109,37.7009058909853,126.766606354868,주소
경기도 고양시 일산서구 탄현로 110,37.7015936564042,126.768506852229,주소
경기도 고양시 일산서구 탄현로 120,37.7022224230505,126.76767075663,주소
경기도 고양시 일산서구 탄현로 133,37.7029907529218,126.765838696875,주소
경기도 고양시 일산서구 탄현로 144-27,37.7049773975882,126.766065257387,주소
경기도 고양시 일산서구 탄현로 60,37.6971805388709,126.769950400072,주소
경기도 고양시 일산서구 탄현로 74,37.6981375758804,126.769132057658,주소
경기도 고양시 일산서구 탄현로 75,37.698447375198,126.768007060403,주소
경기도 고양시 일산서구 하이파크1로 56,37.6959462520781,126.75326159217,주소
경기도 고양시 일산서구 하이파크1로 77,37.6966078879688,126.756406124432,주소
경기도 고양시 일산서구 하이파크2로 40,37.6990531063405,126.753575820691,주소
경기도 고양시 일산서구 하이파크2로 42,37.6990682516669,126.753968443817,주소
경기도 고양시 일산서구 하이파크3로,37.6974354051379,126.752885536254,주소
경기도 고양시 일산서구 하이파크3로 110,37.7018088733012,126.753556606125,주소
경기도 고양시 일산서구 하이파크3로 111,37.6997741632533,126.751048871368,주소
경기도 고양시 일산서구 하이파크3로 62,37.6981076956813,126.755427540692,주소
경기도 고양시 일산서구 하이파크3로 84,37.6989946969881,126.753218605749,주소
경기도 고양시 일산서구 하이파크3로78번길 1,37.6987343086551,126.753215273443,주소
경기도 고양시 일산서구 하이파크3로78번길 15,37.698726565161,126.75455580213,주소
경기도 고양시 일산서구 현중로 29,37.6932627366292,126.76769576648,주소
경기도 고양시 일산서구 현중로 47,37.69513469684,126.766694518358,주소
경기도 고양시 일산서구 현중로 48,37.695374272167,126.768067886149,주소
경기도 고양시 일산서구 현중로 62,37.6961337760846,126.767372954757,주소
경기도 고양시 일산서구 호수로856번길 43,37.672827417689,126.748960541926,주소
경기도 고양시 일산서구 후곡로 11,37.6787321112963,126.762738159359,주소
경기도 고양시 일산서구 후곡로 19,37.6793471452052,126.763289742725,주소
경기도 고양시 일산서구 후곡로 52,37.6816250313431,126.766108229054,주소
경기도 과천시 과천대로12다길 7,37.4155835829912,126.988017155938,주소
경기도 과천시 과천대로2길 12,37.4071273872289,126.980340734935,주소
경기도 과천시 과천대로2길 37,37.4075705933742,126.982604147991,주소
경기도 과천시 과천대로2길 6,37.4071768608774,126.979850858071,주소
경기도 과천시 과천대로5길 6,37.4112237932061,126.979857003371,주소
경기도 과천시 과천대로6가길 39,37.4116416734776,126.982013685836,주소
경기도 과천시 과천대로6가길 52,37.4119445671654,126.983035988212,주소
경기도 과천시 과천대로8가길 12,37.4117323456985,126.987914752836,주소
경기도 과천시 과천대로8길 35,37.4126184791402,126.986888272977,주소
경기도 과천시 과천대로8길 65,37.4108600916584,126.989078334424,주소
경기도 과천시 관문로 130,37.4330063337735,126.993038536951,주소
경기도 과천시 관문로 92,37.4297945568098,126.990295584667,주소
경기도 과천시 꿈보람길 34,37.4313962877475,126.996758422106,주소
경기도 과천시 돌무개길 36,37.4522220467796,127.029494555024,주소
경기도 과천시 돌무개길 38,37.4522613870976,127.029268761094,주소
경기도 과천시 돌무개길 48,37.4527386780517,127.029533749239,주소
경기도 과천시 별양로 112,37.4281205596017,126.997095360932,주소
경기도 과천시 별양로 142,37.4303482638864,126.998840098476,주소
경기도 과천시 별양로 164,37.4328316461335,126.998875425554,주소
경기도 과천시 별양로 180-1,37.434240925417,127.001154538042,주소
경기도 과천시 별양로 182-2,37.4341108105895,126.998198480851,주소
경기도 과천시 별양로 28,37.4211854985339,126.991242601845,주소
경기도 과천시 별양로 53,37.4252787030263,126.992102446043,주소
경기도 과천시 별양상가1로 18,37.4275253266116,126.992515379799,주소
경기도 과천시 별양상가1로 31,37.4287011948486,126.993192026607,주소
경기도 과천시 별양상가1로 35,37.4285511970428,126.993576744094,주소
경기도 과천시 별양상가1로 37,37.4284214628095,126.993805769412,주소
경기도 과천시 별양상가1로 38,37.428158172462,126.993559604489,주소
경기도 과천시 별양상가1로 40,37.4280464568754,126.993755975556,주소
경기도 과천시 별양상가2로 14,37.4273279433209,126.992998163923,주소
경기도 과천시 별양상가2로 20,37.4268274913199,126.992556121876,주소
경기도 과천시 별양상가3로 8,37.4261108716574,126.990710125938,주소
경기도 과천시 별양상가로 7,37.4280080285409,126.992955280695,주소
경기도 과천시 새술막길 10-13,37.4286793306214,126.990958708463,주소
경기도 과천시 새술막길 10-17,37.4287099833274,126.991198905137,주소
경기도 과천시 새술막길 36,37.4291193177768,126.991231622261,주소
경기도 과천시 온온사로 10,37.436803252804,126.993703496664,주소
경기도 과천시 온온사로 6,37.4379239728365,126.994435052815,주소
경기도 과천시 중앙로 135,37.4286180137696,126.99153130941,주소
경기도 과천시 중앙로 137,37.4288054400031,126.99173895002,주소
경기도 과천시 찬우물로 15,37.4172103107269,126.985828538442,주소
경기도 과천시 찬우물로 22-21,37.4178462048428,126.985458793961,주소
경기도 과천시 추사로 92-5,37.4538794478958,127.029183157226,주소
경기도 과천시 코오롱로 53,37.4240168959748,126.995004573652,주소
경기도 과천시 코오롱로 57,37.4233994403683,126.995294167844,주소
경기도 과천시 향촌길 5-9,37.4269477626074,126.995970128953,주소
경기도 과천시 희망4길 33,37.433203831494,126.989343437773,주소
경기도 광명시 가림로 18,37.4647085135351,126.869134235278,주소
경기도 광명시 가림로 22,37.4650843786227,126.867725592138,주소
경기도 광명시 가림일로 55,37.4674511534629,126.86337026763,주소
경기도 광명시 가림일로 80,37.469127981739,126.865929448778,주소
경기도 광명시 가마산로 28,37.4842670145231,126.870706794206,주소
경기도 광명시 가학로 247-55,37.4027903158579,126.870650959085,주소
경기도 광명시 광덕산로 26,37.4683120540749,126.872465851923,주소
경기도 광명시 광덕산로 33,37.4709077864798,126.872060355795,주소
경기도 광명시 광덕산로 5,37.4703880962954,126.869191370162,주소
경기도 광명시 광명로 785,37.4700747467894,126.847558829233,주소
경기도 광명시 광명로 823,37.4729484466432,126.8509644652,주소
경기도 광명시 광명로 834,37.4736405254307,126.852050630025,주소
경기도 광명시 광명로 866-9,37.4751270849887,126.853702442327,주소
경기도 광명시 광명로 870-1,37.4766962802391,126.853409964203,주소
경기도 광명시 광명로 877,37.4779125008652,126.853151063959,주소
경기도 광명시 광명로 890,37.4783375952644,126.854241344006,주소
경기도 광명시 광명로832번길 5,37.4734200970558,126.852377664417,주소
경기도 광명시 광명로928번길 16,37.4810933631247,126.857145842792,주소
경기도 광명시 광명로928번길 36-1,37.4804943899604,126.859262338073,주소
경기도 광명시 광명역로 28,37.41789130036,126.888512250671,주소
경기도 광명시 광복로 60,37.4895124765072,126.865282765922,주소
경기도 광명시 광복로 66-1,37.4898569757374,126.865796635058,주소
경기도 광명시 광복로 68,37.489933362788,126.865939198242,주소
경기도 광명시 광이로 21,37.4808283244911,126.857401072961,주소
경기도 광명시 광이로 95,37.4848370853814,126.857173991727,주소
경기도 광명시 광화로 12,37.4732290433501,126.849914359533,주소
경기도 광명시 광화로 22,37.4735617165227,126.848940562742,주소
경기도 광명시 광화로 39,37.4738368884008,126.846913133963,주소
경기도 광명시 광화로13번길 9,37.4721724235419,126.850549425676,주소
경기도 광명시 금당로 11-24,37.4599900235032,126.879307745811,주소
경기도 광명시 금당로 11-7,37.4585323363734,126.878837974404,주소
경기도 광명시 금하로 458,37.4483920639127,126.883310047506,주소
경기도 광명시 금하로 464,37.4484546823205,126.884040346294,주소
경기도 광명시 금하로 523,37.4511568399141,126.890094623344,주소
경기도 광명시 기아로 25-1,37.4365106272893,126.88255234139,주소
경기도 광명시 기아로 46,37.435968150779,126.884590003497,주소
경기도 광명시 기아로13번안길 9-9,37.438357404839,126.882156791718,주소
경기도 광명시 너부대로 34,37.4775762772643,126.84910104841,주소
경기도 광명시 너부대로 5,37.4784721689625,126.847013683251,주소
경기도 광명시 덕단이로 29,37.4668847953345,126.851652932257,주소
경기도 광명시 덕단이로 43,37.4668790574017,126.852828668606,주소
경기도 광명시 도덕공원로 17,37.4708942568271,126.866269613893,주소
경기도 광명시 도덕공원로 21-1,37.4710244619769,126.865404807097,주소
경기도 광명시 도덕공원로 27,37.4715832291923,126.865449589102,주소
경기도 광명시 도덕공원로 35,37.4721196366277,126.863829560999,주소
경기도 광명시 도덕공원로 5,37.471013948808,126.867502957056,주소
경기도 광명시 도덕공원로 59,37.4735916339768,126.863454730802,주소
경기도 광명시 도덕로 36,37.4682739166786,126.85182348026,주소
경기도 광명시 도덕로 40,37.4684278843269,126.852243240225,주소
경기도 광명시 도덕로 49,37.4690901174582,126.853030524358,주소
경기도 광명시 도덕로 50,37.4688372982994,126.853324025638,주소
경기도 광명시 도덕로 52,37.4688141740868,126.853494878079,주소
경기도 광명시 도덕로28번안길 22,37.4671313100166,126.853456789517,주소
경기도 광명시 도덕로38번길 10,37.4675905481717,126.851933461158,주소
경기도 광명시 디지털로 56,37.470361511015,126.873995371737,주소
경기도 광명시 디지털로33번길 23,37.4758987062503,126.870121690679,주소
경기도 광명시 모세로 40,37.4805694769953,126.869577249017,주소
경기도 광명시 목감로 34-6,37.4716259391543,126.847011924176,주소
경기도 광명시 목감로 58,37.4737978151871,126.846104340736,주소
경기도 광명시 목감로 88,37.4758750660431,126.847823689741,주소
경기도 광명시 범안로 1023,37.4613531367234,126.876836159587,주소
경기도 광명시 범안로 1030,37.4612065670554,126.877814910251,주소
경기도 광명시 범안로 1039,37.4621106528071,126.878261951958,주소
경기도 광명시 범안로 1042,37.4618328490283,126.879030229044,주소
경기도 광명시 범안로 1043,37.4623271177948,126.878653259635,주소
경기도 광명시 범안로 1045,37.4624321942389,126.878846941335,주소
경기도 광명시 범안로 1050,37.4621710981789,126.879745745372,주소
경기도 광명시 범안로 1060,37.462604332239,126.880661976949,주소
경기도 광명시 범안로 1061,37.4632231323518,126.88029137182,주소
경기도 광명시 범안로 1063,37.4633513236138,126.88053611285,주소
경기도 광명시 범안로 1075,37.4638521543189,126.881479272039,주소
경기도 광명시 범안로 657,37.4427390256188,126.846854355967,주소
경기도 광명시 범안로 849-19,37.450834944274,126.861493811268,주소
경기도 광명시 사성로 91,37.4890846663044,126.866382943795,주소
경기도 광명시 사성로103번길 14,37.4912597409969,126.866900690625,주소
경기도 광명시 사성로75번길 34,37.4903598883834,126.863724427389,주소
경기도 광명시 새터로 44-7,37.4733596405263,126.85507163685,주소
경기도 광명시 새터로 53,37.4728395082433,126.854136372712,주소
경기도 광명시 서원로 13,37.4315918490996,126.884982345814,주소
경기도 광명시 서원로 42,37.430317902555,126.882146911429,주소
경기도 광명시 성채로 36,37.4334864336041,126.883345958902,주소
경기도 광명시 성채로 37,37.4316098336038,126.881930211478,주소
경기도 광명시 성채로50번길 9-12,37.4328096616087,126.879996677333,주소
경기도 광명시 성채로50번길 9-7,37.4325252414493,126.880204464307,주소
경기도 광명시 성채안로 16,37.4330889782108,126.886850471934,주소
경기도 광명시 성채안로 26,37.4355658083079,126.888874507552,주소
경기도 광명시 소하로 10,37.4548116039224,126.885709692878,주소
경기도 광명시 소하로 161,37.4471449448336,126.888701203215,주소
경기도 광명시 소하로 77,37.4479134480636,126.884045024072,주소
경기도 광명시 소하로 82,37.4476387706729,126.883354839664,주소
경기도 광명시 소하로 86,37.4472867518649,126.883362166817,주소
경기도 광명시 소하로 9,37.4524898687447,126.886357993229,주소
경기도 광명시 소하로109번길 20,37.4475735529661,126.885490050131,주소
경기도 광명시 소하일로 31,37.4483023789492,126.887455794793,주소
경기도 광명시 소하일로 32,37.4478659475649,126.888331380061,주소
경기도 광명시 소하일로 45,37.4492756597596,126.887367542618,주소
경기도 광명시 시청로 100,37.4847717962505,126.867086323706,주소
경기도 광명시 시청로 121,37.4871437437347,126.865771186054,주소
경기도 광명시 시청로 40,37.4800903236149,126.864377908741,주소
경기도 광명시 시청로 50,37.4807350060176,126.865332670084,주소
경기도 광명시 시청로 70,37.4820193247975,126.871335111183,주소
경기도 광명시 시청로138번길 8,37.4864515558862,126.867657965073,주소
경기도 광명시 신기로 15,37.4204176833593,126.883029697173,주소
경기도 광명시 신기로 21,37.4201707739718,126.883729474793,주소
경기도 광명시 신기로 7,37.4206112291251,126.882491771593,주소
경기도 광명시 신기로17번길 11,37.4212423871563,126.883488206427,주소
경기도 광명시 신기로17번길 6,37.4206254723197,126.883958439971,주소
경기도 광명시 신촌로5번길 1-4,37.4477052848304,126.888605105001,주소
경기도 광명시 안양천로 467,37.4892927167157,126.869370990074,주소
경기도 광명시 안현로 16,37.4630604347509,126.873988974311,주소
경기도 광명시 안현로 19,37.4645269560617,126.874530555828,주소
경기도 광명시 안현로 51,37.4660976838438,126.877619306851,주소
경기도 광명시 안현로 80-1,37.4673857481347,126.880772051937,주소
경기도 광명시 안현로 80-2,37.4659496769696,126.882440516301,주소
경기도 광명시 양달로 7,37.4136945925579,126.880276820004,주소
경기도 광명시 양달로10번길 5-5,37.4135888107596,126.88143696963,주소
경기도 광명시 양달로10번길 7,37.4133910402648,126.881619936409,주소
경기도 광명시 양달로10번길 8,37.4131193826145,126.881349827574,주소
경기도 광명시 양달로10번길 9,37.4132840462581,126.881937293826,주소
경기도 광명시 양달로20번길 10,37.4140488982391,126.882275764697,주소
경기도 광명시 양지로 11,37.4181473361657,126.881799522622,주소
경기도 광명시 양지로 19,37.4190189911899,126.882623607455,주소
경기도 광명시 양지로 21,37.417690389449,126.882210419136,주소
경기도 광명시 양지로 9,37.4179027828993,126.881332905543,주소
경기도 광명시 연서일로 25,37.4839433981065,126.863363871392,주소
경기도 광명시 오리로 346,37.4332803049646,126.879772772494,주소
경기도 광명시 오리로 372,37.4355960299369,126.879708504359,주소
경기도 광명시 오리로 402,37.4386171533134,126.879550557753,주소
경기도 광명시 오리로 616,37.4576056111337,126.879597758846,주소
경기도 광명시 오리로 801,37.4695450122615,126.868129550715,주소
경기도 광명시 오리로 841,,,실패
경기도 광명시 오리로 857,37.4748973430136,126.866261238015,주소
경기도 광명시 오리로 938,37.4783280618381,126.858856795843,주소
경기도 광명시 오리로 940,37.4783733609235,126.858687916644,주소
경기도 광명시 오리로84번길 16,37.4121480857801,126.883709231383,주소
경기도 광명시 오리로876번길 27,37.4784234782725,126.867573425208,주소
경기도 광명시 오리로876번길 30,37.4773979471859,126.867009392206,주소
경기도 광명시 일직로 28,37.4220738038436,126.884731759614,주소
경기도 광명시 철망산로 68,37.4690854457083,126.876417763479,주소
경기도 광명시 철망산로 71,37.4703083188318,126.875323737472,주소
경기도 광명시 철산로 11,37.4762454337424,126.867140428818,주소
경기도 광명시 철산로 20,37.4757994860365,126.868394411499,주소
경기도 광명시 철산로 21,37.4765752520466,126.868310973767,주소
경기도 광명시 철산로 23,37.4766268143234,126.868494822659,주소
경기도 광명시 철산로 27,37.4768227095538,126.868995763537,주소
경기도 광명시 철산로 3-9,37.4763946251902,126.866248055896,주소
경기도 광명시 철산로 36,37.4763126069551,126.870100850823,주소
경기도 광명시 철산로 43,37.4772997273986,126.870488391746,주소
경기도 광명시 철산로 45,37.4774147094983,126.871077325546,주소
경기도 광명시 철산로 59,37.4788502830457,126.873071005485,주소
경기도 광명시 철산로29번길 12,37.4777776798542,126.869068826565,주소
경기도 광명시 철산로30번길 9,37.4756068262838,126.87016447752,주소
경기도 광명시 하안로 112,37.4483798030861,126.891630335255,주소
경기도 광명시 하안로 168-9,37.452882237543,126.889084877167,주소
경기도 광명시 하안로 180,37.4534007686993,126.887841915611,주소
경기도 광명시 하안로 196,37.4546483307326,126.886917234241,주소
경기도 광명시 하안로 200,37.4550485974799,126.886579713481,주소
경기도 광명시 하안로 294-5,37.4623690714765,126.880655342814,주소
경기도 광명시 하안로 294-7,37.4624605138625,126.880823729671,주소
경기도 광명시 하안로 311,37.463124062172,126.87900463776,주소
경기도 광명시 하안로 315,37.4634471517314,126.878728199963,주소
경기도 광명시 하안로 320-21,37.4649273437406,126.880507945917,주소
경기도 광명시 하안로 361,37.4667551462931,126.8757152159,주소
경기도 광명시 하안로 392,37.4697692222453,126.874536603159,주소
경기도 광명시 하안로287번길 11,37.4607815733717,126.879583624311,주소
경기도 광명시 하안로287번길 13,37.4606770263733,126.879377850737,주소
경기도 광명시 하안로288번길 10,37.4619705131214,126.881779856011,주소
경기도 광명시 하안로288번길 15,37.4622473145711,126.881341079501,주소
경기도 광명시 하안로288번길 19,37.4626454652336,126.881155527881,주소
경기도 광명시 하안로288번길 6,37.4617423950368,126.88134832021,주소
경기도 광명시 한내일로 5,37.4529998818445,126.88407966754,주소
경기도 광주시 경안로41번길 6,37.408592165969,127.256303963521,주소
경기도 광주시 경안로42번길 11,37.4096535887497,127.254373704881,주소
경기도 광주시 경안로42번길 18,37.4099165570786,127.254684652137,주소
경기도 광주시 경안안길 51,37.4117499203471,127.255657315039,주소
경기도 광주시 경안천로 127,37.4169247694428,127.273203344274,주소
경기도 광주시 경충대로 1428-15,37.3982668835393,127.275058115218,주소
경기도 광주시 경충대로1422번길 12-1,37.3972977432851,127.276643452843,주소
경기도 광주시 경충대로1422번길 39,37.3988343109764,127.279071827059,주소
경기도 광주시 경충대로1422번길 44,37.3985237675007,127.279704137,주소
경기도 광주시 경충대로1422번길 71,37.398923249644,127.281084472006,주소
경기도 광주시 경충대로1461번길 16,37.3997672485966,127.271515523091,주소
경기도 광주시 경충대로1461번길 26,37.3998729171735,127.270226709568,주소
경기도 광주시 경충대로1461번길 31,37.3993024336565,127.271192425192,주소
경기도 광주시 경충대로1461번길 43,37.3985151032116,127.270256731703,주소
경기도 광주시 고불로 62-2,37.3931617730576,127.231119597241,주소
경기도 광주시 고불로46번길 15,37.3941419420149,127.230314591483,주소
경기도 광주시 고불로46번길 17,37.3939061485923,127.231512393937,주소
경기도 광주시 고불로46번길 4,37.3936126174217,127.232740840082,주소
경기도 광주시 고불로46번길 6,37.3936377169101,127.232531659532,주소
경기도 광주시 고산달빛로 36,37.3695985751138,127.227131475421,주소
경기도 광주시 고산별빛1로 11,37.3735223182236,127.220339206816,주소
경기도 광주시 고산별빛1로 12,37.372827514584,127.223902386992,주소
경기도 광주시 고산별빛로 57,37.3724237739021,127.218843487356,주소
경기도 광주시 고산별빛로 6,37.3719592889585,127.222852349062,주소
경기도 광주시 곤지암읍 곤지암로 108,37.3462482578494,127.337228044961,주소
경기도 광주시 곤지암읍 곤지암로 70-13,37.3496698344333,127.338135193581,주소
경기도 광주시 곤지암읍 곤지암로 70-14,37.3501111467338,127.338390665093,주소
경기도 광주시 곤지암읍 곤지암로 81,37.3486500776858,127.338788378205,주소
경기도 광주시 곤지암읍 곤지암로 82,37.3485630761216,127.337609148242,주소
경기도 광주시 곤지암읍 곤지암로 82-1,37.3488261168658,127.338323500778,주소
경기도 광주시 곤지암읍 곤지암로50번길 31,37.3505870856447,127.338132422656,주소
경기도 광주시 곤지암읍 상탑길 9,37.3664013496085,127.411116482869,주소
경기도 광주시 곤지암읍 평촌길 30-19,37.3569743050634,127.325134829067,주소
경기도 광주시 곤지암읍 평촌길 30-28,37.3577719649396,127.324648842175,주소
경기도 광주시 곤지암읍 평촌길 30-9,37.3567397625681,127.325628317679,주소
경기도 광주시 곤지암읍 평촌길 35-7,37.356217484598,127.326200359576,주소
경기도 광주시 광주대로 63-1,37.4124217491469,127.260063699239,주소
경기도 광주시 광주역6로 11,37.4052254771036,127.250348786295,주소
경기도 광주시 광주역6로 2,37.4045873138082,127.251015527955,주소
경기도 광주시 광주역6로 5-5,37.4046576619621,127.250047590507,주소
경기도 광주시 광주역로 57,37.4054420157994,127.245871833197,주소
경기도 광주시 광주역로 77,37.4041419909302,127.24890321119,주소
경기도 광주시 남종면 산수로 1642-1,37.4962574186605,127.303448835049,주소
경기도 광주시 남한산성면 남한산성로 770,37.4786828268526,127.186078295971,주소
경기도 광주시 남한산성면 해공로 82,37.4451531392483,127.266950232338,주소
경기도 광주시 남한산성면 회안대로 1386,37.4638963768319,127.251733971237,주소
경기도 광주시 능평로 59,37.35240103765,127.165527050222,주소
경기도 광주시 능평로 63,37.3521765993491,127.165778928879,주소
경기도 광주시 능평로 93,37.3503771320486,127.168285082456,주소
경기도 광주시 도척면 노곡로 32,37.3037416481775,127.330793387079,주소
경기도 광주시 도척면 노곡로 33,37.3036433308248,127.331989254038,주소
경기도 광주시 도척면 도척윗로 270,37.3346540211493,127.312488673635,주소
경기도 광주시 마루들길 231-22,37.3782336972436,127.257318502732,주소
경기도 광주시 문형산길 25,37.360464206001,127.161839252997,주소
경기도 광주시 문형산길 57-1,37.362795660824,127.163441671056,주소
경기도 광주시 문형산길 7,37.3596064075479,127.160797687127,주소
경기도 광주시 문형산길 77,37.3644616038512,127.164908735474,주소
경기도 광주시 문화로 116,37.4133473939137,127.251639486293,주소
경기도 광주시 벌원길 61,37.4158870811551,127.247546644377,주소
경기도 광주시 벌원길 61-1,37.415989980226,127.247329981295,주소
경기도 광주시 벌원길 75-1,37.4159837518791,127.249009380195,주소
경기도 광주시 벼루개길42번길 50,37.380492825479,127.23638475714,주소
경기도 광주시 벼루개로 20,37.3825027360712,127.230403758043,주소
경기도 광주시 벼루개로 36,37.3825441059808,127.232560631082,주소
경기도 광주시 상태길 62,37.3561232826249,127.143886125348,주소
경기도 광주시 상태길 74-2,37.3550835659392,127.143309736367,주소
경기도 광주시 송정2길 15-8,37.4199739640014,127.256441032122,주소
경기도 광주시 송정2길 37,37.419229933605,127.25496980127,주소
경기도 광주시 송정4길 21,37.422884156363,127.255316366192,주소
경기도 광주시 송정5길 2,37.42329844919,127.256146662144,주소
경기도 광주시 송정5길 6,37.4236760898971,127.256218218671,주소
경기도 광주시 송정로 68,37.4169414695873,127.252015594685,주소
경기도 광주시 수레안길41번길 37,37.3489847549066,127.151076635235,주소
경기도 광주시 수하길 28,37.4148748332152,127.263290671025,주소
경기도 광주시 수하길 7,37.4155198414833,127.261150940235,주소
경기도 광주시 수하길11번길 43,37.4182430716596,127.263991443365,주소
경기도 광주시 수하길11번길 8,37.4159656498648,127.261850033639,주소
경기도 광주시 순암로 22,37.3947121975219,127.246881392205,주소
경기도 광주시 순암로36번길 100,37.3992991255875,127.244226474483,주소
경기도 광주시 순암로36번길 104,37.3991205999408,127.24398093352,주소
경기도 광주시 순암로36번길 108,37.3984889675498,127.244120508462,주소
경기도 광주시 순암로36번길 41,37.3971411897178,127.246870386366,주소
경기도 광주시 순암로36번길 45,37.3983677383948,127.247133598702,주소
경기도 광주시 순암로36번길 87,37.3993979859961,127.245999583134,주소
경기도 광주시 신현로 103,37.3601106610777,127.158364408796,주소
경기도 광주시 신현로 12-51,37.3566802872833,127.145880884625,주소
경기도 광주시 양벌동 290-20,37.3794627224741,127.256183685103,주소
경기도 광주시 양벌로 299,37.3723739164904,127.247901240171,주소
경기도 광주시 양벌로 303-5,37.3724737900444,127.24831161298,주소
경기도 광주시 양촌안길 44,37.3714344957142,127.251195955636,주소
경기도 광주시 오포안로 409,37.3710040484687,127.223173533374,주소
경기도 광주시 오포읍 능평로 180,37.3457145905348,127.174985759026,주소
경기도 광주시 오포읍 마루들길 247,37.3780630972695,127.258904023006,주소
경기도 광주시 오포읍 문형산길 27,37.3606275846831,127.162020211884,주소
경기도 광주시 오포읍 상태길 73-72,37.3559105313455,127.147269200027,주소
경기도 광주시 오포읍 새말길 24,37.3622589592577,127.158647629959,주소
경기도 광주시 오포읍 새말길167번길 13,37.3740963825725,127.161361614221,주소
경기도 광주시 오포읍 신현로12번길,37.3577347230922,127.148803471784,주소
경기도 광주시 오포읍 양벌로 195-30,37.3786318407861,127.258112468911,주소
경기도 광주시 오포읍 양벌로 195-4,37.3789106487632,127.255233273424,주소
경기도 광주시 오포읍 양벌로 195-40,37.3782130404308,127.258733372641,주소
경기도 광주시 오포읍 양벌로 195-8,37.378686899457,127.255745564197,주소
경기도 광주시 오포읍 양벌로 295,37.3726299998964,127.248067139536,주소
경기도 광주시 오포읍 양벌로 299,37.3723739164904,127.247901240171,주소
경기도 광주시 오포읍 양벌로 303-13,37.3715782171125,127.249232942887,주소
경기도 광주시 오포읍 양벌로 303-16,37.3713318463154,127.249033769718,주소
경기도 광주시 오포읍 양벌로 303-4,37.3718742083996,127.247686446784,주소
경기도 광주시 오포읍 양벌로 331-20,37.3689762209192,127.247870416987,주소
경기도 광주시 오포읍 오포안로 263,37.3596116618872,127.216191677324,주소
경기도 광주시 오포읍 왕림로 43,37.3437706958728,127.180513163469,주소
경기도 광주시 오포읍 추자길 17,37.3591213496198,127.216226730391,주소
경기도 광주시 오포읍 추자길 27,37.359585085942,127.215399082,주소
경기도 광주시 오포읍 추자길 28-7,37.361068353336,127.215548147057,주소
경기도 광주시 이배재로 20-12,37.4202292015543,127.248175941438,주소
경기도 광주시 장지1길 28,37.3961739090934,127.245155372892,주소
경기도 광주시 장지1길 6,37.3951040885368,127.246906619046,주소
경기도 광주시 중앙로 145,37.4124867290526,127.256965609305,주소
경기도 광주시 중앙로123번길 19,37.409698951936,127.256273509256,주소
경기도 광주시 중앙로123번길 22,37.4106297103217,127.255228797885,주소
경기도 광주시 중앙로145번길 16,37.4128085481539,127.255480066973,주소
경기도 광주시 중앙로145번길 18,37.4129547270751,127.255255776364,주소
경기도 광주시 중앙로145번길 7,37.4124683328149,127.256391721868,주소
경기도 광주시 창뜰아랫길 14-3,37.3489416560285,127.166792205993,주소
경기도 광주시 초월읍 경충대로 1023-22,37.3706320486957,127.300844860855,주소
경기도 광주시 초월읍 경충대로 1033-13,37.370870712413,127.29960927403,주소
경기도 광주시 초월읍 경충대로 1081-36,37.3712389832774,127.298316954568,주소
경기도 광주시 초월읍 경충대로1127번길 46,37.3773685060256,127.290735282441,주소
경기도 광주시 초월읍 경충대로1127번길 56,37.3774828033842,127.289466896976,주소
경기도 광주시 초월읍 경충대로1127번길 58,37.3762704728023,127.288103899378,주소
경기도 광주시 초월읍 경충대로1284번길 36,37.3901629441012,127.29002481901,주소
경기도 광주시 초월읍 도곡길21번길 18,37.367806356373,127.30310143495,주소
경기도 광주시 초월읍 도곡길21번길 19,37.3679234118352,127.303412806725,주소
경기도 광주시 초월읍 도곡길21번길 28,37.3671079611939,127.303176519204,주소
경기도 광주시 초월읍 도곡안길 53-6,37.3719442989839,127.297173507311,주소
경기도 광주시 초월읍 도평길 17-11,37.3944135105351,127.291158641938,주소
경기도 광주시 초월읍 동막골길 5,37.378097756848,127.317585541444,주소
경기도 광주시 초월읍 산수로 523,37.4079049281735,127.307866658488,주소
경기도 광주시 초월읍 현산로 101,37.3965675382519,127.291649539682,주소
경기도 광주시 초월읍 현산로 114,37.3974805385371,127.292270719082,주소
경기도 광주시 초월읍 현산로 89-11,37.3956612819512,127.2902627206,주소
경기도 광주시 초월읍 현산로 89-16,37.3964236105083,127.289390087534,주소
경기도 광주시 초월읍 현산로 89-6,37.3957815729832,127.290847384125,주소
경기도 광주시 초월읍 현산로 91,37.3957602814517,127.291297789326,주소
경기도 광주시 추자길 28-5,37.3603035016599,127.215482747072,주소
경기도 광주시 탄벌길 7,37.4191437124236,127.245950737613,주소
경기도 광주시 태봉로 152(태전동 51-1),37.3801353787713,127.230085563591,주소
경기도 광주시 태봉로 226,37.3731658938237,127.229101361926,주소
경기도 광주시 태봉로 226-16,37.3728076036695,127.229077128164,주소
경기도 광주시 태봉로 226-18,37.3727434806667,127.229712097683,주소
경기도 광주시 태봉로 226-22,37.3734209173876,127.229826949609,주소
경기도 광주시 태봉로 51,37.388762206475,127.229671528794,주소
경기도 광주시 태봉로 56,37.3888993172926,127.227118435349,주소
경기도 광주시 태봉로13번길 3,37.3919246726351,127.231211335222,주소
경기도 광주시 태봉로1번길 11,37.3927408679832,127.23270121735,주소
경기도 광주시 태봉로1번길 33,37.3913200117871,127.233314304189,주소
경기도 광주시 태봉로43번길 10,37.3889398674476,127.230607971159,주소
경기도 광주시 태성3로 11,37.3750715231285,127.227766790421,주소
경기도 광주시 태성3로 13,37.3751001257872,127.228959230689,주소
경기도 광주시 태성3로 26,37.3742690332321,127.229278922177,주소
경기도 광주시 태성로 110,37.3803898016746,127.227584378672,주소
경기도 광주시 태성로 130-1,37.3776639110331,127.227738612791,주소
경기도 광주시 태성로 196,37.3734243681251,127.224417174472,주소
경기도 광주시 태성로 37,37.3849654293061,127.228862193388,주소
경기도 광주시 태재로 20-13,37.3586584198805,127.155828847008,주소
경기도 광주시 태재로 20-17,37.3579915976832,127.151155075234,주소
경기도 광주시 태재로 20-7,37.3592427145038,127.151475222948,주소
경기도 광주시 태전동로 21,37.3869023394692,127.233935559506,주소
경기도 광주시 태전동로 29,37.3859766167665,127.233987787314,주소
경기도 광주시 태전중앙1길 5,37.3822327574194,127.22851650642,주소
경기도 광주시 태전중앙2길 21,37.3823855188699,127.233204871768,주소
경기도 광주시 태전중앙2길 5,37.3822245937249,127.231140901674,주소
경기도 광주시 퇴촌면 도수길 11,37.4718142615109,127.318265600956,주소
경기도 광주시 퇴촌면 도수길23번길 23,37.4736589639643,127.319807504117,주소
경기도 광주시 퇴촌면 천진암로 387,37.4716826856716,127.315656382248,주소
경기도 광주시 파발로 201,37.4162752202327,127.249612552675,주소
경기도 광주시 파발로59번길 28,37.4128247971245,127.26066693355,주소
경기도 광주시 포돌이로 21,37.4145564935499,127.248775231908,주소
경기도 광주시 포돌이로 77,37.4130579580185,127.243521432925,주소
경기도 광주시 회안대로 350-22,37.3855754528841,127.236538697251,주소
경기도 광주시 회안대로 350-6,37.3842346892154,127.236335077153,주소
경기도 광주시 회안대로 621-15,37.4081377498713,127.236699297067,주소
경기도 광주시 회안대로 621-36,37.4094046545831,127.236932577672,주소
경기도 광주시 회안대로 637-34,37.41059374888,127.236742153299,주소
경기도 광주시 회안대로 637-39,37.4111215221191,127.236448435249,주소
경기도 구리시 갈매순환로 121,37.6309344530509,127.119780908868,주소
경기도 구리시 갈매순환로 133,37.6316353911295,127.12060507651,주소
경기도 구리시 갈매순환로 145,37.632481035457,127.121678166685,주소
경기도 구리시 갈매순환로 17,37.6255555826843,127.112722893304,주소
경기도 구리시 갈매순환로 194,37.6366378749425,127.12179948764,주소
경기도 구리시 갈매순환로 7,37.6259722391108,127.111733227486,주소
경기도 구리시 갈매순환로 92,37.6280711124726,127.119343911168,주소
경기도 구리시 갈매순환로 96,37.6283796242076,127.119596914037,주소
경기도 구리시 갈매순환로126번길 16,37.6302848845161,127.120800126198,주소
경기도 구리시 갈매중앙로 40,37.6284276707364,127.116054038144,주소
경기도 구리시 갈매중앙로 70,37.6305360744058,127.117141360602,주소
경기도 구리시 갈매중앙로 79,37.6316461747299,127.116963766952,주소
경기도 구리시 갈매중앙로 83,37.6320409764948,127.117246249621,주소
경기도 구리시 갈매중앙로 89-10,37.6330013266779,127.116984130727,주소
경기도 구리시 갈매중앙로 91,37.6327441535296,127.11765055498,주소
경기도 구리시 건원대로 36,37.6044311428955,127.140488843483,주소
경기도 구리시 건원대로 44,37.6050644184814,127.140513929877,주소
경기도 구리시 건원대로 83,37.608280469451,127.138480967822,주소
경기도 구리시 건원대로 87,37.6086789021696,127.138390990172,주소
경기도 구리시 건원대로34번길 11,37.6046337886781,127.140780158048,주소
경기도 구리시 건원대로34번길 118,37.6065070375223,127.146406353362,주소
경기도 구리시 건원대로34번길 19,37.6045083103427,127.141358503339,주소
경기도 구리시 건원대로34번길 27,37.6048239320715,127.141579707759,주소
경기도 구리시 건원대로76번길 136,37.6069242342327,127.143810094261,주소
경기도 구리시 건원대로76번길 34,37.6074068823846,127.141208267231,주소
경기도 구리시 건원대로76번길 40,37.6072883054007,127.142189482898,주소
경기도 구리시 건원대로76번길 41,37.610261035914,127.140679093684,주소
경기도 구리시 건원대로76번길 45,37.6091731780061,127.141586705839,주소
경기도 구리시 검배로 124,37.5940045501833,127.151537631682,주소
경기도 구리시 검배로 142,37.5934312021542,127.153249197437,주소
경기도 구리시 검배로120번길 23,37.5931246876155,127.151010232551,주소
경기도 구리시 검배로136번길 41,37.5919355174489,127.152584196715,주소
경기도 구리시 경춘로276번길 21,37.6022224167656,127.146451294355,주소
경기도 구리시 경춘로276번길 51,37.6012108872797,127.147599063108,주소
경기도 구리시 경춘북로 252,37.6337568719635,127.118360226319,주소
경기도 구리시 동구릉로 100,37.6086076734072,127.135169694302,주소
경기도 구리시 동구릉로 101,37.608939429284,127.135080710552,주소
경기도 구리시 동구릉로 116,37.6095934524065,127.136572106265,주소
경기도 구리시 동구릉로 118,37.6096816641413,127.13672346353,주소
경기도 구리시 동구릉로 155,37.6125645686601,127.137566184084,주소
경기도 구리시 동구릉로 485,37.6405870968044,127.139282363227,주소
경기도 구리시 동구릉로 80,,,실패
경기도 구리시 동구릉로 82,37.607444652956,127.134480829417,주소
경기도 구리시 동구릉로 85번길,37.6095824069002,127.132589578225,주소
경기도 구리시 동구릉로 99,37.6088030342442,127.134910356258,주소
경기도 구리시 동구릉로103번길 35,37.6099038018903,127.134014453034,주소
경기도 구리시 동구릉로103번길 37,37.6109150930844,127.133836641622,주소
경기도 구리시 동구릉로103번길 75,37.6126152157049,127.135060176597,주소
경기도 구리시 동구릉로53번길 67,37.6076336522201,127.131871043859,주소
경기도 구리시 동구릉로85번길 16,37.6084809687294,127.133689353881,주소
경기도 구리시 동구릉로85번길 25,37.6087942558955,127.133039723057,주소
경기도 구리시 동구릉로85번길 30,37.6089376420902,127.133244855451,주소
경기도 구리시 동구릉로85번길 45,37.6094873523572,127.132509564626,주소
경기도 구리시 벌말로 155,37.5905135109174,127.149178955497,주소
경기도 구리시 벌말로 168,37.5914306625287,127.152048504701,주소
경기도 구리시 벌말로 170,37.5915526070615,127.150116405311,주소
경기도 구리시 벌말로 180,37.5924021782907,127.150378652161,주소
경기도 구리시 벌말로 186,37.5928604516015,127.150567762364,주소
경기도 구리시 벌말로 194,37.593573824685,127.150804267129,주소
경기도 구리시 벌말로129번길 17-1,37.5878244879677,127.146382886285,주소
경기도 구리시 벌말로133-14,37.5889735749797,127.148505029736,주소
경기도 구리시 산마루로 14,37.6314378445289,127.115798948613,주소
경기도 구리시 산마루로 24,37.6311282436982,127.116553532519,주소
경기도 구리시 아차산로 345-24,37.585783609097,127.128464104607,주소
경기도 구리시 아차산로 431,37.5932865950354,127.129967115163,주소
경기도 구리시 안골로19번길 15,37.5979553793695,127.132933681973,주소
경기도 구리시 안골로19번길 16,37.5982438213314,127.133620870792,주소
경기도 구리시 이문안로 106,37.5915461648631,127.142819420081,주소
경기도 구리시 이문안로 67,37.5924711954815,127.139061068784,주소
경기도 구리시 이문안로 68,37.5921437718742,127.138681029771,주소
경기도 구리시 이문안로 70,37.5921482697557,127.138993436449,주소
경기도 구리시 이문안로 72,37.5921081666372,127.139383095275,주소
경기도 구리시 이문안로 82,37.591910019609,127.140614538189,주소
경기도 구리시 이문안로 93,37.59204837938,127.141846500002,주소
경기도 구리시 이문안로 95,37.5920582445419,127.142184053438,주소
경기도 구리시 이문안로139번길 16,37.5919072953464,127.147208845037,주소
경기도 구리시 이문안로99번길 20,37.5927119376723,127.142612286204,주소
경기도 구리시 장자대로 36,37.5867454720845,127.134324586629,주소
경기도 구리시 장자대로 40,37.5867789582785,127.134983364822,주소
경기도 구리시 장자대로 72,37.5872628213618,127.138457645552,주소
경기도 구리시 장자대로 78,37.5873114395334,127.139177258234,주소
경기도 구리시 장자대로 89-1,37.589721436164,127.14082860552,주소
경기도 구리시 장자대로 89-2,37.590487158675,127.141682076267,주소
경기도 구리시 장자대로111번길 61,37.5900533075206,127.144304692088,주소
경기도 구리시 장자대로13번길 12,37.5886553614614,127.132921669204,주소
경기도 구리시 장자대로13번길 47,37.5899212163273,127.13247520788,주소
경기도 구리시 장자대로13번길 5,37.5879956478041,127.131803329203,주소
경기도 구리시 장자대로13번길 61,37.5904811207456,127.132690764141,주소
경기도 구리시 장자대로37번길 15,37.5885908567853,127.133872744643,주소
경기도 구리시 장자대로37번길 24,37.5888470383625,127.134796770265,주소
경기도 구리시 장자대로86번길 14-11,37.5868183770823,127.139287183314,주소
경기도 구리시 장자대로86번길 14-18,37.5871125532373,127.138979543376,주소
경기도 구리시 장자대로86번길 14-7,37.5868175540786,127.139526304005,주소
경기도 구리시 장자대로86번길 48-5,37.586809310711,127.138416046059,주소
경기도 구리시 장자호수길 45,37.5858383717331,127.135176403512,주소
경기도 구리시 체육관로 42,37.5882797364291,127.138179642055,주소
경기도 구리시 체육관로 73,37.5911436739108,127.137678357873,주소
경기도 구리시 체육관로 82,37.5919079780444,127.138146946487,주소
경기도 구리시 체육관로74번길 23,37.5913682540689,127.139398699506,주소
경기도 구리시 체육관로80번길 24,37.5915851279816,127.139394235211,주소
경기도 구리시 체육관로80번길 32,37.5915751845137,127.139878719093,주소
경기도 구리시 체육관로80번길 42,37.591620913066,127.140369308486,주소
경기도 구리시 체육관로80번길 7,37.5919201589114,127.138362782488,주소
경기도 군포시 고산로 251,37.3459216067245,126.94406954231,주소
경기도 군포시 고산로 460,37.35560813209,126.926913732151,주소
경기도 군포시 고산로 470,37.3565021264087,126.926613636498,주소
경기도 군포시 고산로 529,37.3602452015204,126.922556600056,주소
경기도 군포시 고산로 542,37.36148222036,126.924364704973,주소
경기도 군포시 고산로 679,37.3710839056756,126.933974013894,주소
경기도 군포시 고산로 681,37.3712303488937,126.934183307662,주소
경기도 군포시 고산로151번길 26-11,37.3459944671041,126.955930211315,주소
경기도 군포시 고산로151번길 26-24,37.3465710448303,126.954760315513,주소
경기도 군포시 고산로151번길 26-4,37.3465839710372,126.955823779215,주소
경기도 군포시 고산로151번길 28,37.3462763971833,126.956167162583,주소
경기도 군포시 고산로250번길 19,37.3478364141151,126.94451550294,주소
경기도 군포시 고산로264번길 13,37.3479287539792,126.94390914503,주소
경기도 군포시 고산로517번길 18,37.3595143634761,126.921170187652,주소
경기도 군포시 고산로539번길 22,37.3632435610409,126.921753171,주소
경기도 군포시 고산로539번길 4,37.3621637763894,126.923275269942,주소
경기도 군포시 고산로539번길 7-36,37.3607458985112,126.921865709631,주소
경기도 군포시 고산로539번길 7-6,37.3620923289005,126.922452317692,주소
경기도 군포시 고산로677번길 14,37.3719390742449,126.933340702072,주소
경기도 군포시 고산로677번길 24-42,37.3742439130622,126.933850553568,주소
경기도 군포시 고산로677번길 36,37.3729420012468,126.930976734422,주소
경기도 군포시 곡란로 95,37.3728483900659,126.929761468489,주소
경기도 군포시 곡란로8번길 35-22,37.3762022136712,126.938033036409,주소
경기도 군포시 광정로 119-1,37.3632074085564,126.926206256187,주소
경기도 군포시 광정로 25-16,37.3558264754582,126.931781843209,주소
경기도 군포시 광정로 25-57,37.3540770740835,126.931064781011,주소
경기도 군포시 광정로 58,37.3585078307294,126.930982279358,주소
경기도 군포시 광정로 60,37.3587207387771,126.930819879754,주소
경기도 군포시 광정로 70,37.3594605745275,126.930209883168,주소
경기도 군포시 광정로 80,37.3602932777565,126.929557570869,주소
경기도 군포시 군포로 463,37.3482376622074,126.941928420116,주소
경기도 군포시 군포로 486,37.3496736693949,126.944636946665,주소
경기도 군포시 군포로 745,37.3717053544483,126.942818363679,주소
경기도 군포시 군포로471번길 12,37.3487637158873,126.943108668243,주소
경기도 군포시 금당로124번길 19,37.3579494277399,126.944622289974,주소
경기도 군포시 금산로 47,37.3659105713946,126.936771849075,주소
경기도 군포시 금산로 65,37.3680747468478,126.937963632618,주소
경기도 군포시 금산로 86,37.3696698319861,126.937618670878,주소
경기도 군포시 금산로 89,37.3697487570763,126.93693006625,주소
경기도 군포시 금산로 92,37.3702518867825,126.937263022676,주소
경기도 군포시 금산로 96,37.3705034555103,126.937097760801,주소
경기도 군포시 금산로50번길 1,37.3668884005231,126.939421674332,주소
경기도 군포시 금정로 40,37.3664640259056,126.941224963801,주소
경기도 군포시 당동로17번길 23,37.3499328164496,126.942395726327,주소
경기도 군포시 당동로21번길 50,37.3490119878901,126.941342517541,주소
경기도 군포시 대야2로 148,37.3293784694147,126.915224675303,주소
경기도 군포시 대야2로143번길 25-1,37.3314753027751,126.915788645572,주소
경기도 군포시 대야2로143번길 7,37.3303444399472,126.91569309553,주소
경기도 군포시 번영로 330,37.3450271258238,126.925255626881,주소
경기도 군포시 번영로 366,37.3479959357428,126.925985266151,주소
경기도 군포시 번영로 371,37.348645423051,126.923615764178,주소
경기도 군포시 번영로 378,37.3490557128714,126.925820236177,주소
경기도 군포시 번영로 380-1,37.3494815071446,126.926490677532,주소
경기도 군포시 번영로 492,37.3570291138621,126.932315893943,주소
경기도 군포시 번영로 495,37.3581103112345,126.931939270521,주소
경기도 군포시 번영로 497,37.3583199121192,126.932291369357,주소
경기도 군포시 번영로 498,37.3573967968975,126.932902176676,주소
경기도 군포시 번영로 502,37.357601799677,126.933414110784,주소
경기도 군포시 번영로 508,37.3579231942258,126.933892421449,주소
경기도 군포시 번영로550번길 7,37.3596898818711,126.937963987948,주소
경기도 군포시 번영로574번길 2,37.3613020517245,126.939631382892,주소
경기도 군포시 산본로 296-1,37.3584420076648,126.936864352768,주소
경기도 군포시 산본로 341,37.3608768992165,126.932381408468,주소
경기도 군포시 산본로 390,37.3647541937521,126.930049536311,주소
경기도 군포시 산본로 394,37.365130721251,126.929726104547,주소
경기도 군포시 산본로 404,37.3661224438227,126.929210295843,주소
경기도 군포시 산본로 451-49,37.3720530603492,126.926363212627,주소
경기도 군포시 산본로323번길 10-34,37.3604745717455,126.931877534913,주소
경기도 군포시 산본로323번길 16-7,37.3592229752379,126.931756983661,주소
경기도 군포시 산본로323번길 27,37.3581797771553,126.931310034377,주소
경기도 군포시 산본로323번길 4-21,37.3602677175764,126.932386470208,주소
경기도 군포시 산본로343번길 21,37.3599999763585,126.930595769157,주소
경기도 군포시 산본로343번길 23,37.3598730660119,126.930364709832,주소
경기도 군포시 산본로372번길 17,37.3645599890955,126.930604664265,주소
경기도 군포시 산본로386번길 5-1,37.3648921298003,126.930336027137,주소
경기도 군포시 산본로386번길 5-11,37.3652797379562,126.930007957548,주소
경기도 군포시 산본로386번길 5-20,37.3659367536617,126.930597864832,주소
경기도 군포시 산본로386번길 5-27,37.3658735799304,126.929511376129,주소
경기도 군포시 산본로386번길 59,37.3687218655222,126.933650389707,주소
경기도 군포시 산본로386번길 60,37.3687771719798,126.934591298667,주소
경기도 군포시 산본로432번길 17,37.3695020985478,126.927126268922,주소
경기도 군포시 산본로432번길 27,37.3700901145067,126.928913607265,주소
경기도 군포시 산본로432번길 4,37.3680155148275,126.92759744702,주소
경기도 군포시 산본천로 119-5,37.3652076990645,126.933679448101,주소
경기도 군포시 산본천로 136,37.3662370517021,126.935673395436,주소
경기도 군포시 산본천로 18,37.3586035473385,126.926394640697,주소
경기도 군포시 산본천로 31,37.3598071848248,126.927195356931,주소
경기도 군포시 산본천로 34-5,37.3594610590106,126.928011350465,주소
경기도 군포시 산본천로 39,37.3601947658638,126.92786390633,주소
경기도 군포시 산본천로 43-6,37.3606745715712,126.928174319158,주소
경기도 군포시 삼성로 6,37.3363821783549,126.934508473881,주소
경기도 군포시 삼성로20번길 3-11,37.337840545227,126.932985930435,주소
경기도 군포시 삼성로20번길 3-23,37.3382681830622,126.933480270263,주소
경기도 군포시 삼성로20번길 3-33,37.3385806865884,126.933848214846,주소
경기도 군포시 삼성로28번길 3,37.3386448692671,126.93278118804,주소
경기도 군포시 삼성로28번길 8,37.3380324199248,126.933225332678,주소
경기도 군포시 송부로 241,37.3236024696239,126.938342857525,주소
경기도 군포시 송부로 42,37.3160416128973,126.9190315398,주소
경기도 군포시 송부로 76,37.3166470043519,126.922236058182,주소
경기도 군포시 송부로 82,37.3166592817749,126.923099075258,주소
경기도 군포시 송부로 88,37.3166268791375,126.923709320789,주소
경기도 군포시 송부로 92,37.3166311828154,126.924237174558,주소
경기도 군포시 송부로273번길 7,37.3231636415597,126.941124329519,주소
경기도 군포시 송부로273번안길 2,37.3224312038071,126.941694544144,주소
경기도 군포시 송부로273번안길 3-13,37.3229522478047,126.94238247937,주소
경기도 군포시 송부로273번안길 3-17,37.3228930259909,126.942704297698,주소
경기도 군포시 송부로273번안길 3-3,37.3226298536816,126.941820865571,주소
경기도 군포시 송부로273번안길 3-5,37.3227537010879,126.941913398162,주소
경기도 군포시 송부로273번안길 4-20,37.3218067472436,126.942162673958,주소
경기도 군포시 송부로273번안길 6-1,37.3222482402705,126.942135596639,주소
경기도 군포시 송부로73번길 7,37.3179317917634,126.92128707814,주소
경기도 군포시 송부로74번길 3-40,37.3162410320393,126.924232376702,주소
경기도 군포시 송부로96번길 12,37.3156265466017,126.923702209231,주소
경기도 군포시 수리산로 125,37.3603956300019,126.918078730525,주소
경기도 군포시 수리산로 136,37.3604536462238,126.919375657075,주소
경기도 군포시 수리산로 139,37.3612412213713,126.918567940855,주소
경기도 군포시 수리산로 15,37.3569141220926,126.923000233419,주소
경기도 군포시 수리산로 171,37.3638435006732,126.918995897811,주소
경기도 군포시 수리산로 187,37.3646109824736,126.920169991224,주소
경기도 군포시 수리산로 37,37.3548598254918,126.921427548865,주소
경기도 군포시 수리산로 98,37.3579637094293,126.916720200515,주소
경기도 군포시 오금로 114,37.3566323568011,126.939046597169,주소
경기도 군포시 오금로 131,37.3593062733328,126.940694487671,주소
경기도 군포시 오금로 146-1,37.3594620644189,126.941789736992,주소
경기도 군포시 오금로 148,37.3595475526382,126.941933816836,주소
경기도 군포시 오금로 15-30,37.3530716665426,126.929771095073,주소
경기도 군포시 오금로 15-40,37.353867208235,126.928160150444,주소
경기도 군포시 오금로 18,37.3520180572967,126.931087657098,주소
경기도 군포시 오금로 36,37.3528225312231,126.932714823288,주소
경기도 군포시 오금로 39,37.3533936790341,126.932690046618,주소
경기도 군포시 오금로 48,37.35331469447,126.934519387964,주소
경기도 군포시 용호1로 10,37.3435881086615,126.938422560395,주소
경기도 군포시 용호1로 16,37.3440334346763,126.938320739858,주소
"경기도 군포시 용호1로 16, 3층, 4층",37.3440334346763,126.938320739858,주소
경기도 군포시 용호1로 20,37.3445266997986,126.938400238479,주소
경기도 군포시 용호1로 34,37.345914902254,126.940128203536,주소
경기도 군포시 용호1로 4,37.343298731225,126.938660241901,주소
경기도 군포시 용호1로 56,37.3472859386664,126.940366039871,주소
경기도 군포시 용호1로21번길 12,37.3453602568247,126.937227873316,주소
경기도 군포시 용호1로2번안길 2,37.3437470113551,126.939043245245,주소
경기도 군포시 용호1로60번길 4,37.3474918655688,126.940448829452,주소
경기도 군포시 용호2로 12,37.3422665995532,126.940778761335,주소
경기도 군포시 용호2로 33,37.3434288516174,126.942264253791,주소
경기도 군포시 용호2로 61,37.3455727505011,126.94392658477,주소
경기도 군포시 용호2로54번길 12,37.343874768289,126.945291475006,주소
경기도 군포시 용호2로54번길 14,37.3430257816072,126.944632460516,주소
경기도 군포시 이당로 152,37.3487213100189,126.958583703554,주소
경기도 군포시 한세로66번길 12,37.3475996992555,126.955817766819,주소
경기도 군포시 호수로 305-14,37.3266343608596,126.910911588279,주소
경기도 김포시 감정로 25,37.6211074406943,126.700900414782,주소
경기도 김포시 감정로 6,37.6229546890627,126.699678703405,주소
경기도 김포시 걸포2로 33,37.6332801464516,126.703672915654,주소
경기도 김포시 걸포2로 35,37.6335424703822,126.703369272913,주소
경기도 김포시 걸포2로 45,37.6341289239831,126.702869588991,주소
경기도 김포시 걸포2로 49,37.6346593437058,126.70248080794,주소
경기도 김포시 걸포2로 58,37.6357857491848,126.702729983567,주소
경기도 김포시 걸포로 22,37.6335886198053,126.707490969605,주소
경기도 김포시 걸포로 32,37.6347524598399,126.706636482255,주소
경기도 김포시 걸포로 34,37.6349574245569,126.706379406649,주소
경기도 김포시 걸포로 6,37.6322526029999,126.707257052533,주소
경기도 김포시 고촌읍 상미1로 2,37.6179307105844,126.747153190339,주소
경기도 김포시 고촌읍 상미1로 26,37.6196262838062,126.749565315852,주소
경기도 김포시 고촌읍 상미1로 4,37.6182158131754,126.747293696784,주소
경기도 김포시 고촌읍 상미1로 7,37.6218272060122,126.747112695113,주소
경기도 김포시 고촌읍 상미4로 19-56,37.6188222242469,126.747863539861,주소
경기도 김포시 고촌읍 상미4로 20,37.6172618080045,126.74887812873,주소
경기도 김포시 고촌읍 수기로 105-10,37.5933289893659,126.764631475916,주소
경기도 김포시 고촌읍 수기로 109,37.5938460657144,126.763953856888,주소
경기도 김포시 고촌읍 수기로 115,37.5934718192772,126.763606062054,주소
경기도 김포시 고촌읍 수기로 136,37.59482832413,126.75926960038,주소
경기도 김포시 고촌읍 수기로 54-20,37.5993680656809,126.764955229396,주소
경기도 김포시 고촌읍 수기로 67-30,37.5967115611051,126.766438818939,주소
경기도 김포시 고촌읍 신곡로 106,37.608463181152,126.767868141677,주소
경기도 김포시 고촌읍 신곡로 46,37.6067420410735,126.774711120698,주소
경기도 김포시 고촌읍 신곡로 63,37.6063907046022,126.772622486364,주소
경기도 김포시 고촌읍 신곡로29번길 30,37.6061437389548,126.773369441673,주소
경기도 김포시 고촌읍 신곡로29번길 31,37.6053251507695,126.77334836947,주소
경기도 김포시 고촌읍 인향로24번길 74,37.6000198358788,126.767911929328,주소
경기도 김포시 고촌읍 인향로24번길 78,37.6002057091512,126.767728354675,주소
경기도 김포시 고촌읍 장곡로 42,37.6076540505063,126.751134365967,주소
경기도 김포시 고촌읍 장차로 52,37.6064162933999,126.77215570396,주소
경기도 김포시 고촌읍 태리로 236,37.5950281248876,126.755046837388,주소
경기도 김포시 고촌읍 태리로 267,37.5947248794076,126.762824416961,주소
경기도 김포시 고촌읍 태리로 285,37.5932156257793,126.763900138871,주소
경기도 김포시 고촌읍 태리로 287,37.59308778202,126.764128814617,주소
경기도 김포시 고촌읍 태리로 289,37.5929282100546,126.764351022292,주소
경기도 김포시 김포대로 707,37.6121353946842,126.732168046098,주소
경기도 김포시 김포대로926번길 21,37.6253703429987,126.714497533383,주소
경기도 김포시 김포대로926번길 54,37.6247061024844,126.716500901801,주소
경기도 김포시 김포대로926번길 74,37.6242413266249,126.716780989048,주소
경기도 김포시 김포대로926번길 88-45,37.6225890931317,126.717040426387,주소
경기도 김포시 김포대로926번길 88-9,37.6240707841116,126.71897241252,주소
경기도 김포시 김포한강10로133번길 82,37.6420162389599,126.620302862818,주소
경기도 김포시 김포한강10로134번길 70,37.6402674208471,126.625995295257,주소
경기도 김포시 김포한강11로 107,37.6441699903423,126.686704592292,주소
경기도 김포시 김포한강11로 139-44,37.6458679370058,126.680142025959,주소
경기도 김포시 김포한강11로 256,37.6538961531929,126.678697071589,주소
경기도 김포시 김포한강11로 288-19,37.6546871453018,126.682431974182,주소
경기도 김포시 김포한강11로 288-27,37.6548893811336,126.68342496148,주소
경기도 김포시 김포한강11로 288-31,37.6548770735038,126.684076851397,주소
경기도 김포시 김포한강11로 288-37,37.6548248554116,126.684731176326,주소
경기도 김포시 김포한강11로 288-48,37.6546112498064,126.686597040288,주소
경기도 김포시 김포한강11로 288-5,37.6552026523188,126.681851258915,주소
경기도 김포시 김포한강11로 328,37.6554979178821,126.685519222934,주소
경기도 김포시 김포한강11로 354,37.6549302081672,126.687995021307,주소
경기도 김포시 김포한강11로 37,37.6440258826376,126.692891203267,주소
경기도 김포시 김포한강11로 374,37.6540277412503,126.689822381131,주소
경기도 김포시 김포한강11로255번길 149,37.6592617886681,126.682102984069,주소
경기도 김포시 김포한강11로255번길 91,37.6575489102717,126.67883285017,주소
경기도 김포시 김포한강11로438번길 123,37.6514410095482,126.694510472967,주소
경기도 김포시 김포한강11로438번길 96,37.6509853719276,126.697793908866,주소
경기도 김포시 김포한강1로 12,37.6398821349213,126.665918183378,주소
경기도 김포시 김포한강1로 227,37.6541524367087,126.682574204756,주소
경기도 김포시 김포한강1로 230,37.6531675389813,126.682794727137,주소
경기도 김포시 김포한강1로 238,37.6527693939484,126.683431128579,주소
경기도 김포시 김포한강1로 247,37.6542678348328,126.68481909007,주소
경기도 김포시 김포한강1로 250,37.6533267564685,126.684749522195,주소
경기도 김포시 김포한강1로 309,37.6520300625027,126.692323489408,주소
경기도 김포시 김포한강1로 57,37.6436231351062,126.668230785042,주소
경기도 김포시 김포한강1로51번길 12,37.6436420641806,126.667753567017,주소
경기도 김포시 김포한강1로51번길 16,37.6437677310871,126.667522654722,주소
경기도 김포시 김포한강1로51번길 34,37.6441263160346,126.666754419468,주소
경기도 김포시 김포한강1로51번길 40,37.6443216672575,126.666505969713,주소
경기도 김포시 김포한강1로51번길 46,37.6445361435297,126.666138913032,주소
경기도 김포시 김포한강1로84번길 22,37.6450941892484,126.671555859425,주소
경기도 김포시 김포한강1로98번길 17-72,37.6475460406804,126.672955689865,주소
경기도 김포시 김포한강1로98번길 35,37.6459468501832,126.672551046329,주소
경기도 김포시 김포한강2로 100,37.6390224208604,126.672571468962,주소
경기도 김포시 김포한강2로 103,37.6364361742475,126.673586730695,주소
경기도 김포시 김포한강2로 106,37.6393269588457,126.67198992316,주소
경기도 김포시 김포한강2로 110,37.6394734833251,126.67167498416,주소
경기도 김포시 김포한강2로 113,37.6376601449879,126.668476758945,주소
경기도 김포시 김포한강2로 173,37.6424535824078,126.664411612003,주소
경기도 김포시 김포한강2로 220,37.6452219573571,126.661298572074,주소
경기도 김포시 김포한강2로 222,37.6453860134326,126.661011948104,주소
경기도 김포시 김포한강2로 232,37.6455905745618,126.660711994736,주소
경기도 김포시 김포한강2로 239,37.6467759560126,126.66038581845,주소
경기도 김포시 김포한강2로 262,37.6481829943546,126.66292295797,주소
경기도 김포시 김포한강2로 273,37.6484797674879,126.66203788182,주소
경기도 김포시 김포한강2로 292,37.6486625426834,126.663507531332,주소
경기도 김포시 김포한강2로 306,37.6515934810496,126.665712858642,주소
경기도 김포시 김포한강2로 328,37.6524369352676,126.6671636519,주소
경기도 김포시 김포한강2로 69,37.6390576213563,126.675136190678,주소
경기도 김포시 김포한강2로 76,37.6392732269675,126.674711396856,주소
경기도 김포시 김포한강2로 80,37.6389698502665,126.674313565557,주소
경기도 김포시 김포한강2로 81,37.6385355196216,126.67439057861,주소
경기도 김포시 김포한강2로 83,37.6380782836358,126.67400339504,주소
경기도 김포시 김포한강2로 88,37.6388094251484,126.673480383617,주소
경기도 김포시 김포한강2로 92,37.6388133228651,126.673098434885,주소
경기도 김포시 김포한강2로 96,37.6388897687662,126.672821309657,주소
경기도 김포시 김포한강2로104번길 4,37.6391508592565,126.672329350266,주소
경기도 김포시 김포한강2로23번길 14,37.6423126492788,126.678841691272,주소
경기도 김포시 김포한강2로23번길 42,37.641388666388,126.679527527362,주소
경기도 김포시 김포한강2로23번길 50,37.6410244664657,126.67971796729,주소
경기도 김포시 김포한강2로24번길 34,37.6440376118981,126.676743294345,주소
경기도 김포시 김포한강2로24번길 50,37.6449827363675,126.676446069211,주소
경기도 김포시 김포한강3로237번길 17,37.6382220942916,126.664146946638,주소
경기도 김포시 김포한강4로 117,37.6441743530741,126.667973958447,주소
경기도 김포시 김포한강4로 129,37.6448439596987,126.666822824283,주소
경기도 김포시 김포한강4로 131,37.6449382934344,126.666504345957,주소
경기도 김포시 김포한강4로 162,37.6469799341842,126.664224566328,주소
경기도 김포시 김포한강4로 176,37.6477504390413,126.662924686233,주소
경기도 김포시 김포한강4로 420번길 88,37.6506451500818,126.63322138496,주소
경기도 김포시 김포한강4로 487,37.646397891817,126.629516278447,주소
경기도 김포시 김포한강4로 507,37.6461192027491,126.627536774143,주소
경기도 김포시 김포한강4로 515,37.6459194058298,126.626523535176,주소
경기도 김포시 김포한강4로 530,37.646274314952,126.624994107209,주소
경기도 김포시 김포한강4로135번길 11,37.6447184209071,126.66633321387,주소
경기도 김포시 김포한강4로420번길 80,37.650728449809,126.633556167553,주소
경기도 김포시 김포한강4로420번길 87,37.6499616735568,126.633455117821,주소
경기도 김포시 김포한강4로420번길 88,37.6506451500818,126.63322138496,주소
경기도 김포시 김포한강4로420번길 98,37.6505700459336,126.632712167978,주소
경기도 김포시 김포한강5로 417,37.6481926075717,126.625425477678,주소
경기도 김포시 김포한강7로22번길 61,37.6412085637543,126.63435277142,주소
경기도 김포시 김포한강8로 153,37.6362263487286,126.642772474252,주소
경기도 김포시 김포한강8로 157,37.63656465602,126.643036759616,주소
경기도 김포시 김포한강8로 163,37.6370238725006,126.643389860218,주소
경기도 김포시 김포한강8로 165,37.637215785796,126.643570217708,주소
경기도 김포시 김포한강8로 166,37.6369559801361,126.64408990272,주소
경기도 김포시 김포한강8로 167,37.6374223005427,126.643692838223,주소
경기도 김포시 김포한강8로 173-27,37.636918229723,126.642064912293,주소
경기도 김포시 김포한강8로 173-38,37.6383491115709,126.6406240298,주소
경기도 김포시 김포한강8로 173-48,37.6379471865859,126.639060529984,주소
경기도 김포시 김포한강8로 173-88,37.6372161516976,126.635637748006,주소
경기도 김포시 김포한강8로 365,37.6433753915313,126.628603880497,주소
경기도 김포시 김포한강8로 386,37.643487398868,126.626184009334,주소
경기도 김포시 김포한강8로 398,37.6431986018021,126.624697865578,주소
경기도 김포시 김포한강8로 410,37.6429991455763,126.623629605751,주소
경기도 김포시 김포한강8로194번길 42,37.6392517082384,126.645746271296,주소
경기도 김포시 김포한강9로 109,37.6465636761058,126.625182108121,주소
경기도 김포시 김포한강9로 11,37.6381136990179,126.626131285888,주소
경기도 김포시 김포한강9로 113,37.646826775596,126.625101354808,주소
경기도 김포시 김포한강9로 115번길 57,37.6477391974818,126.621883335884,주소
경기도 김포시 김포한강9로 116,37.6474613481711,126.62584341959,주소
경기도 김포시 김포한강9로 12번길 77,37.6401011190334,126.628081887669,주소
경기도 김포시 김포한강9로 140,37.6493725004792,126.623463733051,주소
경기도 김포시 김포한강9로 19,37.6390744936171,126.625730149756,주소
경기도 김포시 김포한강9로 30,37.6395216920436,126.627166251793,주소
경기도 김포시 김포한강9로 32,37.6397500930445,126.627195588231,주소
경기도 김포시 김포한강9로 36,37.6402078861889,126.627197266175,주소
경기도 김포시 김포한강9로 73,37.6433496634411,126.625509849233,주소
경기도 김포시 김포한강9로12번길 123,37.6407740027768,126.627036040968,주소
경기도 김포시 김포한강9로75번길 10,37.6437250386719,126.625092922928,주소
경기도 김포시 김포한강9로76번길 37,37.64419791721,126.627325078616,주소
경기도 김포시 김포한강9로76번길 47,37.6448339332359,126.627130183502,주소
경기도 김포시 대곶면 대곶로20번길 17,37.6484266863992,126.55357501406,주소
경기도 김포시 대곶면 대곶로331번길 10,37.6736535944309,126.554118312771,주소
경기도 김포시 대곶면 수남로21번길 24,37.6288983491302,126.588389436717,주소
경기도 김포시 대곶면 율생로 68-1,37.6509070238061,126.584410899163,주소
경기도 김포시 대곶면 율생중앙로 45-8,37.6523095278907,126.58258589281,주소
경기도 김포시 대곶면 율생중앙로 8,37.6493356269385,126.583720162794,주소
경기도 김포시 대곶면 율생중앙로36번길 19,37.6520049204209,126.584810689298,주소
경기도 김포시 돌문로 50-20,37.6201172819109,126.718224527924,주소
경기도 김포시 모담공원로 115,37.6503472230748,126.691913199768,주소
경기도 김포시 모담공원로 53,37.6519925462527,126.684599688445,주소
경기도 김포시 봉화로 180,37.6280662503215,126.701956875508,주소
경기도 김포시 봉화로 188,37.6290235970441,126.701727843111,주소
경기도 김포시 봉화로 37-15,37.6183997786843,126.713008998928,주소
경기도 김포시 봉화로 83,37.6221981981299,126.707997197158,주소
경기도 김포시 봉화로167번길 35-22,37.6252171077263,126.701971876727,주소
경기도 김포시 봉화로181번길 35,37.6268500307194,126.700327651545,주소
경기도 김포시 봉화로182번길 26,37.6285638088201,126.703007181315,주소
경기도 김포시 북변중로65번길 4-24,37.6258354768706,126.708400291095,주소
경기도 김포시 사우로 20,37.6205267659009,126.723974913895,주소
경기도 김포시 사우로 23,37.6210678303508,126.724138857563,주소
경기도 김포시 사우로 25,37.6211264632432,126.724361108121,주소
경기도 김포시 사우로 51,37.6206315961493,126.727249326229,주소
경기도 김포시 사우중로 48,37.6190937959349,126.719145419748,주소
경기도 김포시 사우중로 77,37.6216107850652,126.720358395855,주소
경기도 김포시 사우중로 79,37.6218612950267,126.720563842029,주소
경기도 김포시 사우중로 83,37.6221045528507,126.72075073977,주소
경기도 김포시 사우중로 88,37.6221797319277,126.7214907048,주소
경기도 김포시 사우중로 89,37.6226914660495,126.721212971347,주소
경기도 김포시 사우중로 92,37.6224557099709,126.721722567627,주소
경기도 김포시 사우중로 93,37.6229354401324,126.721398398015,주소
경기도 김포시 사우중로73번길 24,37.6220097350623,126.720241815254,주소
경기도 김포시 사우중로73번길 38,37.6225391210154,126.720646374123,주소
경기도 김포시 사우중로73번길 52,37.6230817675779,126.72113459973,주소
경기도 김포시 사우중로74번길 29,37.6217304519482,126.721546299037,주소
경기도 김포시 솔터로 22,37.6454292192718,126.630857571038,주소
경기도 김포시 양도로19번길 30,37.6090132777041,126.725533035783,주소
경기도 김포시 양도로19번길 33,37.6092673302206,126.725173538374,주소
경기도 김포시 양도로19번길 34,37.6092924384188,126.725548092077,주소
경기도 김포시 양도로30번길 11,37.6060069879224,126.726129242924,주소
경기도 김포시 양도로56번길 59-25,37.6047204476232,126.730701236925,주소
경기도 김포시 양촌읍 양곡2로 5-14,37.6518424428713,126.626496593339,주소
경기도 김포시 양촌읍 양곡2로 50,37.6556786891346,126.62751395864,주소
경기도 김포시 양촌읍 양곡3로 47,37.6556614026471,126.634430024005,주소
경기도 김포시 양촌읍 양곡4로 138,37.6596394442291,126.625143691369,주소
경기도 김포시 양촌읍 양곡4로 243,37.6590771791478,126.635737762144,주소
경기도 김포시 양촌읍 양곡로 548,37.6558433594716,126.621729144259,주소
경기도 김포시 양촌읍 양곡로449번길 15,37.658615849082,126.633198609047,주소
경기도 김포시 양촌읍 황금로109번길 1,37.6185712906808,126.62171224901,주소
경기도 김포시 양촌읍 황금로70번길 13,37.6203000567474,126.624860691276,주소
경기도 김포시 운곡로 17-27,37.6507289611581,126.660058574875,주소
경기도 김포시 운양로 158,37.656730157341,126.674743025505,주소
경기도 김포시 운양로97번길 83-1,37.6618419305665,126.67987505071,주소
경기도 김포시 운양로97번길 83-13,37.6618477051848,126.679314248096,주소
경기도 김포시 월곶면 군하로276번길 28,37.7177087719987,126.552178301556,주소
경기도 김포시 월곶면 애기봉로 445,37.7320307192317,126.593641447035,주소
경기도 김포시 월곶면 애기봉로11번길 86,37.719268701448,126.552961045168,주소
경기도 김포시 유현로 200,37.6096442580158,126.732605650171,주소
경기도 김포시 유현로 215,37.6117467554368,126.72649225465,주소
경기도 김포시 유현로 232,37.6112042315003,126.731101102323,주소
경기도 김포시 유현로 242,37.6118701210855,126.731523424075,주소
경기도 김포시 유현로33번길 16,37.597612165611,126.725875790554,주소
경기도 김포시 유현로33번길 36-14,37.5981975245596,126.726374833302,주소
경기도 김포시 유현로33번길 50,37.5989399065286,126.725972494642,주소
경기도 김포시 유현로33번길 60,37.6000763287214,126.726752178041,주소
경기도 김포시 유현로33번길 76,37.6002281548111,126.72617318865,주소
경기도 김포시 전원로 1,37.6450153267708,126.680469858134,주소
경기도 김포시 전원로 11,37.6454716784476,126.681171101106,주소
경기도 김포시 전원로 32,37.6464957135398,126.683371980942,주소
경기도 김포시 전원로 38번길 99,37.6461707053823,126.690629987457,주소
경기도 김포시 전원로 40,37.6469850854066,126.684129884855,주소
경기도 김포시 전원로 5,37.6452040670338,126.680863704695,주소
경기도 김포시 전원로38번길 78,37.6456793678397,126.687915085468,주소
경기도 김포시 중봉1로 10,37.6225418070003,126.699022125729,주소
경기도 김포시 중봉1로 12,37.6223050575793,126.699670102646,주소
경기도 김포시 중봉1로 51,37.625022575154,126.70261063716,주소
경기도 김포시 중봉로 1-1,37.6224272804558,126.696870600113,주소
경기도 김포시 중봉로 11,37.623439561699,126.695515787263,주소
경기도 김포시 중봉로 8,37.6233880129277,126.697788991128,주소
경기도 김포시 청송로 35,37.6487073429293,126.667391174333,주소
경기도 김포시 청송로 5,37.6478799480208,126.66483546403,주소
경기도 김포시 청송로 8,37.646952857565,126.665317691522,주소
경기도 김포시 초당로 15,37.6418372470814,126.670397051625,주소
경기도 김포시 태장로 784,37.63908669971,126.67960856766,주소
경기도 김포시 태장로 808,37.63756286232,126.677819121846,주소
경기도 김포시 태장로 821,37.6354070527656,126.679395400451,주소
경기도 김포시 태장로 823,37.6354266508387,126.680575274271,주소
경기도 김포시 태장로 829,37.6353050078284,126.681304388167,주소
경기도 김포시 태장로 845,37.6357929351109,126.67714563674,주소
경기도 김포시 통진읍 김포대로 1991,37.6806544941298,126.6212753505,주소
경기도 김포시 통진읍 김포대로 2165,37.6858519473546,126.602150635672,주소
경기도 김포시 통진읍 김포대로 2231,37.68944490737,126.597919297773,주소
경기도 김포시 통진읍 마송1로 140,37.6893834758021,126.594057707349,주소
경기도 김포시 통진읍 마송1로84번길 53,37.6886210955445,126.598829496092,주소
경기도 김포시 통진읍 마송공원길 35,37.6852429003517,126.597454266504,주소
경기도 김포시 통진읍 서암로 7,37.6867355079244,126.594787629882,주소
경기도 김포시 통진읍 서암로184번길 9,37.6999962846838,126.605204336742,주소
경기도 김포시 통진읍 옹정로185번길 26,37.6941262677765,126.563899405844,주소
경기도 김포시 통진읍 조강로 104,37.6930374171319,126.595488957038,주소
경기도 김포시 통진읍 조강로 116,37.6938857842277,126.594417303504,주소
경기도 김포시 통진읍 조강로 89,37.6924560850346,126.596823202622,주소
경기도 김포시 통진읍 흥신로 315,37.6843005224905,126.606056973077,주소
경기도 김포시 풍무1로 67,37.6107516588536,126.732207438518,주소
경기도 김포시 풍무1로 71,37.6106024471019,126.732561334017,주소
경기도 김포시 풍무1로 73,37.610548638408,126.732751457822,주소
경기도 김포시 풍무1로 77,37.6104088466792,126.733128082122,주소
경기도 김포시 풍무2로 11,37.6075117415117,126.725631419882,주소
경기도 김포시 풍무2로 23,37.6087322189062,126.725709158838,주소
경기도 김포시 풍무2로 31,37.6092858997793,126.725719696751,주소
경기도 김포시 풍무로 166,37.6096967232742,126.725243535632,주소
경기도 김포시 풍무로 59,37.6010479681571,126.720943609995,주소
경기도 김포시 풍무로 62,37.6009365924857,126.721624609718,주소
경기도 김포시 풍무로 84,37.6030252711854,126.722048856782,주소
경기도 김포시 풍무로 96,37.6040701443709,126.72243080042,주소
경기도 김포시 풍무로 97,37.6042190662397,126.721890172795,주소
경기도 김포시 풍무로208번길 14,37.6130170343721,126.726794084531,주소
경기도 김포시 풍무로57번길 33,37.6005539562494,126.719271861979,주소
경기도 김포시 풍무로68번길 44,37.6005036604275,126.726321430864,주소
경기도 김포시 풍무로69번길 16,37.6022481854254,126.720719886767,주소
경기도 김포시 풍무로93번길 26,37.6038974112106,126.72070636023,주소
경기도 김포시 풍무로93번길 31,37.6028656155033,126.720332319773,주소
경기도 김포시 풍무로96번길 19,37.6044979344242,126.72300654556,주소
경기도 김포시 풍무로96번길 63,37.6045465883334,126.725629627087,주소
경기도 김포시 풍무로96번길 71,37.6050970948989,126.726523851399,주소
경기도 김포시 하성면 애기봉로 857,37.7206744918533,126.632570015583,주소
경기도 김포시 하성면 애기봉로806번길 30,37.7180063747834,126.628433284102,주소
경기도 김포시 하성면 하성로 795번길 26,37.7448600210037,126.632455475067,주소
경기도 김포시 해평로 125-36,37.652137711416,126.660708725929,주소
경기도 남양주시 가운로2길 54,37.6005700005003,127.155810075774,주소
경기도 남양주시 가운로2길 63,37.6000496169967,127.157350763725,주소
경기도 남양주시 가운로2길 71,37.5994860050499,127.157652833268,주소
경기도 남양주시 가운로2길 73,37.5993247020351,127.157739574226,주소
경기도 남양주시 가운로2길 74,37.5994425210713,127.156612293725,주소
경기도 남양주시 가운로2길 9,37.6017327575138,127.15836013583,주소
경기도 남양주시 경춘로 1008,37.6339473951619,127.214511714393,주소
경기도 남양주시 경춘로 1292-11,37.6490852282372,127.237792200999,주소
경기도 남양주시 경춘로 1292-31,37.6486664304277,127.238026333085,주소
경기도 남양주시 경춘로 434,37.6079309897008,127.16190370304,주소
경기도 남양주시 경춘로 460,37.6092567997907,127.164247099088,주소
경기도 남양주시 경춘로 468-33,37.6086575262173,127.165747979851,주소
경기도 남양주시 경춘로 468-40,37.6082200705019,127.163635857116,주소
경기도 남양주시 경춘로 470,37.6097044324279,127.165199881866,주소
경기도 남양주시 경춘로 490,37.6100406969272,127.167362907457,주소
경기도 남양주시 경춘로 508-4,37.6109338548668,127.16881199695,주소
경기도 남양주시 경춘로 520,37.6108432181515,127.169814910409,주소
경기도 남양주시 경춘로 997,37.6352207815086,127.212405840041,주소
경기도 남양주시 경춘로1256번길 10,37.6456701737497,127.234719794418,주소
경기도 남양주시 경춘로1256번길 6,37.6459517852693,127.234420408313,주소
경기도 남양주시 경춘로1256번길 9,37.6461151478452,127.235408536392,주소
경기도 남양주시 경춘로1286번길 23,37.6480410144519,127.23822705492,주소
경기도 남양주시 경춘로1286번길 39,37.6462718120178,127.23895713107,주소
경기도 남양주시 경춘로476번길 35,37.6082029195221,127.167702286188,주소
경기도 남양주시 금곡로 65-6,37.63587469071,127.211918606788,주소
경기도 남양주시 늘을1로 115,37.6627972885287,127.241936653533,주소
경기도 남양주시 늘을1로 278,37.6563570613062,127.255203237069,주소
경기도 남양주시 늘을1로 284,37.6559048069196,127.255227527342,주소
경기도 남양주시 늘을1로16번길 29 (),37.654082753503,127.2433325019,주소
경기도 남양주시 늘을2로 26,37.65508880945,127.244107182497,주소
경기도 남양주시 늘을2로 90-46,37.6607461965675,127.246123648944,주소
경기도 남양주시 늘을3로 10,37.6591051650389,127.240703424803,주소
경기도 남양주시 늘을3로 120,37.6579204294797,127.252487345758,주소
경기도 남양주시 늘을3로 15,37.6601541818276,127.241845683566,주소
경기도 남양주시 늘을3로 65-12,37.6602475900972,127.247889868565,주소
경기도 남양주시 늘을3로 65-4,37.6594357525246,127.247444045942,주소
경기도 남양주시 늘을3로 65-6,37.6597238030585,127.247612278831,주소
경기도 남양주시 늘을3로25번길 18-11,37.659951724148,127.243295217319,주소
경기도 남양주시 늘을3로25번길 18-7,37.6600781325995,127.24329472319,주소
경기도 남양주시 다산순환로 118-77,37.6201010924996,127.148324182584,주소
경기도 남양주시 다산순환로 118-83,37.620536057757,127.147918400763,주소
경기도 남양주시 다산순환로 166,37.6249020825102,127.147250892643,주소
경기도 남양주시 다산순환로 199,37.6280068659996,127.146683691441,주소
경기도 남양주시 다산순환로 325,37.6278736489911,127.156879691139,주소
경기도 남양주시 다산순환로 350,37.6256261548853,127.155370161769,주소
경기도 남양주시 다산순환로 355,37.6251992792744,127.156112269693,주소
경기도 남양주시 다산순환로 356,37.6252012183439,127.15539408538,주소
경기도 남양주시 다산순환로 417,37.619937876379,127.159215765256,주소
경기도 남양주시 다산순환로 418,37.6202807165014,127.157728902393,주소
경기도 남양주시 다산순환로 420,37.6200071027027,127.157716997247,주소
경기도 남양주시 다산순환로 424,37.6197098443421,127.157734039518,주소
경기도 남양주시 다산순환로 430,37.6191631563607,127.157710910235,주소
경기도 남양주시 다산순환로 432,37.6188685303434,127.15771334617,주소
경기도 남양주시 다산순환로 435,37.6188589561528,127.159207121414,주소
경기도 남양주시 다산순환로 459,37.6165615746276,127.158302439336,주소
경기도 남양주시 다산중앙로 105-18,37.6224016727003,127.151935419171,주소
경기도 남양주시 다산중앙로 105-8,37.6227130454449,127.152918261716,주소
경기도 남양주시 다산중앙로 109,37.6229363386582,127.153451340457,주소
경기도 남양주시 다산중앙로 113,37.6232306957696,127.153308991294,주소
경기도 남양주시 다산중앙로 117,37.623539489025,127.153150811934,주소
경기도 남양주시 다산중앙로 119,37.6238347461453,127.153008915395,주소
경기도 남양주시 다산중앙로123번길 21-5,37.6231736455063,127.151579265177,주소
경기도 남양주시 다산중앙로123번길 21-7,37.6228454792336,127.151740469328,주소
경기도 남양주시 다산중앙로145번길 11,37.6254967797977,127.151133470441,주소
경기도 남양주시 다산중앙로146번길 12-1,37.6258118946005,127.154028975107,주소
경기도 남양주시 다산중앙로146번길 12-14,37.6251946934473,127.154668520356,주소
경기도 남양주시 다산중앙로146번길 12-16,37.6252049735869,127.154936446325,주소
경기도 남양주시 다산중앙로146번길 12-19,37.625606410577,127.154831476468,주소
경기도 남양주시 다산중앙로146번길 12-5,37.6255992351061,127.154049493001,주소
경기도 남양주시 다산중앙로146번길 22,37.6258140183032,127.154815821356,주소
경기도 남양주시 다산중앙로146번길 55,37.6267240167416,127.158679805808,주소
경기도 남양주시 다산중앙로171번길 32,37.6287695616577,127.148833174888,주소
경기도 남양주시 다산중앙로171번길 40,37.6287737182179,127.147963952327,주소
경기도 남양주시 다산중앙로172번길 36,37.6282104673512,127.156041761418,주소
경기도 남양주시 다산중앙로172번길 38,37.6281981020764,127.156398465214,주소
경기도 남양주시 다산중앙로172번길 42,37.6282170813579,127.156761691879,주소
경기도 남양주시 다산중앙로172번길 44,37.6282137039763,127.157133254641,주소
경기도 남양주시 다산중앙로172번길 50,37.6278462428523,127.15871085216,주소
경기도 남양주시 다산중앙로19번길 9,37.6145965564982,127.154536928231,주소
경기도 남양주시 다산중앙로81번길 51,37.6196282817035,127.14908906497,주소
경기도 남양주시 다산중앙로81번길 7,37.6203554888675,127.153915206614,주소
경기도 남양주시 다산중앙로82번길 13,37.6207651025871,127.155954723981,주소
경기도 남양주시 다산중앙로82번길 78,37.6198205520648,127.163249766103,주소
경기도 남양주시 다산중앙로82번길 80,37.6197724489272,127.163568178059,주소
경기도 남양주시 다산중앙로82번안길 118,37.6120168594993,127.164654898397,주소
경기도 남양주시 다산중앙로82번안길 22-110,37.6180968894234,127.162324108061,주소
경기도 남양주시 다산중앙로82번안길 22-90,37.6175761401595,127.163223111537,주소
경기도 남양주시 다산중앙로82번안길 28,37.6176699276151,127.164524533412,주소
경기도 남양주시 다산중앙로82번안길 40,37.6172104732578,127.165584491017,주소
경기도 남양주시 다산지금로 129,37.6014178309668,127.174422738077,주소
경기도 남양주시 다산지금로 131,37.6011741395708,127.174404956296,주소
경기도 남양주시 다산지금로 132,37.6012392833329,127.173547748991,주소
경기도 남양주시 다산지금로 136,37.6008773951764,127.173520975945,주소
경기도 남양주시 다산지금로 139,37.6005611278328,127.174329352115,주소
경기도 남양주시 다산지금로 140,37.6005294777765,127.173490498638,주소
경기도 남양주시 다산지금로 141,37.6002343721108,127.174306847419,주소
경기도 남양주시 다산지금로 142,37.6002914650741,127.173470921447,주소
경기도 남양주시 다산지금로145번길 13,37.6000970760886,127.175573352175,주소
경기도 남양주시 다산지금로145번길 20,37.5992957202152,127.175583812201,주소
경기도 남양주시 다산지금로146번길 11,37.5994295558264,127.172379326829,주소
경기도 남양주시 다산지금로146번길 35,37.6000483392461,127.169967820495,주소
경기도 남양주시 덕송1로 30,37.6648179139227,127.117618989646,주소
경기도 남양주시 덕송1로55번길 20,37.6672628130311,127.117529453262,주소
경기도 남양주시 덕송2로 70-7,37.6680077855541,127.118477843807,주소
경기도 남양주시 도농로 29,37.6084261125277,127.156810748408,주소
경기도 남양주시 도농로 32,37.6094118121424,127.160019065983,주소
경기도 남양주시 도농로 70,37.6113321945436,127.157326850218,주소
경기도 남양주시 도농로 72,37.6123877449805,127.157497377453,주소
경기도 남양주시 두물로 19,37.6558175280706,127.12661733799,주소
경기도 남양주시 두물로11번길 12-20,37.6564663112073,127.126293986106,주소
경기도 남양주시 두물로11번길 40-19,37.6575725503454,127.125521148859,주소
경기도 남양주시 두물로11번길 40-20,37.6573864488721,127.125058117978,주소
경기도 남양주시 두물로11번길 42,37.6582306577176,127.125068260334,주소
경기도 남양주시 두물로27번길 30,37.6582130478097,127.126374575304,주소
경기도 남양주시 미금로 103,37.6132582523952,127.154862841619,주소
경기도 남양주시 미금로 134,37.6144635553277,127.158085624272,주소
경기도 남양주시 미금로 14,37.6062838572377,127.152876807921,주소
경기도 남양주시 미금로 140,37.6149774446693,127.159316866037,주소
경기도 남양주시 미금로 194,37.6142758787991,127.161611536705,주소
경기도 남양주시 미금로 194-1,37.6134244699534,127.161725107158,주소
경기도 남양주시 미금로 232,37.6116320291385,127.163631667049,주소
경기도 남양주시 미금로 234,37.6108982662585,127.163435256988,주소
경기도 남양주시 미금로 235,37.6114044335207,127.164413894291,주소
경기도 남양주시 미금로 239,37.6110518592988,127.164620379241,주소
경기도 남양주시 미금로56번길 32-13,37.6089331414068,127.155142445333,주소
경기도 남양주시 미금로57번길 24,37.6079770614352,127.150935722811,주소
경기도 남양주시 백봉로 32,37.6522570064497,127.253934074825,주소
경기도 남양주시 백봉로 92,37.6499571251196,127.255079237489,주소
경기도 남양주시 별내1로 6,37.6431818744518,127.124332028985,주소
경기도 남양주시 별내2로 64,37.6464371949623,127.124865371949,주소
경기도 남양주시 별내3로,37.6569054243679,127.123165088381,주소
경기도 남양주시 별내3로 173,37.6541801034531,127.12422593605,주소
경기도 남양주시 별내3로 185,37.6547610901869,127.124279599542,주소
경기도 남양주시 별내3로 324,37.6663373885545,127.117557349452,주소
경기도 남양주시 별내3로 326,37.6665238384255,127.117429680695,주소
경기도 남양주시 별내3로 328,37.6666922412984,127.117329411662,주소
경기도 남양주시 별내3로 334,37.6670042959715,127.11710253789,주소
경기도 남양주시 별내3로 340,37.6676939167694,127.11663709946,주소
경기도 남양주시 별내3로 356,37.6692739062078,127.115690640041,주소
경기도 남양주시 별내3로 64-16,37.646224477404,127.121057430242,주소
경기도 남양주시 별내3로 64-7,37.6465209750028,127.121336090783,주소
경기도 남양주시 별내4로 26,37.6458544352565,127.114755189178,주소
경기도 남양주시 별내4로 40,37.6464813564861,127.115935724129,주소
경기도 남양주시 별내4로 65,37.6489132093718,127.117745518313,주소
경기도 남양주시 별내4로 70,37.6488085659496,127.118862863807,주소
경기도 남양주시 별내5로 24,37.6504916526203,127.11563883408,주소
경기도 남양주시 별내5로23번길 4-111,37.6520465012542,127.115523279229,주소
경기도 남양주시 별내5로23번길 4-23,37.6516303642129,127.114479192275,주소
경기도 남양주시 별내5로5번길 11,37.6502715436488,127.11265802797,주소
경기도 남양주시 별내5로5번길 15-1,37.6505795296039,127.112248397143,주소
경기도 남양주시 별내5로5번길 38,37.6522602641888,127.113990049968,주소
경기도 남양주시 별내5로5번길 7,37.6501271594622,127.112895435244,주소
경기도 남양주시 별내면 청학로 78,37.7078052481516,127.118604790132,주소
경기도 남양주시 별내면 청학로132번길 30,37.7110097070209,127.112384851685,주소
경기도 남양주시 별내면 청학로68번길 23-1,37.7096356312278,127.11962054845,주소
경기도 남양주시 별내면 청학로68번길 24,37.7093254248056,127.120594668684,주소
경기도 남양주시 별내면 청학로68번길 3,37.7076795193233,127.119183519167,주소
경기도 남양주시 별내면 청학로68번길 7,37.7080624386179,127.119267258228,주소
경기도 남양주시 별내면 청학로92번길 35-6,37.7113978781775,127.11752710975,주소
경기도 남양주시 별내면 청학로92번길 38,37.7114081157092,127.118371237078,주소
경기도 남양주시 별내면 청학로중앙길 5,37.7086729909127,127.119037002055,주소
경기도 남양주시 별내중앙로 148,37.6532100888319,127.115462981619,주소
경기도 남양주시 별내중앙로 26,37.6456955959821,127.125966864176,주소
경기도 남양주시 별내중앙로 53,37.647053102593,127.123500085226,주소
경기도 남양주시 별내중앙로 59,37.6476324235836,127.123165977859,주소
경기도 남양주시 불암로 25-32,37.6437676570245,127.110711558824,주소
경기도 남양주시 불암로 41-9,37.6445099216681,127.111249741769,주소
경기도 남양주시 송산로307번길 16,37.668589024095,127.132278392851,주소
경기도 남양주시 송산로307번길 50,37.6660518010637,127.129329630542,주소
경기도 남양주시 송산로339번길 4-4,37.672143575436,127.133630736675,주소
경기도 남양주시 수동면 비룡로 790-22,37.7091257726101,127.324803699533,주소
경기도 남양주시 수동면 비룡로 832,37.7118765517016,127.323417356082,주소
경기도 남양주시 수동면 비룡로1243번길 7,37.7330044011511,127.293476085773,주소
경기도 남양주시 수동면 비룡로586번길 98,37.6951245676747,127.334224873934,주소
경기도 남양주시 순화궁로 20,37.6489409595163,127.112954036576,주소
경기도 남양주시 순화궁로 249,37.6518833009949,127.128118486856,주소
경기도 남양주시 순화궁로 339,37.6570331864929,127.12589342766,주소
경기도 남양주시 순화궁로 343,37.6573491322476,127.125666625594,주소
경기도 남양주시 순화궁로 347,37.6577476415262,127.125407775253,주소
경기도 남양주시 순화궁로 349,37.6578997767466,127.125276343287,주소
경기도 남양주시 순화궁로 357,37.658563363119,127.12475342208,주소
경기도 남양주시 오남읍 양지로 261-13,37.6977413817996,127.194086460874,주소
경기도 남양주시 오남읍 양지로 261-30,37.6980028509668,127.192764340083,주소
경기도 남양주시 오남읍 양지로 261-31,37.6976714847261,127.193142314907,주소
경기도 남양주시 오남읍 양지로 261-35,37.6975959331746,127.192346015262,주소
경기도 남양주시 오남읍 양지로281번길 14,37.6989194150196,127.190879547822,주소
경기도 남양주시 오남읍 양지로281번길 18,37.6990060052117,127.191763993444,주소
경기도 남양주시 오남읍 양지로281번길 23,37.6983213055591,127.191904987849,주소
경기도 남양주시 오남읍 진건오남로 511,37.6797734731818,127.209168450433,주소
경기도 남양주시 오남읍 진건오남로 542,37.6819834992982,127.210625389314,주소
경기도 남양주시 오남읍 진건오남로 552,37.6827569218972,127.210662266258,주소
경기도 남양주시 오남읍 진건오남로 601,37.6872039642716,127.21096258484,주소
경기도 남양주시 오남읍 진건오남로 696,37.6952746886609,127.214575683711,주소
경기도 남양주시 오남읍 진건오남로 735-10,37.693986465442,127.208146761073,주소
경기도 남양주시 오남읍 진건오남로 781-48,37.6966276066104,127.202335328493,주소
경기도 남양주시 오남읍 진건오남로 808번길,37.7004339026664,127.204765258198,주소
경기도 남양주시 오남읍 진건오남로512번길 8-1,37.678530434153,127.210109474958,주소
경기도 남양주시 오남읍 진건오남로512번길 8-19,37.6781393862372,127.2100216523,주소
경기도 남양주시 오남읍 진건오남로522번길 11,37.6799453811839,127.211189837905,주소
경기도 남양주시 오남읍 진건오남로536번길 6,37.680920695947,127.21017709251,주소
경기도 남양주시 오남읍 진건오남로550번길 25,37.6824889126451,127.213102162613,주소
경기도 남양주시 오남읍 진건오남로550번길 35,37.6820071098331,127.214868033709,주소
경기도 남양주시 오남읍 진건오남로690번길 5-1,37.6939742449818,127.214909251657,주소
경기도 남양주시 오남읍 진건오남로808번길 34,37.7013796520337,127.205853613589,주소
경기도 남양주시 와부읍 덕소로 123,37.5834480545588,127.212897984698,주소
경기도 남양주시 와부읍 덕소로 177,37.5807296520329,127.218042268658,주소
경기도 남양주시 와부읍 덕소로 179,37.579789580182,127.21890592317,주소
경기도 남양주시 와부읍 덕소로 180,37.5787696873041,127.21392561495,주소
경기도 남양주시 와부읍 덕소로 226,37.5794491681525,127.221283004499,주소
경기도 남양주시 와부읍 덕소로 228,37.5793994895605,127.221397198953,주소
경기도 남양주시 와부읍 덕소로 230-90,37.5762823767273,127.222041726727,주소
경기도 남양주시 와부읍 덕소로 244,37.5790674509537,127.223275030353,주소
경기도 남양주시 와부읍 덕소로 278,37.5770173619861,127.225817510402,주소
경기도 남양주시 와부읍 덕소로 72,37.5868509158371,127.211295300313,주소
경기도 남양주시 와부읍 덕소로 73,37.5873280380708,127.211520374513,주소
경기도 남양주시 와부읍 덕소로284번길 10-6,37.577237003884,127.225214898382,주소
경기도 남양주시 와부읍 덕소로97번길 2,37.5854743776951,127.212451786854,주소
경기도 남양주시 와부읍 덕소로97번길 29-1,37.586672848322,127.215351031553,주소
경기도 남양주시 와부읍 덕소로97번길 31,37.5866900347628,127.215610129425,주소
경기도 남양주시 와부읍 덕소로97번길 32,37.5864527170346,127.215904043551,주소
경기도 남양주시 와부읍 덕소로97번길 4,37.5855693479183,127.212698760407,주소
경기도 남양주시 와부읍 덕소로97번길 51,37.5877087128915,127.217173266627,주소
경기도 남양주시 와부읍 덕소로97번길 53-1,37.5877780536134,127.217535099418,주소
경기도 남양주시 와부읍 덕소로97번길 65-1,37.5883981075598,127.218125323999,주소
경기도 남양주시 와부읍 덕소로97번길 67,37.5883382595537,127.218964584133,주소
경기도 남양주시 와부읍 덕소로97번길 69,37.5889864397263,127.220171525018,주소
경기도 남양주시 와부읍 덕소로97번길 80,37.5884061498894,127.220295832932,주소
경기도 남양주시 와부읍 덕소로97번길 99,37.589384075889,127.222366987263,주소
경기도 남양주시 와부읍 도곡길 7,37.5806736077646,127.226324984442,주소
경기도 남양주시 와부읍 석실로 45,37.5801563256227,127.227368238492,주소
경기도 남양주시 와부읍 수레로 108,37.5920460338275,127.22098559316,주소
경기도 남양주시 와부읍 수레로 127-37,37.5953493606199,127.220441196541,주소
경기도 남양주시 와부읍 수레로 17,37.5873767678646,127.214919760936,주소
경기도 남양주시 와부읍 수레로 519,37.6094883915882,127.26160363589,주소
경기도 남양주시 와부읍 수레로 88,37.5912451289825,127.219593359579,주소
경기도 남양주시 와부읍 수레로 88-15,37.591732165985,127.220194333204,주소
경기도 남양주시 와부읍 수레로 88-17,37.5916564864597,127.220578405897,주소
경기도 남양주시 와부읍 월문천로 63,37.5870474812196,127.218926044148,주소
경기도 남양주시 와부읍 월문천로 65,37.5870342174754,127.219809015494,주소
경기도 남양주시 의안로 121-10,37.6425888105936,127.237378775778,주소
경기도 남양주시 의안로 121-20,37.6428307384431,127.237058097775,주소
경기도 남양주시 의안로 125,37.6423520241671,127.237606671438,주소
경기도 남양주시 의안로 129-11,37.6427590869198,127.237651930488,주소
경기도 남양주시 의안로 129-14,37.643110563743,127.237873656933,주소
경기도 남양주시 의안로 129-24,37.6434067615853,127.237538307985,주소
경기도 남양주시 의안로 129-3,37.6425464100472,127.237897804886,주소
경기도 남양주시 의안로 155-1,37.6440357783806,127.24009947131,주소
경기도 남양주시 의안로 158,37.6434394472032,127.242420447709,주소
경기도 남양주시 의안로 182,37.6448574948241,127.242949901647,주소
경기도 남양주시 조안면 북한강로 545,37.5685277950951,127.321926077548,주소
경기도 남양주시 조안면 북한강로229번길 20,37.5464101331288,127.300589587064,주소
경기도 남양주시 조안면 북한강로499번길 30,37.5677013272782,127.318232819296,주소
경기도 남양주시 진건읍 사릉로 408-9,37.6570284578541,127.178747328834,주소
경기도 남양주시 진건읍 사릉로 416,37.6567377512248,127.178304204148,주소
경기도 남양주시 진건읍 사릉로 474,37.6610050739244,127.173342365891,주소
경기도 남양주시 진건읍 사릉로372번길 2,37.6554207607438,127.184012283692,주소
경기도 남양주시 진건읍 진건오남로 39,37.6542889729627,127.178305147932,주소
경기도 남양주시 진건읍 진건오남로 50,37.655399784051,127.179262111877,주소
경기도 남양주시 진건읍 진건오남로 75,37.6574987566379,127.178041176635,주소
경기도 남양주시 진접읍 광릉내로82번길 29,37.7459204889412,127.206772746636,주소
경기도 남양주시 진접읍 금강로 1530-12,37.7255878083126,127.192999833488,주소
경기도 남양주시 진접읍 금강로 1530-2,37.7267820151056,127.193017678808,주소
경기도 남양주시 진접읍 금강로 1530-8,37.7263862551727,127.193270514325,주소
경기도 남양주시 진접읍 금강로 1553-21,37.7292971542065,127.191642314187,주소
경기도 남양주시 진접읍 금강로 1641-1,37.7366181386191,127.193365406069,주소
경기도 남양주시 진접읍 금강로1521번길 80,37.7312890466227,127.186626466933,주소
경기도 남양주시 진접읍 금강로1576번길 12,37.7303559129388,127.195411326261,주소
경기도 남양주시 진접읍 내각1로 31-1,37.7021608873774,127.162079402988,주소
경기도 남양주시 진접읍 봉현로 2,37.7148097275293,127.182205938295,주소
경기도 남양주시 진접읍 봉현로 32,37.7163646189758,127.179744615833,주소
경기도 남양주시 진접읍 봉현로 35,37.7164518229914,127.179218568481,주소
경기도 남양주시 진접읍 봉현로 38,37.7169085521407,127.179260385879,주소
경기도 남양주시 진접읍 부평로 27,37.7405296165689,127.1986665253,주소
경기도 남양주시 진접읍 부평로 42,37.7401468933443,127.20020609145,주소
경기도 남양주시 진접읍 부평로48번길 110,37.7351444194101,127.19830340144,주소
경기도 남양주시 진접읍 부평로48번길 140,37.7375529855057,127.197977758202,주소
경기도 남양주시 진접읍 부평로48번길 27,37.7377502642205,127.201506696063,주소
경기도 남양주시 진접읍 장현로 77,37.7176159370173,127.180891133907,주소
경기도 남양주시 진접읍 장현로88번길 7,37.7175790855504,127.182470863039,주소
경기도 남양주시 진접읍 장현로광동1길 10,37.7167557707629,127.175168798418,주소
경기도 남양주시 진접읍 장현천로 37,37.7194628697563,127.182216540499,주소
경기도 남양주시 진접읍 진벌로 78-23,37.7428624232845,127.213545618776,주소
경기도 남양주시 진접읍 해밀예당1로 109,37.7188082830708,127.191224441499,주소
경기도 남양주시 진접읍 해밀예당1로 171,37.7198173700864,127.19713284637,주소
경기도 남양주시 진접읍 해밀예당1로 277,37.7247008445009,127.205967257056,주소
경기도 남양주시 진접읍 해밀예당1로 283,37.725367857091,127.206725463603,주소
경기도 남양주시 진접읍 해밀예당1로 298,37.7247873122305,127.208187328283,주소
경기도 남양주시 진접읍 해밀예당1로 30,37.7117815902263,127.186450965466,주소
경기도 남양주시 진접읍 해밀예당1로 30-9,37.7116338569202,127.18677596952,주소
경기도 남양주시 진접읍 해밀예당1로 40,37.7122987492447,127.186905679814,주소
경기도 남양주시 진접읍 해밀예당1로 79-4,37.7163588708161,127.187824807037,주소
경기도 남양주시 진접읍 해밀예당1로236번길 1,37.7208545162592,127.20446326188,주소
경기도 남양주시 진접읍 해밀예당2로 102,37.7171397726682,127.199756157741,주소
경기도 남양주시 진접읍 해밀예당2로 21,37.7158663717295,127.19187072773,주소
경기도 남양주시 진접읍 해밀예당3로 103,37.718791925298,127.196298524695,주소
경기도 남양주시 진접읍 해밀예당3로 116,37.720026390405,127.197028030207,주소
경기도 남양주시 진접읍 해밀예당3로 126,37.7207941252728,127.196153067176,주소
경기도 남양주시 진접읍 해밀예당3로 134,37.7212323611474,127.195445657159,주소
경기도 남양주시 진접읍 해밀예당3로 52,37.7144890551463,127.198564198269,주소
경기도 남양주시 진접읍 해밀예당3로 56,37.7148987825528,127.198477735113,주소
경기도 남양주시 진접읍 해밀예당3로 57,37.7147953203012,127.197906413982,주소
경기도 남양주시 진접읍 해밀예당3로 59,37.7149508728486,127.197879721461,주소
경기도 남양주시 진접읍 해밀예당3로 60,37.7151331857407,127.198388308384,주소
경기도 남양주시 진접읍 해밀예당3로 61,37.7151247725058,127.197818826099,주소
경기도 남양주시 진접읍 해밀예당3로 91,37.7177628247568,127.197115152886,주소
경기도 남양주시 진접읍 해밀예당3로 93,37.7179921355292,127.197053152613,주소
경기도 남양주시 진접읍 해밀예당3로 95,37.7182150066697,127.196962779824,주소
경기도 남양주시 천마산로 59,37.6670767232972,127.24755464461,주소
경기도 남양주시 천마산로 63,37.6670691208858,127.2460639406,주소
경기도 남양주시 천마산로 64,37.6671868070382,127.248333673491,주소
경기도 남양주시 천마산로16번길 12,37.6643773224648,127.248273311088,주소
경기도 남양주시 퇴계원면 퇴계원로 49-8,37.652367901072,127.141026037369,주소
경기도 남양주시 퇴계원면 퇴계원로 60,37.6519869170051,127.142640348065,주소
경기도 남양주시 퇴계원면 퇴계원로50번길 10,37.6508294353722,127.14285525119,주소
경기도 남양주시 퇴계원면 퇴계원로59번길 6,37.652380799219,127.142065548095,주소
경기도 남양주시 퇴계원읍 경춘북로558번길 10-1,37.6459768394759,127.145722683516,주소
경기도 남양주시 퇴계원읍 경춘북로558번길 12,37.6444541223199,127.147002130614,주소
경기도 남양주시 퇴계원읍 퇴계원로59번길 16,37.6537013359199,127.141417820959,주소
경기도 남양주시 평내로 121,37.6458455079987,127.238848120746,주소
경기도 남양주시 평내로 122,37.6455042837519,127.239880524996,주소
경기도 남양주시 평내로 145,37.6474581324116,127.240333146947,주소
경기도 남양주시 평내로 150,37.6469670168634,127.241607682212,주소
경기도 남양주시 평내로 163,37.6473748121197,127.242918555024,주소
경기도 남양주시 평내로 37,37.642098734049,127.233238998354,주소
경기도 남양주시 평내로 64,37.6410901364678,127.234892900092,주소
경기도 남양주시 평내로29번길 41,37.6454164634755,127.234988219379,주소
경기도 남양주시 평내로29번길 49,37.6458602111011,127.235658713791,주소
경기도 남양주시 호평로 132-11,37.6558788339832,127.254947298216,주소
경기도 남양주시 호평로 134,37.6563682228675,127.254916446974,주소
경기도 남양주시 호평로 76-7,37.6560106410395,127.248960194016,주소
경기도 남양주시 호평로46번길 8,37.6552569307877,127.244586415193,주소
경기도 남양주시 호평로67번길 11,37.6571091364601,127.246677371953,주소
경기도 남양주시 호평로67번길 5,37.6565636035273,127.247145871638,주소
경기도 남양주시 호평로68번길 16,37.6546338045303,127.247828028645,주소
경기도 남양주시 호평로68번길 23,37.6541669771007,127.249039937083,주소
경기도 남양주시 호평로68번길 24,37.6541728094849,127.248495894023,주소
경기도 남양주시 호평로69번길 3-4,37.6565485423505,127.248097196563,주소
경기도 남양주시 홍유릉로248번길 56,37.6288875967537,127.203920030521,주소
경기도 남양주시 화도읍 경춘로 1707,37.6558321680545,127.280359075334,주소
경기도 남양주시 화도읍 경춘로 2226,37.6527641277259,127.334952480318,주소
경기도 남양주시 화도읍 경춘로1876번길 56,37.6482735592796,127.296506530092,주소
경기도 남양주시 화도읍 경춘로2290번길 3,37.6558434881511,127.342360433069,주소
경기도 남양주시 화도읍 경춘로2290번길 5,37.6554607253821,127.342462934117,주소
경기도 남양주시 화도읍 경춘로2290번길 50,37.6540012574837,127.340180493768,주소
경기도 남양주시 화도읍 경춘로2347번길 44-7,37.6623909544839,127.347301306287,주소
경기도 남양주시 화도읍 경춘로창벌2길 34-24,37.6504088554622,127.304266122537,주소
경기도 남양주시 화도읍 경춘보학2길 29,37.6508055439947,127.292879670604,주소
경기도 남양주시 화도읍 경춘보학2길 9,37.6501315929221,127.295380298771,주소
경기도 남양주시 화도읍 녹촌로 12,37.6459421843496,127.301870201786,주소
경기도 남양주시 화도읍 마석로 62,37.6560344532752,127.306885363211,주소
경기도 남양주시 화도읍 마석로45번길 31,37.6546015174796,127.302953834433,주소
경기도 남양주시 화도읍 마석로45번길 33,37.654454293699,127.301865788293,주소
경기도 남양주시 화도읍 마석로45번길 35,37.6548684162716,127.302169812363,주소
경기도 남양주시 화도읍 마석로76번길 10,37.657302628149,127.306867237496,주소
경기도 남양주시 화도읍 마석중앙로37번길 45,37.6568399287048,127.303297129661,주소
경기도 남양주시 화도읍 맷돌로 110-13,37.6570638839299,127.302360486271,주소
경기도 남양주시 화도읍 맷돌로 112,37.6574967740076,127.302512854254,주소
경기도 남양주시 화도읍 맷돌로 114,37.6573973122048,127.302896631003,주소
경기도 남양주시 화도읍 맷돌로 117,37.6577529315535,127.303386293014,주소
경기도 남양주시 화도읍 먹갓로 45,37.6582189024195,127.274054273855,주소
경기도 남양주시 화도읍 먹갓로28번길 12,37.6561652931057,127.276758610116,주소
경기도 남양주시 화도읍 북한강로 1506,37.6436864684325,127.362014643763,주소
경기도 남양주시 화도읍 비룡로 107,37.6615919122574,127.302789572754,주소
경기도 남양주시 화도읍 비룡로 2,37.6525058937024,127.301666956709,주소
경기도 남양주시 화도읍 비룡로 341,37.6814526055085,127.303904954669,주소
경기도 남양주시 화도읍 비룡로 62,37.6575315902364,127.302111135394,주소
경기도 남양주시 화도읍 비룡로116번길 24-42,37.6632381861714,127.308006787098,주소
경기도 남양주시 화도읍 비룡로116번길 33,37.6649241724058,127.304786200308,주소
경기도 남양주시 화도읍 비룡로33번길 19,37.6554696001928,127.298255637153,주소
경기도 남양주시 화도읍 비룡로379번길 3,37.684371540173,127.305212779418,주소
경기도 남양주시 화도읍 수레로 1105-23,37.6363225087507,127.301724668573,주소
경기도 남양주시 화도읍 수레로 1234-38,37.6484811359093,127.304748114403,주소
경기도 남양주시 화도읍 수레로 1234-52,37.6495334174053,127.305051453939,주소
경기도 남양주시 화도읍 수레로1233번길 9,37.646997788664,127.301300210186,주소
경기도 남양주시 화도읍 수레로1260번길 17,37.6500078527413,127.303872525481,주소
경기도 남양주시 화도읍 창현로 35,37.6475875978725,127.305563147067,주소
경기도 남양주시 화도읍 창현로 43-2,37.6468846616144,127.305664173997,주소
경기도 동두천시 강변로640번길 31,37.9245709616167,127.051765449118,주소
경기도 동두천시 거북마루로 47,37.8961090182089,127.051302108456,주소
경기도 동두천시 동광로 124,37.9119789193692,127.061034366111,주소
경기도 동두천시 동광로 87,37.9091690055567,127.058112008776,주소
경기도 동두천시 동두천로 111,37.8913981773274,127.054651884252,주소
경기도 동두천시 동두천로 115,37.8917054967786,127.054637332234,주소
경기도 동두천시 동두천로 151,37.8948117698598,127.055040843276,주소
경기도 동두천시 봉동로 64,37.9484859199488,127.054016850662,주소
경기도 동두천시 생골로 19,37.9012051516556,127.059117114308,주소
경기도 동두천시 생연로 46,37.8968665137539,127.0496664628,주소
경기도 동두천시 생연로 65,37.8987715910349,127.048517129254,주소
경기도 동두천시 생연로9번길 20,37.8942593367089,127.047758015044,주소
경기도 동두천시 신천로 159,37.9311177855059,127.047815063076,주소
경기도 동두천시 이담로 21,37.8895329367937,127.050648984848,주소
경기도 동두천시 이담로 89,37.8887878774616,127.058380645352,주소
경기도 동두천시 중앙로 112,37.8914710563572,127.052490657896,주소
경기도 동두천시 중앙로 427,37.9149432431469,127.06384176557,주소
경기도 동두천시 중앙로 52,37.8861427497586,127.052533369469,주소
경기도 동두천시 중앙로 78,37.8884205746724,127.052619907573,주소
경기도 동두천시 지행로 107,37.8926153101374,127.059036688894,주소
경기도 동두천시 지행로 50,37.892067879516,127.052610680042,주소
경기도 동두천시 탑신로 61,37.8915564324468,127.103934265545,주소
경기도 동두천시 평화로 2286,37.8916772826483,127.057320303081,주소
경기도 동두천시 평화로 2297,37.8928106988911,127.056894738816,주소
경기도 동두천시 평화로2434번길 8,37.9047147113265,127.059253867698,주소
경기도 동두천시 평화로2452번길 31,37.9066706794012,127.060806542713,주소
경기도 동두천시 평화로2460번길 4,37.9084030368184,127.05988280903,주소
경기도 동두천시 행선로 40,37.8919808646729,127.061499087752,주소
경기도 동두천시 행선로20번길 66,37.8887761912732,127.063549284915,주소
경기도 부천시 경인로 486,37.4830794959517,126.809636644232,주소
경기도 부천시 경인로 70,37.4834743056202,126.762864815532,주소
경기도 부천시 경인로 74,37.483561841488,126.763473165547,주소
경기도 부천시 경인로1185번길 27,37.4856550416473,126.750583516519,주소
경기도 부천시 경인로120번길 92,37.4799559602513,126.768542685528,주소
경기도 부천시 경인로484번길 20,37.4824982116703,126.809665028,주소
경기도 부천시 경인로484번길 36,37.4807755083325,126.810295752799,주소
경기도 부천시 경인로484번길 75,37.4802073259588,126.812209140523,주소
경기도 부천시 경인로536번길 20,37.4846805518527,126.814946135957,주소
경기도 부천시 경인로53번길 7,37.4840127247755,126.76124311472,주소
경기도 부천시 경인로60번길 19,37.4829032839013,126.76243437811,주소
경기도 부천시 계남로 127,37.5085299478839,126.763025693642,주소
경기도 부천시 계남로 154,37.5075920098273,126.766193672081,주소
경기도 부천시 계남로 193,37.507614534143,126.770604874906,주소
경기도 부천시 계남로 208,37.506980295424,126.772129366725,주소
경기도 부천시 계남로 214,37.5066986910079,126.773137939174,주소
경기도 부천시 계남로 29,37.5104754132033,126.752147649119,주소
경기도 부천시 계남로 352,37.4998614560036,126.782790432448,주소
경기도 부천시 계남로 62,37.5090509796488,126.755762493697,주소
경기도 부천시 계남로 71,37.5097630002347,126.756702783171,주소
경기도 부천시 계남로301번길 48,37.5042795233198,126.783966157827,주소
경기도 부천시 고강로 99,37.5311749420703,126.814650647053,주소
경기도 부천시 고강로40번길 62,37.5276337580122,126.808506091993,주소
경기도 부천시 고리울로 92,37.526915420753,126.826238920521,주소
경기도 부천시 고리울로 93,37.527265800721,126.827085229997,주소
경기도 부천시 고리울로8번길 16,37.5272669748296,126.816749726129,주소
경기도 부천시 길주로 111,37.5063231783485,126.754885137904,주소
경기도 부천시 길주로 181,37.5053155548097,126.76263447168,주소
경기도 부천시 길주로 189,37.5051872524513,126.763578221581,주소
경기도 부천시 길주로 199,37.5049960400136,126.764696561293,주소
경기도 부천시 길주로 219,37.5047708009596,126.766792495273,주소
경기도 부천시 길주로 234,37.5034030678944,126.76820669882,주소
경기도 부천시 길주로 243,37.5044099529637,126.769549089405,주소
경기도 부천시 길주로 246,37.5033298065312,126.769629539809,주소
경기도 부천시 길주로 273,37.5039925765069,126.772835454613,주소
경기도 부천시 길주로 275,37.5039053871865,126.773318974917,주소
경기도 부천시 길주로 327,37.5031423918964,126.779252616763,주소
경기도 부천시 길주로77번길 55-10,37.5075637114844,126.752094279104,주소
경기도 부천시 길주로77번길 61,37.5074849409818,126.752384077221,주소
경기도 부천시 도약로 119,37.5119397465088,126.762868326371,주소
경기도 부천시 도약로 144,37.5104230763696,126.765434050082,주소
경기도 부천시 도약로 25,37.5127952842413,126.751876208451,주소
경기도 부천시 도약로 28,37.5122565166906,126.752406544925,주소
경기도 부천시 도약로 29,37.5126664471994,126.75265244585,주소
경기도 부천시 도약로 61,37.5126146211184,126.756153547482,주소
경기도 부천시 마니로 13,37.4771119204018,126.772902374451,주소
경기도 부천시 범박로 1,37.4703794235879,126.811492042334,주소
경기도 부천시 범안로 117,37.4712169212861,126.809587373605,주소
경기도 부천시 범안로 130-21,37.4701708443326,126.807969534139,주소
경기도 부천시 범안로 133,37.4698147479049,126.809405651267,주소
경기도 부천시 범안로 221,37.4626597788079,126.812756711092,주소
경기도 부천시 범안로 227,37.4622401194506,126.812662810216,주소
경기도 부천시 범안로 231-15,37.4624305119776,126.813066766764,주소
경기도 부천시 범안로 231-7,37.462117104695,126.813158085932,주소
경기도 부천시 범안로 31,37.4789020582738,126.80729880814,주소
경기도 부천시 범안로 98,37.4731197487858,126.808742140681,주소
경기도 부천시 범안로96번길 26,37.473577323146,126.806994810112,주소
경기도 부천시 범안로96번길 29,37.4727369566913,126.807550003608,주소
경기도 부천시 범안로96번길 44,37.4732058264512,126.805668908452,주소
경기도 부천시 부일로 571번길 84,37.4878147772258,126.791306889412,주소
경기도 부천시 부일로 753,37.4866649203259,126.813279347839,주소
경기도 부천시 부일로330번길 30,37.4868385824068,126.766716297702,주소
경기도 부천시 부천로 3-1,37.4846826855773,126.781872415514,주소
경기도 부천시 부천로185번길 43,37.5007438291277,126.784128225437,주소
경기도 부천시 부천로66번길 57,37.4883947172961,126.786395580102,주소
경기도 부천시 부흥로 133,37.4973877221786,126.757537588934,주소
경기도 부천시 부흥로 137,37.4978539600413,126.758445633174,주소
경기도 부천시 부흥로 152,37.4965308743158,126.759436327665,주소
경기도 부천시 부흥로 178,37.496214933639,126.762440051426,주소
경기도 부천시 부흥로 187,37.4964469956832,126.76349947893,주소
경기도 부천시 부흥로 19,37.4979128293233,126.744708071754,주소
경기도 부천시 부흥로 197,37.4963931139665,126.764581296651,주소
경기도 부천시 부흥로 2,37.4969736994992,126.742667148599,주소
경기도 부천시 부흥로 423,37.4896424497371,126.787305098128,주소
경기도 부천시 부흥로 459,37.4865368028073,126.790245898641,주소
경기도 부천시 부흥로 51,37.4977977688243,126.748360463087,주소
경기도 부천시 부흥로 70,37.4968791791842,126.750221073574,주소
경기도 부천시 부흥로 93,37.4981970029055,126.753142913719,주소
경기도 부천시 부흥로272번길 31,37.4940837377752,126.773188427631,주소
경기도 부천시 부흥로303번길 50,37.4967825282977,126.776122386208,주소
경기도 부천시 부흥로303번길 56,37.4970503197034,126.776034059027,주소
경기도 부천시 부흥로303번길 62,37.4973230143873,126.77596573267,주소
경기도 부천시 삼작로 244,37.5200526476359,126.788592872484,주소
경기도 부천시 삼작로 252,37.5199524617847,126.789554558007,주소
경기도 부천시 삼작로 278,37.5200384435021,126.79231805608,주소
경기도 부천시 삼작로 298,37.5200365962562,126.794870040797,주소
경기도 부천시 삼작로 378,37.5197561920645,126.803825780741,주소
경기도 부천시 삼작로 480,37.5185020891176,126.814879047768,주소
경기도 부천시 삼작로108번길 53,37.5177340525801,126.774630472325,주소
경기도 부천시 삼작로268번길 21,37.5191750624429,126.792345787516,주소
경기도 부천시 삼작로410번길 38,37.5180500100137,126.805925620846,주소
경기도 부천시 삼작로496번길 10-25,37.5174780298112,126.815352139432,주소
경기도 부천시 상동로 108,37.5068105333012,126.753846420899,주소
경기도 부천시 상동로 109,37.507113343742,126.75297523462,주소
경기도 부천시 상동로 113,37.5074497229108,126.753034974307,주소
경기도 부천시 상동로 69,37.5037589193069,126.75224868133,주소
경기도 부천시 상동로 75,37.5040631568944,126.752319717805,주소
경기도 부천시 상동로 78,37.5040743932488,126.753168123063,주소
경기도 부천시 상동로117번길 16,37.5079417734638,126.752610580523,주소
경기도 부천시 상동로117번길 43,37.5076297390812,126.751015757226,주소
경기도 부천시 상동로117번길 49,37.5077401796263,126.750663420047,주소
경기도 부천시 상동로117번길 61,37.507823194026,126.750081690965,주소
경기도 부천시 상이로 64,37.4947688427459,126.744614512876,주소
경기도 부천시 상이로51번길 8-10,37.4939165003718,126.743744436387,주소
경기도 부천시 상일로 62,37.4905609327712,126.748672744743,주소
경기도 부천시 상일로 69,37.4922257614559,126.75000871929,주소
경기도 부천시 상일로 82,37.4913103559484,126.75159664676,주소
경기도 부천시 상일로 86,37.4913087170751,126.752017408872,주소
경기도 부천시 석천로 105,37.4968730571911,126.761248090004,주소
경기도 부천시 석천로 171,37.5029801928047,126.762519384566,주소
경기도 부천시 석천로 27,37.4905085865281,126.759451006564,주소
경기도 부천시 석천로 273,37.5120693880616,126.763626189416,주소
경기도 부천시 석천로 56,37.492324785837,126.760803359378,주소
경기도 부천시 석천로 95,37.495655079898,126.7615161289,주소
경기도 부천시 석천로209번길 40,37.5070557719435,126.761883180291,주소
경기도 부천시 성곡로33번길 54,37.5184173052738,126.798000468027,주소
경기도 부천시 성곡로57번길 25,37.5172166268363,126.797209860554,주소
경기도 부천시 성곡로63번길 15,37.5187991259719,126.797355346,주소
경기도 부천시 성곡로63번길 23,37.518124336169,126.796656638559,주소
경기도 부천시 성오로 160,37.5280190233703,126.79764344255,주소
경기도 부천시 성오로 203,37.5289250416567,126.793618321809,주소
경기도 부천시 성오로128번길 44-3,37.5257572407165,126.801840729749,주소
경기도 부천시 성주로 100,37.4794798761611,126.767720410121,주소
경기도 부천시 성주로 118,37.479158986292,126.769032310475,주소
경기도 부천시 성주로 148,37.4790649991465,126.772041746877,주소
경기도 부천시 성주로 219,37.4782939883482,126.780695977298,주소
경기도 부천시 성주로 224,37.4781524651098,126.78100096501,주소
경기도 부천시 성주로 239,37.4797863760113,126.781451711137,주소
경기도 부천시 성주로 24,37.4802804053049,126.759914668574,주소
경기도 부천시 성주로 79,37.4798320967574,126.765357744006,주소
경기도 부천시 성주로 86-10,37.4790518617688,126.766012640204,주소
경기도 부천시 성주로212번길 6,37.4779738366927,126.779714567527,주소
경기도 부천시 성주로23번길 22,37.4813718304884,126.760509270681,주소
경기도 부천시 성주로270번길 16-1,37.4813867738013,126.78215017848,주소
경기도 부천시 성지로102번길 53,37.5283675397898,126.814264911591,주소
경기도 부천시 소사구 경인로 60,37.4834455436324,126.76195880825,주소
경기도 부천시 소사구 경인로 67,37.483960648602,126.762944459224,주소
경기도 부천시 소사구 경인로60번길 18,37.4829443297288,126.761787976302,주소
경기도 부천시 소사구 범안로 117,37.4712169212861,126.809587373605,주소
경기도 부천시 소사구 범안로 120,37.4711201505433,126.808971857881,주소
경기도 부천시 소사구 범안로 130-21,37.4701708443326,126.807969534139,주소
경기도 부천시 소사구 범안로 220,37.4634533522194,126.810810314504,주소
경기도 부천시 소사구 범안로 227,37.4622401194506,126.812662810216,주소
경기도 부천시 소사구 범안로 32,37.478982993642,126.806982829947,주소
경기도 부천시 소사구 범안로 77,37.4749322459792,126.80881507549,주소
경기도 부천시 소사구 범안로95번길 16,37.4734926788752,126.809860267473,주소
경기도 부천시 소사구 성주로 109,37.4797425912276,126.768491336582,주소
경기도 부천시 소사구 성주로 261,37.4817038713104,126.781875082928,주소
경기도 부천시 소사구 성주로23번길 21-1,37.4818017170251,126.761095820647,주소
경기도 부천시 소사구 소사로 167,37.4732418315373,126.795347996444,주소
경기도 부천시 소사구 소사로78번길 38,37.4663009660394,126.800920733196,주소
경기도 부천시 소사구 소사로78번길 77,37.4676506311671,126.801374403841,주소
경기도 부천시 소사구 소안로 10,37.4757110618492,126.801108879657,주소
경기도 부천시 소사구 양지남로68번길 17,37.4671930388009,126.813844832655,주소
경기도 부천시 소사구 양지로 208,37.4672804603163,126.824033265296,주소
경기도 부천시 소사구 양지로166번길 45,37.4677337280512,126.818590981378,주소
경기도 부천시 소사구 옥길로 110-11,37.4664728369712,126.823095917525,주소
경기도 부천시 소사구 옥길로 110-19,37.466613992936,126.8234960827,주소
경기도 부천시 소사구 옥길로 116,37.4670067683288,126.822670308139,주소
경기도 부천시 소사구 옥길로 118,37.4673098726091,126.822913646027,주소
경기도 부천시 소사구 옥길로 124,37.4675072056339,126.823403211191,주소
경기도 부천시 소사구 은성로 210,37.4673654245649,126.807836314228,주소
경기도 부천시 소사구 은성로 62,37.4751088744308,126.79768669796,주소
경기도 부천시 소사구 중동로 30,37.482728092774,126.763990231977,주소
경기도 부천시 소사구 중동로 57,37.485322687602,126.763883136498,주소
경기도 부천시 소사동로 78,37.4727993789054,126.80316345044,주소
경기도 부천시 소사동로72번길 17,37.47253541043,126.803396230321,주소
경기도 부천시 소사동로72번길 29,37.4724790490348,126.804126667834,주소
경기도 부천시 소사로 156,37.472180956892,126.79574904223,주소
경기도 부천시 소사로 804,37.5278538813816,126.805205936236,주소
경기도 부천시 소사로 86,37.4661748188609,126.799637854975,주소
경기도 부천시 소사로102번길 59,37.469124406555,126.800889054704,주소
경기도 부천시 소사로102번길 78,37.4691580948445,126.802547983909,주소
경기도 부천시 소사로102번길 80,37.4700360300803,126.802219767985,주소
경기도 부천시 소사로78번길 72,37.4677459362704,126.801898209016,주소
경기도 부천시 소사로794번길 27,37.5276736429402,126.806443042249,주소
경기도 부천시 소사로794번길 48,37.5270097350808,126.807735912809,주소
경기도 부천시 소사로819번길 46,37.5302770562215,126.802669932855,주소
경기도 부천시 소안로 10,37.4757110618492,126.801108879657,주소
경기도 부천시 소안로 20,37.4763059226011,126.802622336272,주소
경기도 부천시 소향로 13,37.504136281812,126.749397425716,주소
경기도 부천시 소향로 131,37.5023900745463,126.762359643797,주소
경기도 부천시 소향로 228,37.5005020364313,126.772855868452,주소
경기도 부천시 소향로 25,37.503948100333,126.750607495796,주소
경기도 부천시 소향로 29,37.5039021645423,126.751084684264,주소
경기도 부천시 소향로 31,37.5039041599137,126.751347624052,주소
경기도 부천시 소향로 35,37.5038082978596,126.75160681663,주소
경기도 부천시 소향로 42,37.5031437540464,126.752310653939,주소
경기도 부천시 소향로13번길 14-22,37.5040044995332,126.750221992229,주소
경기도 부천시 송내대로265번길 43,37.5070629977021,126.75636873995,주소
경기도 부천시 송내대로265번길 67,37.5072360568444,126.7549200417,주소
경기도 부천시 송내대로265번길 73,37.5073026292087,126.754523859679,주소
경기도 부천시 송내대로265번길 85,37.5073450508912,126.753910150941,주소
경기도 부천시 송내대로73번길 46,37.4905192388621,126.751580269994,주소
경기도 부천시 수도로 200,37.5194782149688,126.787163540199,주소
경기도 부천시 수도로66번길 14,37.5140768432496,126.773008378887,주소
경기도 부천시 신상로 16,37.4897988237992,126.748739298021,주소
경기도 부천시 신흥로 150-1,37.4978431915417,126.778849232416,주소
경기도 부천시 신흥로 170,37.4989481560914,126.777874097104,주소
경기도 부천시 신흥로 170-1,37.4987979479786,126.778588350888,주소
경기도 부천시 신흥로 190-1,37.5010334583833,126.777979427529,주소
경기도 부천시 신흥로 228,37.504085772257,126.776346336847,주소
경기도 부천시 신흥로321번길 28-20,37.5130883125959,126.773691271771,주소
경기도 부천시 심곡로 63-1,37.4781600146946,126.77509125471,주소
경기도 부천시 심중로124번길 38,37.4937479943411,126.772423778521,주소
경기도 부천시 심중로75번길 37,37.4900415309855,126.769266566887,주소
경기도 부천시 심중로75번길 64,37.4904284483103,126.768864752202,주소
경기도 부천시 안곡로 130,37.4805799236544,126.815488536445,주소
경기도 부천시 안곡로 248,37.4906213877617,126.816826849473,주소
경기도 부천시 안곡로 77,37.4785467334124,126.811000645369,주소
경기도 부천시 안곡로 89,37.4787518473124,126.812101873467,주소
경기도 부천시 양지남로 69-16,37.4691585784787,126.814524094849,주소
경기도 부천시 양지남로 69-2,37.4679438810657,126.814036045139,주소
경기도 부천시 양지로 234-25,37.4641895470973,126.825371163663,주소
경기도 부천시 양지로 234-38,37.4633707424348,126.824481679586,주소
경기도 부천시 양지로 234-41,37.4639067499832,126.826676811612,주소
경기도 부천시 양지로 234-9,37.4656434982732,126.826957318277,주소
경기도 부천시 여월로 60-1,37.510655265275,126.806287704523,주소
경기도 부천시 여월로 72,37.5117316870396,126.806283678453,주소
경기도 부천시 여월로 75,37.5129586922407,126.805527879896,주소
경기도 부천시 역곡로 49,37.4894077261139,126.809641618011,주소
경기도 부천시 역곡로 524,37.5311869451728,126.817148672154,주소
경기도 부천시 역곡로14번길 42,37.4870733985783,126.813826042139,주소
경기도 부천시 역곡로20번길 21,37.4874689848654,126.812203063091,주소
경기도 부천시 역곡로324번길 14,37.5137588603364,126.814195814862,주소
경기도 부천시 역곡로482번길 21,37.5273437183525,126.817200816908,주소
경기도 부천시 역곡로482번길 45,37.5268993747661,126.818446897577,주소
경기도 부천시 역곡로482번길 57,37.5272686577142,126.820189345573,주소
경기도 부천시 역곡로490번길 145,37.5274918347229,126.824319560965,주소
경기도 부천시 역곡로58번길 27,37.4914393658659,126.810907555737,주소
경기도 부천시 역곡로65번길 12,37.4910612125319,126.807614266518,주소
경기도 부천시 오정구 성곡로 39,37.5177174345751,126.799656565487,주소
경기도 부천시 오정구 성오로160번길 31,37.5273146211065,126.799015244523,주소
경기도 부천시 오정구 소사로 647,37.515335136443,126.801067226776,주소
경기도 부천시 오정구 소사로794번길 51,37.5279202911642,126.807351869805,주소
경기도 부천시 오정구 오정로 249,37.5298037392343,126.785948103397,주소
경기도 부천시 오정로 249,37.5298037392343,126.785948103397,주소
경기도 부천시 오정로 252,37.5297582374174,126.786794138806,주소
경기도 부천시 오정로251번길 50,37.5314511569587,126.784923013891,주소
경기도 부천시 오정로252번길 44-6,37.5290915654243,126.78863648929,주소
경기도 부천시 오정로252번길 91,37.5298980688289,126.790517790608,주소
경기도 부천시 옥길로 110-11,37.4664728369712,126.823095917525,주소
경기도 부천시 옥길로 110-19,37.466613992936,126.8234960827,주소
경기도 부천시 옥길로 116,37.4670067683288,126.822670308139,주소
경기도 부천시 옥길로 117,37.4675629343779,126.822172407099,주소
경기도 부천시 옥길로 118,37.4673098726091,126.822913646027,주소
경기도 부천시 옥길로 121,37.4677678808155,126.822329952828,주소
경기도 부천시 옥길로 129,37.4684481527695,126.822816344878,주소
경기도 부천시 옥길로 131,37.4686670918705,126.822992513192,주소
경기도 부천시 옥길로 14,37.4607961613545,126.814663885768,주소
경기도 부천시 옥길로 31,37.4625192789933,126.816701573786,주소
경기도 부천시 옥길로56번길 24-13,37.4617344130808,126.818925356109,주소
경기도 부천시 옥산로 30,37.4965335173762,126.782209885238,주소
경기도 부천시 옥산로 39,37.497109996007,126.781486502306,주소
경기도 부천시 옥산로 66,37.4997737162709,126.78167608076,주소
경기도 부천시 옥산로 69 (중동),37.499570176646,126.780847393506,주소
경기도 부천시 옥산로 7,37.4953837794935,126.779315486429,주소
경기도 부천시 원미구 계남로 268,37.5052266919957,126.778150793366,주소
경기도 부천시 원미구 길주로 115,37.506256773881,126.755362971204,주소
경기도 부천시 원미구 길주로 234,37.5034030678944,126.76820669882,주소
경기도 부천시 원미구 길주로 243,37.5044099529637,126.769549089405,주소
경기도 부천시 원미구 길주로391번길 71,37.5064094224086,126.784715522164,주소
경기도 부천시 원미구 도약로 54,37.5119148717418,126.755223706519,주소
경기도 부천시 원미구 도약로 80,37.5114958269245,126.758159854466,주소
경기도 부천시 원미구 도약로207번길 12,37.5109710671521,126.772763183091,주소
경기도 부천시 원미구 부일로 341,37.4884041364575,126.768209631927,주소
경기도 부천시 원미구 부일로191번길 35,37.4902194392277,126.751049925326,주소
경기도 부천시 원미구 부흥로 284,37.4946349165178,126.774524060259,주소
경기도 부천시 원미구 부흥로 339,37.4941951246651,126.780159173203,주소
경기도 부천시 원미구 부흥로 428,37.4881678811232,126.787215090354,주소
경기도 부천시 원미구 부흥로303번길 43,37.496188054738,126.775699870996,주소
경기도 부천시 원미구 부흥로303번길 50,37.4967825282977,126.776122386208,주소
경기도 부천시 원미구 삼작로256번길 11-22,37.5196221081051,126.791050806272,주소
경기도 부천시 원미구 상동로 112,37.5069954495643,126.753904286375,주소
경기도 부천시 원미구 상동로 113,37.5074497229108,126.753034974307,주소
경기도 부천시 원미구 상동로 75,37.5040631568944,126.752319717805,주소
경기도 부천시 원미구 상동로117번길 16,37.5079417734638,126.752610580523,주소
경기도 부천시 원미구 상동로117번길 31,37.507606305231,126.751696928176,주소
경기도 부천시 원미구 상동로117번길 49,37.5077401796263,126.750663420047,주소
경기도 부천시 원미구 상동로117번길 58,37.508237485177,126.750299500998,주소
경기도 부천시 원미구 상이로51번길 8-6,37.4936288340167,126.743755709489,주소
경기도 부천시 원미구 상일로 82,37.4913103559484,126.75159664676,주소
경기도 부천시 원미구 상일로 96,37.4913074676482,126.752883124683,주소
경기도 부천시 원미구 석천로 176,37.5030651275591,126.763132763543,주소
경기도 부천시 원미구 석천로 218,37.5067587474533,126.763876146333,주소
경기도 부천시 원미구 소향로 131,37.5023900745463,126.762359643797,주소
경기도 부천시 원미구 소향로 246,37.5002724037849,126.775133853403,주소
경기도 부천시 원미구 소향로 25,37.503948100333,126.750607495796,주소
경기도 부천시 원미구 소향로 29,37.5039021645423,126.751084684264,주소
경기도 부천시 원미구 소향로 35,37.5038082978596,126.75160681663,주소
경기도 부천시 원미구 소향로13번길 14-22,37.5040044995332,126.750221992229,주소
경기도 부천시 원미구 송내대로205번길 68,37.5024344711131,126.753683345144,주소
경기도 부천시 원미구 송내대로265번길 59,37.5071905497714,126.755395098204,주소
경기도 부천시 원미구 송내대로265번길 85,37.5073450508912,126.753910150941,주소
경기도 부천시 원미구 신상로 54,37.4938165522514,126.74770891056,주소
경기도 부천시 원미구 신흥로 170-1,37.4987979479786,126.778588350888,주소
경기도 부천시 원미구 신흥로 245,37.5059756205493,126.773881826581,주소
경기도 부천시 원미구 역곡로 30,37.4879143927803,126.810760176713,주소
경기도 부천시 원미구 역곡로 49,37.4894077261139,126.809641618011,주소
경기도 부천시 원미구 옥산로 45,37.4975331221836,126.781396836397,주소
경기도 부천시 원미구 옥산로 7,37.4953837794935,126.779315486429,주소
경기도 부천시 원미구 옥산로 78,37.5003840946307,126.781015102081,주소
경기도 부천시 원미구 장말로 138,37.4936265363087,126.757434293846,주소
경기도 부천시 원미구 장말로 96,37.4939118101981,126.752790977915,주소
경기도 부천시 원미구 장말로216번길 3,37.4923190337478,126.766302802842,주소
경기도 부천시 원미구 조마루로 137,37.4999265985365,126.759313023475,주소
경기도 부천시 원미구 조마루로 182,37.4979571973061,126.764009032716,주소
경기도 부천시 원미구 조마루로 246,37.4979178921059,126.771002748617,주소
경기도 부천시 원미구 조마루로 269,37.4980227265887,126.773786615808,주소
경기도 부천시 원미구 조마루로285번길 50,37.4997118322033,126.775293406619,주소
경기도 부천시 원미구 중동로 100,37.4886508109389,126.765823158016,주소
경기도 부천시 원미구 중동로 168,37.4947558658048,126.767568168059,주소
경기도 부천시 원미구 중동로 326,37.5087922610915,126.770015851619,주소
경기도 부천시 원미구 중동로248번길 52,37.5012118934377,126.771664563967,주소
경기도 부천시 원미구 중동로279번길 24,37.5050853986971,126.767827938038,주소
경기도 부천시 원미구 지봉로 140,37.4892529261955,126.814566012016,주소
경기도 부천시 원미구 평천로 618,37.5149789320358,126.759091403433,주소
경기도 부천시 원미구 평천로 680,37.514770831413,126.766190846578,주소
경기도 부천시 원미구 평천로669번길 21,37.5160705603022,126.765253943622,주소
경기도 부천시 원미구 평천로706번길 8,37.5148294056736,126.769173081402,주소
경기도 부천시 원미로 120,37.4933522032336,126.791269093146,주소
경기도 부천시 원미로131번길 35,37.494126220381,126.789370125648,주소
경기도 부천시 원미로182번길 11,37.4986567064613,126.793224763978,주소
경기도 부천시 원미로182번길 15,37.4992482260056,126.794469592102,주소
경기도 부천시 원미로182번길 31,37.4986026819977,126.794795469686,주소
경기도 부천시 원종로29번길 84?(원종동),37.5276050489301,126.802400026726,주소
경기도 부천시 은성로 109-26,37.4751549159375,126.804865488658,주소
경기도 부천시 은성로 135,37.4729402936649,126.805009278659,주소
경기도 부천시 은성로 58,37.4736114172199,126.797329766762,주소
경기도 부천시 은성로 82,37.4750316397169,126.799632414678,주소
경기도 부천시 은성로 91,37.4753207869018,126.800866286307,주소
경기도 부천시 장말로 107-2,37.4951947426894,126.753909089054,주소
경기도 부천시 장말로 135,37.494053010081,126.757009541606,주소
경기도 부천시 장말로 149,37.4944777453517,126.759033786031,주소
경기도 부천시 장말로 159,37.4943927936494,126.760369092143,주소
경기도 부천시 장말로 171,37.4934575762884,126.761049087087,주소
경기도 부천시 장말로 189,37.4940199085987,126.76347433908,주소
경기도 부천시 장말로 309,37.4918542297296,126.77694254493,주소
경기도 부천시 장말로 73,37.4943448814492,126.749945567981,주소
경기도 부천시 장말로200번길 48,37.490846370048,126.763510466808,주소
경기도 부천시 장말로216번길 3,37.4923190337478,126.766302802842,주소
경기도 부천시 장말로237번길 6,37.4924164649956,126.768792136345,주소
경기도 부천시 조마루로 105,37.5003982570451,126.755444172287,주소
경기도 부천시 조마루로 135-1,37.4997859409777,126.760060654228,주소
경기도 부천시 조마루로 137,37.4999265985365,126.759313023475,주소
경기도 부천시 조마루로 200,37.4977934969153,126.76532677411,주소
경기도 부천시 조마루로 255,37.4990121870408,126.771947196592,주소
경기도 부천시 조마루로 274,37.4974396670312,126.774011831612,주소
경기도 부천시 조마루로 57,37.5017285261387,126.75024631181,주소
경기도 부천시 조마루로 69,37.5015382321309,126.751227450362,주소
경기도 부천시 조마루로 87,37.5006631477052,126.753620857369,주소
경기도 부천시 조마루로285번길 34,37.4990518521373,126.775485937522,주소
경기도 부천시 조마루로291번길 25,37.4986383478573,126.775610666913,주소
경기도 부천시 조마루로291번길 9,37.4980441831972,126.775778229524,주소
경기도 부천시 조마루로85번길 18,37.501055458286,126.753497769374,주소
경기도 부천시 중동로 100,37.4886508109389,126.765823158016,주소
경기도 부천시 중동로 108-2,37.4899788474693,126.768083663604,주소
경기도 부천시 중동로 147,37.4929404633421,126.766670634079,주소
경기도 부천시 중동로 148,37.4929023356059,126.767119561946,주소
경기도 부천시 중동로 159,37.4940891573734,126.766945803895,주소
경기도 부천시 중동로 162,37.4943217506124,126.767471020019,주소
경기도 부천시 중동로 165,37.4945753030531,126.767018587613,주소
경기도 부천시 중동로 19,37.4814751215351,126.762580565764,주소
경기도 부천시 중동로 190,37.4965640332611,126.767950556004,주소
경기도 부천시 중동로 296,37.5060709923333,126.769707976444,주소
경기도 부천시 중동로 326,37.5087922610915,126.770015851619,주소
경기도 부천시 중동로 436,37.518918719683,126.770899673459,주소
경기도 부천시 중동로 48,37.4844977563198,126.764214076293,주소
경기도 부천시 중동로 57,37.485322687602,126.763883136498,주소
경기도 부천시 중동로 65,37.4859030452575,126.764073299661,주소
경기도 부천시 중동로248번길 52,37.5012118934377,126.771664563967,주소
경기도 부천시 중동로49번길 44-1,37.485328297943,126.761874931437,주소
경기도 부천시 중동로70번길 32,37.4858526094064,126.766213949402,주소
경기도 부천시 지봉로 49,37.4863764895469,126.804958419494,주소
경기도 부천시 지봉로115번길 20,37.489341825526,126.811642279656,주소
경기도 부천시 지봉로115번길 6,37.4886691926525,126.811905278835,주소
경기도 부천시 지봉로51번길 22,37.4882349322986,126.804374886742,주소
경기도 부천시 지봉로83번길 25,37.488366005807,126.807930317332,주소
경기도 부천시 평천로 670,37.5142460374303,126.765166228871,주소
경기도 부천시 평천로 679,37.5156606288758,126.76562917925,주소
경기도 부천시 평천로849번길 58,37.5180474304784,126.787367028656,주소
경기도 부천시 호현로 455,37.4784085099588,126.792727041712,주소
경기도 부천시 호현로447번길 14,37.47819045429,126.791236201947,주소
경기도 성남시 분당구 구미로 60,37.3378150411891,127.11568360885,주소
경기도 성남시 분당구 구미로173번길 29,37.3463460862583,127.123607639298,주소
경기도 성남시 분당구 구미로75번길 11,37.3390014729126,127.117466729729,주소
경기도 성남시 분당구 궁내로 52,37.3703575639085,127.095824131124,주소
경기도 성남시 분당구 금곡로 139,37.3474593238848,127.119914980069,주소
경기도 성남시 분당구 금곡로 243,37.3546580750317,127.114100134676,주소
경기도 성남시 분당구 내정로 111,37.3701962236605,127.114531324345,주소
경기도 성남시 분당구 내정로 167,37.373894153921,127.119149700382,주소
경기도 성남시 분당구 내정로 170,37.3734822322128,127.1196585636,주소
경기도 성남시 분당구 내정로 172,37.3736518597654,127.119960387877,주소
경기도 성남시 분당구 내정로 185,37.3757769155284,127.119526386724,주소
경기도 성남시 분당구 내정로 20,37.3615993505664,127.115645154687,주소
경기도 성남시 분당구 내정로 52,37.3647939859554,127.115136424433,주소
경기도 성남시 분당구 내정로 55,37.3654012346148,127.113877869307,주소
경기도 성남시 분당구 내정로165번길 38,37.3765713670859,127.116253996544,주소
경기도 성남시 분당구 내정로165번길 50,37.3771129144362,127.115485950754,주소
경기도 성남시 분당구 내정로166번길 43,37.3703570347084,127.122641244112,주소
경기도 성남시 분당구 내정로166번길 5,37.3732300282401,127.119843543098,주소
경기도 성남시 분당구 내정로166번길 7-3,37.373365891708,127.120032187959,주소
경기도 성남시 분당구 내정로166번길 7-6,37.3731116768738,127.120421848218,주소
경기도 성남시 분당구 내정로173번길 11,37.3749111963679,127.118466335754,주소
경기도 성남시 분당구 내정로173번길 49,37.3773778235981,127.115846298673,주소
경기도 성남시 분당구 내정로173번길 5,37.3743548885515,127.119288167937,주소
경기도 성남시 분당구 내정로174번길 19,37.3724032020258,127.122265012979,주소
경기도 성남시 분당구 내정로31번길 7-9,37.3621788075957,127.113873677068,주소
경기도 성남시 분당구 느티로 16,37.3681634346789,127.106311660534,주소
경기도 성남시 분당구 느티로 69,37.3687744469386,127.112232030558,주소
경기도 성남시 분당구 느티로 71,37.3687777190848,127.112581324221,주소
경기도 성남시 분당구 느티로51번길 5,37.3692208424071,127.110093825317,주소
경기도 성남시 분당구 대왕판교로606번길 41,37.3964807575672,127.111931027754,주소
경기도 성남시 분당구 대왕판교로644번길 77,37.4003914596836,127.115491508321,주소
경기도 성남시 분당구 대왕판교로645번길 12,37.4003214306809,127.104876545966,주소
경기도 성남시 분당구 돌마로 250,37.3612557448626,127.119496918344,주소
경기도 성남시 분당구 돌마로 303,37.3667760184838,127.118015872366,주소
경기도 성남시 분당구 돌마로 361,37.3706231305768,127.122966137677,주소
경기도 성남시 분당구 돌마로 364,37.3699862799718,127.12366312248,주소
경기도 성남시 분당구 돌마로 46,37.3496946430081,127.106994848851,주소
경기도 성남시 분당구 돌마로 47,37.3503823071351,127.107194918171,주소
경기도 성남시 분당구 돌마로 478,37.3769805848654,127.133436560642,주소
경기도 성남시 분당구 돌마로 481,37.3777537592365,127.132871482333,주소
경기도 성남시 분당구 돌마로 482,37.3772874902177,127.133661333746,주소
경기도 성남시 분당구 돌마로 68,37.3496466239203,127.109548208072,주소
경기도 성남시 분당구 돌마로 75,37.3503891349855,127.11044893199,주소
경기도 성남시 분당구 돌마로 85,37.3503879362991,127.111343157756,주소
경기도 성남시 분당구 돌마로 87,37.3503895426853,127.111741798479,주소
경기도 성남시 분당구 돌마로356번길 3,37.3697248747272,127.12333496297,주소
경기도 성남시 분당구 돌마로366번길 40,37.3674748363867,127.126235948229,주소
경기도 성남시 분당구 돌마로366번길 42,37.3671802834772,127.126748539316,주소
경기도 성남시 분당구 돌마로476번길 30,37.3746023767503,127.134588792769,주소
경기도 성남시 분당구 돌마로476번길 31,37.375397924012,127.135349707307,주소
경기도 성남시 분당구 돌마로476번길 41,37.3745111271328,127.136142145706,주소
경기도 성남시 분당구 돌마로486번길 12,37.3765825318376,127.133897632737,주소
경기도 성남시 분당구 돌마로486번길 23,37.3765255599325,127.13597473723,주소
경기도 성남시 분당구 돌마로486번길 40,37.3748150455559,127.136530511039,주소
경기도 성남시 분당구 돌마로486번길 6,37.3771067444153,127.133900596908,주소
경기도 성남시 분당구 돌마로90번길 4,37.3497154924624,127.11173199611,주소
경기도 성남시 분당구 동막로 287,37.3532432589634,127.090940989637,주소
경기도 성남시 분당구 동판교로 131,37.3939503291203,127.11576711235,주소
경기도 성남시 분당구 동판교로 154,37.3960383747567,127.117756366565,주소
경기도 성남시 분당구 동판교로 156,37.395136170519,127.119563445261,주소
경기도 성남시 분당구 동판교로 226,37.4026011055923,127.117701919074,주소
경기도 성남시 분당구 동판교로 258,37.4054039901512,127.116345854049,주소
경기도 성남시 분당구 동판교로 59,37.3883355083906,127.115039054743,주소
경기도 성남시 분당구 동판교로 61,37.3884747500877,127.115374419485,주소
경기도 성남시 분당구 동판교로 72,37.3885847603685,127.11666483476,주소
경기도 성남시 분당구 동판교로 77,37.390223852299,127.115889212321,주소
경기도 성남시 분당구 동판교로 92,37.3875542124,127.116256385546,주소
경기도 성남시 분당구 동판교로52번길 22-8,37.3870939757546,127.114029461884,주소
경기도 성남시 분당구 매화로 14,37.4087775715319,127.134298059317,주소
경기도 성남시 분당구 매화로 44,37.4114797686321,127.134183036562,주소
경기도 성남시 분당구 매화로 50,37.4119434532052,127.13416522574,주소
경기도 성남시 분당구 매화로 92,37.4162526559741,127.134648488356,주소
경기도 성남시 분당구 무지개로 129,37.3409836312407,127.119731457368,주소
경기도 성남시 분당구 미금로 121,37.3443528509986,127.115379334229,주소
경기도 성남시 분당구 미금로 151,37.3474204819346,127.115300285754,주소
경기도 성남시 분당구 미금로 170,37.3484104260062,127.117151152972,주소
경기도 성남시 분당구 미금로 184,37.3501784379393,127.116590255091,주소
경기도 성남시 분당구 미금로 215,37.3514154458169,127.111940722173,주소
경기도 성남시 분당구 미금로 36,37.3368673267293,127.116794915242,주소
경기도 성남시 분당구 미금로 39,37.3368568254014,127.116020898498,주소
경기도 성남시 분당구 미금로 43,37.3370909732975,127.115959532506,주소
경기도 성남시 분당구 미금로 45,37.3373516330101,127.115784120324,주소
경기도 성남시 분당구 미금로22번길 25,37.3377547795285,127.118398587607,주소
경기도 성남시 분당구 미금일로 58,37.3472658988127,127.113119028198,주소
경기도 성남시 분당구 발이봉남로3번길 7,37.365861287357,127.126228277947,주소
경기도 성남시 분당구 발이봉북로 3,37.3669510584291,127.127840698796,주소
경기도 성남시 분당구 백현로 100,37.37615714592,127.110446285697,주소
경기도 성남시 분당구 백현로 146,37.3730986530065,127.114483013195,주소
경기도 성남시 분당구 백현로 197,37.3700696587014,127.119955699931,주소
경기도 성남시 분당구 백현로 206-2,37.3672542443856,127.11705739493,주소
경기도 성남시 분당구 백현로 93,37.3771176263594,127.111036153917,주소
경기도 성남시 분당구 백현로 97,37.3768376971862,127.111399067565,주소
경기도 성남시 분당구 백현로101번길 11,37.3770848406337,127.111979537716,주소
경기도 성남시 분당구 백현로101번길 12,37.3767491227915,127.112355461382,주소
경기도 성남시 분당구 백현로101번길 24,37.3775702673656,127.11353903248,주소
경기도 성남시 분당구 백현로101번길 30,37.3777606570893,127.113816841852,주소
경기도 성남시 분당구 백현로144번길 26,37.3721933139453,127.11116561429,주소
경기도 성남시 분당구 백현로243번길 12,37.3677656442667,127.124662625174,주소
경기도 성남시 분당구 벌말로 11,37.4094621068831,127.137174959329,주소
경기도 성남시 분당구 벌말로 41,37.4116560927478,127.138100007989,주소
경기도 성남시 분당구 벌말로 44,37.4118893421922,127.138659686002,주소
경기도 성남시 분당구 벌말로 68,37.41392398662,127.139685385612,주소
경기도 성남시 분당구 분당로 190,37.3746641082189,127.130396320607,주소
경기도 성남시 분당구 분당로 196,37.3736894131515,127.131262041362,주소
경기도 성남시 분당구 분당로263번길 35,37.371745235428,127.139786082127,주소
경기도 성남시 분당구 분당로263번길 39,37.3720222019753,127.140173946113,주소
경기도 성남시 분당구 분당로53번길 16,37.3839825576586,127.12241659954,주소
경기도 성남시 분당구 분당수서로 442,37.3745165513415,127.10491388078,주소
경기도 성남시 분당구 불정로 119,37.3614433912512,127.118189034376,주소
경기도 성남시 분당구 불정로 168,37.3596371346166,127.123191239079,주소
경기도 성남시 분당구 불정로 195,37.3625507639435,127.121556828262,주소
경기도 성남시 분당구 불정로 219,37.3646953441157,127.123339035145,주소
경기도 성남시 분당구 불정로 256,37.3665254366511,127.126983036931,주소
경기도 성남시 분당구 불정로 258,37.3666320134935,127.127164290613,주소
경기도 성남시 분당구 불정로 260,37.3667730838476,127.127359940044,주소
경기도 성남시 분당구 불정로 288,37.3681308390094,127.129928593394,주소
경기도 성남시 분당구 불정로 379,37.3743618740331,127.136414418116,주소
경기도 성남시 분당구 불정로 380,37.3739686181485,127.136846564777,주소
경기도 성남시 분당구 불정로 381,37.3745682967151,127.136728317885,주소
경기도 성남시 분당구 불정로376번길 31,37.3722550320078,127.138871090786,주소
경기도 성남시 분당구 불정로376번길 37,37.3716294966902,127.139444355321,주소
경기도 성남시 분당구 불정로376번길 7,37.3737178202958,127.137039054723,주소
경기도 성남시 분당구 불정로406번길 17,37.3746596904916,127.140090452404,주소
경기도 성남시 분당구 산운로 98,37.3920226106468,127.071918705847,주소
경기도 성남시 분당구 서판교로 147,37.3979936397183,127.095634449669,주소
경기도 성남시 분당구 서판교로 154,37.399800725459,127.095190863413,주소
경기도 성남시 분당구 서판교로132번길 11,37.3991891119381,127.095860489335,주소
경기도 성남시 분당구 서판교로132번길 12,37.3985892529707,127.097463656868,주소
경기도 성남시 분당구 서판교로32번길 3-5,37.3901442390361,127.097906904713,주소
경기도 성남시 분당구 서판교로74번길 11,37.3943170425117,127.099001999359,주소
경기도 성남시 분당구 서현로 181,37.3891258970187,127.124544861651,주소
경기도 성남시 분당구 성남대로 275,37.3608889010945,127.107614423966,주소
경기도 성남시 분당구 성남대로 30,37.3383862810615,127.109447329444,주소
경기도 성남시 분당구 성남대로 345,37.3669418268001,127.107702542508,주소
경기도 성남시 분당구 성남대로 349,37.3672948530592,127.107697854179,주소
경기도 성남시 분당구 성남대로 38,37.3393079959127,127.109392242827,주소
경기도 성남시 분당구 성남대로 381,37.3702804771767,127.10751607174,주소
경기도 성남시 분당구 성남대로 385,37.37056133067,127.107511843851,주소
경기도 성남시 분당구 성남대로 389,37.3708468914338,127.107483463032,주소
경기도 성남시 분당구 성남대로 393,37.3716372837565,127.10717141554,주소
경기도 성남시 분당구 성남대로331번길 3-3,37.3653315106286,127.107704982095,주소
경기도 성남시 분당구 성남대로331번길 3-9,37.3648461371195,127.107694692996,주소
경기도 성남시 분당구 성남대로331번길 8,37.365948063663,127.106632297825,주소
경기도 성남시 분당구 성남대로779번길 48,37.3994683402681,127.123278656915,주소
경기도 성남시 분당구 성남대로779번길 54,37.3994817700285,127.122580945886,주소
경기도 성남시 분당구 성남대로779번길 56,37.3994858043834,127.122339490286,주소
경기도 성남시 분당구 성남대로779번길 58,37.3994983834681,127.122112052877,주소
경기도 성남시 분당구 쇳골북로 22,37.3634494360684,127.098949805544,주소
경기도 성남시 분당구 수내로 148,37.3722521869986,127.124170816362,주소
경기도 성남시 분당구 수내로 201,37.3714677127351,127.129749649729,주소
경기도 성남시 분당구 수내로 42,37.380930732471,127.116863216104,주소
경기도 성남시 분당구 수내로 74,37.3792798727333,127.118855965342,주소
경기도 성남시 분당구 수내로192번길 12,37.370989335229,127.126190243602,주소
경기도 성남시 분당구 수내로46번길 12,37.3804034473711,127.116595366401,주소
경기도 성남시 분당구 수내로46번길 22,37.3797525897778,127.115726880862,주소
경기도 성남시 분당구 수내로46번길 26,37.3795091953232,127.115386539718,주소
경기도 성남시 분당구 수내로46번길 33,37.378713832434,127.115138844792,주소
경기도 성남시 분당구 수내로90번길 26,37.3768255744282,127.117592418471,주소
경기도 성남시 분당구 안골로11번길 11,37.3855072463112,127.133032633058,주소
경기도 성남시 분당구 야탑로 102,37.4095893576218,127.130137285101,주소
경기도 성남시 분당구 야탑로 152,37.4094347170737,127.135768867238,주소
경기도 성남시 분당구 야탑로 237,37.4075863892362,127.145006913975,주소
경기도 성남시 분당구 야탑로 243,37.4073723152926,127.145513534612,주소
경기도 성남시 분당구 야탑로 245,37.407249945536,127.145888291831,주소
경기도 성남시 분당구 야탑로 96-7,37.4090993881012,127.130378269421,주소
경기도 성남시 분당구 야탑로231번길 38,37.4078522999873,127.146234411775,주소
경기도 성남시 분당구 야탑로231번길 45,37.4079307836592,127.148328110839,주소
경기도 성남시 분당구 양현로 104,37.3930629218497,127.126152026483,주소
경기도 성남시 분당구 양현로 126,37.3950101404411,127.125624962957,주소
경기도 성남시 분당구 양현로 146,37.397210139931,127.126493151663,주소
경기도 성남시 분당구 양현로 262,37.4073263996148,127.126612716157,주소
경기도 성남시 분당구 양현로 442,37.4161294518467,127.131234064565,주소
경기도 성남시 분당구 양현로 515,37.4149956752478,127.138829319461,주소
경기도 성남시 분당구 양현로94번길 11,37.3915549867301,127.125714619824,주소
경기도 성남시 분당구 양현로94번길 21,37.3909792397982,127.126385000917,주소
경기도 성남시 분당구 양현로94번길 7,37.3918439042361,127.125413135845,주소
경기도 성남시 분당구 운중로 115,37.3920626316401,127.076069610875,주소
경기도 성남시 분당구 운중로 118,37.3913775898636,127.076060900899,주소
경기도 성남시 분당구 운중로 122,37.3913627125939,127.076635228495,주소
경기도 성남시 분당구 운중로 124,37.3913448679463,127.07691955842,주소
경기도 성남시 분당구 운중로 128,37.3913125957774,127.077357791714,주소
경기도 성남시 분당구 운중로 129,37.3919634555419,127.077417182619,주소
경기도 성남시 분당구 운중로 140,37.3912523528667,127.078534193171,주소
경기도 성남시 분당구 운중로 141,37.3918482953434,127.078930849579,주소
경기도 성남시 분당구 운중로 229,37.390094305976,127.088676635054,주소
경기도 성남시 분당구 운중로 233,37.3900330925515,127.088961809459,주소
경기도 성남시 분당구 운중로 235,37.3899521034351,127.089303421991,주소
경기도 성남시 분당구 운중로 242,37.3892122390199,127.089706356889,주소
경기도 성남시 분당구 운중로 253,37.3895428759601,127.091170351742,주소
경기도 성남시 분당구 운중로 96,37.3912250658502,127.073320258885,주소
경기도 성남시 분당구 운중로125번길 14-7,37.3931180849781,127.078012262757,주소
경기도 성남시 분당구 운중로45번길 8,37.3925191436952,127.068927041687,주소
경기도 성남시 분당구 이매로 100,37.3919127231522,127.131809772912,주소
경기도 성남시 분당구 이매로 132,37.3905188189199,127.132876956809,주소
경기도 성남시 분당구 이매로 138,37.3907603969815,127.134458788208,주소
경기도 성남시 분당구 이매로 45,37.3949831928156,127.125885789934,주소
경기도 성남시 분당구 이매로 49,37.3949973454214,127.126386439392,주소
경기도 성남시 분당구 이매로 51,37.3949845746628,127.126616911308,주소
경기도 성남시 분당구 장미로 101,37.4159706707174,127.129373511529,주소
경기도 성남시 분당구 장미로 139,37.4148089803512,127.13627706556,주소
경기도 성남시 분당구 장미로 189,37.4131183273483,127.142078502761,주소
경기도 성남시 분당구 장미로 55,37.4152228918706,127.124357617977,주소
경기도 성남시 분당구 장안로 31,37.3698291134283,127.142729959442,주소
경기도 성남시 분당구 장안로 37,37.3703023236725,127.143332809685,주소
경기도 성남시 분당구 장안로 70,37.3714211599241,127.146686149921,주소
경기도 성남시 분당구 장안로25번길 6-10,37.3702537878648,127.14301074229,주소
경기도 성남시 분당구 장안로51번길 10,37.3726548096805,127.144443912485,주소
경기도 성남시 분당구 정자로 143,37.3644487956346,127.120569429839,주소
경기도 성남시 분당구 정자로 144,37.3624709230756,127.119800242381,주소
경기도 성남시 분당구 정자로 80,37.363184511492,127.113802951041,주소
경기도 성남시 분당구 정자로 82,37.3631838990398,127.114064615047,주소
경기도 성남시 분당구 정자로 88,37.3631668687279,127.114438686502,주소
경기도 성남시 분당구 정자로76번길 11,37.3623612434718,127.113521645859,주소
경기도 성남시 분당구 정자일로 100,37.3587352007253,127.107488086879,주소
경기도 성남시 분당구 정자일로 121,37.3613376767451,127.105543131014,주소
경기도 성남시 분당구 정자일로 15,37.3515266524488,127.104940457311,주소
경기도 성남시 분당구 정자일로 162,37.3646268151097,127.106313782659,주소
경기도 성남시 분당구 정자일로 177,37.36615350748,127.105415087392,주소
경기도 성남시 분당구 정자일로 197,37.3680299802465,127.105520669444,주소
경기도 성남시 분당구 정자일로 227,37.3707082053063,127.105603334255,주소
경기도 성남시 분당구 정자일로 234,37.3711971238493,127.106282749957,주소
경기도 성남시 분당구 정자일로 239,37.3712532366232,127.105602179014,주소
경기도 성남시 분당구 정자일로 240,37.3715568988665,127.106287660481,주소
경기도 성남시 분당구 정자일로 248,37.3756755448413,127.107714577463,주소
경기도 성남시 분당구 정자일로 25,37.3524050438366,127.105672724684,주소
경기도 성남시 분당구 정자일로 55,37.3554088078382,127.105463155288,주소
경기도 성남시 분당구 정자일로 77,37.3573942595628,127.105117600182,주소
경기도 성남시 분당구 정자일로 80,37.3577649344593,127.106336047163,주소
경기도 성남시 분당구 정자일로 87,37.3583335383209,127.105670764148,주소
경기도 성남시 분당구 정자일로198번길 15,37.3676778899996,127.107685983703,주소
경기도 성남시 분당구 정자일로213번길 19,37.3707457331439,127.104843601757,주소
경기도 성남시 분당구 정자일로213번길 5,37.3689803392279,127.104859885252,주소
경기도 성남시 분당구 중앙공원로 54-1,37.380754599007,127.133529623508,주소
경기도 성남시 분당구 중앙공원로31번길 42,37.383133453219,127.125492233427,주소
경기도 성남시 분당구 중앙공원로32번길 20,37.3789882201669,127.129653197048,주소
경기도 성남시 분당구 중앙공원로39번길 12,37.3825762197511,127.128550004288,주소
경기도 성남시 분당구 중앙공원로39번길 49,37.383793397882,127.124777792146,주소
경기도 성남시 분당구 중앙공원로39번길 7,37.3814325345069,127.127983269938,주소
경기도 성남시 분당구 중앙공원로40번길 4,37.3803400065088,127.129424511102,주소
경기도 성남시 분당구 중앙공원로40번길 8,37.3797055883846,127.130169972948,주소
경기도 성남시 분당구 탄천로 49,37.3967977096821,127.123368808618,주소
경기도 성남시 분당구 탄천로 97,37.4021835747717,127.122403170727,주소
경기도 성남시 분당구 판교공원로1길 1,37.3906539594982,127.090776685197,주소
경기도 성남시 분당구 판교공원로1길 3,37.3908160245143,127.090814371835,주소
경기도 성남시 분당구 판교공원로1길 52,37.3904358877291,127.093010978047,주소
경기도 성남시 분당구 판교공원로1길 65,37.3904965870507,127.091547885325,주소
경기도 성남시 분당구 판교공원로3길 8,37.39118565312,127.090541311148,주소
경기도 성남시 분당구 판교대장로 39,37.3623853527063,127.067383568473,주소
경기도 성남시 분당구 판교대장로 77,37.3682545107582,127.067766778022,주소
경기도 성남시 분당구 판교대장로 84,37.3664198713171,127.068340748023,주소
경기도 성남시 분당구 판교대장로 92,37.3670534247872,127.06842418373,주소
경기도 성남시 분당구 판교대장로5길 20,37.3646717975425,127.06956397778,주소
경기도 성남시 분당구 판교대장로5길 71,37.3686633789383,127.069657976707,주소
경기도 성남시 분당구 판교대장로5길 72,37.3685993665932,127.070636127332,주소
경기도 성남시 분당구 판교대장로6길 10,37.366733408552,127.068375237846,주소
경기도 성남시 분당구 판교대장로7길 16,37.3732046962505,127.068010463777,주소
경기도 성남시 분당구 판교대장로7길 6-25,37.3713581947918,127.06884095475,주소
경기도 성남시 분당구 판교대장로7길 87,37.3721567948163,127.071687150649,주소
경기도 성남시 분당구 판교로 182-7,37.3997304961614,127.095909064935,주소
경기도 성남시 분당구 판교로 20,37.3871767992237,127.086232773801,주소
경기도 성남시 분당구 판교로 372,37.4037169412468,127.115681276678,주소
경기도 성남시 분당구 판교로 374,37.403841860049,127.115919104759,주소
경기도 성남시 분당구 판교로 375,37.4042417939659,127.115303716181,주소
경기도 성남시 분당구 판교로 376,37.403956404667,127.116169115681,주소
경기도 성남시 분당구 판교로 393,,,실패
경기도 성남시 분당구 판교로 430,37.4051771317171,127.120819442397,주소
경기도 성남시 분당구 판교로 432,37.4051323980091,127.121739887124,주소
경기도 성남시 분당구 판교로 433,37.4057451226386,127.121972082497,주소
경기도 성남시 분당구 판교로 434,37.405175772992,127.121967319373,주소
경기도 성남시 분당구 판교로 436,37.4051616582334,127.122198837556,주소
경기도 성남시 분당구 판교로 437,37.4057256335778,127.12243411997,주소
경기도 성남시 분당구 판교로 440,37.405135690331,127.122651825079,주소
경기도 성남시 분당구 판교로 441,37.4057533888349,127.122777978076,주소
경기도 성남시 분당구 판교로 442,37.4051504964583,127.122883842027,주소
경기도 성남시 분당구 판교로 445,37.4057508179901,127.123343503229,주소
경기도 성남시 분당구 판교로 446,37.4051238735386,127.123357610382,주소
경기도 성남시 분당구 판교로 470,37.405120632707,127.126003722584,주소
경기도 성남시 분당구 판교로 472,37.4051271397508,127.126238662831,주소
경기도 성남시 분당구 판교로 474,37.4051303005984,127.126484779228,주소
경기도 성남시 분당구 판교로 475,37.4057309455832,127.126713830344,주소
경기도 성남시 분당구 판교로 476,37.4051447588878,127.126698047146,주소
경기도 성남시 분당구 판교로 477,37.4057389168504,127.126926411379,주소
경기도 성남시 분당구 판교로 478,37.4051254914238,127.126936671291,주소
경기도 성남시 분당구 판교로 519,37.4067398646011,127.131457363656,주소
경기도 성남시 분당구 판교로 647,37.4062086084863,127.145692340313,주소
경기도 성남시 분당구 판교역로 136,37.3925072208217,127.110430292919,주소
경기도 성남시 분당구 판교역로14번길 20,37.3854756825769,127.111441542943,주소
경기도 성남시 분당구 판교역로14번길 42,37.3875793694886,127.111750896941,주소
경기도 성남시 분당구 판교역로50번길 19,37.3862803821754,127.11029265857,주소
경기도 성남시 분당구 판교원로 193,37.3872978735773,127.08785557416,주소
경기도 성남시 분당구 판교원로 209,37.3880001877134,127.090645545863,주소
경기도 성남시 분당구 판교원로 231,37.3872822691608,127.091443252241,주소
경기도 성남시 분당구 판교원로 237,37.3876011495187,127.092129067207,주소
경기도 성남시 분당구 판교원로 327,37.3861151918816,127.101788087787,주소
경기도 성남시 분당구 판교원로117번길 11,37.389752723567,127.07902599281,주소
경기도 성남시 분당구 판교원로82번길 30,37.3853705588871,127.073497483678,주소
경기도 성남시 분당구 황새울로 124,37.3713202419567,127.110662276962,주소
경기도 성남시 분당구 황새울로 4,37.360906340793,127.111069495682,주소
경기도 성남시 분당구 황새울로 60,37.365319801352,127.110146601026,주소
경기도 성남시 분당구 황새울로 74,37.3665819160126,127.111059573213,주소
경기도 성남시 분당구 황새울로200번길 28,37.3767958947661,127.113384766934,주소
경기도 성남시 분당구 황새울로200번길 34,37.3771480984615,127.113860739437,주소
경기도 성남시 분당구 황새울로200번길 36,37.3773132837478,127.114112654601,주소
경기도 성남시 분당구 황새울로258번길 10-9,37.3800462575304,127.116070124414,주소
경기도 성남시 분당구 황새울로258번길 32,37.3794326283006,127.116102599569,주소
경기도 성남시 분당구 황새울로258번길 43,37.378315862276,127.115495924505,주소
경기도 성남시 분당구 황새울로312번길 20,37.383026203725,127.122075400597,주소
경기도 성남시 분당구 황새울로335번길 5,37.3860492558363,127.121697508944,주소
경기도 성남시 분당구 황새울로342번길 11,37.38623076251,127.12365603416,주소
경기도 성남시 분당구 황새울로360번길 21,37.3857030304401,127.125709817271,주소
경기도 성남시 수정구 고등공원로 19,37.4278468541869,127.100393207102,주소
경기도 성남시 수정구 고등로 3,37.4288805729128,127.093720710667,주소
경기도 성남시 수정구 고등로 34,37.4297277954254,127.096634488814,주소
경기도 성남시 수정구 고등로 4,37.4281104525397,127.093861203291,주소
경기도 성남시 수정구 고등로1길 6-8,37.4294791297501,127.094836038205,주소
경기도 성남시 수정구 공원로 322,37.4433301037792,127.15166818916,주소
경기도 성남시 수정구 공원로 340,37.4436975801233,127.150719013196,주소
경기도 성남시 수정구 공원로 446,37.4502339139841,127.142717359619,주소
경기도 성남시 수정구 공원로370번길 29,37.4474981080918,127.149114882337,주소
경기도 성남시 수정구 공원로391번길 14,37.445002214054,127.144910600144,주소
경기도 성남시 수정구 공원로436번길 17,37.4505516061423,127.143317168951,주소
경기도 성남시 수정구 남문로 112,37.4473289338738,127.140632227388,주소
경기도 성남시 수정구 남문로 65,37.4461648040332,127.13405917185,주소
경기도 성남시 수정구 남문로112번길 6,37.4470646379908,127.139057280083,주소
경기도 성남시 수정구 남문로32번길 7,37.4449537976587,127.131693816316,주소
경기도 성남시 수정구 남문로51번길 1,37.4456841602546,127.132418911031,주소
경기도 성남시 수정구 남위례로 131,37.4603536084894,127.139263749552,주소
경기도 성남시 수정구 논골로 1,37.4544311663604,127.160572573167,주소
경기도 성남시 수정구 논골로 79,37.4609170336103,127.157406437616,주소
경기도 성남시 수정구 논골로35번길 6-1,37.4570118861412,127.158069054399,주소
경기도 성남시 수정구 논골로36번길 33,37.4592175485942,127.160883687581,주소
경기도 성남시 수정구 단대로 30,37.4535931553273,127.157814911772,주소
경기도 성남시 수정구 단대로23번길 32,37.4511659712,127.15628296694,주소
경기도 성남시 수정구 대왕판교로 981,37.4278992162152,127.101538452753,주소
경기도 성남시 수정구 모란로 11,37.4337662728529,127.127237667617,주소
경기도 성남시 수정구 모란로 55,37.4371172753735,127.123637674463,주소
경기도 성남시 수정구 모란로 65,37.4389184475827,127.123510238427,주소
경기도 성남시 수정구 산성대로 111,37.4350433973599,127.131414761313,주소
경기도 성남시 수정구 산성대로 313,37.4426957200564,127.151300891275,주소
경기도 성남시 수정구 산성대로 331,37.4437411112274,127.152814661317,주소
경기도 성남시 수정구 산성대로 415,37.4490527753007,127.158351563963,주소
경기도 성남시 수정구 산성대로 421,37.4495639620642,127.158588952792,주소
경기도 성남시 수정구 산성대로 535,37.4587285811044,127.164345797206,주소
경기도 성남시 수정구 산성대로437번길 16,37.4515048545036,127.157900485461,주소
경기도 성남시 수정구 산성대로437번길 18,37.4514493657205,127.157552730451,주소
경기도 성남시 수정구 산성대로437번길 3,37.4509111944668,127.158963053096,주소
경기도 성남시 수정구 성남대로 1187,37.4358149047099,127.128078526004,주소
경기도 성남시 수정구 성남대로 1209,37.4376241342431,127.127753808888,주소
경기도 성남시 수정구 성남대로 1260,37.4422481451298,127.127667312786,주소
경기도 성남시 수정구 성남대로1179번길 8,37.4350759405401,127.127700439166,주소
경기도 성남시 수정구 성남대로1480번길 25,37.4624585906374,127.130384052984,주소
경기도 성남시 수정구 수정남로306번길 17,37.4550954607624,127.153537817286,주소
경기도 성남시 수정구 수정로 100,37.4405960724837,127.131504814022,주소
경기도 성남시 수정구 수정로 205,37.4444154834305,127.142531600225,주소
경기도 성남시 수정구 수정로 211,37.444587336704,127.143028926935,주소
경기도 성남시 수정구 수정로 222,37.4448477585659,127.144339280597,주소
경기도 성남시 수정구 수정로 226,37.445138573199,127.144734346357,주소
경기도 성남시 수정구 수정로 233,37.446279264786,127.144359207985,주소
경기도 성남시 수정구 수정로 249,37.4471794579469,127.145176078572,주소
경기도 성남시 수정구 수정로 260,37.4458956324542,127.147337249734,주소
경기도 성남시 수정구 수정로 267,37.448920542046,127.145277085961,주소
경기도 성남시 수정구 수정로 273,37.4492657641844,127.145680532274,주소
경기도 성남시 수정구 수정로 291,37.4510900877003,127.147173393044,주소
경기도 성남시 수정구 수정로 312,37.4513908169927,127.148994109763,주소
경기도 성남시 수정구 수정로 316,37.4516386326535,127.149178931491,주소
경기도 성남시 수정구 수정로 341,37.454422213025,127.149398973493,주소
경기도 성남시 수정구 수정로 400,37.4607386234547,127.153509907201,주소
경기도 성남시 수정구 수정북로 50,37.4426830126721,127.135248194864,주소
경기도 성남시 수정구 수정북로39번길 15,37.443669074527,127.133272274413,주소
경기도 성남시 수정구 시민로133번길 7,37.4398412877572,127.143587600155,주소
경기도 성남시 수정구 양지로 29,37.4575275232213,127.162331766835,주소
경기도 성남시 수정구 양지로 43,37.4584745100639,127.163165126936,주소
경기도 성남시 수정구 왕남로 24,37.4286822304325,127.098412614678,주소
경기도 성남시 수정구 위례광장로 104,37.4730513390026,127.141262948182,주소
경기도 성남시 수정구 위례광장로 12,37.4667677914813,127.142159396264,주소
경기도 성남시 수정구 위례광장로 25,37.4665739488195,127.1400763957,주소
경기도 성남시 수정구 위례광장로 27,37.4669447793981,127.140097773861,주소
경기도 성남시 수정구 위례광장로 300,37.4734715546921,127.14270025965,주소
경기도 성남시 수정구 위례광장로 310,37.4727089219441,127.142939037608,주소
경기도 성남시 수정구 위례광장로 320,37.4722438981494,127.142949569878,주소
경기도 성남시 수정구 위례광장로 322,37.4716996853199,127.142952037927,주소
경기도 성남시 수정구 위례광장로 328,37.4713404854822,127.142775905947,주소
경기도 성남시 수정구 위례광장로 37,37.4676254716965,127.14011554806,주소
경기도 성남시 수정구 위례동로 135,37.472278568853,127.150085322633,주소
경기도 성남시 수정구 위례동로 135-6,37.4731194464815,127.149757466151,주소
경기도 성남시 수정구 위례동로 141,37.4726678512846,127.150119789414,주소
경기도 성남시 수정구 위례동로 147,37.4730826015455,127.150107505241,주소
경기도 성남시 수정구 위례동로 153,37.4734979727529,127.150173791638,주소
경기도 성남시 수정구 위례동로 55,37.4657654180864,127.147018807934,주소
경기도 성남시 수정구 위례동로 85,37.4679748346434,127.148636233438,주소
경기도 성남시 수정구 위례서일로 6,37.4655966069429,127.136704579479,주소
경기도 성남시 수정구 위례서일로3길 28-4,37.4673988180567,127.140081325963,주소
경기도 성남시 수정구 위례순환로 100,37.4707022031926,127.138619822064,주소
경기도 성남시 수정구 위례순환로 155,37.4714896357733,127.145774297459,주소
경기도 성남시 수정구 위례순환로 205,37.4707315940602,127.150958670635,주소
경기도 성남시 수정구 위례순환로 71,37.4720003453139,127.135933614512,주소
경기도 성남시 수정구 위례순환로 91,37.4718840852778,127.1382117565,주소
경기도 성남시 수정구 위례중앙로 190,37.4735205228027,127.148011875969,주소
경기도 성남시 수정구 제일로 121,37.4373823461553,127.133182819855,주소
경기도 성남시 수정구 제일로 184,37.4427088437868,127.131196170449,주소
경기도 성남시 수정구 제일로 223,37.4466725752743,127.12882910692,주소
경기도 성남시 수정구 제일로123번길 9,37.4362105755117,127.132782780378,주소
경기도 성남시 수정구 탄리로95번길 11,37.4439044241597,127.134144186854,주소
경기도 성남시 수정구 탄리로95번길 16,37.4449500926211,127.133470613094,주소
경기도 성남시 수정구 태평로 19,37.4485435098506,127.129424724326,주소
경기도 성남시 수정구 태평로 65,37.4499834778714,127.132863402048,주소
경기도 성남시 수정구 희망로 484,37.4474903042806,127.154627063474,주소
경기도 성남시 수정구 희망로 496,37.4491150548498,127.154110774437,주소
경기도 성남시 수정구 희망로 551,37.4517098236653,127.149597913056,주소
경기도 성남시 수정구 희망로534번길 3,37.4514923423157,127.151489601348,주소
경기도 성남시 중원구 광명로 120,37.4363401076088,127.141810187233,주소
경기도 성남시 중원구 광명로 130,37.436834581736,127.142711007747,주소
경기도 성남시 중원구 광명로 132,37.4369555134982,127.142921859304,주소
경기도 성남시 중원구 광명로 176,37.4390780520767,127.147743782372,주소
경기도 성남시 중원구 광명로 184,,,실패
경기도 성남시 중원구 광명로 316,37.4448122114377,127.161176826632,주소
경기도 성남시 중원구 광명로 396,37.4462583408285,127.170236321452,주소
경기도 성남시 중원구 광명로100번길 9,37.4350035494485,127.140672551237,주소
경기도 성남시 중원구 광명로294번길 3,37.4440079826587,127.159170389626,주소
경기도 성남시 중원구 광명로347번길 11,37.4470769232791,127.164047726314,주소
경기도 성남시 중원구 광명로361번길 23,37.4487383864799,127.16418109241,주소
경기도 성남시 중원구 광명로395번길 5-2,37.447835359585,127.170003023954,주소
경기도 성남시 중원구 금광로 11,37.442960644558,127.159571028887,주소
경기도 성남시 중원구 금광로 26,37.4431024996503,127.16265170113,주소
경기도 성남시 중원구 금광로12번길 5,37.4429042245649,127.161375010235,주소
경기도 성남시 중원구 금빛로 46,37.4461016798709,127.167824595081,주소
경기도 성남시 중원구 금빛로 48,37.4462776501675,127.167759443173,주소
경기도 성남시 중원구 금빛로 49,37.4462109719417,127.167253129304,주소
경기도 성남시 중원구 금빛로 57,37.447001114128,127.167031129141,주소
경기도 성남시 중원구 금상로 104,37.4425927071833,127.166660849631,주소
경기도 성남시 중원구 금상로 134,37.4399771409041,127.171146311202,주소
경기도 성남시 중원구 금상로 91-1,37.4424351767437,127.165401649,주소
경기도 성남시 중원구 금상로 97,37.4435656909719,127.166035606699,주소
경기도 성남시 중원구 금상로57번길 5,37.4405786495421,127.162141354196,주소
경기도 성남시 중원구 금상로58번길 22,37.4384688070825,127.164184417972,주소
경기도 성남시 중원구 도촌남로 27,37.4145124548665,127.150609907611,주소
경기도 성남시 중원구 도촌남로 33,37.4145639434219,127.151143073385,주소
경기도 성남시 중원구 도촌남로 37,37.4146213252995,127.151645752293,주소
경기도 성남시 중원구 도촌남로 67,37.414900377159,127.154148862697,주소
경기도 성남시 중원구 도촌남로 88,37.4137252027121,127.157277696571,주소
경기도 성남시 중원구 도촌남로 99,37.4146965417203,127.158326877248,주소
경기도 성남시 중원구 도촌로8번길 5,37.4149482640059,127.151114701569,주소
경기도 성남시 중원구 도촌북로 50,37.4167681526218,127.154244869464,주소
경기도 성남시 중원구 도촌북로 78,37.4153959623464,127.158625440017,주소
경기도 성남시 중원구 둔촌대로 155-1,37.4296266250604,127.136073660926,주소
경기도 성남시 중원구 둔촌대로 275,37.429544724364,127.14871331109,주소
경기도 성남시 중원구 둔촌대로 287,37.4299386022348,127.149962450918,주소
경기도 성남시 중원구 둔촌대로 300,37.42910503228,127.149851872739,주소
경기도 성남시 중원구 둔촌대로135번길 20,37.4307091916052,127.134106401103,주소
경기도 성남시 중원구 둔촌대로217번길 5,37.42874326246,127.142202931285,주소
경기도 성남시 중원구 둔촌대로248번길 7,37.4272109795237,127.147292039331,주소
경기도 성남시 중원구 사기막골로31번길 46,37.4378552831147,127.167857365902,주소
경기도 성남시 중원구 산성대로 340-1,37.4433650622925,127.154589757858,주소
경기도 성남시 중원구 산성대로408번길 46,37.4479597821745,127.163494204457,주소
경기도 성남시 중원구 산성대로582번길 10,37.4609536015784,127.168712746178,주소
경기도 성남시 중원구 성남대로 993,37.4183770477292,127.128190032002,주소
경기도 성남시 중원구 성남대로997번길 51-20,37.4170842086608,127.126403211261,주소
경기도 성남시 중원구 순환로214번길 16,37.4423833011971,127.18159098173,주소
경기도 성남시 중원구 순환로379번길 20,37.4570335019035,127.172567351881,주소
경기도 성남시 중원구 순환로447번길 11,37.4610020864747,127.170900112833,주소
경기도 성남시 중원구 순환로447번길 12,37.4614269273483,127.171139349859,주소
경기도 성남시 중원구 시민로 14,37.4319080446227,127.151304371801,주소
경기도 성남시 중원구 시민로 66,37.4358716344358,127.149444802875,주소
경기도 성남시 중원구 시민로66번길 21,37.4364382947483,127.15050061383,주소
경기도 성남시 중원구 시민로77번길 10-1,37.4349159660659,127.145001092873,주소
경기도 성남시 중원구 양현로 465,37.4171103642014,127.133749807477,주소
경기도 성남시 중원구 양현로 469,37.4169719594643,127.134392781664,주소
경기도 성남시 중원구 양현로405번길 5,37.4172704857737,127.126873684806,주소
경기도 성남시 중원구 여수울로 37,37.4194509722539,127.133081243803,주소
경기도 성남시 중원구 여수울로15번길 4-2,37.4189529404611,127.130774920606,주소
경기도 성남시 중원구 여수울로15번길 4-6,37.4189504239212,127.131338172456,주소
경기도 성남시 중원구 여수울로29번길 7,37.4193724050866,127.132276997224,주소
경기도 성남시 중원구 원터로 103-1,37.4359846549524,127.142411544014,주소
경기도 성남시 중원구 원터로 25,37.4294825819368,127.144033982328,주소
경기도 성남시 중원구 원터로 64,37.4326984608882,127.144572770505,주소
경기도 성남시 중원구 원터로 84,37.4346610960897,127.143427877431,주소
경기도 성남시 중원구 원터로 95,37.4353864600955,127.142943055999,주소
경기도 성남시 중원구 원터로105번길 4,37.4360462957853,127.142177538835,주소
경기도 성남시 중원구 원터로106번길 2,37.4360780879664,127.142637594612,주소
경기도 성남시 중원구 원터로94번길 7,37.4362550134337,127.143558714769,주소
경기도 성남시 중원구 은행로 6,37.4538843912459,127.162775973043,주소
경기도 성남시 중원구 은행로7번길 22,37.4562420074958,127.164188565226,주소
경기도 성남시 중원구 자혜로 42-1,37.4503779492354,127.164253388674,주소
경기도 성남시 중원구 자혜로 48,37.4504889149025,127.16479926734,주소
경기도 성남시 중원구 자혜로 52,37.450533840972,127.165340029598,주소
경기도 성남시 중원구 자혜로 55,37.4515469430433,127.164950657278,주소
경기도 성남시 중원구 자혜로 60,37.4508070741645,127.166142362218,주소
경기도 성남시 중원구 자혜로 83-1,37.451611826654,127.168772117256,주소
경기도 성남시 중원구 자혜로32번길 1,37.4501632392174,127.163211830262,주소
경기도 성남시 중원구 자혜로32번길 10,37.4492058161924,127.162169465576,주소
경기도 성남시 중원구 자혜로8번길 4,37.4503720986233,127.160378326197,주소
경기도 성남시 중원구 황송로 25,37.4465927397437,127.171646415008,주소
경기도 성남시 중원구 황송로 35,37.4476392832362,127.172563061961,주소
경기도 성남시 중원구 황송로 77,37.4511022416143,127.17348226339,주소
경기도 성남시 중원구 황송로77번길 34,37.4501532664392,127.170592779846,주소
경기도 성남시 중원구 희망로343번길 24,37.4366720199037,127.155099379098,주소
경기도 성남시 중원구 희망로353번길 18-2,,,실패
경기도 성남시 중원구 희망로400번길 44,37.4424516154449,127.164274481947,주소
경기도 성남시 중원구 희망로400번길 52,37.4427660504755,127.165128570312,주소
경기도 성남시 중원구 희망로400번길 54,37.4428219885682,127.16526813942,주소
경기도 수원시 권선구 경수대로 202,37.245848729605,127.018191977858,주소
경기도 수원시 권선구 경수대로 239,37.2488403573441,127.017123499768,주소
경기도 수원시 권선구 경수대로225번길 24-32,37.2487487523371,127.016262914921,주소
경기도 수원시 권선구 경수대로235번길 24,37.2498814226169,127.016498844861,주소
경기도 수원시 권선구 경수대로235번길 31,37.2488758437583,127.015938215398,주소
경기도 수원시 권선구 경수대로235번길 41,37.2490418839878,127.015425967583,주소
경기도 수원시 권선구 경수대로302번길 29,37.2534724305908,127.023050693731,주소
경기도 수원시 권선구 경수대로312번길 23-10,37.2545237758644,127.023471127631,주소
경기도 수원시 권선구 고산로6번길 45,37.2483927010255,126.984725199526,주소
경기도 수원시 권선구 고현로 12,37.2491607730251,126.98804885766,주소
경기도 수원시 권선구 곡반정로 160,37.2417399462448,127.034165232558,주소
경기도 수원시 권선구 곡반정로 177,37.2435795072781,127.033897711492,주소
경기도 수원시 권선구 곡반정로33번길 21,37.233325445125,127.024704821764,주소
경기도 수원시 권선구 곡선로 10,37.2391789243872,127.025500018766,주소
경기도 수원시 권선구 곡선로 20,37.2392275559861,127.027230638957,주소
경기도 수원시 권선구 곡선로 34,37.2391070256196,127.028258182234,주소
경기도 수원시 권선구 곡선로 7번,37.2408383228197,127.025348769168,주소
경기도 수원시 권선구 곡선로50번길 43,37.2368719995601,127.028926645702,주소
경기도 수원시 권선구 권광로 55,37.2550192258352,127.025799336801,주소
경기도 수원시 권선구 권광로 72,37.2541755334476,127.029103807177,주소
경기도 수원시 권선구 권선로 908번길 51,,,실패
경기도 수원시 권선구 권선로639번길 32,37.2621654246719,127.022102439556,주소
경기도 수원시 권선구 권선로694번길 25,37.2579315796358,127.027004138725,주소
경기도 수원시 권선구 권중로 110,37.2493667810674,127.02708099618,주소
경기도 수원시 권선구 권중로 136,37.2489819039321,127.031945455736,주소
경기도 수원시 권선구 권중로 162,37.2519958728091,127.033658236496,주소
경기도 수원시 권선구 권중로 99,37.2502654018254,127.029312404517,주소
경기도 수원시 권선구 권중로120번길 17,37.2483375147827,127.030433371859,주소
경기도 수원시 권선구 권중로50번길 8-35,37.2536365560794,127.029720743634,주소
경기도 수원시 권선구 권중로50번길 8-39,37.2537092284768,127.029527794798,주소
경기도 수원시 권선구 금곡로 100,37.2738569225436,126.941297259695,주소
경기도 수원시 권선구 금곡로 106,37.2739733214264,126.941996899715,주소
경기도 수원시 권선구 금곡로 112,37.2739352374139,126.942613110807,주소
경기도 수원시 권선구 금곡로 116,37.2739040076288,126.943061543351,주소
경기도 수원시 권선구 금곡로 126,37.2734428901848,126.944271470885,주소
경기도 수원시 권선구 금곡로 140번길 30,37.2725537836272,126.944549374824,주소
경기도 수원시 권선구 금곡로 5-6,37.268506483077,126.938693341815,주소
경기도 수원시 권선구 금곡로102번길 15,37.2735010149489,126.941851927412,주소
경기도 수원시 권선구 금곡로102번길 20,37.2734006830745,126.941211360362,주소
경기도 수원시 권선구 금곡로102번길 29,37.272805813297,126.941752679321,주소
경기도 수원시 권선구 금곡로102번길 30,37.2728602061604,126.941145484224,주소
경기도 수원시 권선구 금곡로102번길 37,37.2725166918958,126.941798565182,주소
경기도 수원시 권선구 금곡로102번길 38,37.2724668297523,126.941181644422,주소
경기도 수원시 권선구 금곡로102번길 48,37.2721273146463,126.941357344236,주소
경기도 수원시 권선구 금곡로102번길 56,37.2717275919846,126.941497122645,주소
경기도 수원시 권선구 금곡로118번길 10,37.2734531675284,126.942958716767,주소
경기도 수원시 권선구 금곡로118번길 24,37.2731347260276,126.942930205926,주소
경기도 수원시 권선구 금곡로140번길 29,37.2720228917055,126.94571873255,주소
경기도 수원시 권선구 금곡로196번길 61,37.2737494755265,126.954508295466,주소
경기도 수원시 권선구 금곡로212번길 14,37.2734391901385,126.953664098632,주소
경기도 수원시 권선구 금곡로212번길 25,37.2731682952525,126.954484742282,주소
경기도 수원시 권선구 금곡로31번길 92,37.2732064165448,126.935331851404,주소
경기도 수원시 권선구 금곡로73번길 36,37.2755059394905,126.936623385823,주소
경기도 수원시 권선구 금곡로73번길 60,37.2762360622198,126.935308964131,주소
경기도 수원시 권선구 금곡로73번길 71,37.2749274907352,126.934669539499,주소
경기도 수원시 권선구 금호로 257,37.2768072555673,126.977418018475,주소
경기도 수원시 권선구 금호로 27,37.2688454893852,126.954794456262,주소
경기도 수원시 권선구 금호로 32,37.2684837880456,126.955445985618,주소
경기도 수원시 권선구 금호로 39,37.2690374034264,126.956212200951,주소
경기도 수원시 권선구 금호로 45,37.2698230728533,126.956351774585,주소
경기도 수원시 권선구 금호로37번길 15,37.2698618136511,126.955374370119,주소
경기도 수원시 권선구 노림로 15,37.2673595538394,126.954252272245,주소
경기도 수원시 권선구 당진로 13,37.2903099998903,126.940236686947,주소
경기도 수원시 권선구 당진로 18,37.2906442295233,126.940663728953,주소
경기도 수원시 권선구 당진로 23,37.2912891852158,126.940290947353,주소
경기도 수원시 권선구 당진로 6,37.2896138777796,126.941722245069,주소
경기도 수원시 권선구 당진로15번길 1,37.2905030406262,126.940134359848,주소
경기도 수원시 권선구 당진로15번길 19-9,37.2906729575938,126.939389229989,주소
경기도 수원시 권선구 당진로15번길 24,37.2912057734236,126.939451957319,주소
경기도 수원시 권선구 당진로15번길 42,37.2916799815036,126.938561879195,주소
경기도 수원시 권선구 덕영대로1031번길 21-2,37.2584063418154,127.006769395323,주소
경기도 수원시 권선구 덕영대로1031번길 6,37.2576106312383,127.006759404208,주소
경기도 수원시 권선구 덕영대로1190번길 100,37.2446978074043,127.019435761233,주소
경기도 수원시 권선구 덕영대로1190번길 152,37.2426690644358,127.020210418339,주소
경기도 수원시 권선구 덕영대로1217번길 24,37.2495280243785,127.024812905907,주소
경기도 수원시 권선구 덕영대로1217번길 31,37.2502650104032,127.024272564973,주소
경기도 수원시 권선구 덕영대로1217번길 36,37.2507614296629,127.025399208357,주소
경기도 수원시 권선구 덕영대로1217번길 37,37.2504892611058,127.024366078171,주소
경기도 수원시 권선구 덕영대로1323번길 25-11,37.2472805806964,127.034722834749,주소
경기도 수원시 권선구 덕영대로1323번길 26-14,37.2468711499518,127.036213690744,주소
경기도 수원시 권선구 동수원로 218-39,37.2487535999438,127.035958620244,주소
경기도 수원시 권선구 동수원로145번길 23,37.2432807724744,127.028577680959,주소
경기도 수원시 권선구 동수원로145번길 24,37.2452755697858,127.029782379667,주소
경기도 수원시 권선구 동수원로145번길 74,37.2451683882612,127.026168477383,주소
경기도 수원시 권선구 동수원로146번길 144-7,37.2443514000388,127.03305704134,주소
경기도 수원시 권선구 동수원로146번길 233-23,37.2395161832535,127.031838115416,주소
경기도 수원시 권선구 동수원로146번길 253,37.2408146034761,127.031110160795,주소
경기도 수원시 권선구 동수원로177번길 40,37.2466841722769,127.03014236609,주소
경기도 수원시 권선구 동수원로177번길 90,37.2474043533387,127.027267732372,주소
경기도 수원시 권선구 동수원로242번길 18,37.2501061301558,127.035452045175,주소
경기도 수원시 권선구 동수원로242번길 20,37.2504144272101,127.035586321091,주소
경기도 수원시 권선구 동수원로242번길 6,37.2509430636025,127.035002586497,주소
경기도 수원시 권선구 동수원로285번길 5,37.255135740144,127.034902174097,주소
경기도 수원시 권선구 매곡로 43,37.269727133811,126.951764264309,주소
경기도 수원시 권선구 매곡로 56,37.2701631152299,126.953484586896,주소
경기도 수원시 권선구 매곡로 88,37.2716355685277,126.955762413667,주소
경기도 수원시 권선구 매송고색로 681,37.2515612265682,126.978383539038,주소
경기도 수원시 권선구 매송고색로711번길 50,37.2536010587664,126.981319206709,주소
경기도 수원시 권선구 매실로 28,37.2673568628426,126.954050918861,주소
경기도 수원시 권선구 매실로 32,37.2673750854128,126.954573686858,주소
경기도 수원시 권선구 매실로 48,37.2673193645091,126.956393580918,주소
경기도 수원시 권선구 매실로 70,37.2683020026626,126.958545938925,주소
경기도 수원시 권선구 매탄로 11,37.2534341392975,127.037773044419,주소
경기도 수원시 권선구 삼천병마로 1566-30,,,실패
경기도 수원시 권선구 삼천병마로 1581,37.2438769404814,126.963372871944,주소
경기도 수원시 권선구 삼천병마로1566번길 11,37.2427827087659,126.963657754055,주소
경기도 수원시 권선구 삼천병마로1598번길 42,37.2460230454161,126.965768364434,주소
경기도 수원시 권선구 상탑로39번길 41,37.2730804005666,126.974876972975,주소
경기도 수원시 권선구 서부로 1817,37.2705252046241,126.970478379886,주소
경기도 수원시 권선구 서수원로 161-11,37.2409693066906,126.968865770212,주소
경기도 수원시 권선구 서수원로 220,37.2465572133827,126.968467183916,주소
경기도 수원시 권선구 서수원로 607,37.2792141216381,126.953624701671,주소
경기도 수원시 권선구 서수원로47번길 11,37.2336493350927,126.977844020435,주소
경기도 수원시 권선구 서수원로47번길 9,37.2338640985836,126.978080721138,주소
경기도 수원시 권선구 서수원로577번길 305,37.276199115847,126.939918264282,주소
경기도 수원시 권선구 서수원로577번길 341,37.2762965842508,126.937096402929,주소
경기도 수원시 권선구 서수원로617번길 30,37.279706875429,126.952651513102,주소
경기도 수원시 권선구 서호동로14번길 47,37.2662310631744,126.990329916475,주소
경기도 수원시 권선구 서호로 71,37.2663197375961,126.987562269746,주소
경기도 수원시 권선구 세권로 213,37.254996209261,127.027575720506,주소
경기도 수원시 권선구 세권로 222-6,37.2543081999912,127.028223391926,주소
경기도 수원시 권선구 세권로 319,37.2522248602696,127.039665543214,주소
경기도 수원시 권선구 세권로196번길 10-2,37.2550037172098,127.025432194773,주소
경기도 수원시 권선구 세권로196번길 21,37.2544245307628,127.025828328876,주소
경기도 수원시 권선구 세권로207번길 32,37.25629812661,127.028340127583,주소
경기도 수원시 권선구 세권로207번길 6,37.2552965136465,127.027244424933,주소
경기도 수원시 권선구 세권로212번길 3,37.2547008792395,127.027437753963,주소
경기도 수원시 권선구 세권로221번길 1,37.2547971526594,127.028406071336,주소
경기도 수원시 권선구 세권로304번길 44,37.250408487518,127.035861118724,주소
경기도 수원시 권선구 세권로304번길 62,37.2496160808175,127.035356233827,주소
경기도 수원시 권선구 세권로316번길 18,37.251047414331,127.037615177037,주소
경기도 수원시 권선구 세권로94번길 1,37.2579159101454,127.014665744447,주소
경기도 수원시 권선구 세류로 39,37.2634183350094,127.006153634888,주소
경기도 수원시 권선구 세류로 60,37.2653458174851,127.010402991375,주소
경기도 수원시 권선구 세류로 78,37.266017338241,127.010692371459,주소
경기도 수원시 권선구 세류로90번길 34,37.266284818718,127.011114166547,주소
경기도 수원시 권선구 세지로 126번길 27,37.2632973764339,127.021765806254,주소
경기도 수원시 권선구 세지로140번길 23,37.2637846396599,127.021876539958,주소
경기도 수원시 권선구 세화로 134,37.264162726921,126.997385539043,주소
경기도 수원시 권선구 수성로 18,37.2820154574292,126.976100296979,주소
경기도 수원시 권선구 수인로9번길 52,37.2686771195488,126.997085261777,주소
경기도 수원시 권선구 여기산로 19,37.2791427736044,126.978015165551,주소
경기도 수원시 권선구 여기산로 29,37.2807023652979,126.977918639835,주소
경기도 수원시 권선구 오목천로 24,37.2396961306686,126.965614460672,주소
경기도 수원시 권선구 율전로 10,37.294516228501,126.960163165981,주소
경기도 수원시 권선구 일월천로16번길 27,37.2842190423265,126.974392775107,주소
경기도 수원시 권선구 일월천로16번길 28,37.2834343951248,126.974707992921,주소
경기도 수원시 권선구 일월천로16번길 30,37.2835021918701,126.97488929612,주소
경기도 수원시 권선구 일월천로16번길 39,37.285218080934,126.975080543363,주소
경기도 수원시 권선구 일월천로4번길 74,37.2835637295517,126.97573760637,주소
경기도 수원시 권선구 입북로 35,37.2948719359939,126.959303693729,주소
경기도 수원시 권선구 입북로 41,37.2953231306007,126.959173299674,주소
경기도 수원시 권선구 입북로 47,37.2958811259544,126.958863859017,주소
경기도 수원시 권선구 입북로77번길 61,37.2992870697352,126.952211886775,주소
경기도 수원시 권선구 입북로77번길 62,37.299916956285,126.954191505287,주소
경기도 수원시 권선구 정조로 564,37.2593290507934,127.012811629474,주소
경기도 수원시 권선구 정조로544번길 13-7,37.2580899880327,127.013163240481,주소
경기도 수원시 권선구 칠보로 102,37.2657948882028,126.950430371033,주소
경기도 수원시 권선구 칠보로 133-4,37.2661870506589,126.953845542702,주소
경기도 수원시 권선구 칠보로 136,37.2656965050187,126.953567829451,주소
경기도 수원시 권선구 칠보로 138,37.2656207560821,126.953871705353,주소
경기도 수원시 권선구 칠보로 142,37.2648776528814,126.953605422687,주소
경기도 수원시 권선구 탑동로 55,37.2733942997336,126.972734961153,주소
경기도 수원시 권선구 탑동로47번길 1,37.2730282111525,126.973954476106,주소
경기도 수원시 권선구 탑동로48번길 7,37.2733893950171,126.974584059146,주소
경기도 수원시 권선구 탑동로57번길 2,37.2741046200465,126.973663320877,주소
경기도 수원시 권선구 호매실로104번길 24-36,37.2577457038657,126.96302561149,주소
경기도 수원시 권선구 호매실로104번길 24-43,37.257949737063,126.962569982967,주소
경기도 수원시 권선구 호매실로104번길 24-61,37.2588310677117,126.962634929157,주소
경기도 수원시 권선구 호매실로104번길 24-70,37.2591938104878,126.963155443401,주소
경기도 수원시 권선구 호매실로104번길 90,37.2595870615283,126.962694753114,주소
경기도 수원시 권선구 호매실로165번길 28,37.259721471346,126.956054587606,주소
경기도 수원시 권선구 호매실로165번길 28-1,37.2609416487584,126.956258598582,주소
경기도 수원시 권선구 호매실로165번길 71,37.2586597865924,126.952139716806,주소
경기도 수원시 권선구 호매실로218번길 126,37.266093447413,126.960893809511,주소
경기도 수원시 권선구 호매실로218번길 128,37.2657928351825,126.961092384611,주소
경기도 수원시 권선구 호매실로90번길 101,37.2595155383565,126.963626606994,주소
경기도 수원시 권선구 호매실로90번길 116,37.260103657463,126.962784118657,주소
경기도 수원시 권선구 효원로94번길 1,37.2661622586584,127.012215157575,주소
경기도 수원시 권선구 효원로94번길 14,37.2660065305449,127.011598451381,주소
경기도 수원시 권선구 효탑로16번길 17,37.2665183971938,126.976233831233,주소
경기도 수원시 권선구 효탑로16번길 43-21,37.2675644791767,126.976097649468,주소
경기도 수원시 권선구 효탑로30번길 22,37.2671770120975,126.975562367269,주소
경기도 수원시 영통구 광교로 146,37.2929529247892,127.048535327032,주소
경기도 수원시 영통구 광교마을로 156,37.2953404384071,127.081191231128,주소
경기도 수원시 영통구 광교중앙로 170,37.2881245943755,127.060702664758,주소
경기도 수원시 영통구 광교중앙로 180,37.2887016141017,127.061237557645,주소
경기도 수원시 영통구 광교중앙로 250,37.2923178634417,127.067490870613,주소
경기도 수원시 영통구 광교중앙로 30,37.2782074915904,127.052800473694,주소
경기도 수원시 영통구 광교중앙로248번길 7-2,37.2910333582533,127.066670743351,주소
경기도 수원시 영통구 광교중앙로248번길 7-3,37.2918033103708,127.067754535236,주소
경기도 수원시 영통구 광교중앙로266번길 30,37.2923085986238,127.068716082301,주소
경기도 수원시 영통구 광교호수공원로 100,37.2743880139239,127.063721259584,주소
경기도 수원시 영통구 광교호수공원로 20,37.2710166171311,127.060226893407,주소
경기도 수원시 영통구 광교호수공원로 205,37.2797047241416,127.058599032683,주소
경기도 수원시 영통구 광교호수공원로 277,37.2839417579058,127.056777997528,주소
경기도 수원시 영통구 광교호수공원로 80,37.2730876685805,127.061262679777,주소
경기도 수원시 영통구 광교호수로 15,37.2706961627931,127.061016985794,주소
경기도 수원시 영통구 권광로260번길 36,37.2721364915926,127.041914258026,주소
경기도 수원시 영통구 권광로304번길 47-17,37.2745626986917,127.041215979944,주소
경기도 수원시 영통구 권선로803번길 32-7,37.2569745248845,127.040218245627,주소
경기도 수원시 영통구 권선로908번길 47,37.2468757651958,127.044604633061,주소
경기도 수원시 영통구 권선로908번길 50,37.2469283368785,127.044014061925,주소
경기도 수원시 영통구 권선로908번길 52-20,37.2471965678309,127.044282694883,주소
경기도 수원시 영통구 대학3로4번길 15,37.3003363755614,127.043208150592,주소
경기도 수원시 영통구 대학4로 17,37.3001652897815,127.046710624716,주소
경기도 수원시 영통구 대학로 101,37.3044132292676,127.047154735814,주소
경기도 수원시 영통구 대학로 109,37.3050939587778,127.047162492679,주소
경기도 수원시 영통구 대학로 47,37.3005172719007,127.044027900801,주소
경기도 수원시 영통구 대학로 91,37.3038519124421,127.046168103878,주소
경기도 수원시 영통구 대학로 98,37.3033770794938,127.049047570401,주소
경기도 수원시 영통구 덕영대로 1400,37.2418207759985,127.041223277198,주소
경기도 수원시 영통구 덕영대로 1470,37.245061076317,127.051036910265,주소
경기도 수원시 영통구 덕영대로 1478,37.2451658649812,127.052486401956,주소
경기도 수원시 영통구 덕영대로 1505,37.2461128396094,127.055502140093,주소
경기도 수원시 영통구 덕영대로 1527,37.2462374105744,127.0580362745,주소
경기도 수원시 영통구 덕영대로1555번길 13,37.246794644408,127.06085276423,주소
경기도 수원시 영통구 덕영대로1555번길 59,37.248893424317,127.061420948722,주소
경기도 수원시 영통구 덕영대로1673번길 17,37.2484519278006,127.073566498608,주소
경기도 수원시 영통구 덕영대로1673번길 32,37.2489041606173,127.074433703184,주소
경기도 수원시 영통구 도청로 65,37.2892784332474,127.049331402847,주소
경기도 수원시 영통구 도청로17번길 10,37.2861125826494,127.053992323569,주소
경기도 수원시 영통구 도청로17번길 24,37.2863981258741,127.053187242967,주소
경기도 수원시 영통구 도청로17번길 40,37.2850183464485,127.052624466157,주소
경기도 수원시 영통구 도청로89번길 30,37.2899479422842,127.047025151022,주소
경기도 수원시 영통구 도청로89번길 43,37.28916144187,127.047211752441,주소
경기도 수원시 영통구 동수원로 316,37.2584345655248,127.038345942186,주소
경기도 수원시 영통구 동수원로 455,37.269598147005,127.041464467631,주소
경기도 수원시 영통구 동수원로551번길 38,37.2764063435383,127.04895463364,주소
경기도 수원시 영통구 동탄원천로 1035,37.2650327708323,127.049822788371,주소
경기도 수원시 영통구 동탄원천로1109번길 42,37.2702694301406,127.056097685265,주소
경기도 수원시 영통구 동탄원천로1109번길 92,37.2712573243492,127.054570814794,주소
경기도 수원시 영통구 동탄원천로881번길 20,37.254862837402,127.042795191314,주소
경기도 수원시 영통구 동탄원천로881번길 58,37.2556874581222,127.042584752335,주소
경기도 수원시 영통구 동탄원천로881번길 77,37.2566832668105,127.042401571355,주소
경기도 수원시 영통구 동탄원천로915번길 36,37.2569793706321,127.043828501468,주소
경기도 수원시 영통구 동탄지성로488번길 22,37.2378498468753,127.04707819341,주소
경기도 수원시 영통구 망포로 126,37.2405717983718,127.04689640925,주소
경기도 수원시 영통구 망포로 136,37.24100322776,127.048661356688,주소
경기도 수원시 영통구 망포로 142,37.2408811857691,127.049411756331,주소
경기도 수원시 영통구 망포로 84번길 3,37.2409160766612,127.04386923821,주소
경기도 수원시 영통구 망포로84번길 10,37.2397224827258,127.041817864571,주소
경기도 수원시 영통구 망포로84번길 15,37.2397218000303,127.043463616425,주소
경기도 수원시 영통구 매봉로 6-1,37.2685862943511,127.052135112699,주소
경기도 수원시 영통구 매봉로27번길 45,37.2710694540305,127.050093861837,주소
경기도 수원시 영통구 매여울로 11,37.2703655416024,127.047964426884,주소
경기도 수원시 영통구 매여울로53번길 22,37.2726389322714,127.043358959458,주소
경기도 수원시 영통구 매영로 103,37.2685074230018,127.053615028862,주소
경기도 수원시 영통구 매영로 141,37.2667111158006,127.058175996827,주소
경기도 수원시 영통구 매영로 393,37.2496832950042,127.075851289772,주소
경기도 수원시 영통구 매영로 79,37.2691283979928,127.051224294242,주소
경기도 수원시 영통구 매영로 84,37.2681958701989,127.050054076861,주소
경기도 수원시 영통구 매영로 85,37.2681563352902,127.052094454646,주소
경기도 수원시 영통구 매영로 87,37.2680301345641,127.052423009964,주소
경기도 수원시 영통구 매영로 93-27,37.2685616951966,127.052340963657,주소
경기도 수원시 영통구 매영로310번길 36,37.2534637002802,127.066265984991,주소
경기도 수원시 영통구 매영로310번길 46,37.2524776255877,127.065406205764,주소
경기도 수원시 영통구 매영로310번길 87,37.250664904498,127.064089695338,주소
경기도 수원시 영통구 매영로345번길 111,37.2561782300262,127.073659568784,주소
경기도 수원시 영통구 매탄로 139,37.2641530772602,127.04318634289,주소
경기도 수원시 영통구 매탄로 142,37.263287339687,127.044206999488,주소
경기도 수원시 영통구 매탄로 177,37.2666436420249,127.045132637796,주소
경기도 수원시 영통구 매탄로108번길 16,37.2599895078218,127.044251065837,주소
경기도 수원시 영통구 매탄로126번길 27,37.2625128502698,127.045744908807,주소
경기도 수원시 영통구 매탄로140번길 54-12,37.2621219214723,127.046583405628,주소
경기도 수원시 영통구 매탄로140번길 54-14,37.2619830833779,127.046551529482,주소
경기도 수원시 영통구 매탄로140번길 54-18,37.2616435238227,127.046441181088,주소
경기도 수원시 영통구 매탄로140번길 54-20,37.2615898363494,127.046633131012,주소
경기도 수원시 영통구 매탄로51번길 14-16,37.2567217195183,127.040137625635,주소
경기도 수원시 영통구 반달로 26,37.25123640288,127.074894529031,주소
경기도 수원시 영통구 반달로35번길 30,37.2517808748298,127.07746040642,주소
경기도 수원시 영통구 반달로7번길 16,37.2526579343798,127.074394675407,주소
경기도 수원시 영통구 반달로7번길 40,37.2535353977607,127.075207574175,주소
경기도 수원시 영통구 반달로7번길 6,37.2523036985971,127.074019989571,주소
경기도 수원시 영통구 법조로 129,37.2913276018532,127.070766820436,주소
경기도 수원시 영통구 법조로 150,,,실패
경기도 수원시 영통구 법조로 25,37.2874808899042,127.060178440172,주소
경기도 수원시 영통구 법조로149번길 13,37.2930769539545,127.071537161485,주소
경기도 수원시 영통구 법조로149번길 8,37.2928138963764,127.071759875956,주소
경기도 수원시 영통구 봉영로 1432-19,37.2419860006207,127.064991858855,주소
경기도 수원시 영통구 봉영로 1432-36,37.2407754362759,127.065987097659,주소
경기도 수원시 영통구 봉영로 1569,37.2520637842978,127.07102269696,주소
경기도 수원시 영통구 봉영로 1587,37.2533276958414,127.072333349835,주소
경기도 수원시 영통구 봉영로 1605,37.2545288086572,127.073468703255,주소
경기도 수원시 영통구 봉영로 1606,37.2538686061108,127.074491002062,주소
경기도 수원시 영통구 봉영로 1612,37.254484134021,127.075022075792,주소
경기도 수원시 영통구 봉영로 1623,37.2559361671782,127.074734153872,주소
경기도 수원시 영통구 봉영로 1763,37.2664900976852,127.081659795171,주소
경기도 수원시 영통구 봉영로 1767,37.26678565308,127.081639821136,주소
경기도 수원시 영통구 봉영로1517번길 20,37.2487580578958,127.067119723049,주소
경기도 수원시 영통구 봉영로1517번길 40,37.2499460028678,127.06614432834,주소
경기도 수원시 영통구 봉영로1517번길 45,37.2489923269232,127.065188812304,주소
경기도 수원시 영통구 봉영로1744번길 37,37.2649039517695,127.084544151989,주소
경기도 수원시 영통구 봉영로1744번길 41,37.2656353137128,127.085191635774,주소
경기도 수원시 영통구 봉영로1770번길 21,37.2674166419331,127.083079639105,주소
경기도 수원시 영통구 산남로 71,37.2693115128289,127.049258619473,주소
경기도 수원시 영통구 산남로 86,37.2706503133655,127.050038000534,주소
경기도 수원시 영통구 삼성로213번길 122,37.2653957074957,127.053544954588,주소
경기도 수원시 영통구 센트럴타운로 106,37.2927376213583,127.050157396526,주소
경기도 수원시 영통구 센트럴타운로 107,37.2926192488137,127.048147267575,주소
경기도 수원시 영통구 센트럴타운로100번길 14,37.2925011877998,127.051003753304,주소
경기도 수원시 영통구 센트럴타운로100번길 30,37.292901407402,127.05188211979,주소
경기도 수원시 영통구 센트럴타운로22번길 25,37.2903713718776,127.057187014596,주소
경기도 수원시 영통구 센트럴파크로 100,37.291905974542,127.058750932322,주소
경기도 수원시 영통구 센트럴파크로 60,37.2911453979756,127.060383228201,주소
경기도 수원시 영통구 신원로 299,37.2621510830462,127.060413846804,주소
경기도 수원시 영통구 신원로247번길 20,37.2583086442991,127.059230072495,주소
경기도 수원시 영통구 에듀타운로 102,37.2897826623887,127.046415052403,주소
경기도 수원시 영통구 에듀타운로 23,37.2847616427576,127.052007678957,주소
경기도 수원시 영통구 에듀타운로 24,37.2852150965046,127.052300960721,주소
경기도 수원시 영통구 에듀타운로 35,37.2858023917577,127.050436518159,주소
경기도 수원시 영통구 에듀타운로 65,37.2863298483149,127.050039020927,주소
경기도 수원시 영통구 영통로 107,37.2376190953079,127.057659346251,주소
경기도 수원시 영통구 영통로 115,37.237918908714,127.05684060618,주소
경기도 수원시 영통구 영통로 118,37.2383936414428,127.057086981524,주소
경기도 수원시 영통구 영통로 120,37.2386447567196,127.056912714407,주소
경기도 수원시 영통구 영통로 127,37.2387654454251,127.055885561342,주소
경기도 수원시 영통구 영통로 136,37.2396994191207,127.056182538,주소
경기도 수원시 영통구 영통로 157,37.2417467906529,127.054997411875,주소
경기도 수원시 영통구 영통로 215,37.2466230179946,127.056817612993,주소
경기도 수원시 영통구 영통로 232,37.2484164529199,127.058491726301,주소
경기도 수원시 영통구 영통로 266,37.2502141953307,127.060152622036,주소
경기도 수원시 영통구 영통로 281,37.2519238171596,127.060190163551,주소
경기도 수원시 영통구 영통로 316,37.2536187997248,127.063749865933,주소
경기도 수원시 영통구 영통로 349,37.2567126356033,127.064886372674,주소
경기도 수원시 영통구 영통로 353,37.2569272335964,127.065106032727,주소
경기도 수원시 영통구 영통로 438,37.2590505747111,127.073948695725,주소
경기도 수원시 영통구 영통로 460,37.2601443902534,127.075879364479,주소
경기도 수원시 영통구 영통로 498,37.263215569988,127.078539824997,주소
경기도 수원시 영통구 영통로 507,37.264056089865,127.077540618295,주소
경기도 수원시 영통구 영통로 511,37.264436632455,127.077490840754,주소
경기도 수원시 영통구 영통로 513,37.2645856920487,127.077449168196,주소
경기도 수원시 영통구 영통로 514,37.2644784717692,127.077992560866,주소
경기도 수원시 영통구 영통로 515,37.2647524703579,127.0774561032,주소
경기도 수원시 영통구 영통로 518,37.265542401234,127.078296923405,주소
경기도 수원시 영통구 영통로 519,37.2650738082713,127.077415734122,주소
경기도 수원시 영통구 영통로 521,37.265240964897,127.077395274251,주소
경기도 수원시 영통구 영통로 521-1,37.2653875695979,127.07738730716,주소
경기도 수원시 영통구 영통로153번길 20,37.2415031641755,127.054180368988,주소
경기도 수원시 영통구 영통로153번길 36-4,37.2416822170805,127.053353148013,주소
경기도 수원시 영통구 영통로153번길 98,37.2414153879397,127.049907656258,주소
경기도 수원시 영통구 영통로154번길 60,37.2412885500588,127.059049389308,주소
경기도 수원시 영통구 영통로154번길 74,37.2413127338037,127.05969699363,주소
경기도 수원시 영통구 영통로200번길 21,37.244677254995,127.057844716045,주소
경기도 수원시 영통구 영통로214번길 8,37.2462246621025,127.057572127932,주소
경기도 수원시 영통구 영통로217번길 6,37.2469552920401,127.056694782742,주소
경기도 수원시 영통구 영통로218번길 58,37.2468367159033,127.060515343768,주소
경기도 수원시 영통구 영통로90번길 4-27,37.2389379110166,127.060460230384,주소
경기도 수원시 영통구 영흥숲길 50,37.2643443216638,127.065962786833,주소
경기도 수원시 영통구 월드컵로 70,37.2753347661179,127.057690354171,주소
경기도 수원시 영통구 월드컵로 8,37.272700310772,127.063988742882,주소
경기도 수원시 영통구 월드컵로87번길 7,37.2737869014961,127.054580984107,주소
경기도 수원시 영통구 웰빙타운로 41,37.3050824763441,127.046807513149,주소
경기도 수원시 영통구 웰빙타운로 51,37.3051356851784,127.045763946957,주소
경기도 수원시 영통구 웰빙타운로 55,37.3044825535735,127.044744776173,주소
경기도 수원시 영통구 웰빙타운로 70,37.3066157628001,127.044726074659,주소
경기도 수원시 영통구 웰빙타운로49번길 10,37.3047607270938,127.045859709627,주소
경기도 수원시 영통구 웰빙타운로49번길 14,37.3046005548717,127.046009518703,주소
경기도 수원시 영통구 웰빙타운로49번길 28,37.3042231384754,127.046629778357,주소
경기도 수원시 영통구 웰빙타운로49번길 32,37.3040924888964,127.046856304019,주소
경기도 수원시 영통구 웰빙타운로49번길 36,37.3039556096598,127.047113166971,주소
경기도 수원시 영통구 인계로 219,37.2655867451356,127.041363960514,주소
경기도 수원시 영통구 인계로 239,37.2650609026762,127.043362844283,주소
경기도 수원시 영통구 인계로220번길 20,37.2641932003478,127.041085867649,주소
경기도 수원시 영통구 인계로220번길 6-85,37.2639777360298,127.040898271076,주소
경기도 수원시 영통구 중부대로246번길 47,37.2728988704911,127.041890890618,주소
경기도 수원시 영통구 중부대로345번길 20,37.2739196657164,127.054099184103,주소
경기도 수원시 영통구 중부대로448번길 106,37.2667171095499,127.058810613819,주소
경기도 수원시 영통구 중부대로448번길 28,37.2671421526746,127.058584899782,주소
경기도 수원시 영통구 중부대로448번길 84번지,37.2677973616961,127.060257137136,주소
경기도 수원시 영통구 중부대로448번길 96,37.2671557519992,127.059321556497,주소
경기도 수원시 영통구 청명남로 14,37.2511935596648,127.074391995732,주소
경기도 수원시 영통구 청명남로 16,37.2513017114776,127.074493096339,주소
경기도 수원시 영통구 청명남로 21,37.252035723178,127.074459101868,주소
경기도 수원시 영통구 청명남로 54,37.2540186768249,127.077092183956,주소
경기도 수원시 영통구 청명남로 58,37.254213264251,127.077288629774,주소
경기도 수원시 영통구 청명남로28번길 2,37.2518998070415,127.075233113395,주소
경기도 수원시 영통구 청명로 100,37.2557846892503,127.077142116449,주소
경기도 수원시 영통구 청명로 146,37.2585529545284,127.072890034998,주소
경기도 수원시 영통구 청명로 79,37.2538508179535,127.07859142262,주소
경기도 수원시 영통구 청명로 83,37.2540128157059,127.07833436189,주소
경기도 수원시 영통구 청명북로 118,37.2618580632369,127.078126152421,주소
경기도 수원시 영통구 청명북로 33,37.2544652295048,127.08008550848,주소
경기도 수원시 영통구 청명북로 42,37.2553547339211,127.081676518728,주소
경기도 수원시 영통구 태장로 25,37.2392921875223,127.048987872627,주소
경기도 수원시 영통구 태장로 33,37.2393611305725,127.049820537886,주소
경기도 수원시 영통구 태장로 62,37.2389683857616,127.053090000191,주소
경기도 수원시 영통구 태장로 73,37.2393424862695,127.054312483521,주소
경기도 수원시 영통구 태장로 77,37.2393502817018,127.054798447373,주소
경기도 수원시 영통구 태장로 81,37.2397824033964,127.05484136067,주소
경기도 수원시 영통구 태장로 84,37.2389669972188,127.055528343294,주소
경기도 수원시 영통구 태장로36번길 36,37.2360472289796,127.048381957728,주소
경기도 수원시 영통구 태장로36번길 8,37.2379109340879,127.049517555795,주소
경기도 수원시 영통구 태장로54번길 11,37.2387291413595,127.05252127041,주소
경기도 수원시 영통구 태장로54번길 56,37.2366741758212,127.051586955059,주소
경기도 수원시 영통구 태장로54번길 70,37.2358516755954,127.051850887036,주소
경기도 수원시 영통구 태장로54번길 92,37.2349774582441,127.051695336088,주소
경기도 수원시 영통구 태장로71번길 15,37.2399819893144,127.053850308941,주소
경기도 수원시 영통구 태장로71번길 30,37.2408720477824,127.054625087403,주소
경기도 수원시 영통구 태장로7번길 38,37.2389598151241,127.047380126685,주소
경기도 수원시 영통구 태장로7번길 49,37.2406550351263,127.04851146594,주소
경기도 수원시 영통구 태장로7번길 57,37.2406628098054,127.048887216045,주소
경기도 수원시 영통구 태장로82번길 15,37.238194709623,127.056294118573,주소
경기도 수원시 영통구 태장로82번길 32,37.2363015664276,127.052873446988,주소
경기도 수원시 영통구 혜령로 12,37.2839613027632,127.051266709724,주소
경기도 수원시 영통구 혜령로 8,37.284269174484,127.052122474135,주소
경기도 수원시 영통구 효원로 337,37.2607346285412,127.039258988429,주소
경기도 수원시 영통구 효원로 363,37.2615390908616,127.039495241523,주소
경기도 수원시 영통구 효원로 381,37.259324976153,127.043310518919,주소
경기도 수원시 영통구 효원로 383,37.2592724193416,127.043626805613,주소
경기도 수원시 영통구 효원로 387,37.2592380604033,127.043949415244,주소
경기도 수원시 영통구 효원로 393,37.2591165009604,127.044694930826,주소
경기도 수원시 영통구 효원로 400,37.2580622885128,127.045385098491,주소
경기도 수원시 영통구 효원로358번길 16,37.2591113471153,127.039955935234,주소
경기도 수원시 영통구 효원로358번길 23,37.2582890198231,127.04032648628,주소
경기도 수원시 장안구 경수대로 838,37.2968600252143,127.016778429964,주소
경기도 수원시 장안구 경수대로 940,37.3031461229572,127.008036585446,주소
경기도 수원시 장안구 경수대로1081번길 32-3,37.3081726108646,126.992895523979,주소
경기도 수원시 장안구 경수대로1081번길 32-9,37.308960983167,126.99235557528,주소
경기도 수원시 장안구 경수대로844번길 9-1,37.2967773271205,127.015323376564,주소
경기도 수원시 장안구 경수대로858번길 3,37.2974994551067,127.014309240811,주소
경기도 수원시 장안구 광교산로 37,37.2954310947679,127.021126786398,주소
경기도 수원시 장안구 광교산로140번길 8,37.2995961135515,127.031391964701,주소
경기도 수원시 장안구 금당로 19,37.3056219892453,127.01462819299,주소
경기도 수원시 장안구 금당로 32,37.303657483282,127.015163362865,주소
경기도 수원시 장안구 금당로 46,37.3026659669498,127.015970877785,주소
경기도 수원시 장안구 금당로 53,37.3032560673114,127.01717395426,주소
경기도 수원시 장안구 금당로 58,37.3018824053395,127.016769958283,주소
경기도 수원시 장안구 금당로10번길 63,37.3021579290143,127.016218463134,주소
경기도 수원시 장안구 대평로 111,37.2977497278923,126.990772967257,주소
경기도 수원시 장안구 대평로 27,37.2906870184418,126.994990959844,주소
경기도 수원시 장안구 대평로 74,37.2950121259324,126.993845709854,주소
경기도 수원시 장안구 대평로 80,37.2955519260015,126.993629573954,주소
경기도 수원시 장안구 대평로 86,37.2959657555274,126.993322655263,주소
경기도 수원시 장안구 대평로39번길 8,37.2920380884064,126.99419195378,주소
경기도 수원시 장안구 대평로51번길 56,37.2922749167961,126.991756382969,주소
경기도 수원시 장안구 대평로51번길 65,37.2912698987095,126.991750966578,주소
경기도 수원시 장안구 대평로52번길 21,37.2942512558729,126.995040798255,주소
경기도 수원시 장안구 대평로90번길 12-9,37.2959492096726,126.993940258815,주소
경기도 수원시 장안구 대평로90번길 19,37.2971305504206,126.993764444711,주소
경기도 수원시 장안구 대평로90번길 46,37.2969113042565,126.995183973201,주소
경기도 수원시 장안구 대평로90번길 8,37.2961720063289,126.993382637997,주소
경기도 수원시 장안구 덕영대로381번길 59,37.3033596572672,126.966330503672,주소
경기도 수원시 장안구 덕영대로417번길 95,37.3046816118957,126.96879474277,주소
경기도 수원시 장안구 덕영대로417번길 98,37.3047607787124,126.969703286582,주소
경기도 수원시 장안구 덕영대로417번길 99,37.3047427704289,126.968712150416,주소
경기도 수원시 장안구 덕영대로511번길 41,37.2993109208786,126.980754906108,주소
경기도 수원시 장안구 덕영대로535번길 34,37.297119631049,126.982107533139,주소
경기도 수원시 장안구 덕영대로535번길 38,37.2971857218212,126.982406060121,주소
경기도 수원시 장안구 만석로159번길 56,37.3041079396166,126.996848716016,주소
경기도 수원시 장안구 만석로177번길 42,37.3038057416839,126.997231217037,주소
경기도 수원시 장안구 만석로19번길 11-3,37.2955692680429,126.983714041148,주소
경기도 수원시 장안구 만석로19번길 11-7,37.2955003927986,126.983454542856,주소
경기도 수원시 장안구 만석로19번길 25-5,37.2961975625536,126.983080286283,주소
경기도 수원시 장안구 만석로19번길 25-6,37.2965397443129,126.982856671128,주소
경기도 수원시 장안구 만석로19번길 35,37.2968844028182,126.982938249128,주소
경기도 수원시 장안구 만석로19번길 41-9,37.2967617354559,126.98268890998,주소
경기도 수원시 장안구 만석로20번길 25,37.2953337999683,126.984868308171,주소
경기도 수원시 장안구 만석로20번길 28,37.293858922501,126.984411392188,주소
경기도 수원시 장안구 만석로68번길 46,37.2957374996856,126.989321017603,주소
경기도 수원시 장안구 만석로68번길 7,37.2973340599415,126.989459743641,주소
경기도 수원시 장안구 상률로 106,37.3040138873756,126.978691806414,주소
경기도 수원시 장안구 상률로 32,37.3067210464426,126.968909406721,주소
경기도 수원시 장안구 상률로12번길 70,37.3050072780869,126.968236940046,주소
경기도 수원시 장안구 상률로12번길 72,37.305041921252,126.968399014776,주소
경기도 수원시 장안구 상률로46번길 3,37.3056965723382,126.971054569432,주소
경기도 수원시 장안구 서부로 2095,37.2961208599226,126.969824047031,주소
경기도 수원시 장안구 송원로 10,37.2966490734835,127.005481664081,주소
경기도 수원시 장안구 송원로 109-8,37.3045092061547,127.01138260469,주소
경기도 수원시 장안구 송원로 20,37.2971044925955,127.006565675301,주소
경기도 수원시 장안구 송원로 81,37.3021277748671,127.009229259471,주소
경기도 수원시 장안구 송원로 83,37.3024498719729,127.00952436569,주소
경기도 수원시 장안구 송정로 190,37.2978765018841,127.018480713963,주소
경기도 수원시 장안구 송정로 41,37.2970868211192,127.001757643522,주소
경기도 수원시 장안구 송정로 58,37.2958925521583,127.003345718094,주소
경기도 수원시 장안구 수성로245번길 18,37.2901934421612,126.99909329026,주소
경기도 수원시 장안구 수성로245번길 30,37.2907173017696,126.998673194771,주소
경기도 수원시 장안구 수성로258번길 83,37.2872917562844,127.004224947256,주소
경기도 수원시 장안구 수성로262번길 84,37.2872914645772,127.004786995472,주소
경기도 수원시 장안구 수성로363번길 2,37.2947890090457,127.012217190742,주소
경기도 수원시 장안구 수일로 103,37.3102133747511,127.002380856812,주소
경기도 수원시 장안구 수일로 145,37.3080280510674,127.007645458287,주소
경기도 수원시 장안구 수일로 150,37.307096136495,127.005555291222,주소
경기도 수원시 장안구 수일로 185,37.3085158033218,127.009795404843,주소
경기도 수원시 장안구 수일로 227,37.3063423829752,127.014501095317,주소
경기도 수원시 장안구 수일로 85,37.3108610593887,127.000886540045,주소
경기도 수원시 장안구 수일로233번길 35,37.3076405995988,127.016528489486,주소
경기도 수원시 장안구 수일로91번길 2,37.3099908385412,127.001029791423,주소
경기도 수원시 장안구 연무로8,37.2931823130429,127.030150080571,주소
경기도 수원시 장안구 율전로 104,37.2985987217504,126.969163476539,주소
경기도 수원시 장안구 율전로 113,37.2998805119006,126.968725781921,주소
경기도 수원시 장안구 율전로101번길 37,37.2985571678697,126.966773530102,주소
경기도 수원시 장안구 율전로101번길 39,37.2985897484711,126.966642231269,주소
경기도 수원시 장안구 율전로107번길 61,37.2991662486181,126.965754558856,주소
경기도 수원시 장안구 이목로 24,37.3093751892028,126.983517493049,주소
경기도 수원시 장안구 이목로 24-3,37.309589687482,126.984570695359,주소
경기도 수원시 장안구 이목로 24-35,37.3086256741139,126.987681530383,주소
경기도 수원시 장안구 이목로 24-9,37.3092796800363,126.984871041205,주소
경기도 수원시 장안구 장안로 191,37.2994053675944,126.995015759177,주소
경기도 수원시 장안구 장안로 226,37.302629156272,126.994350290903,주소
경기도 수원시 장안구 장안로 262,37.3054459322814,126.99203716505,주소
경기도 수원시 장안구 장안로 271,37.3069606337226,126.989365340196,주소
경기도 수원시 장안구 장안로 278,37.306653346609,126.991141071939,주소
경기도 수원시 장안구 장안로 426,37.3183182371035,126.982335250547,주소
경기도 수원시 장안구 장안로217번길 14,37.3017954706152,126.993442150757,주소
경기도 수원시 장안구 장안로29번길 20,37.2871536174997,127.004484875089,주소
경기도 수원시 장안구 장안로29번길 7,37.2872967586603,127.005304161412,주소
경기도 수원시 장안구 장안로30번길 5,37.287909980332,127.005839079373,주소
경기도 수원시 장안구 장안로359번길 20,37.3136569382404,126.984412268744,주소
경기도 수원시 장안구 장안로359번길 21,37.3117916460226,126.98535143451,주소
경기도 수원시 장안구 장안로63번길 45,37.2892924004413,127.001282572998,주소
경기도 수원시 장안구 정자로19번길 13,37.3009946192948,126.978275331656,주소
경기도 수원시 장안구 정자로19번길 18,37.3008456665494,126.979215259771,주소
경기도 수원시 장안구 정자로41번길 12,37.3011528287558,126.981954647988,주소
경기도 수원시 장안구 정자로41번길 5-6,37.3010749218559,126.981012184278,주소
경기도 수원시 장안구 정자로42번길 16,37.3002725823536,126.981222513542,주소
경기도 수원시 장안구 정자로42번길 17,37.3006305297835,126.982165126913,주소
경기도 수원시 장안구 정자로42번길 52,37.2987714202851,126.98157399467,주소
경기도 수원시 장안구 정자천로 171,37.2952261532742,126.99447298788,주소
경기도 수원시 장안구 정자천로 179,37.2961277597522,126.995121766551,주소
경기도 수원시 장안구 정자천로134번길 37,37.2922327432718,126.993086264413,주소
경기도 수원시 장안구 정자천로13번길 130-13,37.2945781208067,126.979604501085,주소
경기도 수원시 장안구 정자천로13번길 17,37.2895912269698,126.978530998789,주소
경기도 수원시 장안구 정자천로13번길 30,37.2901005907317,126.978568859137,주소
경기도 수원시 장안구 정자천로173번길 11-10,37.2957393643988,126.994064900998,주소
경기도 수원시 장안구 정자천로173번길 17,37.2961521339389,126.994152388749,주소
경기도 수원시 장안구 정자천로188번길 49,37.2944761453314,126.997651443542,주소
경기도 수원시 장안구 정자천로189번길 47,37.2984297632631,126.992356753974,주소
경기도 수원시 장안구 조원로112번길 2,37.3024024441573,127.014326073512,주소
경기도 수원시 장안구 조원로112번길 35,37.3038768212296,127.01496093939,주소
경기도 수원시 장안구 천천로 90,37.2998335127834,126.984359404068,주소
경기도 수원시 장안구 천천로21번길 11,37.2934135026595,126.987099248682,주소
경기도 수원시 장안구 천천로74번길 35,37.3000161983679,126.9861720064,주소
경기도 수원시 장안구 파장로 53,37.3053922770229,126.99442520735,주소
경기도 수원시 장안구 파장로54번길 2,37.3057509166283,126.995039591974,주소
경기도 수원시 장안구 하률로12번길 86,37.3009345998309,126.97726045661,주소
경기도 수원시 장안구 화산로 235,37.2997124171544,126.970635482922,주소
경기도 수원시 장안구 화산로 263,37.2993666996734,126.967568671523,주소
경기도 수원시 장안구 화산로 83,37.2912382044803,126.982754796464,주소
경기도 수원시 장안구 화산로 87,37.2917155288546,126.982445001562,주소
경기도 수원시 장안구 화산로125번길 9,37.2941021755474,126.980031842775,주소
경기도 수원시 장안구 화산로187번길 1,37.298640739117,126.975887170447,주소
경기도 수원시 장안구 화산로259번길 27,37.2988719619361,126.967978754786,주소
경기도 수원시 팔달구 갓매산로 38,37.2678790580559,127.005653876318,주소
경기도 수원시 팔달구 고등로 28,37.2726416459612,126.999673592635,주소
경기도 수원시 팔달구 고등로 32,37.2727072409516,127.000540404786,주소
경기도 수원시 팔달구 권광로 246,37.2693868594416,127.035332329353,주소
경기도 수원시 팔달구 권광로 257,37.2703743291738,127.0349660304,주소
경기도 수원시 팔달구 권광로 363,37.2793458506624,127.037194118907,주소
경기도 수원시 팔달구 권광로 373,37.2802988480629,127.036428721436,주소
경기도 수원시 팔달구 권광로260번길 20,37.2705681290546,127.036796205949,주소
경기도 수원시 팔달구 권광로276번길 9,37.2725001652899,127.036426654822,주소
경기도 수원시 팔달구 권광로367번길 22,37.2794810027859,127.035744219325,주소
경기도 수원시 팔달구 권광로367번길 27,37.2788380767348,127.035857124229,주소
경기도 수원시 팔달구 권선로 477,37.264571420974,127.003354365559,주소
경기도 수원시 팔달구 덕영대로697번길 17,37.2849386038752,126.990959920591,주소
경기도 수원시 팔달구 덕영대로735번길 23,37.2821666256442,126.991911181392,주소
경기도 수원시 팔달구 덕영대로735번길 23-1,37.2829987005353,126.9914151558,주소
경기도 수원시 팔달구 덕영대로735번길 65,37.2835600739746,126.995011955455,주소
경기도 수원시 팔달구 덕영대로803번길 39,37.2766778232237,126.997149787265,주소
경기도 수원시 팔달구 덕영대로803번길 43,37.2768024453881,126.997518378214,주소
경기도 수원시 팔달구 덕영대로895번길 3,37.268669946961,126.999820288079,주소
경기도 수원시 팔달구 동말로 105,37.2789158968045,127.005844135197,주소
경기도 수원시 팔달구 매산로 102,37.2705028462143,127.012212138153,주소
경기도 수원시 팔달구 매산로 11,37.2674456705748,127.002725173287,주소
경기도 수원시 팔달구 매산로 22-1,37.2674526602974,127.004064422937,주소
경기도 수원시 팔달구 매산로 32,37.2678342158023,127.004995349925,주소
경기도 수원시 팔달구 매향삼일로 16,37.2857594086078,127.019206909691,주소
경기도 수원시 팔달구 세지로 293,37.2787035290877,127.023332161173,주소
경기도 수원시 팔달구 세지로 393,37.2851216513406,127.028213356829,주소
경기도 수원시 팔달구 세지로152번길 3,37.2650375805277,127.021150423104,주소
경기도 수원시 팔달구 세지로234번길 23,37.27212399629,127.02530863049,주소
경기도 수원시 팔달구 수성로182번길 101,37.2827050490236,126.99436971003,주소
경기도 수원시 팔달구 수성로182번길 107,37.2825506163663,126.994486206165,주소
경기도 수원시 팔달구 수성로244번길 25,37.2878894004571,126.999953087096,주소
경기도 수원시 팔달구 수성로244번길 37-52,37.2871351383464,127.000802586075,주소
경기도 수원시 팔달구 수성로258번길 70,37.2872456634127,127.002882412545,주소
경기도 수원시 팔달구 수원천로 342,37.2843986805914,127.018509556021,주소
경기도 수원시 팔달구 수원천로210번길 19,37.2729833675698,127.019313368547,주소
경기도 수원시 팔달구 아주로 3,37.2751202264477,127.043825034923,주소
경기도 수원시 팔달구 월드컵로 256,37.2834733519294,127.03936236205,주소
경기도 수원시 팔달구 월드컵로 293,37.2847075353107,127.034961045907,주소
경기도 수원시 팔달구 인계로 134,37.2668515017439,127.032197986881,주소
경기도 수원시 팔달구 인계로 21,37.2703753379282,127.0212229456,주소
경기도 수원시 팔달구 일월로18번길 4-17,37.2852463380682,126.98123639682,주소
경기도 수원시 팔달구 일월로18번길 4-26,37.2847747860358,126.981565792823,주소
경기도 수원시 팔달구 일월로22번길 22-5,37.2858307796311,126.981412283074,주소
경기도 수원시 팔달구 일월로22번길 60,37.2861211926258,126.982653457432,주소
경기도 수원시 팔달구 일월로22번길 8,37.2853308343204,126.980546914827,주소
경기도 수원시 팔달구 장다리로233번길 20-24,37.2719134393752,127.02565131262,주소
경기도 수원시 팔달구 장다리로245번길 12,37.2731498543739,127.026033163364,주소
경기도 수원시 팔달구 장안로7번길 49,37.2855985651879,127.002857202461,주소
경기도 수원시 팔달구 정자천로32번길 11,37.2893991624579,126.981994106787,주소
경기도 수원시 팔달구 정자천로32번길 20,37.2881417115202,126.979987858151,주소
경기도 수원시 팔달구 정자천로32번길 55,37.2870999366939,126.982899635706,주소
경기도 수원시 팔달구 정조로 666-10,37.2671336518696,127.017414678289,주소
경기도 수원시 팔달구 정조로 667,37.268029752322,127.016687925655,주소
경기도 수원시 팔달구 정조로 675,37.2686889204572,127.016926183838,주소
경기도 수원시 팔달구 정조로 676,37.2688810828342,127.01833607868,주소
경기도 수원시 팔달구 정조로 697,37.2706870798423,127.017476041124,주소
경기도 수원시 팔달구 중부대로 184-24,37.2760443420304,127.035457891178,주소
경기도 수원시 팔달구 중부대로 245,37.2753962044192,127.042869953548,주소
경기도 수원시 팔달구 중부대로 67,37.2771751306331,127.024493408485,주소
경기도 수원시 팔달구 중부대로143번길 69,37.2812839776591,127.032643678472,주소
경기도 수원시 팔달구 중부대로223번길 93,37.2799695754614,127.040415967039,주소
경기도 수원시 팔달구 중부대로239번길 58,37.2780363986775,127.04246327157,주소
경기도 수원시 팔달구 창룡대로103번길 60,37.2867462872976,127.022444891279,주소
경기도 수원시 팔달구 창룡대로210번길 20,37.2914372073811,127.032443262161,주소
경기도 수원시 팔달구 팔달로 53,37.2734344577536,127.001849773878,주소
경기도 수원시 팔달구 팔달로 63,37.2743517131932,127.002087588618,주소
경기도 수원시 팔달구 팔달로 69,37.2749124275678,127.002259663721,주소
경기도 수원시 팔달구 팔달로110번길 26,37.2778312893024,127.004347548433,주소
경기도 수원시 팔달구 팔달로127번길 54-11,37.2811998151046,127.000541142068,주소
경기도 수원시 팔달구 팔달문로130번길 69,37.2793576273673,127.031714166137,주소
경기도 수원시 팔달구 행궁로 44-9,37.2783103357596,127.014078740267,주소
경기도 수원시 팔달구 향교로 93,37.2721800061651,127.010743866744,주소
경기도 수원시 팔달구 화양로35번길 6,37.2812481509449,126.996517699512,주소
경기도 수원시 팔달구 화양로50번길 30,37.2818662202937,127.001072596111,주소
경기도 수원시 팔달구 화양로68번길 25,37.2834784106744,126.996767370835,주소
경기도 수원시 팔달구 효원로55번길 49,37.2694319330455,127.014066827362,주소
경기도 수원시 팔달구 효원로55번길 51,37.2691244851413,127.014172410746,주소
경기도 수원시 팔달구 효원로93번길 33,37.2669191419831,127.012135121602,주소
경기도 시흥시 거북섬5길 16,37.3210620824086,126.683676093378,주소
경기도 시흥시 거북섬남로 47,37.3225643237657,126.687388434561,주소
경기도 시흥시 거북섬남로 70,37.3213397796999,126.687917672721,주소
경기도 시흥시 거북섬남로 77,37.3212368429273,126.689890543842,주소
경기도 시흥시 거북섬로 207,37.3227222170291,126.687571456348,주소
경기도 시흥시 거북섬로 211,37.3229189627166,126.687761426016,주소
경기도 시흥시 거북섬로 219,37.3235257897755,126.688336236699,주소
경기도 시흥시 계수로 19,37.4474167173712,126.802182932101,주소
경기도 시흥시 계수로 203,37.453171010057,126.820572909357,주소
경기도 시흥시 관곡지로 222-1,37.3948939912499,126.812337944263,주소
경기도 시흥시 군자로 520,37.3438537636978,126.78488703044,주소
경기도 시흥시 군자로 523,37.3434963722521,126.785557840127,주소
경기도 시흥시 군자로 539,37.3438134086222,126.787084653624,주소
경기도 시흥시 군자로465번길 7,37.3491273054149,126.781937329224,주소
경기도 시흥시 군자로504번길 7,37.3448476927334,126.783900878106,주소
경기도 시흥시 군자봉길 299,37.35125545524,126.784056777446,주소
경기도 시흥시 금오로 640,37.4585179846569,126.832361282931,주소
경기도 시흥시 나분들길 44,37.3879752897611,126.818320467283,주소
경기도 시흥시 능곡군자1길 113,37.3676602362811,126.805548373493,주소
경기도 시흥시 능곡군자1길 25,37.3676935978148,126.807158784211,주소
경기도 시흥시 능곡군자1길 89,37.3665232837303,126.805196046527,주소
경기도 시흥시 능곡군자로 2,37.3656457784889,126.805471728635,주소
경기도 시흥시 능곡군자로 50,37.3692845045983,126.806201557117,주소
경기도 시흥시 능곡군자로 54,37.3695529469902,126.806273118358,주소
경기도 시흥시 능곡로 117,37.3648818290294,126.814578437276,주소
경기도 시흥시 능곡로 174,37.3680544265378,126.811724983534,주소
경기도 시흥시 능곡로 178,37.3681317578838,126.811400340896,주소
경기도 시흥시 능곡중앙로 22,37.3652959561639,126.812929042456,주소
경기도 시흥시 대골안길 31,37.4468416257538,126.789066657997,주소
경기도 시흥시 대골안길 40,37.4461761134659,126.788448110575,주소
경기도 시흥시 대은로 16-29,37.4416003175504,126.795200288415,주소
경기도 시흥시 대은로 79,37.4445855599801,126.797083871838,주소
경기도 시흥시 대은로 8-10,37.4394671259028,126.793725485528,주소
경기도 시흥시 대은로 80,37.4442428181712,126.797401099736,주소
경기도 시흥시 대은로 81,37.4446965449735,126.797282349915,주소
경기도 시흥시 대은로 83,37.4449605061598,126.797524375793,주소
경기도 시흥시 대은로 94,37.4450584355383,126.798837249628,주소
경기도 시흥시 대은로103번길 24,37.4475486220909,126.798078271666,주소
경기도 시흥시 대은로104번길 29-10,37.4425862756674,126.800722655495,주소
경기도 시흥시 대은로104번길 40,37.4423476273736,126.800046967726,주소
경기도 시흥시 대은로111번길 10,37.4471530006923,126.800153517603,주소
경기도 시흥시 매화1로 62,37.416348310209,126.807886869339,주소
경기도 시흥시 매화2로 17-1,37.4165747351233,126.812772431546,주소
경기도 시흥시 매화로 71,37.4131904771728,126.815963809034,주소
경기도 시흥시 목감남서로 68,37.3749265204711,126.845057652372,주소
경기도 시흥시 목감남서로 9-5,37.3780048526265,126.85143457841,주소
경기도 시흥시 목감남서로 94,37.3731148712534,126.843038571742,주소
경기도 시흥시 목감둘레로 109,37.3729578518057,126.852946195658,주소
경기도 시흥시 목감둘레로 205,37.3774772458638,126.858590654009,주소
경기도 시흥시 목감둘레로 229-9,37.3790270932259,126.859267109359,주소
경기도 시흥시 목감둘레로 253-7,37.3802943823407,126.861018790867,주소
경기도 시흥시 목감둘레로 258,37.3809971830476,126.862021043211,주소
경기도 시흥시 목감둘레로 41,37.3748170893037,126.847937312341,주소
경기도 시흥시 목감둘레로 59-19,37.3745538020894,126.848071405614,주소
경기도 시흥시 목감둘레로 80,37.3719538374364,126.847606094379,주소
경기도 시흥시 목감둘레로 90,37.3712892354455,126.849855763023,주소
경기도 시흥시 목감우회로 39,37.3818990219157,126.860336099666,주소
경기도 시흥시 목감중앙로 36,37.374572971871,126.853554062635,주소
경기도 시흥시 목감중앙로 47,37.3734804168824,126.854745355083,주소
경기도 시흥시 목감중앙로 53,37.3729745389299,126.855004303714,주소
경기도 시흥시 목감초등길 49,37.3868355534024,126.858899191231,주소
경기도 시흥시 배곧1로 27-15,37.3653496024812,126.712516180176,주소
경기도 시흥시 배곧1로 27-16,37.3613483946855,126.714363161659,주소
경기도 시흥시 배곧1로 28-25,37.3605373083113,126.712695504135,주소
경기도 시흥시 배곧3로 27-7,37.375351414565,126.72305409271,주소
경기도 시흥시 배곧3로 27-8,37.3756873981081,126.727120842752,주소
경기도 시흥시 배곧3로 80,37.3705213854665,126.728963255339,주소
경기도 시흥시 배곧3로 96,37.3698180111966,126.730011406139,주소
경기도 시흥시 배곧4로 103,37.3738595210945,126.734576357199,주소
경기도 시흥시 배곧4로 18,37.3779206073066,126.726468850669,주소
경기도 시흥시 배곧4로 22,37.3775813436,126.72696325273,주소
경기도 시흥시 배곧4로 30,37.3773424502175,126.727496126419,주소
경기도 시흥시 배곧4로 32-13,37.3769532343798,126.726882319181,주소
경기도 시흥시 배곧4로 32-28,37.3781445339791,126.726011558245,주소
경기도 시흥시 배곧4로 32-29,37.3778828396799,126.7252186705,주소
경기도 시흥시 배곧4로 32-9,37.376741229208,126.727157896148,주소
경기도 시흥시 배곧4로 44-5,37.375890735366,126.728677147021,주소
경기도 시흥시 배곧4로 72,37.3749049768949,126.730868045774,주소
경기도 시흥시 배곧4로 81-13,37.3752948034295,126.732476068112,주소
경기도 시흥시 배곧4로 81-39,37.3753313625912,126.737046205636,주소
경기도 시흥시 배곧4로 81-42,37.374507779961,126.73452417094,주소
경기도 시흥시 배곧4로 81-48,37.3748234471796,126.733980117045,주소
경기도 시흥시 배곧4로 81-52,37.3749546918155,126.733724609521,주소
경기도 시흥시 배곧4로 83,37.3748673242486,126.732979319081,주소
경기도 시흥시 배곧4로 87,37.374597699316,126.73340139468,주소
경기도 시흥시 배곧4로 94-39,37.3725966103123,126.734921419486,주소
경기도 시흥시 배곧4로 95,37.3742458829997,126.733976285898,주소
경기도 시흥시 배곧4로 99,37.3740666725143,126.734258152593,주소
경기도 시흥시 배곧5로 74,37.3823171012627,126.735400732421,주소
경기도 시흥시 비둘기공원7길 18,37.4444172059004,126.793108107244,주소
경기도 시흥시 비둘기공원7길 22,37.4441256543336,126.792860185419,주소
경기도 시흥시 산현마을길 25-4,37.3757031814572,126.844903410444,주소
경기도 시흥시 산현마을길 50,37.3765734772226,126.846142432688,주소
경기도 시흥시 산현마을길 56,37.3764882440919,126.845523216495,주소
경기도 시흥시 서울대학로 100,37.3597134751112,126.714209522122,주소
경기도 시흥시 서울대학로 150-17,37.3605482099648,126.718087611195,주소
경기도 시흥시 서울대학로 150-23,37.3598604220414,126.717430633997,주소
경기도 시흥시 서울대학로 172-20,37.3622658073564,126.718379533859,주소
경기도 시흥시 서울대학로 249,37.3688411997515,126.72253117538,주소
경기도 시흥시 서울대학로 255,37.3696150905341,126.723301192584,주소
경기도 시흥시 서울대학로 59-21,37.3575729545218,126.705992084464,주소
경기도 시흥시 서울대학로 59-69,37.3586388805947,126.710380526594,주소
경기도 시흥시 서울대학로 지하 100,37.3594971595361,126.71324997563,주소
경기도 시흥시 서울대학로264번길 12,37.3674688788737,126.724896082751,주소
경기도 시흥시 서울대학로264번길 25,37.368371329452,126.727341176579,주소
경기도 시흥시 서울대학로264번길 26-16,37.3669473090485,126.725647233178,주소
경기도 시흥시 서울대학로264번길 35,37.3677103184992,126.728468295924,주소
경기도 시흥시 서울대학로278번길 19-13,37.3705044199436,126.727970634048,주소
경기도 시흥시 서울대학로278번길 19-14,37.3701625358919,126.728661086977,주소
경기도 시흥시 서울대학로278번길 19-8,37.3698356601897,126.728353838883,주소
경기도 시흥시 서울대학로278번길 21,37.3694849114564,126.728009537798,주소
경기도 시흥시 서울대학로278번길 61,37.3681855990292,126.73067100839,주소
경기도 시흥시 서울대학로278번길 8,37.3696602978227,126.726545129528,주소
경기도 시흥시 서해안로 1587,37.4474037577666,126.784269153061,주소
경기도 시흥시 솔고개길 3-4,37.3823890204227,126.860966485681,주소
경기도 시흥시 수인로 3245,37.4382870905079,126.798016715705,주소
경기도 시흥시 수인로2421번길 72,37.3888691840951,126.85719183287,주소
경기도 시흥시 수인로2793번길 6,37.4069797549432,126.824254134491,주소
경기도 시흥시 수인로3247번길 59,37.4326132827556,126.799003885081,주소
경기도 시흥시 수인로3312번길 16,37.4401230269917,126.788655329604,주소
경기도 시흥시 수인로3413번길 34,37.4401141014567,126.777986758787,주소
경기도 시흥시 수풀안길 14-23,37.381119519899,126.862466139163,주소
경기도 시흥시 수풀안길 22,37.3811861194406,126.862788378081,주소
경기도 시흥시 승지로 110,37.3723859118967,126.812739946427,주소
경기도 시흥시 승지로 54,37.3687572892772,126.810354635421,주소
경기도 시흥시 승지로 9,37.3651984412131,126.810199229281,주소
경기도 시흥시 승지로60번길 17,37.3687372909634,126.812561839965,주소
경기도 시흥시 승지로60번길 25,37.3679868850966,126.812257433445,주소
경기도 시흥시 승지로69번길 16,37.3708121260127,126.809656511968,주소
경기도 시흥시 시청로68번길 10,37.3809357436651,126.800838255491,주소
경기도 시흥시 시청로68번길 3,37.380736929389,126.800061846832,주소
경기도 시흥시 시청로68번길 4,37.3804816333582,126.800520599338,주소
경기도 시흥시 시청로80번길 5,37.3817516955034,126.799390377169,주소
경기도 시흥시 시청로80번길 6,37.3814089923208,126.799470553672,주소
경기도 시흥시 시흥대로 1121,37.4355508869601,126.791170628811,주소
경기도 시흥시 시흥대로1073번길 21,37.4319366751537,126.790473823375,주소
경기도 시흥시 신천로19번길 12,37.4328066032933,126.790625401539,주소
경기도 시흥시 신천로7번길 12,37.4330907390182,126.791517898621,주소
경기도 시흥시 신천천동로25번길 20,37.4367324950638,126.784751537844,주소
경기도 시흥시 신현로202번길 31,37.4057086420117,126.771192306206,주소
경기도 시흥시 신현로38번길 16,37.4069458916263,126.784458853523,주소
경기도 시흥시 역전로 163,37.3477950144715,126.752780914355,주소
경기도 시흥시 역전로 369,37.357795416048,126.73517157897,주소
경기도 시흥시 역전로 435,37.3637985242471,126.736961829601,주소
경기도 시흥시 역전로 455,37.36531022794,126.738123689864,주소
경기도 시흥시 연성로 90,37.3906095698078,126.813321247114,주소
경기도 시흥시 연성로 92,37.3905927469521,126.813509195875,주소
경기도 시흥시 연성로 93,37.3909802061438,126.813864967686,주소
경기도 시흥시 연성로29번길 32,37.3934767323064,126.805782660984,주소
경기도 시흥시 옥구상가1길 29,37.3527254860078,126.721233264366,주소
경기도 시흥시 옥구상가1길 9,37.3540078763874,126.722481039305,주소
경기도 시흥시 옥구천동로 401,37.3570882596963,126.729818618879,주소
경기도 시흥시 옥구천동로 402,37.3567496016802,126.730229791191,주소
경기도 시흥시 옥구천동로 433-11,37.3594106674239,126.731407968946,주소
경기도 시흥시 옥구천동로 433-24,37.3606488080443,126.730199241302,주소
경기도 시흥시 옥구천동로 433-25,37.3601405075216,126.730145524431,주소
경기도 시흥시 옥구천동로 449,37.3604322831816,126.733094699113,주소
경기도 시흥시 옥구천동로374번길 39,37.3529494561148,126.731863502491,주소
경기도 시흥시 옥구천서로373번길 18,37.3571790708339,126.726091398203,주소
경기도 시흥시 옥터로 33,37.3450807428081,126.692442157993,주소
경기도 시흥시 월곶중앙로 18,37.3874766954017,126.742827873837,주소
경기도 시흥시 월곶중앙로30번길 4,37.387693446987,126.742398261746,주소
경기도 시흥시 월곶중앙로70번길 12,37.3898653443472,126.739226935088,주소
경기도 시흥시 월곶중앙로70번길 3,37.389604498274,126.738166472757,주소
경기도 시흥시 월곶해안로 63,37.3926407147109,126.737903631742,주소
경기도 시흥시 월곶해안로 69,37.3917668234052,126.737338766874,주소
경기도 시흥시 은계남길 55,37.4315000210953,126.800672618892,주소
경기도 시흥시 은계남로 12,37.4359106707232,126.801960228111,주소
경기도 시흥시 은계로 260,37.4448174617724,126.80314626122,주소
경기도 시흥시 은계로142번길 6,37.4342869907264,126.805182362711,주소
경기도 시흥시 은계번영길 1,37.436560703562,126.801608573148,주소
경기도 시흥시 은계번영길 11,37.4374038066999,126.802160476001,주소
경기도 시흥시 은계번영길 19,37.4372336750016,126.803011549692,주소
경기도 시흥시 은계번영길 2,37.4365420151402,126.802231444801,주소
경기도 시흥시 은계번영길 21,37.4372141400837,126.803400642345,주소
경기도 시흥시 은계번영길 23,37.4371091976549,126.803904308452,주소
경기도 시흥시 은계번영길 25,37.4367815108798,126.803965954337,주소
경기도 시흥시 은계번영길 27,37.4365348025806,126.803959592201,주소
경기도 시흥시 은계번영길 28,37.436520158622,126.803171950199,주소
경기도 시흥시 은계번영길 40,37.4365558756251,126.802545757391,주소
경기도 시흥시 은계번영길 5,37.4368487148563,126.801582954138,주소
경기도 시흥시 은계번영길 7,37.4370981790032,126.801620713753,주소
경기도 시흥시 은계번영길 9,37.4374709529433,126.801635210149,주소
경기도 시흥시 은계중앙로 115,37.4401813232534,126.802837827161,주소
경기도 시흥시 은계중앙로 140,37.4391407605621,126.805513746131,주소
경기도 시흥시 은계중앙로 237,37.4451050594581,126.803630306759,주소
경기도 시흥시 은계중앙로 325,37.449747316192,126.799426605641,주소
경기도 시흥시 은계중앙로 37,37.433936007149,126.800566954026,주소
경기도 시흥시 은계중앙로 97,37.4386521488684,126.800544382727,주소
경기도 시흥시 은계호수로 31,37.4445135644629,126.803425616908,주소
경기도 시흥시 은계호수로 49,37.4458357485803,126.80204447876,주소
경기도 시흥시 은행고길 18,37.4396823560134,126.799259792274,주소
경기도 시흥시 은행고길 28,37.4407572191332,126.799338620189,주소
경기도 시흥시 은행로 104,37.4408902283894,126.798185886713,주소
경기도 시흥시 은행로 140-1,37.44360692725,126.799966208562,주소
경기도 시흥시 은행로 157,37.4448884841187,126.798984160984,주소
경기도 시흥시 은행로 165,37.445574974245,126.798407116328,주소
경기도 시흥시 은행로 176,37.4464005939093,126.798050279721,주소
경기도 시흥시 은행로 265,37.4439011949356,126.797530168484,주소
경기도 시흥시 은행로 60,37.4373437425251,126.796449071261,주소
경기도 시흥시 은행로 92,37.439715419957,126.79746212135,주소
경기도 시흥시 은행로 93,37.4402119284906,126.797018503533,주소
경기도 시흥시 은행로144번길 36,37.4428898900136,126.802208410479,주소
경기도 시흥시 은행로144번길 4,37.4438585475148,126.800159907109,주소
경기도 시흥시 은행로149번길 6,37.4443214528339,126.799023195834,주소
경기도 시흥시 은행로155번길 17,37.4440657819825,126.797618999086,주소
경기도 시흥시 인선1길 8,37.3779825109646,126.78821335526,주소
경기도 시흥시 인선길 100,37.379841221712,126.780159881286,주소
경기도 시흥시 장곡로 10,37.3798358362533,126.787616614841,주소
경기도 시흥시 장곡로 15,37.3790468452931,126.787134805101,주소
경기도 시흥시 장곡로 17,37.3790621268566,126.786814781862,주소
경기도 시흥시 장곡로 19,37.3790808888995,126.78652658857,주소
경기도 시흥시 장곡로 23,37.379098704201,126.786163652977,주소
경기도 시흥시 장곡로 74,37.3797569948238,126.780655231343,주소
경기도 시흥시 장곡로37번길 7,37.378587357,126.784763704916,주소
경기도 시흥시 장곡로54번길 14,37.380779446634,126.78327876897,주소
경기도 시흥시 장곡로70번길 12,37.381079277624,126.782134912298,주소
경기도 시흥시 장곡로70번길 5,37.3800240942732,126.780917870124,주소
경기도 시흥시 장현능곡로 1,37.3730309031412,126.790980420545,주소
경기도 시흥시 장현능곡로 11,37.3729958430292,126.791791919228,주소
경기도 시흥시 장현능곡로 15,37.3729966283152,126.792135918746,주소
경기도 시흥시 장현능곡로 184,37.3694021885167,126.810658162277,주소
경기도 시흥시 장현능곡로 192,37.3692338510196,126.81131844422,주소
경기도 시흥시 장현능곡로 33,37.3736986211696,126.794303346373,주소
경기도 시흥시 장현능곡로 9,37.3729470313205,126.791549661248,주소
경기도 시흥시 장현순환로 1,37.3806744492306,126.793639691659,주소
경기도 시흥시 장현순환로 100,37.3735961092574,126.795460506343,주소
경기도 시흥시 장현순환로 111,37.371894805874,126.796092606235,주소
경기도 시흥시 장현순환로 58,37.3767278089299,126.795936699625,주소
경기도 시흥시 장현순환로 81,37.3757482423445,126.797051557121,주소
경기도 시흥시 장현장곡로 10,37.3787050026026,126.790569612954,주소
경기도 시흥시 장현장곡로 6,37.3789120410504,126.789697053784,주소
경기도 시흥시 장현천로 133,37.3680358634105,126.803904951815,주소
경기도 시흥시 정왕대로 56,37.3545169532043,126.723018122507,주소
경기도 시흥시 정왕대로117번길 26,37.3535987065424,126.730819296713,주소
경기도 시흥시 정왕대로117번길 7,37.3524730996733,126.729259648031,주소
경기도 시흥시 정왕대로118번길 27,37.34942584828,126.727502139795,주소
경기도 시흥시 정왕대로143번길 15,37.3519773034689,126.732086373375,주소
경기도 시흥시 정왕대로28번길 4,37.3561320105457,126.720057848357,주소
경기도 시흥시 정왕대로298번길 28,37.3401830586372,126.742482191689,주소
경기도 시흥시 정왕대로53번길 14,37.3561223736247,126.72513118927,주소
경기도 시흥시 정왕대로53번길 31,37.3576133017468,126.725287051125,주소
경기도 시흥시 정왕신길로111번길 10,37.355431303043,126.732647036203,주소
경기도 시흥시 정왕신길로49번길 10,37.3588021283026,126.72704461638,주소
경기도 시흥시 정왕신길로49번길 37,37.3610618147614,126.72861371116,주소
경기도 시흥시 정왕천로427번길 30,37.3473613940943,126.751812191435,주소
경기도 시흥시 죽율로 38,37.3480405234517,126.761281592611,주소
"경기도 시흥시 죽율로 45-42(45-42, Jugyul-ro, Siheung-si, Gyeonggi-do, Korea)",37.3503724232477,126.757624283253,주소
경기도 시흥시 중심상가로 104,37.3490393874561,126.728320209308,주소
경기도 시흥시 중심상가로 228,37.3422251220685,126.739302376689,주소
경기도 시흥시 중심상가로 257,37.3409663970339,126.743221282806,주소
경기도 시흥시 중심상가로 287,37.3391834476597,126.745056840645,주소
경기도 시흥시 중심상가로 288,37.3387749653336,126.744951806495,주소
경기도 시흥시 중심상가로 72,37.350630825043,126.725762374826,주소
경기도 시흥시 중심상가로 73,37.3509339971225,126.725985648248,주소
경기도 시흥시 진말1로 18,37.377816391155,126.789693790346,주소
경기도 시흥시 진말1로 8,37.3784885547249,126.789744640924,주소
경기도 시흥시 진말로 36-1,37.3803433632814,126.78590697594,주소
경기도 시흥시 진말로 7,37.3780500941013,126.785268801231,주소
경기도 시흥시 큰솔로52번길 23,37.3409855472497,126.756191346726,주소
경기도 시흥시 큰솔로7번길 10,37.3392981588201,126.751455720607,주소
경기도 시흥시 포도원로 88,37.4351423617618,126.783406970201,주소
경기도 시흥시 포도원로 88-1,37.4342443821362,126.782361232894,주소
경기도 시흥시 하상로 14-7,37.3924887004816,126.813410317318,주소
경기도 시흥시 하상로 40,37.3942199504023,126.812630194479,주소
경기도 시흥시 하중로 135,37.3986465775732,126.800995474857,주소
경기도 시흥시 하중로209번길 10,37.3931304510942,126.80731328661,주소
경기도 시흥시 한우물로 20,37.344425890583,126.784575609564,주소
경기도 시흥시 함송로 21,37.3637645569587,126.73071593439,주소
경기도 시흥시 함송로 23,37.3635656795462,126.731023351495,주소
경기도 시흥시 함송로 24,37.3632165275906,126.730387933666,주소
경기도 시흥시 함송로13번길 16-8,37.3643493108369,126.731821589173,주소
경기도 시흥시 함송로14번길 5-8,37.3632637344014,126.729674339361,주소
경기도 시흥시 함송로29번길 53,37.364615109484,126.736106465578,주소
경기도 시흥시 해송십리로 472-11,37.3838980923383,126.730518842902,주소
경기도 시흥시 해송십리로 472-30,37.3827656582961,126.732091708605,주소
경기도 시흥시 호현로 27번길,37.4431920829497,126.783442191903,주소
경기도 시흥시 호현로103번길 25,37.4471232053239,126.785966687355,주소
경기도 시흥시 호현로49번길 4-1,37.4446732243684,126.784705964295,주소
경기도 시흥시 황고개로 486,37.3742018640133,126.790313204837,주소
경기도 시흥시 황고개로 530,37.3782007909904,126.789251366352,주소
경기도 시흥시 황고개로 531,37.3781229671527,126.78860880932,주소
경기도 시흥시 황고개로 536,37.3784920903055,126.789250551253,주소
경기도 시흥시 황고개로 567,37.3805442597852,126.788090644734,주소
경기도 시흥시 황고개로206번길 43,37.3487841313232,126.786496826228,주소
경기도 안산시 단원구 고잔2길 41,37.317942945143,126.835643311386,주소
경기도 안산시 단원구 고잔로 102,37.3187365163441,126.837624122757,주소
경기도 안산시 단원구 광덕1로 193,37.3081907402061,126.831193085771,주소
경기도 안산시 단원구 광덕1로 195,37.3081653124811,126.831622803713,주소
경기도 안산시 단원구 광덕1로 55,37.308765854485,126.815835779298,주소
경기도 안산시 단원구 광덕1로 61,37.3088021600392,126.816353679712,주소
경기도 안산시 단원구 광덕1로 63,37.3087771427676,126.816722717332,주소
경기도 안산시 단원구 광덕1로 80,37.306297057607,126.819603863752,주소
경기도 안산시 단원구 광덕2로 123,37.3103240655734,126.824103500111,주소
경기도 안산시 단원구 광덕2로 215,37.3097520213858,126.834875237791,주소
경기도 안산시 단원구 광덕3로 178,37.3120597266005,126.832359437082,주소
경기도 안산시 단원구 광덕3로 219,37.3122934365,126.83725195303,주소
경기도 안산시 단원구 광덕3로 240,37.3112602075128,126.839551590966,주소
경기도 안산시 단원구 광덕3로 245,37.3121449582871,126.840103031549,주소
경기도 안산시 단원구 광덕3로 253,37.3120915641331,126.840999963682,주소
경기도 안산시 단원구 광덕3로 48,37.3121723490194,126.818196427875,주소
경기도 안산시 단원구 광덕3로 65,37.3132363193959,126.819865809463,주소
경기도 안산시 단원구 광덕3로 91,37.3130722121745,126.822830817948,주소
경기도 안산시 단원구 광덕대로 130,37.3081170712656,126.830650449765,주소
경기도 안산시 단원구 광덕대로 138,37.3087029556747,126.830609767732,주소
경기도 안산시 단원구 광덕대로 142,37.3090279943409,126.830634644799,주소
경기도 안산시 단원구 광덕대로 146,37.3094302796125,126.830679089431,주소
경기도 안산시 단원구 광덕대로 198,37.3141522577774,126.831071571143,주소
경기도 안산시 단원구 광덕동로 110,37.3139776712528,126.833255403875,주소
경기도 안산시 단원구 광덕동로 39,37.3079215125181,126.832080756157,주소
경기도 안산시 단원구 광덕동로 41,37.3081753720013,126.832107602403,주소
경기도 안산시 단원구 광덕동로 55,37.3094024212534,126.832312883491,주소
경기도 안산시 단원구 광덕동로 61,37.3099416543404,126.832351167397,주소
경기도 안산시 단원구 광덕동로 65,37.310275980883,126.832381446353,주소
경기도 안산시 단원구 광덕동로 71,37.3108060378884,126.832430016834,주소
경기도 안산시 단원구 광덕동로 81,37.3116874550995,126.832448252992,주소
경기도 안산시 단원구 광덕동로 91,37.3126513021701,126.832583514394,주소
경기도 안산시 단원구 광덕서로 15,37.3059864663447,126.826347348487,주소
경기도 안산시 단원구 광덕서로 44,37.3084447797887,126.827347098954,주소
경기도 안산시 단원구 광덕서로 52,37.3092163863959,126.827320292331,주소
경기도 안산시 단원구 광덕서로 54,37.309431927367,126.827329613296,주소
경기도 안산시 단원구 광덕오름길 3-16,37.3361775907275,126.831240836631,주소
경기도 안산시 단원구 단원로 27,37.3278907570884,126.822881555926,주소
경기도 안산시 단원구 단원로 57-1,37.3266797887082,126.825073961974,주소
경기도 안산시 단원구 달미로 24,37.3382277729509,126.814094079882,주소
경기도 안산시 단원구 달미로 64,37.3414187124417,126.815497306415,주소
경기도 안산시 단원구 당곡2로 23,37.3249390230928,126.837938200582,주소
경기도 안산시 단원구 대남로 298,37.219597127131,126.575382005524,주소
경기도 안산시 단원구 대부중앙로 3,37.2477622725709,126.579061819864,주소
경기도 안산시 단원구 대부중앙로 56,37.2456139639834,126.58054494099,주소
경기도 안산시 단원구 대선로 289-18,37.246409929065,126.576667631491,주소
경기도 안산시 단원구 라성로 15,37.3272727549676,126.797766130139,주소
경기도 안산시 단원구 라성로 43,37.3275701220286,126.800328503521,주소
경기도 안산시 단원구 사세충열로 25,37.336425675312,126.830317557904,주소
경기도 안산시 단원구 사세충열로 26,37.3369936850001,126.831262821039,주소
경기도 안산시 단원구 사세충열로 54,37.3386134954464,126.830904519066,주소
경기도 안산시 단원구 산단로 326,37.323445407732,126.787513435793,주소
경기도 안산시 단원구 삼일로 184,37.3352739974768,126.798824579719,주소
경기도 안산시 단원구 새뿔길 100,37.3357486330447,126.780318350824,주소
경기도 안산시 단원구 새뿔길 70,37.3370602499165,126.778909389345,주소
경기도 안산시 단원구 석수로 138,37.3489417052749,126.805452195187,주소
경기도 안산시 단원구 석수로 32,37.3394426443231,126.808676738051,주소
경기도 안산시 단원구 석수로 93,37.3448460400509,126.80603031669,주소
경기도 안산시 단원구 선부광장1로 179,37.3332579315956,126.806268529125,주소
경기도 안산시 단원구 선부광장1로 186,37.3340646975817,126.807030385618,주소
경기도 안산시 단원구 선부광장북로 36,37.3374347050023,126.81171262948,주소
경기도 안산시 단원구 선부광장서로 59,37.3355357451233,126.803868050386,주소
경기도 안산시 단원구 선부로 133,37.3429254569662,126.809275054379,주소
경기도 안산시 단원구 선부로 183,37.3419897567585,126.815421652722,주소
경기도 안산시 단원구 선부로 191,37.3418737889132,126.816286495116,주소
경기도 안산시 단원구 선부로 195,37.3418494638226,126.816694852495,주소
경기도 안산시 단원구 선부로 256,37.3411631892303,126.823475133408,주소
경기도 안산시 단원구 선부로 99,37.341565789295,126.806106238742,주소
경기도 안산시 단원구 선이로3길 40,37.3400122005239,126.799331273681,주소
경기도 안산시 단원구 솔따배기길 134-9,37.2412981998645,126.60000733163,주소
경기도 안산시 단원구 신길로 67,37.3361562056503,126.787742704934,주소
경기도 안산시 단원구 신길로 81,37.3371318631262,126.787654987387,주소
경기도 안산시 단원구 신길로 85,37.3378701773091,126.787861899473,주소
경기도 안산시 단원구 신길중앙로3길 8,37.3360649429776,126.7643302638,주소
경기도 안산시 단원구 안산천남로 119,37.304791582517,126.833735898552,주소
경기도 안산시 단원구 안산천남로 129,37.3048425937885,126.834580858288,주소
경기도 안산시 단원구 안산천남로 53,37.3055437797202,126.825851154535,주소
경기도 안산시 단원구 안산천서로 65,37.3222765280613,126.840498448431,주소
경기도 안산시 단원구 예술대학로 119,37.3270995291161,126.836375718727,주소
경기도 안산시 단원구 예술대학로 17,37.3187208452493,126.836516628745,주소
경기도 안산시 단원구 예술대학로 50,37.3217228563907,126.837396341584,주소
경기도 안산시 단원구 예술대학로 82,37.3242971195193,126.837669135956,주소
경기도 안산시 단원구 와동공원로5안길 22-6,37.3402179437543,126.824278351229,주소
경기도 안산시 단원구 와동로 119,37.34048247637,126.826838410974,주소
경기도 안산시 단원구 와동로1안길 3,37.332343992868,126.826578722053,주소
경기도 안산시 단원구 원곡초교길 9,37.3293447894639,126.796309316641,주소
경기도 안산시 단원구 원선1로 68,37.328972898686,126.806157334187,주소
경기도 안산시 단원구 원선로 113,37.3328036063057,126.804064157752,주소
경기도 안산시 단원구 원선로 47,37.3291098821852,126.798038887711,주소
경기도 안산시 단원구 원선로 49,37.3291911290053,126.798129162239,주소
경기도 안산시 단원구 원선로 53,37.3294140243815,126.79838187653,주소
경기도 안산시 단원구 원선로 59,37.3299152028079,126.798714187425,주소
경기도 안산시 단원구 원선로 65,37.3303498370092,126.799177906659,주소
경기도 안산시 단원구 원선로 67,37.3310177218902,126.800160055806,주소
경기도 안산시 단원구 원선로 81,37.3313313178186,126.801735432975,주소
경기도 안산시 단원구 원초로 41,37.3282636169845,126.803053242474,주소
경기도 안산시 단원구 적금로 182,37.3250882225892,126.827354835277,주소
경기도 안산시 단원구 정지로 57,37.3418768843198,126.811269429655,주소
경기도 안산시 단원구 지곡로 3,37.3360420299489,126.806327053812,주소
경기도 안산시 단원구 초지1로 100,37.3025832163867,126.818336705527,주소
경기도 안산시 단원구 초지1로 35,37.3044936844762,126.812390353113,주소
경기도 안산시 단원구 초지1로 51,37.3045930958367,126.813376395962,주소
경기도 안산시 단원구 초지1로 76,37.3033667881995,126.816372198907,주소
경기도 안산시 단원구 초지2로 43,37.306647324787,126.813522695883,주소
경기도 안산시 단원구 초지동로 33,37.3067472490783,126.816578184952,주소
경기도 안산시 단원구 초지로 100,37.3077541178224,126.815222128309,주소
경기도 안산시 단원구 초지로 118,37.3094058970248,126.81533980101,주소
경기도 안산시 단원구 초지로 128,37.3103128257349,126.815421960886,주소
경기도 안산시 단원구 초지로 153,37.3126611366658,126.814064213084,주소
경기도 안산시 단원구 한양대학로 183,37.3115842392274,126.835238077939,주소
경기도 안산시 단원구 화랑로 102,37.3262158258929,126.800621604984,주소
경기도 안산시 단원구 화랑로 130,37.3249038208476,126.803088751173,주소
경기도 안산시 단원구 화랑로 150,37.3241295395487,126.804541028683,주소
경기도 안산시 단원구 화랑로 159,37.3240459433767,126.806196278611,주소
경기도 안산시 단원구 화랑로 160,37.3234584486343,126.805743217983,주소
경기도 안산시 단원구 화랑로 359,37.3216138821206,126.827196371294,주소
경기도 안산시 단원구 화정천동로 14,37.3062811641568,126.821362659299,주소
경기도 안산시 단원구 화정천동로 296,37.331237516548,126.818521162799,주소
경기도 안산시 단원구 화정천동로 80,37.3123018670136,126.822495781873,주소
경기도 안산시 단원구 화정천서로 545,37.3459203460973,126.817416276733,주소
경기도 안산시 단원구 화정천서로5길 13-10,37.3458012234113,126.81659642753,주소
경기도 안산시 상록구 각골로4길 29,37.3001213755207,126.869402569432,주소
경기도 안산시 상록구 각골서로 49,37.2948638259348,126.867939067646,주소
경기도 안산시 상록구 각골서로2길 15,37.2940058898515,126.867886319959,주소
경기도 안산시 상록구 감골1로 27,37.2878640067418,126.852508515964,주소
경기도 안산시 상록구 감골1로 33,37.2879591681789,126.851724681711,주소
경기도 안산시 상록구 감골1로 37,37.2882991395433,126.851301571016,주소
경기도 안산시 상록구 감골1로 43,37.2894520520426,126.850328433984,주소
경기도 안산시 상록구 감골1로 46,37.2890589898796,126.852530204138,주소
경기도 안산시 상록구 감골2로 13,37.2906075970879,126.854931665209,주소
경기도 안산시 상록구 감골2로 39,37.2906754179249,126.851998357964,주소
경기도 안산시 상록구 감골2로 43,37.2906619561672,126.851465858699,주소
경기도 안산시 상록구 감골2로 47,37.2903699570606,126.850414129154,주소
경기도 안산시 상록구 감골로 123,37.2926203840922,126.855635935916,주소
경기도 안산시 상록구 건건5길 6,37.3067300527444,126.90419575742,주소
경기도 안산시 상록구 건건5길 7,37.3074387660308,126.904702911943,주소
경기도 안산시 상록구 건건7길 15,37.3092573503477,126.905633951002,주소
경기도 안산시 상록구 건건7길 3,37.3095478151976,126.904251968236,주소
경기도 안산시 상록구 건건8길 2,37.311389092494,126.905050671856,주소
경기도 안산시 상록구 건건로 117,37.3113244496118,126.904666309086,주소
경기도 안산시 상록구 건건로 122,37.3116513281332,126.905093772704,주소
경기도 안산시 상록구 건건로 39,37.3052118311115,126.90061795084,주소
경기도 안산시 상록구 건건로 62,37.3064923137761,126.903363601406,주소
경기도 안산시 상록구 고목로3길 27,37.2852422090762,126.859506111328,주소
경기도 안산시 상록구 고목로3길 41,37.2866016440126,126.859538768023,주소
경기도 안산시 상록구 고목로3길 44,37.2868191927312,126.860485290972,주소
경기도 안산시 상록구 광덕산2로 38,37.3345500199347,126.846981509387,주소
경기도 안산시 상록구 광덕산3로 15,37.3374785785181,126.845755484228,주소
경기도 안산시 상록구 구룡로 13,37.311895709622,126.867267634747,주소
경기도 안산시 상록구 구룡로 8-1,37.3112955539712,126.866967384281,주소
경기도 안산시 상록구 구룡서길 21-11,37.31414719753,126.868544865539,주소
경기도 안산시 상록구 남산평길 25,37.3045971746171,126.899267911197,주소
경기도 안산시 상록구 네고지2길 1,37.2973581968813,126.848978293122,주소
경기도 안산시 상록구 도매시장로 119,37.3158275095724,126.865000512389,주소
경기도 안산시 상록구 도매시장로3길 9,37.3135985914977,126.864579205619,주소
경기도 안산시 상록구 반석로 54,37.2964746596568,126.865820872372,주소
경기도 안산시 상록구 본오로 133,37.2971844943894,126.866376770396,주소
경기도 안산시 상록구 본오로 157,37.2991321139299,126.865924879557,주소
경기도 안산시 상록구 본오로 42-1,37.28877621107,126.866469566706,주소
경기도 안산시 상록구 본오로 90,37.2932749899191,126.866779879189,주소
경기도 안산시 상록구 부곡로 15,37.3238171230967,126.85872635293,주소
경기도 안산시 상록구 부곡로 64,37.3280165102723,126.860734108461,주소
경기도 안산시 상록구 부곡로 73,37.3291930349564,126.860468697483,주소
경기도 안산시 상록구 부곡로 74,37.3287319477596,126.861209843062,주소
경기도 안산시 상록구 부곡로 84-1,37.3296370961417,126.861724730683,주소
경기도 안산시 상록구 부곡로 85,37.3299402294463,126.861439156109,주소
경기도 안산시 상록구 삼리로 119,37.3048328899267,126.853835482907,주소
경기도 안산시 상록구 삼일로 678,37.3269364485404,126.851333331117,주소
경기도 안산시 상록구 샘골로 120,37.2945406097644,126.863245113163,주소
경기도 안산시 상록구 샘골로 132,37.2955742467845,126.863295122113,주소
경기도 안산시 상록구 샘골로 139,37.2962334260191,126.862811327478,주소
경기도 안산시 상록구 샘골로 83,37.2913588275351,126.861428742522,주소
경기도 안산시 상록구 샘골로 88,37.2916309370934,126.863051328626,주소
경기도 안산시 상록구 샘골로 90,37.2917771052533,126.863068544139,주소
경기도 안산시 상록구 석호공원로4길 8,37.2998413900056,126.851133917122,주소
경기도 안산시 상록구 석호로 113,37.3009963430092,126.848722089471,주소
경기도 안산시 상록구 석호로 167,37.2972779734483,126.850586546529,주소
경기도 안산시 상록구 석호로 384,37.2926137574812,126.873045771245,주소
경기도 안산시 상록구 석호로 6,37.3106633604224,126.846965182625,주소
경기도 안산시 상록구 석호로 81,37.3040312218195,126.848167937605,주소
경기도 안산시 상록구 성포로 15,37.3236820375351,126.843391012359,주소
경기도 안산시 상록구 성포로 30,37.3232604540028,126.844765746597,주소
경기도 안산시 상록구 성포로 47,37.3240966576185,126.847783233676,주소
경기도 안산시 상록구 성호로 346,37.333446198682,126.862027719035,주소
경기도 안산시 상록구 성호로 70,37.3125554981685,126.865240214691,주소
경기도 안산시 상록구 세류로 9,37.2856557770786,126.860795408176,주소
경기도 안산시 상록구 수암2길 13-7,37.3649898380677,126.878351298599,주소
경기도 안산시 상록구 수인로 1981,37.3610063992677,126.874215686107,주소
경기도 안산시 상록구 안산대학로 35,37.3057903112176,126.862155305073,주소
경기도 안산시 상록구 안산천동로 170,37.3303337966192,126.843718869856,주소
경기도 안산시 상록구 안산천동로 90,37.324342367261,126.842616334389,주소
경기도 안산시 상록구 안산천동로1길 7,37.3313857406558,126.847229961188,주소
경기도 안산시 상록구 안산천동로2길 25-1,37.3328157663666,126.850973978056,주소
경기도 안산시 상록구 안산천서로3길 6-7,37.3331490425643,126.844109554023,주소
경기도 안산시 상록구 예술광장1로 129,37.3266633387258,126.84336586981,주소
경기도 안산시 상록구 예술광장1로 52,37.3290428842534,126.847583132559,주소
경기도 안산시 상록구 예술광장1로 88,37.3267344348164,126.847718000492,주소
경기도 안산시 상록구 오목로 97,37.2903936441064,126.868951255731,주소
경기도 안산시 상록구 오목로3안길 55,37.2916828464218,126.861126244289,주소
경기도 안산시 상록구 용하공원로 7,37.3039264332209,126.850077658936,주소
경기도 안산시 상록구 월피로 31,37.33193865138,126.849014488823,주소
경기도 안산시 상록구 월피로 42,37.3324330091642,126.850831542902,주소
경기도 안산시 상록구 월피로 73,37.3355318223091,126.851466924902,주소
경기도 안산시 상록구 이동2길 21,37.3067044282844,126.861860809171,주소
경기도 안산시 상록구 정재초교길 11,37.338318142048,126.864506399721,주소
경기도 안산시 상록구 조구나리1길 6-3,37.3132535915848,126.843473790404,주소
경기도 안산시 상록구 중보로 22,37.3059280319081,126.850536157989,주소
경기도 안산시 상록구 중보로 31,37.3064995317414,126.850443772376,주소
경기도 안산시 상록구 초당로 25,37.2852620626914,126.850484119641,주소
경기도 안산시 상록구 초당로 30,37.2847261282293,126.850700676879,주소
경기도 안산시 상록구 충장로 50,37.2859969929392,126.856786198182,주소
경기도 안산시 상록구 충장로 533,37.3248899056088,126.848398794967,주소
경기도 안산시 상록구 충장로 579,37.3300182706539,126.850280495648,주소
경기도 안산시 상록구 충장로 665,37.3365161962606,126.855245710709,주소
경기도 안산시 상록구 충장로 670,37.3363078430346,126.856325798619,주소
경기도 안산시 상록구 팔곡두레길 71,37.2969594503603,126.882641197978,주소
경기도 안산시 상록구 항가울로 28,37.2846219757028,126.848086280328,주소
경기도 안산시 상록구 항가울로 294,37.3066036209302,126.843968551539,주소
경기도 안산시 상록구 해안로 776,37.2844184108971,126.83155777193,주소
경기도 안산시 상록구 해양1로 34,37.2951231257989,126.819182692109,주소
경기도 안산시 상록구 해양1로 48,37.2947345334375,126.817847161776,주소
경기도 안산시 상록구 해양2로 28,37.2944998963415,126.823794337809,주소
경기도 안산시 상록구 해양4로 26,37.2841647022601,126.829060125779,주소
경기도 안산시 상록구 해양5로 10,37.281356695589,126.833861998778,주소
경기도 안산시 상록구 해양5로 11,37.2804150846526,126.83307519864,주소
경기도 안산시 상록구 해양5로 38,37.2826526837587,126.833238725427,주소
경기도 안산시 상록구 해양로 11,37.2953254044463,126.821256275459,주소
경기도 안산시 상록구 해양로 14,37.2943534313856,126.820822451393,주소
경기도 안산시 상록구 호동로1길 10,37.31748025152,126.860398293862,주소
경기도 안산시 상록구 화랑로 501,37.3209044057663,126.843990325285,주소
경기도 안산시 상록구 화랑로 514,37.3201591428977,126.844867006534,주소
경기도 안성시 고삼면 고삼호수로 37,37.0826886365557,127.264574553323,주소
경기도 안성시 고수1로 19,37.0155820862211,127.257198305436,주소
경기도 안성시 고수2로 27,37.0156880716427,127.257937030067,주소
경기도 안성시 공도읍 공도1로 25,37.0011502729649,127.168734053794,주소
경기도 안성시 공도읍 공도1로 9,37.0001364697965,127.167203473759,주소
경기도 안성시 공도읍 공도4로 15,37.0013311988394,127.171508179751,주소
경기도 안성시 공도읍 공도4로 21,37.0017816209899,127.171090697783,주소
경기도 안성시 공도읍 공도4로 3,37.0004758153885,127.172121798803,주소
경기도 안성시 공도읍 공도5로 57,37.001725064554,127.169624776915,주소
경기도 안성시 공도읍 공도로 107,37.0005629171447,127.172826513794,주소
경기도 안성시 공도읍 공도로 115-12,37.0022573145698,127.173625997455,주소
경기도 안성시 공도읍 공도로 116-26,36.9982321967646,127.171821956131,주소
경기도 안성시 공도읍 공도로 132,37.0014724082734,127.175081014113,주소
경기도 안성시 공도읍 공도로 142,36.9987210771375,127.174203038195,주소
경기도 안성시 공도읍 공도로 150,37.0016903143857,127.177008492192,주소
경기도 안성시 공도읍 공도로 42-71,36.992926422889,127.165237453547,주소
경기도 안성시 공도읍 공도로 51-12,37.0006139600601,127.168091487723,주소
경기도 안성시 공도읍 공도로 51-14,37.0007668363216,127.167288664048,주소
경기도 안성시 공도읍 공도로 51-16,37.0008874439079,127.168278247058,주소
경기도 안성시 공도읍 공도로 51-18,37.0020820088294,127.168531078148,주소
경기도 안성시 공도읍 공도로 51-21,37.0002652920487,127.16619995259,주소
경기도 안성시 공도읍 공도로 83,36.9998375283271,127.170283079111,주소
경기도 안성시 공도읍 기업단지로 57,37.0028098402492,127.15850296807,주소
경기도 안성시 공도읍 덕봉서원로 60,37.0092206862354,127.171517027777,주소
경기도 안성시 공도읍 서동대로 4424,37.0076572494439,127.193917399026,주소
경기도 안성시 공도읍 송원길 12,37.006941089012,127.171735042857,주소
경기도 안성시 공도읍 송원길 21-6,37.008506999595,127.173152131475,주소
경기도 안성시 공도읍 송원길 23,37.0075166640898,127.172566758923,주소
경기도 안성시 공도읍 송원길 35,37.0073545484012,127.174117010668,주소
경기도 안성시 공도읍 송원길 45,37.0065841589086,127.175012852583,주소
경기도 안성시 공도읍 진건중길 39,36.9919487007513,127.141792818188,주소
경기도 안성시 공도읍 진건중길 45,36.9911134142629,127.141249155102,주소
경기도 안성시 공도읍 진사1길 14,36.9892813869579,127.140443401798,주소
경기도 안성시 공도읍 진사1길 37,36.9861175337172,127.144101604314,주소
경기도 안성시 금광면 금광초교길 54,36.9999226508893,127.324278685065,주소
경기도 안성시 금광면 사흥길 59,37.0011467691567,127.357892399309,주소
경기도 안성시 금광면 외개산길 42,36.9844750524023,127.302017815531,주소
경기도 안성시 금산1길 4,37.0114604235361,127.270511820984,주소
경기도 안성시 금산길 43,37.0133166312457,127.270477723984,주소
경기도 안성시 남파로 101,37.0165146693522,127.261501240734,주소
경기도 안성시 남파로 116,37.0157218350293,127.262755243614,주소
경기도 안성시 내혜홀3길 29,37.0060546170106,127.264904432427,주소
경기도 안성시 당목길 68,37.021971904354,127.275073598891,주소
경기도 안성시 대덕면 내리1길 25,37.0010808942059,127.221468881561,주소
경기도 안성시 대덕면 내리1길 3,37.0023420986867,127.222308409032,주소
경기도 안성시 대덕면 모산로 84,37.0273666585168,127.244878176137,주소
경기도 안성시 대덕면 미륵로 16,37.0506912340149,127.262777491854,주소
경기도 안성시 대덕면 서동대로 4723,37.013192557537,127.225591710796,주소
경기도 안성시 대덕면 신령로 58-33,37.0166003444138,127.223879054808,주소
경기도 안성시 미양면 미양로 72,36.9607344236413,127.188653693621,주소
경기도 안성시 미양면 보체길 47,36.9739663041745,127.238329672638,주소
경기도 안성시 미양면 양지길 40,36.9750219300153,127.212759905752,주소
경기도 안성시 보개면 보개원삼로 649,37.0601982522486,127.295302443728,주소
경기도 안성시 보개면 사갑뜰길 6,37.0122736030876,127.304736720675,주소
경기도 안성시 보개면 성공길 1,37.0397538170077,127.282281057041,주소
경기도 안성시 비룡로 26,37.0147337796988,127.265075686641,주소
경기도 안성시 비룡로 78,37.015078008763,127.262920902801,주소
경기도 안성시 비룡로 89,37.0144011541368,127.261600296822,주소
경기도 안성시 삼죽면 삼죽초교길 20,37.0764564529815,127.374466936335,주소
경기도 안성시 삼죽면 서동대로 5915,37.0307074544406,127.341341671381,주소
경기도 안성시 서운면 매향길 61,36.9359695893003,127.230076510669,주소
경기도 안성시 서운면 바우덕이로 25,36.9448714332284,127.264085557736,주소
경기도 안성시 서운면 서운로 58,36.9199531492434,127.261474836299,주소
경기도 안성시 서운면 서운초교길 24,36.9464627181889,127.254989771413,주소
경기도 안성시 아양1길 33-10,37.0109098134804,127.255824234295,주소
경기도 안성시 아양1로 61,37.0076057700123,127.259380342436,주소
경기도 안성시 아양1로 73,37.0082226909443,127.258452125967,주소
경기도 안성시 아양1로 77-31,37.0070701850345,127.257676795325,주소
경기도 안성시 아양3길 64,37.0074042911099,127.252695972144,주소
경기도 안성시 아양3로 41,37.0054517802356,127.252042808161,주소
경기도 안성시 안성맞춤대로 1090,37.0106095432975,127.270666559041,주소
경기도 안성시 양성면 안성맞춤대로 2304-9,37.1106753631926,127.245031959988,주소
경기도 안성시 양성면 양성로 51,37.0631466121348,127.195808527307,주소
경기도 안성시 양성면 옥단길 43,37.0621218655485,127.195837713043,주소
경기도 안성시 원곡면 가천중앙1길 51-17,37.0418404708165,127.127738984391,주소
경기도 안성시 일죽면 서동대로 7446,37.0914690236326,127.473371226044,주소
경기도 안성시 일죽면 주래본죽로 72,37.0916525838595,127.481714027285,주소
경기도 안성시 일죽면 죽화로 297,37.1077455072372,127.45827237338,주소
경기도 안성시 장기로103번길 22,37.0048774496682,127.275394778145,주소
경기도 안성시 죽산면 개좌길 16,37.0081663541363,127.433139168194,주소
경기도 안성시 죽산면 죽산초교길 43,37.0784831191736,127.421186052772,주소
경기도 안성시 죽산면 죽산향교길 54-40,37.0821284469017,127.423946767492,주소
경기도 안성시 죽산면 죽주로 255,37.0752403462662,127.423470292694,주소
경기도 안성시 죽산면 칠장로 107-9,37.030424003367,127.422747628622,주소
경기도 안성시 죽산면?죽산중앙길 22,37.0771408502911,127.42340022966,주소
경기도 안성시 중앙2길 111,37.0083666343923,127.275692976176,주소
경기도 안성시 중앙로 274-7,37.0117550896819,127.259117245613,주소
경기도 안성시 중앙로 348,37.0081732318866,127.265590417515,주소
경기도 안성시 중앙로389번길 78,37.0107314589597,127.271219242033,주소
경기도 안성시 중앙로411번길 73,37.0101934706205,127.273359688391,주소
경기도 안성시 혜산로 13,37.0122700979863,127.272535418204,주소
경기도 안성시 혜산로 22-1,37.010436510823,127.272881344135,주소
경기도 안양시 동안구 갈산로 15,37.3721324859263,126.960851363502,주소
경기도 안양시 동안구 갈산로 34,37.375494713779,126.962399314766,주소
경기도 안양시 동안구 갈산로 51,37.3765453112904,126.960742714504,주소
경기도 안양시 동안구 갈산로72번길 5,37.3786382152413,126.960214234431,주소
경기도 안양시 동안구 경수대로 430,37.362968072208,126.961170167146,주소
경기도 안양시 동안구 경수대로 458,37.3640702830427,126.960041762151,주소
경기도 안양시 동안구 경수대로 559,37.3726047620171,126.95734427763,주소
경기도 안양시 동안구 경수대로 563,37.3730163487583,126.957090474084,주소
경기도 안양시 동안구 경수대로 579,37.3742968005454,126.956364358201,주소
경기도 안양시 동안구 경수대로 596,37.3757800627489,126.956840739296,주소
경기도 안양시 동안구 경수대로 781,37.3900176713835,126.94625700207,주소
경기도 안양시 동안구 경수대로 890,37.3972453427146,126.937861785219,주소
경기도 안양시 동안구 경수대로 894,37.3973507830902,126.937559257737,주소
경기도 안양시 동안구 경수대로555번길 6,37.3724360174644,126.957143527928,주소
경기도 안양시 동안구 경수대로555번길 9,37.3722080198278,126.95703832427,주소
경기도 안양시 동안구 경수대로570번길 63,37.3749904122969,126.961014940472,주소
경기도 안양시 동안구 경수대로570번길 67,37.3750438106436,126.961190249247,주소
경기도 안양시 동안구 경수대로570번길 69,37.3750833247916,126.961340614092,주소
경기도 안양시 동안구 경수대로584번길 37,37.3755726406981,126.959105683032,주소
경기도 안양시 동안구 경수대로609번길 34,37.3763645973348,126.953843713754,주소
경기도 안양시 동안구 경수대로609번길 40,37.3762368638855,126.953465226488,주소
경기도 안양시 동안구 경수대로610번길 31,37.3777151909745,126.957579727639,주소
경기도 안양시 동안구 경수대로610번길 57,37.3790806852258,126.958830202749,주소
경기도 안양시 동안구 경수대로623번길 42,37.3771372132695,126.952896871598,주소
경기도 안양시 동안구 경수대로623번길 50,37.37682636018,126.952898082133,주소
경기도 안양시 동안구 경수대로623번길 72,37.3750972865843,126.953335980501,주소
경기도 안양시 동안구 경수대로665번길 74-23,37.3783490741309,126.951736336135,주소
경기도 안양시 동안구 경수대로707번길 27,37.3842673540186,126.950197455975,주소
경기도 안양시 동안구 경수대로707번길 28-15,37.3850714352915,126.949366985875,주소
경기도 안양시 동안구 경수대로721번길 44,37.3851900756107,126.948269466245,주소
경기도 안양시 동안구 경수대로883번길 11,37.3955939199528,126.937976306964,주소
경기도 안양시 동안구 경수대로883번길 66,37.3972837504898,126.935056445971,주소
경기도 안양시 동안구 경수대로884번길 19,37.3974806944989,126.938734581424,주소
경기도 안양시 동안구 관악대로 103,37.3991169926785,126.935428914191,주소
경기도 안양시 동안구 관악대로 133,37.3994131683173,126.938662986594,주소
경기도 안양시 동안구 관악대로 155,37.3999174092021,126.940842637921,주소
경기도 안양시 동안구 관악대로 157,37.3991315891507,126.941670299566,주소
경기도 안양시 동안구 관악대로 181,37.3991493690521,126.944158194545,주소
경기도 안양시 동안구 관악대로 183,37.3993733141707,126.94462920666,주소
경기도 안양시 동안구 관악대로 272,37.401860415732,126.952982822964,주소
경기도 안양시 동안구 관악대로 296,37.4024609601237,126.955822621957,주소
경기도 안양시 동안구 관악대로 91,37.3989022092873,126.933835437212,주소
경기도 안양시 동안구 관악대로106번길 77,37.3984182462523,126.938983860299,주소
경기도 안양시 동안구 관악대로339번길 35,37.405682789448,126.960548721191,주소
경기도 안양시 동안구 관악대로418번길 24,37.4035139277765,126.969307796735,주소
경기도 안양시 동안구 관양로 311,37.3972708092535,126.979583030758,주소
경기도 안양시 동안구 관평로 122,37.3882016604667,126.963206456058,주소
경기도 안양시 동안구 관평로 127,37.3887817317397,126.961485348987,주소
경기도 안양시 동안구 관평로 175,37.3922228839188,126.959495499774,주소
경기도 안양시 동안구 관평로 227,37.3967539049065,126.95783620243,주소
경기도 안양시 동안구 관평로 227?,37.3967539049065,126.95783620243,주소
경기도 안양시 동안구 관평로 260,37.3996756715928,126.957150721835,주소
경기도 안양시 동안구 관평로 318,37.4046636498791,126.957695783434,주소
경기도 안양시 동안구 관평로 326,37.4052556664864,126.957824774973,주소
경기도 안양시 동안구 관평로 68,37.3840372617819,126.96574501864,주소
경기도 안양시 동안구 관평로 76,37.3843475276052,126.965275712787,주소
경기도 안양시 동안구 관평로138번길 36,37.3895695701333,126.964907658014,주소
경기도 안양시 동안구 관평로138번길 53,37.3906391266458,126.965050687306,주소
경기도 안양시 동안구 관평로212번길 15,37.3961951051642,126.959684897452,주소
경기도 안양시 동안구 관평로319번길 6,37.405061905933,126.95720875895,주소
경기도 안양시 동안구 관평로328번길 17,37.4052479112026,126.958828878586,주소
경기도 안양시 동안구 관평로328번길 9,37.4054490507082,126.958404651225,주소
경기도 안양시 동안구 관평로336번길 23,37.4067453761087,126.96005163893,주소
경기도 안양시 동안구 관평로336번길 28-2,37.4056757959428,126.959059848383,주소
경기도 안양시 동안구 관평로69번길 14-14,37.3841232854681,126.964143952642,주소
경기도 안양시 동안구 관평로69번길 14-18,37.3842382345645,126.964072986954,주소
경기도 안양시 동안구 관평로69번길 17,37.3832924617602,126.964178222476,주소
경기도 안양시 동안구 관평로69번길 7-8,37.3833129076222,126.964753397395,주소
경기도 안양시 동안구 관평로69번길 8-10,37.3840322570342,126.964659453973,주소
경기도 안양시 동안구 관평로69번길 8-12,37.3841268516217,126.96461627591,주소
경기도 안양시 동안구 관평로79번길 14-18,37.3851228077776,126.96360870246,주소
경기도 안양시 동안구 관평로79번길 8-21,37.3852607035578,126.963443551069,주소
경기도 안양시 동안구 관평로79번길 8-5,37.3847762028081,126.963964443514,주소
경기도 안양시 동안구 귀인로 108,37.3820802244198,126.951757092006,주소
경기도 안양시 동안구 귀인로 152,37.3837335170993,126.956408234274,주소
경기도 안양시 동안구 귀인로 195,37.3857823958895,126.960635595569,주소
경기도 안양시 동안구 귀인로 209,37.3863045244089,126.9622489298,주소
경기도 안양시 동안구 귀인로 212,37.3858152276619,126.962403082205,주소
경기도 안양시 동안구 귀인로 216,37.3860209167516,126.962927710392,주소
경기도 안양시 동안구 귀인로 248,37.3867542915585,126.966033533512,주소
경기도 안양시 동안구 귀인로 253,37.3876735014071,126.966616692923,주소
경기도 안양시 동안구 귀인로 294,37.3843560877801,126.971328216641,주소
경기도 안양시 동안구 귀인로 89-1,37.3822019588731,126.949822936289,주소
경기도 안양시 동안구 귀인로172번길 26,37.3834514604509,126.95882126426,주소
경기도 안양시 동안구 귀인로190번길 114,37.3840306093426,126.963389723109,주소
경기도 안양시 동안구 귀인로190번길 140-20,37.3843209600477,126.962655856025,주소
경기도 안양시 동안구 달안로 10,37.3925153685202,126.945605205764,주소
경기도 안양시 동안구 달안로 113,37.3983562962937,126.954239625939,주소
경기도 안양시 동안구 달안로 157,37.3992921566723,126.959595937339,주소
경기도 안양시 동안구 달안로 161,37.4003527375286,126.960092980273,주소
경기도 안양시 동안구 달안로 170,37.3990951804313,126.960625923025,주소
경기도 안양시 동안구 달안로 25,37.3940869539271,126.945457938327,주소
경기도 안양시 동안구 달안로 37,37.3947604976359,126.946509066602,주소
경기도 안양시 동안구 달안로 95,37.3980665116211,126.953276794561,주소
경기도 안양시 동안구 동안로 13,37.3805119958237,126.956408744097,주소
경기도 안양시 동안구 동안로 178,37.3946052843374,126.950087397967,주소
경기도 안양시 동안구 동안로 194,37.3958094706658,126.949171730196,주소
경기도 안양시 동안구 동안로 2,37.3798041199762,126.957311521581,주소
경기도 안양시 동안구 동안로 26,37.3816428962008,126.956968695775,주소
경기도 안양시 동안구 동안로 56,37.3847177428626,126.955301875705,주소
경기도 안양시 동안구 동안로 73,37.3855494881344,126.953689710592,주소
경기도 안양시 동안구 동안로 90,37.3872924163743,126.954355544748,주소
경기도 안양시 동안구 동안로 97,37.3875314914453,126.95260852022,주소
경기도 안양시 동안구 동안로 98,37.3877439796204,126.953128160839,주소
경기도 안양시 동안구 동편로 117,37.4107134660188,126.968718395995,주소
경기도 안양시 동안구 동편로148번길 11,37.4093553248683,126.966617353134,주소
경기도 안양시 동안구 동편로148번길 19,37.4097304456213,126.966710147645,주소
경기도 안양시 동안구 동편로148번길 9,37.4092258472015,126.966613457231,주소
경기도 안양시 동안구 매곡로 23,37.4066978500128,126.944346300607,주소
경기도 안양시 동안구 벌말로 174,37.4022496050068,126.971424178186,주소
경기도 안양시 동안구 부림로 22,37.3864667084071,126.970485263993,주소
경기도 안양시 동안구 부림로 48,37.3883159777469,126.968427445425,주소
경기도 안양시 동안구 부림로 78,37.3908070615865,126.96719754672,주소
경기도 안양시 동안구 부림로169번길 41,37.397012488583,126.961784480209,주소
경기도 안양시 동안구 비산로 18,37.4001079338864,126.93331485631,주소
경기도 안양시 동안구 시민대로 202,37.391479298647,126.953453547632,주소
경기도 안양시 동안구 시민대로 230,37.3923133697778,126.956516194105,주소
경기도 안양시 동안구 시민대로159번길 41,37.3912756935973,126.947289603464,주소
경기도 안양시 동안구 시민대로159번길 58,37.3921736164853,126.947006994971,주소
경기도 안양시 동안구 시민대로327번길 55,37.4010477665562,126.962798784929,주소
경기도 안양시 동안구 안양판교로 40,37.3987811925146,126.979586460899,주소
경기도 안양시 동안구 운곡로 23,37.4036416740819,126.946883151526,주소
경기도 안양시 동안구 운곡로 52,37.4052606882584,126.943703000621,주소
경기도 안양시 동안구 일동로 201,37.4065992607461,126.968164961845,주소
경기도 안양시 동안구 임곡로 105,37.4085478737357,126.931562719803,주소
경기도 안양시 동안구 임곡로 62,37.4048279070624,126.933751842186,주소
경기도 안양시 동안구 임곡로 67,37.4055005636665,126.933510671953,주소
경기도 안양시 동안구 임곡로80번길 34,37.4068622758923,126.934969114507,주소
경기도 안양시 동안구 평촌대로 107,37.3815658934908,126.960422251572,주소
경기도 안양시 동안구 평촌대로 109,37.3819457930735,126.960236537352,주소
경기도 안양시 동안구 평촌대로 110,37.3823575501894,126.961290021339,주소
경기도 안양시 동안구 평촌대로 111,37.3821674103304,126.960133557116,주소
경기도 안양시 동안구 평촌대로 112,37.3825309683152,126.961201521342,주소
경기도 안양시 동안구 평촌대로 113,37.3823374869001,126.960024619257,주소
경기도 안양시 동안구 평촌대로 116,37.3830049126611,126.960945188932,주소
경기도 안양시 동안구 평촌대로 117,37.3824637927264,126.959972160639,주소
경기도 안양시 동안구 평촌대로 119,37.3826381029543,126.959860283988,주소
경기도 안양시 동안구 평촌대로 119-1,37.3827641384324,126.959807937942,주소
경기도 안양시 동안구 평촌대로 120,37.383248143059,126.960805952683,주소
경기도 안양시 동안구 평촌대로 122,37.3833783272867,126.960764558314,주소
경기도 안양시 동안구 평촌대로 123,37.3830059268623,126.959671634995,주소
경기도 안양시 동안구 평촌대로 124,37.3834954313438,126.960677101541,주소
경기도 안양시 동안구 평촌대로 126,37.3836273229173,126.960622043252,주소
경기도 안양시 동안구 평촌대로 129,37.3835517489087,126.959355182086,주소
경기도 안양시 동안구 평촌대로 130,37.3839351488686,126.960460526639,주소
경기도 안양시 동안구 평촌대로 131,37.3837065231449,126.959292205041,주소
경기도 안양시 동안구 평촌대로 132,37.3841364841639,126.960330568239,주소
경기도 안양시 동안구 평촌대로 133,37.3838443552957,126.959221107035,주소
경기도 안양시 동안구 평촌대로 135,37.3840860545803,126.959089655651,주소
경기도 안양시 동안구 평촌대로 136,37.3844421440758,126.960159678472,주소
경기도 안양시 동안구 평촌대로 137-1,37.3843291046167,126.958956396036,주소
경기도 안양시 동안구 평촌대로 139,37.3844488222469,126.958874579712,주소
경기도 안양시 동안구 평촌대로 140,37.3847541147468,126.96000018851,주소
경기도 안양시 동안구 평촌대로 141,37.3846034021483,126.958771854575,주소
경기도 안양시 동안구 평촌대로 142,37.3849980753489,126.959892110581,주소
경기도 안양시 동안구 평촌대로107번길 20-14,37.3821077906478,126.959421450584,주소
경기도 안양시 동안구 평촌대로117번길 20-6,37.382622359734,126.959143068331,주소
경기도 안양시 동안구 평촌대로117번길 26-12,37.3827201442828,126.958691813923,주소
경기도 안양시 동안구 평촌대로117번길 26-8,37.3825918632765,126.958762906604,주소
경기도 안양시 동안구 평촌대로127번길 106,37.3810687405934,126.959982612456,주소
경기도 안양시 동안구 평촌대로179번길 40,37.3873163123183,126.955348888759,주소
경기도 안양시 동안구 평촌대로180번길 32,37.3882847406243,126.959633914866,주소
경기도 안양시 동안구 평촌대로180번길 56,37.3883977158088,126.960126419042,주소
경기도 안양시 동안구 평촌대로227번길 48,37.3910959283851,126.95280909121,주소
경기도 안양시 동안구 평촌대로427번길 42,37.4094262133009,126.948075017439,주소
경기도 안양시 동안구 포도원로 15,37.3622740069213,126.96371094795,주소
경기도 안양시 동안구 포일로 8,37.3882334473038,126.973992365655,주소
경기도 안양시 동안구 학의로 126,37.3999198834617,126.953202572383,주소
경기도 안양시 동안구 학의로 24,37.3960661184873,126.942932558703,주소
경기도 안양시 동안구 학의로 390,37.3955443550375,126.978040615349,주소
경기도 안양시 동안구 학의로 44,37.396923960477,126.944979637559,주소
경기도 안양시 동안구 학의로 86,37.398366010737,126.948710238334,주소
경기도 안양시 동안구 학의로408번길 25,37.3938370532225,126.980895304498,주소
경기도 안양시 동안구 학의로408번길 34,37.3937022320239,126.979645884192,주소
경기도 안양시 동안구 호성로 28,37.3643890946974,126.964062020164,주소
경기도 안양시 동안구 호성로 31-5,37.3649624212668,126.964072696739,주소
경기도 안양시 동안구 호성로 43,37.3658891023412,126.96458792742,주소
경기도 안양시 동안구 호성로 43-1,37.3660255208689,126.964298530769,주소
경기도 안양시 동안구 호성로 43-2,37.3662552523315,126.963026732106,주소
경기도 안양시 동안구 호성로 49,37.3662893083309,126.964789245539,주소
경기도 안양시 동안구 호성로 55,37.3669077135628,126.963406398188,주소
경기도 안양시 동안구 흥안대로 275,37.3798941184673,126.968465639409,주소
경기도 안양시 동안구 흥안대로223번길 46,37.3771591040299,126.965100185664,주소
경기도 안양시 동안구 흥안대로249번길 25,37.3779834081948,126.965877727111,주소
경기도 안양시 동안구 흥안대로249번길 36,37.378300111926,126.967453195628,주소
경기도 안양시 동안구 흥안대로249번길 38,37.3784256361704,126.967168842021,주소
경기도 안양시 동안구 흥안대로414번길 22,37.3905695079055,126.975580752592,주소
경기도 안양시 동안구 흥안대로434번길 16,37.3925399958854,126.97578248036,주소
경기도 안양시 동안구 흥안대로434번길 19,37.3934769075592,126.976824065501,주소
경기도 안양시 동안구 흥안대로456번길 32,37.3940829588775,126.977412132839,주소
경기도 안양시 동안구 흥안대로456번길 42,37.3936770648972,126.977977693599,주소
경기도 안양시 동안구 흥안대로456번길 46,37.3936924422344,126.978302023239,주소
경기도 안양시 동안구 흥안대로456번길 52,37.3936447191777,126.978472334896,주소
경기도 안양시 동안구 흥안대로456번길 82,37.3931856374362,126.979948221755,주소
경기도 안양시 동안구 흥안대로81번길 66,37.3727525738442,126.954324389955,주소
경기도 안양시 만안구 경수대로 1179,37.4153875527135,126.916739238097,주소
경기도 안양시 만안구 경수대로 1187,37.4156242561401,126.915983256251,주소
경기도 안양시 만안구 경수대로 1201,37.4160076055894,126.91417970977,주소
경기도 안양시 만안구 경수대로 1240,37.4195815018659,126.911982912103,주소
경기도 안양시 만안구 경수대로 1272,37.4207115140689,126.909301370562,주소
경기도 안양시 만안구 경수대로1201번길 14,37.4161404718983,126.913761593669,주소
경기도 안양시 만안구 냉천로 125,37.3923704846543,126.922915761383,주소
경기도 안양시 만안구 능곡로 24,37.3928302440426,126.913860805018,주소
경기도 안양시 만안구 능곡로 52,37.3896035087305,126.914864999659,주소
경기도 안양시 만안구 능곡로 78,37.3881165103812,126.914808978313,주소
경기도 안양시 만안구 덕천로 117,37.3917063375808,126.933925102102,주소
경기도 안양시 만안구 덕천로152번길 25,37.3926558152071,126.93822186211,주소
경기도 안양시 만안구 만안로 210,37.3996481489371,126.924062314759,주소
경기도 안양시 만안구 만안로 31-3,37.38609046256,126.934285836063,주소
경기도 안양시 만안구 명학로 34,37.3797059618456,126.936716686529,주소
경기도 안양시 만안구 명학로 55,37.3799293211446,126.934393282097,주소
경기도 안양시 만안구 문예로 13,37.3844591788808,126.929470495515,주소
경기도 안양시 만안구 박달로 352,37.4044722916256,126.892557751435,주소
경기도 안양시 만안구 박달로 430,37.4016653821881,126.90021186044,주소
경기도 안양시 만안구 박달로 431,37.402048496983,126.900533576541,주소
경기도 안양시 만안구 박달로418번길 70,37.3993979520074,126.897046159005,주소
경기도 안양시 만안구 박달로437번길 21,37.4029113446288,126.899186262411,주소
경기도 안양시 만안구 박달로479번길 4,37.4027043887812,126.90586374141,주소
경기도 안양시 만안구 병목안로 103,37.3936362119005,126.91288168657,주소
경기도 안양시 만안구 병목안로 83,37.3947783504948,126.913376471961,주소
경기도 안양시 만안구 병목안로130번길 69,37.3922330569397,126.904601208374,주소
경기도 안양시 만안구 삼덕로 49,37.3935417786908,126.920014194594,주소
경기도 안양시 만안구 삼덕로63번길 32,37.3933110126057,126.917630844987,주소
경기도 안양시 만안구 삼봉로 23-1,37.4008528795743,126.904401897876,주소
경기도 안양시 만안구 삼봉로 38,37.4007144222473,126.902452386911,주소
경기도 안양시 만안구 석수로 110,37.4061042671503,126.900756257847,주소
경기도 안양시 만안구 석수로 462,37.4293414254584,126.899565365945,주소
경기도 안양시 만안구 석천로 154,37.4111346889123,126.906540529591,주소
경기도 안양시 만안구 성문길 1,37.3798253838123,126.924635221202,주소
경기도 안양시 만안구 소곡로 93,37.3841550395111,126.918601319576,주소
경기도 안양시 만안구 안양로 312-1,37.399966858144,126.920793535525,주소
경기도 안양시 만안구 안양로 336,37.4018612563054,126.919329621126,주소
경기도 안양시 만안구 안양로 357,37.403532992508,126.916322264164,주소
경기도 안양시 만안구 안양로 366,37.4040042279894,126.917478524452,주소
경기도 안양시 만안구 안양로 404,37.4068215190956,126.915159746269,주소
경기도 안양시 만안구 안양로384번길 13,37.4065419696117,126.915968663141,주소
경기도 안양시 만안구 안양로384번길 14,37.4055276681004,126.916956278906,주소
경기도 안양시 만안구 안양로532번길 16,37.4167889251941,126.907895176307,주소
경기도 안양시 만안구 안양천서로 177,37.3940793385544,126.936517366443,주소
경기도 안양시 만안구 안양천서로 249,37.3983799775541,126.926367277614,주소
경기도 안양시 만안구 안양천서로 339,37.4041233592994,126.922289865276,주소
경기도 안양시 만안구 안양천서로 357,37.4056732132744,126.920406669444,주소
경기도 안양시 만안구 양화로 113,37.402844013503,126.910104591795,주소
경기도 안양시 만안구 양화로 217,,,실패
경기도 안양시 만안구 양화로 53,37.3984027413533,126.912440233663,주소
경기도 안양시 만안구 양화로135번길 29,37.4041068107382,126.907671031914,주소
경기도 안양시 만안구 양화로135번길 30,37.404243131172,126.907435486205,주소
경기도 안양시 만안구 양화로135번길 45,37.4028253721881,126.906060563319,주소
경기도 안양시 만안구 양화로135번길 61,37.4040649777529,126.905810762167,주소
경기도 안양시 만안구 양화로28번길 7,37.3965506553677,126.914608348875,주소
경기도 안양시 만안구 양화로37번길 22,37.3968440078042,126.912607495913,주소
경기도 안양시 만안구 양화로37번길 32,37.3969151000854,126.911038978811,주소
경기도 안양시 만안구 양화로37번길 7,37.3967678168257,126.913390444917,주소
경기도 안양시 만안구 연현로 103,37.4333152835384,126.901836788371,주소
경기도 안양시 만안구 연현로 95,37.4327344424667,126.902215944714,주소
경기도 안양시 만안구 연현로1번길 55,37.4252211045071,126.902506238567,주소
경기도 안양시 만안구 연현로1번길 56,37.4263424494084,126.902650865999,주소
경기도 안양시 만안구 연현로79번길 19,37.4310171634715,126.901417787712,주소
경기도 안양시 만안구 연현로79번길 41,37.4304958950341,126.901489312845,주소
경기도 안양시 만안구 예술공원로 57,37.4133053926194,126.916617965542,주소
경기도 안양시 만안구 와룡로 34,37.4074013208529,126.897731546669,주소
경기도 안양시 만안구 와룡로 53,37.4092526368078,126.896684440593,주소
경기도 안양시 만안구 장내로 101,37.3959524372169,126.919313141873,주소
경기도 안양시 만안구 장내로 164,37.3989406199729,126.92569012015,주소
경기도 안양시 만안구 장내로 63,37.3941765735615,126.915894383298,주소
경기도 안양시 만안구 전파로 27,37.3920663296306,126.935951265768,주소
경기도 안양시 만안구 창박로 26,37.3859323792098,126.904370821743,주소
경기도 안양시 만안구 충훈로 81,37.4073203129819,126.899404786923,주소
경기도 안양시 만안구 충훈로 93,37.407529505108,126.898217849954,주소
경기도 안양시 만안구 충훈로83번길 10,37.4070919685796,126.898846329667,주소
경기도 안양시 만안구 충훈로83번길 6,37.4072758111202,126.898886631572,주소
경기도 안양시 만안구 충훈로93번길 7-9,37.4073205040418,126.898678856235,주소
경기도 안양시 만안구 충훈로93번길 8,37.4072492073421,126.898019775965,주소
경기도 안양시 만안구 충훈로93번길 9,37.4071460306888,126.898322169636,주소
경기도 안양시 만안구 태평로134번길 19,37.4010505634315,126.92501152179,주소
경기도 안양시 만안구 태평로52번길 21,37.3955800308439,126.930499620361,주소
경기도 안양시 만안구 태평로52번길 37,37.3960759716372,126.931147060605,주소
경기도 안양시 만안구 태평로52번길 47,37.39639212281,126.931582808592,주소
경기도 안양시 만안구 태평로60번길 24,37.3959605493669,126.930222469988,주소
경기도 안양시 만안구 태평로60번길 42,37.3963332498728,126.930746701312,주소
경기도 안양시 만안구 현충로 45,37.3908231231975,126.926395334751,주소
경기도 안양시 만안구 현충로28번길 54,37.3942501542318,126.928141051891,주소
경기도 양주시 고덕로 15,37.8153656846424,127.049537309894,주소
경기도 양주시 고덕로 179,37.8055024384134,127.061579239348,주소
경기도 양주시 고암길 208,37.8349464788308,127.07444834115,주소
경기도 양주시 고암길 242,37.8355249296288,127.072802292618,주소
경기도 양주시 고암길 305-18,37.8344579798605,127.067890279568,주소
경기도 양주시 고암길 306-77,37.8367598478579,127.068634435741,주소
경기도 양주시 고암길 320,37.8351723690434,127.068163799799,주소
경기도 양주시 고암길 40,37.8316637028601,127.068297565987,주소
경기도 양주시 고암길 44,37.8316660004378,127.068529981302,주소
경기도 양주시 고암길 68,37.8316557648651,127.069850160392,주소
경기도 양주시 고암길 73,37.8326555170962,127.069609371815,주소
경기도 양주시 고암길 77,37.8326434621637,127.070938427082,주소
경기도 양주시 고읍남로 1,37.7956285977059,127.081002061634,주소
경기도 양주시 고읍남로 32,37.7939791603014,127.078410272872,주소
경기도 양주시 고읍남로 5-20,37.7944451780339,127.080355539254,주소
경기도 양주시 고읍남로191번길 12,37.7914059819856,127.084203262208,주소
경기도 양주시 고읍남로191번길 79,37.7912826429858,127.079931023733,주소
경기도 양주시 고읍남로191번길 87,37.7912352500734,127.079535086575,주소
경기도 양주시 고읍남로39번길 129-9,37.7885913412557,127.081436116623,주소
경기도 양주시 고읍로 117-32,37.7976661837783,127.084753438209,주소
경기도 양주시 고읍로35번길 21,37.8002594388737,127.080086261841,주소
경기도 양주시 고읍북로 28-10,37.7974151564187,127.083646576345,주소
경기도 양주시 광적면 광적로224번길 122,37.8408548065684,126.977610466619,주소
경기도 양주시 광적면 부흥로 757,37.8200634709375,126.97916252008,주소
경기도 양주시 광적면 부흥로 793,37.8191977174963,126.982324232885,주소
경기도 양주시 광적면 화합로 248번길18,37.8583545453139,126.963536151091,주소
경기도 양주시 남면 개나리18길 1,37.8971913261868,126.979894250096,주소
경기도 양주시 남면 개나리18길 100,37.893927420937,126.975799130344,주소
경기도 양주시 남면 은남로119번길 373,37.9084069975074,126.998400188137,주소
경기도 양주시 남면 화합로 503,37.8692137695827,126.987901675823,주소
경기도 양주시 덕계로3길 51,37.8137388285628,127.057464411883,주소
경기도 양주시 덕계로4길 4,37.8176909043632,127.057042259855,주소
경기도 양주시 덕정1길 28,37.8456333592899,127.063794691604,주소
경기도 양주시 독바위로300번길 22,37.8195678805641,127.077799153473,주소
경기도 양주시 백석읍 꿈나무로 305,37.7834856577126,126.983014770466,주소
경기도 양주시 백석읍 꿈나무로 321,37.7813651735501,126.983168503571,주소
경기도 양주시 백석읍 양주산성로 585-1,37.7868712901558,126.989061491314,주소
경기도 양주시 백석읍 양주산성로574번길 20,37.7882618439454,126.990185549014,주소
경기도 양주시 백석읍 양주산성로574번길 38,37.7890292711514,126.990040584948,주소
경기도 양주시 백석읍 월암로170번길 107,37.8070829759903,126.961783539326,주소
경기도 양주시 백석읍 중앙로223번길 10-11,37.7964343906539,126.986680850943,주소
경기도 양주시 부흥로 1373-7,37.7860640074588,127.027206623168,주소
경기도 양주시 부흥로 1989,37.7996041067262,127.080839491856,주소
경기도 양주시 부흥로 2019,37.8011026697802,127.082017813739,주소
경기도 양주시 부흥로 2152-10,37.8063123806762,127.093047615714,주소
경기도 양주시 부흥로 2152-3,37.8065802244217,127.093403494,주소
경기도 양주시 삼숭로38번길 102,37.7959003482351,127.106656298515,주소
경기도 양주시 삼숭로38번길 112,37.7967328681976,127.108397501997,주소
경기도 양주시 삼숭로38번길 136,37.7978210536498,127.108879829162,주소
경기도 양주시 삼숭로38번길 71,37.7967975931893,127.105176906868,주소
경기도 양주시 삼숭로38번길 77,37.7966193596552,127.105505580205,주소
경기도 양주시 삼숭로38번길 78-30,37.7935590018549,127.105879414997,주소
경기도 양주시 삼숭로38번길 80,37.7960522511055,127.105856064445,주소
경기도 양주시 삼숭로58번길 100,37.8015640486385,127.107355494043,주소
경기도 양주시 삼숭로58번길 111,37.802205032894,127.105915942074,주소
경기도 양주시 삼숭로58번길 141,37.8040713886678,127.103564341387,주소
경기도 양주시 새터로 5,37.8333749263422,127.087934648222,주소
경기도 양주시 송랑로 118,37.7955862739063,127.089560900218,주소
경기도 양주시 옥정동 1044,37.8232941903643,127.099951604829,주소
경기도 양주시 옥정동로 10,37.8133456605619,127.089746792464,주소
경기도 양주시 옥정동로 173,37.8225835715133,127.099032579399,주소
경기도 양주시 옥정동로 177,37.8229154862343,127.098922509075,주소
경기도 양주시 옥정동로 185,37.8234076504032,127.098741435976,주소
경기도 양주시 옥정동로 187,37.8236481879745,127.098655093666,주소
경기도 양주시 옥정동로 193,37.8241704195499,127.098502793316,주소
경기도 양주시 옥정동로 195,37.8245053044725,127.098395561796,주소
경기도 양주시 옥정동로 212,37.8265296293109,127.098865428998,주소
경기도 양주시 옥정동로 245-41,37.8280660963533,127.096062072661,주소
경기도 양주시 옥정동로 245-7,37.8283070986955,127.097273582128,주소
경기도 양주시 옥정동로2길 20,37.8125470919121,127.093969861967,주소
경기도 양주시 옥정동로3길 56,37.8151667457142,127.095613227032,주소
경기도 양주시 옥정동로3길 57,37.8145967616786,127.09588198822,주소
경기도 양주시 옥정동로4길 11,37.8144787849388,127.099729732285,주소
경기도 양주시 옥정동로4길 3,37.8148815207432,127.099293945057,주소
경기도 양주시 옥정동로4길 67,37.8141812967742,127.10265697885,주소
경기도 양주시 옥정동로7가길 30,37.8202289241341,127.094083522362,주소
경기도 양주시 옥정동로7길 40,37.8212016989849,127.096957482444,주소
경기도 양주시 옥정동로7길 91,37.8217237292982,127.094161290362,주소
경기도 양주시 옥정동로9길 74,37.831169353827,127.095499606868,주소
경기도 양주시 옥정로 139,37.8146089482454,127.089674843367,주소
경기도 양주시 옥정로 142,37.8143165026282,127.090375313654,주소
경기도 양주시 옥정로 143,37.8148642520519,127.089947375094,주소
경기도 양주시 옥정로 147,37.8151024925948,127.090147317637,주소
경기도 양주시 옥정로 148,37.8147873568926,127.090825957846,주소
경기도 양주시 옥정로 152,37.8149923373873,127.091043010991,주소
경기도 양주시 옥정로 200,37.8194417620682,127.092140955451,주소
경기도 양주시 옥정로 204,37.8198459298683,127.092142820773,주소
경기도 양주시 옥정로 208,37.8202768055505,127.092094064219,주소
경기도 양주시 옥정로 214,37.8206905059303,127.092118315849,주소
경기도 양주시 옥정로 222,37.8214014227854,127.092154181486,주소
경기도 양주시 옥정로 226,37.8217351425577,127.092147213799,주소
경기도 양주시 옥정로2길 229,37.8129577110053,127.095695211411,주소
경기도 양주시 옥정로4길 38,37.814622350434,127.093071672542,주소
경기도 양주시 옥정로5길 35,37.8221389355629,127.089479851192,주소
경기도 양주시 옥정로5길 42-9,37.8233926086994,127.088416313472,주소
경기도 양주시 옥정로5길 55,37.8220416212967,127.088420607931,주소
경기도 양주시 옥정로7길 65,37.8277081637786,127.087604652148,주소
경기도 양주시 옥정로7길 9-5,37.8278831967044,127.091311921102,주소
경기도 양주시 옥정서로 227,37.833407927,127.088261618393,주소
경기도 양주시 옥정서로1길 27,37.8147882611438,127.087245612351,주소
경기도 양주시 옥정서로1길 60,37.816507463457,127.083903773679,주소
경기도 양주시 옥정서로5길 27-19,37.8343053478686,127.087200092116,주소
경기도 양주시 옥정서로5길 27-3,37.8352170124545,127.086849688757,주소
경기도 양주시 옥정서로5길 55,37.8346207128728,127.083298810711,주소
경기도 양주시 은현면 삼육사로 473,37.9106989353689,127.006195781742,주소
경기도 양주시 은현면 은현로312번길 121-208,37.8977869131306,127.026603836925,주소
경기도 양주시 은현면 화합로 912,37.8631857022144,127.02428536377,주소
경기도 양주시 장흥면 권율로 53,37.7206378009381,126.944843967844,주소
경기도 양주시 장흥면 일영로 641,37.7003542873981,126.929947103751,주소
경기도 양주시 장흥면 호국로 499,37.7161099501354,126.970364513808,주소
경기도 양주시 평화로 1418-6,37.8182021035151,127.047732594658,주소
경기도 양주시 평화로 1567,37.8301778086511,127.052164703817,주소
경기도 양주시 평화로1261번길 96-46,37.8067552481213,127.039992758449,주소
경기도 양주시 평화로1416번길 66-13,37.8162031803265,127.05004541497,주소
경기도 양주시 평화로1489번길 29,37.8230938193713,127.047583773829,주소
경기도 양주시 화합로 1339-6,37.8454686879946,127.062406741179,주소
경기도 양주시 화합로 1397,37.8424606072808,127.063377393912,주소
경기도 양주시 화합로1325번길 22-35,37.8483831527288,127.063302588196,주소
경기도 양주시 회정로 120,37.8372478514443,127.066511657216,주소
경기도 양주시 회정로 156,37.838079864376,127.070718470364,주소
경기도 양주시 회천남로 54,37.8204429589631,127.095467612763,주소
경기도 양주시 회천남로 76,37.818552988368,127.094053115287,주소
경기도 양주시 회천남로 80,37.818562767844,127.093425291524,주소
경기도 양주시 회천남로 92,37.8185795833124,127.09220870949,주소
경기도 양주시 회천중앙로 192,37.8147559948351,127.051041906065,주소
경기도 양주시 회천중앙로 211,37.817002985153,127.051245042538,주소
경기도 양주시 회천중앙로 215,37.8173104331742,127.051357009867,주소
경기도 양주시 회천중앙로 221,37.8178605940292,127.051686070672,주소
경기도 양주시 회천중앙로 244,37.8193962507943,127.053358286068,주소
경기도 양주시 회천중앙로 248,37.819666000098,127.053550763661,주소
경기도 양주시 회천중앙로 318,37.8258895867298,127.05837831069,주소
경기도 양주시 회천중앙로 343,37.8276558143103,127.057659896253,주소
경기도 양평군 강상면 강남로 922,37.4869660238728,127.479905024958,주소
경기도 양평군 강상면 강남로913번길 1,37.488582416484,127.478505817804,주소
경기도 양평군 강상면 세월길147번길 2,37.4360187551503,127.495026914168,주소
경기도 양평군 강상면 송학길 126,37.4787574453252,127.470929195114,주소
경기도 양평군 강상면 신화길 33-2,37.4743568505607,127.484196255263,주소
경기도 양평군 강상면 신화길 86,37.4739284001195,127.479828997769,주소
경기도 양평군 강하면 왕창부로길 74-3,37.4825312500611,127.4050751389,주소
경기도 양평군 강하면 운심길 19,37.4957045818509,127.408174627335,주소
경기도 양평군 강하면 운심길 33,37.4965550994587,127.409873928366,주소
경기도 양평군 개군면 자진개1길 23,37.4279539797423,127.534372628718,주소
경기도 양평군 개군면 추읍로 15,37.4285807499386,127.539779825267,주소
경기도 양평군 단월면 보룡길 65,37.5396082489021,127.672838407508,주소
경기도 양평군 단월면 보룡길 83,37.5410664305951,127.672501087145,주소
경기도 양평군 서종면 명덕길 10,37.603027595181,127.423286867284,주소
경기도 양평군 서종면 무내미길 67,37.604660152083,127.350884042702,주소
경기도 양평군 서종면 무내미길 80,37.6054647147178,127.349888516754,주소
경기도 양평군 서종면 무드리2길 20,37.6445312879622,127.375739975475,주소
경기도 양평군 서종면 북한강로 768,37.6058446666636,127.349491093286,주소
경기도 양평군 서종면 북한강로 781-10,37.6071755274049,127.348480551421,주소
경기도 양평군 서종면 북한강로 783,37.607090151866,127.348894651834,주소
경기도 양평군 서종면 북한강로 819,37.6104324832386,127.349217302206,주소
경기도 양평군 서종면 북한강로 854,37.6136087190369,127.350798779653,주소
경기도 양평군 서종면 북한강로789번길 8,37.6091019577878,127.348194399337,주소
경기도 양평군 서종면 중미산로 11,37.604130112383,127.353296648317,주소
경기도 양평군 서종면 중미산로 6,37.6036540168387,127.352849793724,주소
경기도 양평군 양동면 고송길 32-16,37.4864109587768,127.700522145986,주소
경기도 양평군 양동면 양동로 1671,37.4307034106213,127.74985728293,주소
경기도 양평군 양동면 양동시장길 2,37.4203491926034,127.754001135127,주소
경기도 양평군 양동면 학둔지윗길 47-7,37.4217049834667,127.755741350785,주소
경기도 양평군 양서면 대심상심길 13,37.5100918596753,127.400933087558,주소
경기도 양평군 양서면 목왕로 54,37.5445793911404,127.328303424984,주소
경기도 양평군 양서면 목왕로 8,37.5420677803501,127.323962851408,주소
경기도 양평군 양서면 방죽들길 5,37.5278908155405,127.415600619381,주소
경기도 양평군 양서면 양서도곡길 8,37.5128974221401,127.382224697851,주소
경기도 양평군 양서면 용담3길 15,37.5447343617758,127.325668119652,주소
경기도 양평군 양평읍,37.4864297288723,127.493513635969,주소
경기도 양평군 양평읍 관문2길 9,37.4944033786435,127.493494406886,주소
경기도 양평군 양평읍 관문길 28,37.4924050484099,127.493107425767,주소
경기도 양평군 양평읍 관문길 68-11,37.4946341739913,127.493202029478,주소
경기도 양평군 양평읍 관문길 68-6,37.4950696305569,127.492639600752,주소
경기도 양평군 양평읍 관문길22번길 16,37.4926599101884,127.494601949876,주소
경기도 양평군 양평읍 관문길22번길 7,37.4922921199063,127.493784127055,주소
경기도 양평군 양평읍 백안길31번길 17-19,37.4948261480541,127.514296004218,주소
경기도 양평군 양평읍 시민로24번길 23,37.4883673268385,127.495945197125,주소
경기도 양평군 양평읍 시민로39번길 22,37.4923462418023,127.495662691952,주소
경기도 양평군 양평읍 십리길 19,37.4953615057293,127.490789581684,주소
경기도 양평군 양평읍 십리길 6,37.4944304699906,127.49142634957,주소
경기도 양평군 양평읍 양근로 135,37.4935468404218,127.487014556966,주소
경기도 양평군 양평읍 양근로 142,37.4930235872581,127.486193831298,주소
경기도 양평군 양평읍 양근로137번길 2,37.4932977321539,127.487185044817,주소
경기도 양평군 양평읍 양근로147번길 5-4,37.4930316598691,127.48801636247,주소
경기도 양평군 양평읍 양근로155번길 6,37.4919817236626,127.488692625993,주소
경기도 양평군 양평읍 양평중학교길 29,37.4985731642886,127.497090965572,주소
경기도 양평군 양평읍 역전길 3,37.491749209284,127.488793444957,주소
경기도 양평군 양평읍 역전길 53,37.4931796703591,127.490067999749,주소
경기도 양평군 양평읍 원덕흑천길 180,37.4680541106493,127.542840013733,주소
경기도 양평군 양평읍 중앙로 14-28,37.4960218704604,127.492343020901,주소
경기도 양평군 양평읍 중앙로 16,37.4966981373372,127.491006176653,주소
경기도 양평군 양평읍 중앙로 27,37.4968186801057,127.492394164063,주소
경기도 양평군 양평읍 중앙로 64-4,37.4950315502089,127.49590524379,주소
경기도 양평군 양평읍 중앙로 68,37.4949028231219,127.496285361916,주소
경기도 양평군 양평읍 중앙로343번길 48,37.4953787631651,127.523884689608,주소
경기도 양평군 양평읍 창대길 20-8,37.488221391543,127.507103069431,주소
경기도 양평군 옥천면 옥천길 51,37.5195819677269,127.459394209504,주소
경기도 양평군 용문면 다문북길 106,37.4878610807024,127.594744994802,주소
경기도 양평군 용문면 다문북길 125,37.487974291971,127.596844017235,주소
경기도 양평군 용문면 다문북길 53,37.4855033674461,127.590233166425,주소
경기도 양평군 용문면 다문북길 69,37.4863140964202,127.591149624487,주소
경기도 양평군 용문면 다문중앙1길 15,37.4847091617188,127.591615808613,주소
경기도 양평군 용문면 다문중앙1길 9-1,37.4844632918994,127.592099030074,주소
경기도 양평군 용문면 다문중앙2길 27,37.4858546613802,127.591531109499,주소
경기도 양평군 용문면 연수로 7-6,37.4881397315731,127.592724492107,주소
경기도 양평군 용문면 용문로 403,37.4874212003727,127.597052186589,주소
경기도 양평군 용문면 용문로 437,37.4918733720804,127.59881542216,주소
경기도 양평군 용문면 용문로 837,37.5098430507667,127.632825083488,주소
경기도 양평군 용문면 용문역길 2-1,37.4838286307405,127.593212560198,주소
경기도 양평군 용문면 중원산로 157,37.5227273105618,127.616000751068,주소
경기도 양평군 지평면 곡수길 56,37.4181082220135,127.613593381215,주소
경기도 양평군 지평면 지평로 418,37.4744740136703,127.634558913609,주소
경기도 양평군 지평면 지평의병로 107,37.4758449686669,127.638038808717,주소
경기도 양평군 청운면 용두로156번길 30,37.5546324903572,127.713671314865,주소
경기도 양평군 청운면 청운로 28,37.5533463598086,127.71142896293,주소
경기도 여주시 가남읍 가남로 649,37.1967631467142,127.605484428059,주소
경기도 여주시 가남읍 경충대로 1472-28,37.2173003092325,127.53558064811,주소
경기도 여주시 가남읍 대명산길 3,37.204008718888,127.543747879942,주소
경기도 여주시 가남읍 양화로 168,37.2387982381921,127.559015316722,주소
경기도 여주시 가남읍 여주남로 1155-15,37.2051792751395,127.555512888078,주소
경기도 여주시 가남읍 태평4길 2,37.2052881121511,127.54759989835,주소
경기도 여주시 가남읍 태평로 32,37.2033527545027,127.546099914499,주소
경기도 여주시 가남읍 태평중앙1길 8-12,37.2031672989696,127.545087261862,주소
경기도 여주시 강천면 간매3길 31,37.2690151051024,127.720430120328,주소
경기도 여주시 강천면 강문로 594,37.2708797828346,127.712448048502,주소
경기도 여주시 강천면 원양1로 716,37.3372101385076,127.751111210483,주소
경기도 여주시 교동로 115,37.280072744182,127.630382282733,주소
경기도 여주시 교동로 55,37.2853216139725,127.630594536929,주소
경기도 여주시 교동로 61-4,37.2844945840143,127.630793656604,주소
경기도 여주시 금사면 이여로 1237,37.3888886746123,127.529897604373,주소
경기도 여주시 대신면 여양1로 237,37.4117203954157,127.569074770399,주소
경기도 여주시 대신면 여양로 1196,37.3635348209376,127.608115284525,주소
경기도 여주시 대신면 여양로 1416,37.3754819571848,127.5893971514,주소
경기도 여주시 대신면 여양로 1440,37.3755059131115,127.587370994161,주소
경기도 여주시 대신면 참샘2길 1,37.3458496975244,127.631318414503,주소
경기도 여주시 도예로 117,37.3124424036005,127.647887335882,주소
경기도 여주시 도예로 120,37.3118788915367,127.647280796504,주소
경기도 여주시 도예로 83-18,37.3108213727673,127.64240154155,주소
경기도 여주시 도예로 83-6,37.3104231449914,127.643558107964,주소
경기도 여주시 도예로 87-1,37.3106455238722,127.644186062803,주소
경기도 여주시 북내면 여강로 337-8,37.3294452758732,127.683497253827,주소
경기도 여주시 북내면 여양2로 304,37.3294169484073,127.680611900701,주소
경기도 여주시 산북면 금품1로 15,37.4053348469864,127.44501367082,주소
경기도 여주시 산북면 상품1길 28,37.4026511264925,127.439923077317,주소
경기도 여주시 세종대왕면 농도원1길 78,37.2967943085926,127.620956120313,주소
경기도 여주시 세종대왕면 능서로 112,37.3077514183025,127.577363180395,주소
경기도 여주시 세종대왕면 마장로 64,37.2985158775722,127.572736485514,주소
경기도 여주시 세종대왕면 백석1길 8-16,37.3336452760706,127.592410243266,주소
경기도 여주시 세종대왕면 양화로 592,37.2735353109803,127.558261273854,주소
경기도 여주시 세종대왕면 양화로 697,37.2803068893404,127.563985299323,주소
경기도 여주시 세종로 204-15,37.2796807390935,127.635197020361,주소
경기도 여주시 세종로 204-17,37.2795078705086,127.633104375529,주소
경기도 여주시 세종로 204-18,37.2799470021771,127.634993587959,주소
경기도 여주시 세종로 204-19,37.2797749844837,127.633415004509,주소
경기도 여주시 세종로 204-20,37.2801449418327,127.634156105929,주소
경기도 여주시 세종로 204-24,37.2800159304847,127.634405458582,주소
경기도 여주시 세종로 204-6,37.2801138731574,127.636419460885,주소
경기도 여주시 세종로 222-1,37.278506588056,127.636510114088,주소
경기도 여주시 세종로 222-4,37.2782905651218,127.636133383935,주소
경기도 여주시 세종로 222-6,37.277720043919,127.636668225026,주소
경기도 여주시 세종로 222-7,37.2783102879759,127.636537439194,주소
경기도 여주시 세종로 224-5,37.277948864075,127.636290281712,주소
경기도 여주시 세종로 230,37.2770352908912,127.635590286183,주소
경기도 여주시 세종로 232,37.2775078018465,127.637113056158,주소
경기도 여주시 세종로 253,37.2755817646309,127.63835174388,주소
경기도 여주시 세종로 254-16,37.274432295456,127.632785857039,주소
경기도 여주시 세종로 254-22,37.2747695102774,127.635736076664,주소
경기도 여주시 세종로 488-4,37.2567459055007,127.64463499898,주소
경기도 여주시 세종로 67,37.2918722911053,127.636191109188,주소
경기도 여주시 세종로45번길 5,37.2937856788583,127.636648072426,주소
경기도 여주시 세종로67번길 16,37.2913068728641,127.637083808621,주소
경기도 여주시 송삼로 165,37.1766234807177,127.632945766409,주소
경기도 여주시 여양로 91,37.2932052842612,127.643288705382,주소
경기도 여주시 여주남로 116,37.2774411804168,127.611231388826,주소
경기도 여주시 여흥로 122,37.295427683703,127.636886006042,주소
경기도 여주시 점동면 청안로 106,37.2042709010836,127.662998756134,주소
경기도 여주시 점동면 청안로 152,37.2059364183246,127.663264416864,주소
경기도 여주시 청심로 221,37.2955207980732,127.646286515014,주소
경기도 여주시 청심로 234-6,37.294345247539,127.645177651043,주소
경기도 여주시 청심로166번길 7,37.2967339500996,127.638280863571,주소
경기도 여주시 학동2길 13,37.3035909480724,127.64425909011,주소
경기도 여주시 현암3길 8,37.3087766811898,127.642087366131,주소
경기도 여주시 흥천면 문바실길 20,37.36108017124,127.512336164597,주소
경기도 여주시 흥천면 이여로 1075,37.3763892516494,127.516830382283,주소
경기도 여주시 흥천면 효자로 155,37.3328237747971,127.540910485719,주소
경기도 여주시 흥천면 흥천로 308-27,37.327377552581,127.555514616054,주소
경기도 연천군 군남면 진상17길 46,38.0678862383613,127.015477924047,주소
경기도 연천군 군남면 청정로 2289,38.0306147971937,127.040297537155,주소
경기도 연천군 미산면 왕산로 15,38.0562873991655,127.010990792078,주소
경기도 연천군 백학면 두일로 79,38.0266518166956,126.908224963382,주소
경기도 연천군 백학면 백학로40번길 23,38.0316114400377,126.921589845891,주소
경기도 연천군 백학면 진목로 26,37.9990157595639,126.916664164296,주소
경기도 연천군 신서면 연신로 1127-1,38.1830174044354,127.105351854604,주소
경기도 연천군 연천읍 상리로 70,38.1353382824425,127.075093071728,주소
경기도 연천군 연천읍 연천로 228,38.0977092357146,127.07531105974,주소
경기도 연천군 연천읍 연천로248번길 7,38.0990051094373,127.075031363579,주소
경기도 연천군 연천읍 연천로336번길 13,38.108223907138,127.076673114788,주소
경기도 연천군 전곡읍 선사로 433,38.0279094284109,127.07211047761,주소
경기도 연천군 전곡읍 선사로439번길 2,38.0284004937543,127.072596615931,주소
경기도 연천군 전곡읍 은대로 210,38.052685195695,127.060405317727,주소
경기도 연천군 전곡읍 은전로 104,38.0285003469964,127.071071631028,주소
경기도 연천군 전곡읍 은전로 94,38.0285123905158,127.070069005485,주소
경기도 연천군 전곡읍 은전로104번길 10,38.0281909649277,127.07107896322,주소
경기도 연천군 전곡읍 은전로92번길 47,38.0267169245514,127.070990751529,주소
경기도 연천군 전곡읍 전곡로 134,38.0242967860228,127.069453056042,주소
경기도 연천군 전곡읍 전은길 21,38.0343152146342,127.071169969158,주소
경기도 연천군 전곡읍 전은길 9-9,38.0314288288907,127.07057967129,주소
경기도 연천군 전곡읍 첫마을길 17,37.9404967267996,127.000616586056,주소
경기도 연천군 청산면 궁평로45번길 52,38.028077572935,127.104564888846,주소
경기도 연천군 청산면 아우라지길 13-32,38.0347670020816,127.107488591859,주소
경기도 연천군 청산면 청창로 726,38.0232918077438,127.136515708321,주소
경기도 연천군 청산면 학담로 104,37.9981651487684,127.07368344506,주소
경기도 오산시 가수1로 10,37.1451273441327,127.053627656848,주소
경기도 오산시 가수1로 15,37.1458999881688,127.052453073504,주소
경기도 오산시 가수로 31,37.1463667634969,127.049023889509,주소
경기도 오산시 가수로 50,37.1481039031562,127.047956107738,주소
경기도 오산시 경기대로 102-5,37.1339545008215,127.073247075906,주소
경기도 오산시 경기대로 105,37.1340795651326,127.072371839248,주소
경기도 오산시 경기대로 154,37.138475825833,127.073862014084,주소
경기도 오산시 경기대로 155,37.1386456909576,127.07311091148,주소
경기도 오산시 경기대로 174,37.1402792522578,127.073792972247,주소
경기도 오산시 경기대로 24-27,37.1266197293938,127.071232217144,주소
경기도 오산시 경기대로 53,37.1297399325213,127.071226813772,주소
경기도 오산시 경기대로 74,37.1305533050585,127.072296006995,주소
경기도 오산시 경기대로 99-16,37.1339106653811,127.070797997142,주소
경기도 오산시 경기대로25번길 45,37.1305537925018,127.071192802437,주소
경기도 오산시 경기대로636번길 51,37.1825045043489,127.056827772626,주소
경기도 오산시 경기대로658번길 45,37.1816392687658,127.056540974192,주소
경기도 오산시 고을1길 27,37.1440782300126,127.053648977457,주소
경기도 오산시 고을1길 36,37.1443550608501,127.054580815084,주소
경기도 오산시 궐리사로29번길 15,37.1615556193865,127.056180943936,주소
경기도 오산시 궐리사로29번길 19,37.1622008080431,127.056870775702,주소
경기도 오산시 궐리사로46번길 3,37.1591066240575,127.0578871925,주소
경기도 오산시 금암로11번길 5,37.1707683717644,127.051451140948,주소
경기도 오산시 남부대로 411-40,37.1359459397539,127.082566185019,주소
경기도 오산시 남부대로 430-7,37.133930841184,127.081995655922,주소
경기도 오산시 남부대로 445-2,37.1337647033368,127.084155837445,주소
경기도 오산시 남부대로 459,37.133417268311,127.085145144579,주소
경기도 오산시 남부대로441번길 24-6,37.1355427121248,127.085743001092,주소
경기도 오산시 내삼미로 109,37.172917892381,127.065089845513,주소
경기도 오산시 내삼미로 127,37.1744825090409,127.064387308715,주소
경기도 오산시 내삼미로 18,37.1647889523944,127.069169939475,주소
경기도 오산시 내삼미로 83,37.1696462808198,127.066007169342,주소
경기도 오산시 내삼미로 85,37.1698712194258,127.06594442395,주소
경기도 오산시 내삼미로48번길 17,37.1679847513231,127.068669899167,주소
경기도 오산시 내삼미로79번길 48,37.1697710581714,127.065391267214,주소
경기도 오산시 내삼미로80번길 15-1,37.1689945043001,127.067679756289,주소
경기도 오산시 대원로 72,37.1461221085706,127.076461943531,주소
경기도 오산시 대원로 76,37.1458836561071,127.076929165985,주소
경기도 오산시 동부대로 332-10,37.1315034935927,127.079447407169,주소
경기도 오산시 동부대로 332-13,37.1321034647615,127.079112103152,주소
경기도 오산시 동부대로436번길 34,37.1396159386918,127.081819908968,주소
경기도 오산시 매홀로 46,37.1617290933998,127.063290957989,주소
경기도 오산시 매홀로 71,37.163815802759,127.062021367796,주소
경기도 오산시 문시로 183-19,37.1920276434199,127.065238921787,주소
경기도 오산시 문시로 183-30,37.1926003660138,127.065541261628,주소
경기도 오산시 문시로 183-4,37.1907964436539,127.067334073196,주소
경기도 오산시 문헌공로 3,37.1745161702814,127.05074011902,주소
경기도 오산시 문헌공로 9,37.1747457399083,127.051204084347,주소
경기도 오산시 발안로 1350,37.1410106187065,127.046949795539,주소
경기도 오산시 발안로 1364,37.141807100847,127.048210669403,주소
경기도 오산시 부산중앙로 12,37.1501522777819,127.09158739887,주소
경기도 오산시 부산중앙로 25-6,37.1509103578255,127.090742705041,주소
경기도 오산시 부산중앙로 37,37.1519799795735,127.090893475076,주소
경기도 오산시 부산중앙로 42,37.1521896584039,127.09217375418,주소
경기도 오산시 부원로87번길 19,37.1418097561656,127.086508351371,주소
경기도 오산시 북삼미로 119,37.1858733580357,127.06187981837,주소
경기도 오산시 북삼미로 183-6,37.1920878851205,127.061086238838,주소
경기도 오산시 북삼미로 183-9,37.191355838101,127.060268084886,주소
경기도 오산시 삼미로 34,37.1754769356977,127.062152848755,주소
경기도 오산시 성호대로 43,37.1504566832477,127.067039273398,주소
경기도 오산시 성호새싹길 8,37.1501867579383,127.071007119593,주소
경기도 오산시 세남로 28-13,37.1936858002185,127.03485742431,주소
경기도 오산시 세마문학로 45,37.1697120820581,127.027631737308,주소
경기도 오산시 세마문학로 50,37.1684381171246,127.02586197666,주소
경기도 오산시 수목원로 458,37.1747407165322,127.050521819346,주소
경기도 오산시 수목원로 462,37.1750508935891,127.050230608106,주소
경기도 오산시 수목원로 466,37.1752735518465,127.050000030329,주소
경기도 오산시 수목원로 559-9,37.1810725654609,127.042615127128,주소
경기도 오산시 수목원로 577-13,37.1828670494126,127.041246848596,주소
경기도 오산시 수목원로 577-18,37.1841454496682,127.039710322124,주소
경기도 오산시 수목원로 615,37.1837520944988,127.041162191874,주소
경기도 오산시 수목원로468번길 28,37.1749495884301,127.051551152726,주소
경기도 오산시 수목원로468번길 5,37.1760512915008,127.049478731508,주소
경기도 오산시 수목원로468번길 6-3,37.175607074497,127.05053827342,주소
경기도 오산시 수청로 107,37.1757667816579,127.051904610537,주소
경기도 오산시 수청로 124,37.1788261062616,127.052378760763,주소
경기도 오산시 수청로 189,37.1768277354926,127.045884738398,주소
경기도 오산시 수청로 193,37.1766585771507,127.045495808082,주소
경기도 오산시 수청로 201,37.1763973707934,127.044521614165,주소
경기도 오산시 수청로 204-20,37.1787348322615,127.043947892021,주소
경기도 오산시 수청로 209,37.1761383100468,127.043815991307,주소
경기도 오산시 수청로 5,37.1705208863571,127.058376123167,주소
경기도 오산시 양산로 448,37.1972101426579,127.032110717054,주소
경기도 오산시 양산로410번길 12,37.1953252765198,127.030225221134,주소
경기도 오산시 양산로410번길 16,37.1952014847284,127.030526578745,주소
경기도 오산시 양산로410번길 8,37.1955192093488,127.029765414374,주소
경기도 오산시 여계산로 52-24,37.1744490816939,127.046925887178,주소
경기도 오산시 여계산로 52-6,37.1745231959201,127.045416606625,주소
경기도 오산시 여계산로 7,37.1706171205148,127.04469905342,주소
경기도 오산시 오산대역로 123,37.1708472915399,127.055473842983,주소
경기도 오산시 오산대역로 214,37.1708566340461,127.065584631302,주소
경기도 오산시 오산로 91-12,37.1355647279786,127.068681555544,주소
경기도 오산시 오산로 92,37.1355127375773,127.069760250808,주소
경기도 오산시 오산로 93,37.1351674492757,127.06868265953,주소
경기도 오산시 오산로132번길 10,37.1383758195927,127.069214427873,주소
경기도 오산시 오산로132번길 27,37.1394457831441,127.070818574253,주소
경기도 오산시 오산로132번길 29,37.1397626210273,127.073005512945,주소
경기도 오산시 오산로132번길 36,37.1386543978473,127.072725775512,주소
경기도 오산시 오산로160번길 11,37.1414406396206,127.069911338264,주소
경기도 오산시 오산로160번길 15,37.1414688984713,127.070426184706,주소
경기도 오산시 오산로240번길 8,37.1482711630693,127.069388463078,주소
경기도 오산시 외삼미로 135,37.1969972470074,127.060252069367,주소
경기도 오산시 외삼미로 137,37.1975336843823,127.060525189493,주소
경기도 오산시 외삼미로 162-52,37.1967494806711,127.064981895155,주소
경기도 오산시 외삼미로91번길 100,37.1932818915307,127.058179868882,주소
경기도 오산시 운암로 116,37.1559510291281,127.079763086499,주소
경기도 오산시 운암로 121,37.1568556991675,127.078401524002,주소
경기도 오산시 운암로 125,37.1572028219837,127.078484513944,주소
경기도 오산시 운암로 133,37.1582993174583,127.078078563216,주소
경기도 오산시 운암로 17,37.1477334167518,127.075990238488,주소
경기도 오산시 운암로 35,37.1495062102775,127.076054373591,주소
경기도 오산시 운암로 72,37.1528501342725,127.078263767049,주소
경기도 오산시 운천로 74,37.1493339270944,127.074780862272,주소
경기도 오산시 운천로 77,37.1497074219846,127.074341998032,주소
경기도 오산시 운천로 81,37.1500407492624,127.074301462734,주소
경기도 오산시 운천로 89,37.1507251114878,127.07428918705,주소
경기도 오산시 운천로 95,37.151194169306,127.074342778026,주소
경기도 오산시 운천로 99,37.151689996555,127.074383563051,주소
경기도 오산시 운천로165번길 62,37.1565104251136,127.076032794686,주소
경기도 오산시 원당로 22,37.1410392910021,127.092550557574,주소
경기도 오산시 원당로 35,37.1410895478176,127.093383286482,주소
경기도 오산시 원당로 7,37.1422443673472,127.090570048379,주소
경기도 오산시 원동로 63,37.1439693046833,127.076027893908,주소
경기도 오산시 죽담2로 8,37.1646522859673,127.049073751677,주소
경기도 오산시 죽담3로 12,37.1636867625325,127.051088652884,주소
경기도 오산시 죽담3로 6,37.1636899272508,127.050431824729,주소
경기도 오산시 죽담로 107,37.1643231006523,127.0473738046,주소
경기도 오산시 죽담로 108,37.1643704989112,127.050424620942,주소
경기도 오산시 죽담로 69,37.162645157757,127.047583178896,주소
경기도 오산시 청학로 43,37.1543059093432,127.062605619139,주소
경기도 오산시 청학로147번길 10,37.1627718011076,127.063283608629,주소
경기도 오산시 청학로17번길 40,37.1538501868443,127.060635683454,주소
경기도 오산시 초평중앙로 127-14,37.1439570383931,127.047971161124,주소
경기도 오산시 초평중앙로 18,37.1360666696545,127.048089529249,주소
경기도 오산시 초평중앙로 37,37.1357967868621,127.045852971397,주소
경기도 오산시 초평중앙로 52,37.1374670576725,127.045689322019,주소
경기도 오산시 현충로 107-30,37.160818012512,127.081995191005,주소
경기도 용인시 기흥구 갈곡로8번길 4-7,37.2712712101963,127.129615732991,주소
경기도 용인시 기흥구 강남동로 1,37.2719083784127,127.128003183227,주소
경기도 용인시 기흥구 강남동로 10,37.2712306296664,127.128156949507,주소
경기도 용인시 기흥구 강남동로 126,37.2753431881143,127.136824222934,주소
경기도 용인시 기흥구 강남동로 18,37.2708293755631,127.12908833959,주소
경기도 용인시 기흥구 강남동로 56,37.2699499163427,127.133274847768,주소
경기도 용인시 기흥구 강남동로 61,37.2712833017402,127.13325205553,주소
경기도 용인시 기흥구 강남동로114번길 22,37.273116942932,127.137330722724,주소
경기도 용인시 기흥구 강남로 12,37.271094585986,127.12747685888,주소
경기도 용인시 기흥구 강남서로 26,37.2740388551227,127.128116834875,주소
경기도 용인시 기흥구 강남서로 38,37.2749679288113,127.128604934412,주소
경기도 용인시 기흥구 강남서로75번길 9,37.2778390573435,127.128967820209,주소
경기도 용인시 기흥구 공세로 226,37.2400290211559,127.102562903765,주소
경기도 용인시 기흥구 공세로82번길 5,37.2319187930235,127.109801808552,주소
경기도 용인시 기흥구 관곡로 15,37.283230336865,127.107693079565,주소
경기도 용인시 기흥구 관곡로 18,37.2821816551641,127.107651892795,주소
경기도 용인시 기흥구 관곡로 51,37.2832383491166,127.111687319103,주소
경기도 용인시 기흥구 관곡로 61,37.2832249498064,127.113741640879,주소
경기도 용인시 기흥구 구갈로 115-18,37.2853142818267,127.109436615657,주소
경기도 용인시 기흥구 구갈로 36,37.2779426233543,127.111929137152,주소
경기도 용인시 기흥구 구갈로 64,37.2802006571346,127.111516509605,주소
경기도 용인시 기흥구 구갈로 70,37.2805547932475,127.111678279461,주소
경기도 용인시 기흥구 구갈로60번길 11,37.279835650507,127.112653825494,주소
경기도 용인시 기흥구 구갈로60번길 15,37.2798444265396,127.112994259028,주소
경기도 용인시 기흥구 구갈로60번길 17,37.2798468811688,127.113254285748,주소
경기도 용인시 기흥구 구갈로60번길 5-1,37.2803047969341,127.111824610891,주소
경기도 용인시 기흥구 구갈로60번길 9,37.2798509070294,127.112338911362,주소
경기도 용인시 기흥구 구갈로72번길 10,37.2805988112535,127.112484807367,주소
경기도 용인시 기흥구 구갈로72번길 14,37.2805926483378,127.112995490312,주소
경기도 용인시 기흥구 구성1로 23,37.2932096929375,127.145002392898,주소
경기도 용인시 기흥구 구성1로 61,37.2943964756957,127.149257191762,주소
경기도 용인시 기흥구 구성3로 38,37.2955017961538,127.151441268974,주소
경기도 용인시 기흥구 구성3로 65,37.2998817515135,127.149441951314,주소
경기도 용인시 기흥구 구성3로28번길 14,37.2947842411436,127.151979828793,주소
경기도 용인시 기흥구 구성3로28번길 24,37.2955880173644,127.152150056087,주소
경기도 용인시 기흥구 구성3로28번길 30,37.2961334631884,127.1521123571,주소
경기도 용인시 기흥구 구성로 102,37.2934850405222,127.120420222827,주소
경기도 용인시 기흥구 구성로 110,37.2931861180545,127.120909659405,주소
경기도 용인시 기흥구 구성로 163,37.291962238418,127.126850619329,주소
경기도 용인시 기흥구 구성로 470,37.2970870890748,127.15360146072,주소
경기도 용인시 기흥구 구성로 51,37.2956327163536,127.115391047723,주소
경기도 용인시 기흥구 구성로 56-1,37.2947692410213,127.115772058486,주소
경기도 용인시 기흥구 구성로 58,37.2947607859291,127.116033134931,주소
경기도 용인시 기흥구 구성로 88,37.2941692294176,127.118963509904,주소
경기도 용인시 기흥구 구성로 95,37.2941818155634,127.120151223598,주소
경기도 용인시 기흥구 구성로39번길 12,37.2955215570988,127.113215411728,주소
경기도 용인시 기흥구 구성로448번길 7,37.2949007680346,127.155431410665,주소
경기도 용인시 기흥구 구성로448번길 8,37.2945568814012,127.15519566703,주소
경기도 용인시 기흥구 구성로78번길 9,37.2939801075675,127.118328483837,주소
경기도 용인시 기흥구 금화로 101,37.2661909854484,127.106955510469,주소
경기도 용인시 기흥구 금화로 105,37.26506343415832,127.10999105881865,키워드
경기도 용인시 기흥구 금화로 3,37.2617292033939,127.104640217183,주소
경기도 용인시 기흥구 금화로 92,37.2664890441457,127.108152097374,주소
경기도 용인시 기흥구 금화로11번길 42,37.2633054243221,127.108512692395,주소
경기도 용인시 기흥구 금화로58번길 17,37.2642512867614,127.110997851078,주소
경기도 용인시 기흥구 금화로58번길 7,37.2635809499378,127.109602785123,주소
경기도 용인시 기흥구 금화로58번길 8,37.2633433300814,127.109813592944,주소
경기도 용인시 기흥구 기흥로116번길 100,37.2893754230178,127.125693279745,주소
경기도 용인시 기흥구 기흥로116번길 102,37.2896413518913,127.121608147498,주소
경기도 용인시 기흥구 기흥로116번길 5,37.2865874981142,127.112460453975,주소
경기도 용인시 기흥구 기흥로116번길 58,37.2884282204477,127.117296833232,주소
경기도 용인시 기흥구 기흥로116번길 87,37.2897588333076,127.119587762533,주소
경기도 용인시 기흥구 기흥역로58번길 10,37.2739931969359,127.119029735417,주소
경기도 용인시 기흥구 기흥역로58번길 56,37.2718101606869,127.120450974178,주소
경기도 용인시 기흥구 기흥역로58번길 57,37.2711018258361,127.122235408826,주소
경기도 용인시 기흥구 기흥역로58번길 78,37.2734741309411,127.118016537449,주소
경기도 용인시 기흥구 덕영대로 1751,37.2533151265051,127.083875622244,주소
경기도 용인시 기흥구 덕영대로 1947,37.2589158907533,127.096677379839,주소
경기도 용인시 기흥구 덕영대로2077번길 20,37.2675591922512,127.096276134731,주소
경기도 용인시 기흥구 덕영대로2077번길 33,37.2664821050674,127.095698664994,주소
경기도 용인시 기흥구 덕영대로2077번길 50,37.2668734827759,127.094055410838,주소
경기도 용인시 기흥구 덕영대로2077번길 51,37.2664627079771,127.093701912872,주소
경기도 용인시 기흥구 덕영대로2077번길 52,37.267493301495,127.093382103658,주소
경기도 용인시 기흥구 동백1로 8,37.263591489343,127.157730533998,주소
경기도 용인시 기흥구 동백2로 39,37.2689610763766,127.15744927828,주소
경기도 용인시 기흥구 동백2로 53,37.2703741452078,127.157879863057,주소
경기도 용인시 기흥구 동백2로 9,37.2674210051009,127.154656188812,주소
경기도 용인시 기흥구 동백3로11번길 7,37.2695123908119,127.153076752887,주소
경기도 용인시 기흥구 동백3로11번길 8-1,37.2697764368659,127.153879011977,주소
경기도 용인시 기흥구 동백5로 21-11,37.2773880023846,127.152601761409,주소
경기도 용인시 기흥구 동백5로 23,37.2764789917162,127.152284665482,주소
경기도 용인시 기흥구 동백5로 81,37.2760510553922,127.158218252557,주소
경기도 용인시 기흥구 동백6로 39,37.2773711711156,127.155633049032,주소
경기도 용인시 기흥구 동백7로 100,37.280274848625,127.16149341019,주소
경기도 용인시 기흥구 동백7로 58,37.2825835675127,127.157693030485,주소
경기도 용인시 기흥구 동백7로 73,37.282030229706,127.159583129407,주소
경기도 용인시 기흥구 동백7로 79,37.2817447857719,127.159979900427,주소
경기도 용인시 기흥구 동백7로 83,37.2816851150544,127.160395640486,주소
경기도 용인시 기흥구 동백7로 95,37.2807961307354,127.161338350378,주소
경기도 용인시 기흥구 동백7로107번길 20,37.2809633585368,127.164679024879,주소
경기도 용인시 기흥구 동백8로 101,37.2840760139062,127.162054196499,주소
경기도 용인시 기흥구 동백8로 108,37.2831054907691,127.16239379085,주소
경기도 용인시 기흥구 동백8로 25,37.2858344278005,127.15364714926,주소
경기도 용인시 기흥구 동백8로 39,37.2860804631224,127.155539117131,주소
경기도 용인시 기흥구 동백8로131번길 95,37.2824537763683,127.172701875582,주소
경기도 용인시 기흥구 동백죽전대로 281,37.2663142586398,127.154101841988,주소
경기도 용인시 기흥구 동백죽전대로 455-11,37.2791112475553,127.151191252436,주소
경기도 용인시 기흥구 동백죽전대로 455-17,37.279799040892,127.148390223028,주소
경기도 용인시 기흥구 동백죽전대로 507,37.2830224703081,127.150701448593,주소
경기도 용인시 기흥구 동백죽전대로527번길 100-1,37.2809240806528,127.143788403645,주소
경기도 용인시 기흥구 동백죽전대로527번길 100-13,37.2815038482483,127.142788294726,주소
경기도 용인시 기흥구 동백죽전대로527번길 100-7,37.2810438869521,127.142996484866,주소
경기도 용인시 기흥구 동백죽전대로527번길 36,37.2856920577914,127.143233522184,주소
경기도 용인시 기흥구 동백죽전대로527번길 80,37.2843550742433,127.143178100956,주소
경기도 용인시 기흥구 동백죽전대로527번길 83,37.2807265357661,127.145147808168,주소
경기도 용인시 기흥구 동백죽전대로527번길 98-2,37.2810718420153,127.14424018033,주소
경기도 용인시 기흥구 동백죽전대로527번길 98-8,37.2815761769131,127.144072902049,주소
경기도 용인시 기흥구 동백중앙로 119,37.2655357141594,127.156812392455,주소
경기도 용인시 기흥구 동백중앙로 175,37.2699705047789,127.154168483979,주소
경기도 용인시 기흥구 동백중앙로 203,37.2715067165547,127.151775745525,주소
경기도 용인시 기흥구 동백중앙로 225-6,37.2740101392783,127.150171707348,주소
경기도 용인시 기흥구 동백중앙로 265,37.2763945486179,127.152646661699,주소
경기도 용인시 기흥구 동백중앙로 273,37.2770153454241,127.153428293102,주소
경기도 용인시 기흥구 동백중앙로 283,37.278013079108,127.153487824004,주소
경기도 용인시 기흥구 동백중앙로 310,37.2791651354514,127.156456720783,주소
경기도 용인시 기흥구 동백중앙로 356,37.2824168249806,127.159613038561,주소
경기도 용인시 기흥구 동백중앙로 358-12,37.2819813412861,127.160222051106,주소
경기도 용인시 기흥구 동백중앙로 358-19,37.2815766954666,127.160878595002,주소
경기도 용인시 기흥구 동백중앙로 358-6,37.2822378652057,127.159823414403,주소
경기도 용인시 기흥구 동백중앙로 358-8,37.2820996527603,127.160018427045,주소
경기도 용인시 기흥구 동백중앙로 385,37.2855822162684,127.158910526895,주소
경기도 용인시 기흥구 동백중앙로 78,37.2634530547773,127.160903392868,주소
경기도 용인시 기흥구 동백평촌로 17,37.2840035367711,127.15397969366,주소
경기도 용인시 기흥구 동백평촌로 69,37.2805520600013,127.156354047896,주소
경기도 용인시 기흥구 동백평촌로 74,37.2795786962736,127.156059312386,주소
경기도 용인시 기흥구 마북로 112,37.3004726520348,127.120791050113,주소
경기도 용인시 기흥구 마북로 124-10,37.2999792141294,127.122486500552,주소
경기도 용인시 기흥구 마북로 124-9,37.3007029633803,127.124694419643,주소
경기도 용인시 기흥구 마북로 126,37.3015800537905,127.12173057197,주소
경기도 용인시 기흥구 마북로154번길 3,37.3037445069599,127.124001465887,주소
경기도 용인시 기흥구 만현로133번길 96,37.3016112523662,127.093572478805,주소
경기도 용인시 기흥구 보정로 100,37.3188693747788,127.116265698777,주소
경기도 용인시 기흥구 보정로 109,37.319487898168,127.115196906167,주소
경기도 용인시 기흥구 보정로 115,37.3198613353349,127.115239106365,주소
경기도 용인시 기흥구 보정로 30,37.3103560214367,127.112278246113,주소
경기도 용인시 기흥구 보정로 71,37.315895694298,127.1130098431,주소
경기도 용인시 기흥구 보정로 91,37.3178776951737,127.115069674104,주소
경기도 용인시 기흥구 사은로 274-45,37.2522064788172,127.138482500228,주소
경기도 용인시 기흥구 사은로126번길 10,37.2516865812303,127.117560419708,주소
경기도 용인시 기흥구 사은로126번길 26,37.2537292695597,127.118711425464,주소
경기도 용인시 기흥구 사은로126번길 29,37.2542843897521,127.120684692539,주소
경기도 용인시 기흥구 사은로126번길 29-1,37.2543048324057,127.121312695276,주소
경기도 용인시 기흥구 사은로126번길 31,37.2537858857789,127.120907309365,주소
경기도 용인시 기흥구 사은로126번길 48,37.2523342305926,127.120538429639,주소
경기도 용인시 기흥구 사은로126번길 8,37.2549486804616,127.118051321214,주소
경기도 용인시 기흥구 사은로126번길 83,37.2514086699327,127.124723036935,주소
경기도 용인시 기흥구 사은로84번길 5,37.2553667025273,127.114815587888,주소
경기도 용인시 기흥구 산양로 12,37.2848375720945,127.108326751138,주소
경기도 용인시 기흥구 산양로 2,37.2837841682402,127.109013334635,주소
경기도 용인시 기흥구 새천년로 18,37.289086360465,127.111206414218,주소
경기도 용인시 기흥구 새천년로 22,37.2890956841222,127.111639364053,주소
경기도 용인시 기흥구 새천년로 53,37.2902614223571,127.114773859973,주소
경기도 용인시 기흥구 새천년로 57,37.2900229209717,127.115695993326,주소
경기도 용인시 기흥구 새천년로26번길 2,37.2890497085523,127.111949534865,주소
경기도 용인시 기흥구 새천년로26번길 6,37.2886459585062,127.111944200249,주소
경기도 용인시 기흥구 서그내로16번길 27-5,37.2446816182677,127.069962522252,주소
경기도 용인시 기흥구 서그내로62번길 6,37.2430912167835,127.072159580771,주소
경기도 용인시 기흥구 서천동로 7,37.2400191101951,127.075894911909,주소
경기도 용인시 기흥구 서천동로21번길 11-22,37.2403507955839,127.076856579866,주소
경기도 용인시 기흥구 서천동로21번길 5,37.2391369776889,127.076329157204,주소
경기도 용인시 기흥구 서천동로21번길 6-12,37.2375752092324,127.077141363088,주소
경기도 용인시 기흥구 서천동로21번길 6-24,37.2379939876615,127.077045546581,주소
경기도 용인시 기흥구 서천동로21번길 6-9,37.2377686973626,127.077366164718,주소
경기도 용인시 기흥구 서천동로21번길 8-10,37.2377895933354,127.07751663617,주소
경기도 용인시 기흥구 서천로 121,37.2371615417499,127.072722478556,주소
경기도 용인시 기흥구 서천로117번길 9,37.2370097265406,127.074013598265,주소
경기도 용인시 기흥구 서천로127번길 11-3,37.2364955423784,127.072927844859,주소
경기도 용인시 기흥구 서천로127번길 11-4,37.2360637959434,127.073309124003,주소
경기도 용인시 기흥구 서천로127번길 11-6,37.2363790912981,127.073568626904,주소
경기도 용인시 기흥구 서천서로 27,37.2400643062814,127.071314487412,주소
경기도 용인시 기흥구 서천서로 87,37.2370438172446,127.068417844459,주소
경기도 용인시 기흥구 석현로 70,37.2715734521265,127.081731467433,주소
경기도 용인시 기흥구 신갈로 76,37.2737909241133,127.106634098562,주소
경기도 용인시 기흥구 신구로64번길 5,37.2778471124582,127.110104372239,주소
경기도 용인시 기흥구 신정로 25,37.2730954778418,127.101431429455,주소
경기도 용인시 기흥구 신촌로47번길 6,37.3079134604492,127.110304201949,주소
경기도 용인시 기흥구 신촌로73번길 28,37.3091196714035,127.11107968012,주소
경기도 용인시 기흥구 어정로 100,37.2743852505575,127.14100657238,주소
경기도 용인시 기흥구 어정로 139,37.2758739913321,127.145219447744,주소
경기도 용인시 기흥구 어정로 155,37.2769564165602,127.147401306614,주소
경기도 용인시 기흥구 어정로 62-25,37.2700108596674,127.139120314268,주소
경기도 용인시 기흥구 언남로 17-1,37.2934234340767,127.127536629767,주소
경기도 용인시 기흥구 언남로 41,37.2944208473569,127.130298404841,주소
경기도 용인시 기흥구 언남로 55,37.2953606382108,127.13159296408,주소
경기도 용인시 기흥구 언남로29번길 4-2,37.2936490254809,127.129306640398,주소
경기도 용인시 기흥구 언동로125번길 16-5,37.2846805808193,127.141863070621,주소
경기도 용인시 기흥구 언동로217번길 45-1,37.2769423547767,127.148774296473,주소
경기도 용인시 기흥구 연원로 31,37.302819971702,127.110041397616,주소
경기도 용인시 기흥구 연원로 33,37.3019088286371,127.10996122828,주소
경기도 용인시 기흥구 연원로 35,37.301903573212,127.110283355352,주소
경기도 용인시 기흥구 연원로42번길 48,37.2999758656894,127.114490968573,주소
경기도 용인시 기흥구 연원로42번길 6,37.3018704013584,127.111356524888,주소
경기도 용인시 기흥구 예현로35번길 2,37.2439046623864,127.066655917139,주소
경기도 용인시 기흥구 예현로35번길 23,37.2421557883889,127.067037793315,주소
경기도 용인시 기흥구 용구대로2152번길 23,37.2806991683829,127.108744123166,주소
경기도 용인시 기흥구 용구대로2360번길 29,37.2974039197773,127.113019730317,주소
경기도 용인시 기흥구 용구대로2469번길 20,37.3085007892094,127.106228729491,주소
경기도 용인시 기흥구 용구대로2518번길 15,37.3129934181301,127.109317552121,주소
경기도 용인시 기흥구 용인향교로20번길 9,37.2968332314726,127.121187307782,주소
경기도 용인시 기흥구 이현로 83,37.3102950803792,127.093104383188,주소
경기도 용인시 기흥구 이현로 93,37.3111139624538,127.092732456195,주소
경기도 용인시 기흥구 이현로29번길 72-42,37.3031114869815,127.097795543483,주소
경기도 용인시 기흥구 죽전로 20,37.3199965224729,127.110385262396,주소
경기도 용인시 기흥구 죽전로 33,37.320749865566,127.112501408728,주소
경기도 용인시 기흥구 죽전로 39,37.3207319680395,127.113128325009,주소
경기도 용인시 기흥구 죽전로 46,37.3202889716308,127.11383662024,주소
경기도 용인시 기흥구 죽전로 47,37.3207418814357,127.113877693052,주소
경기도 용인시 기흥구 죽전로 50,37.3202927053497,127.114263084494,주소
경기도 용인시 기흥구 죽전로 52,37.3202905987566,127.114671037476,주소
경기도 용인시 기흥구 죽전로 53,37.3207383262377,127.114666753616,주소
경기도 용인시 기흥구 죽현로 109,37.3201116920563,127.121757746073,주소
경기도 용인시 기흥구 죽현로 29,37.3194917237717,127.113850873964,주소
경기도 용인시 기흥구 죽현로 35,37.3194838798078,127.114695760118,주소
경기도 용인시 기흥구 죽현로 49,37.319436972762,127.116319597761,주소
경기도 용인시 기흥구 죽현로 8-13,37.3194573919205,127.110527189327,주소
경기도 용인시 기흥구 죽현로 8-22,37.3197711389899,127.108964880448,주소
경기도 용인시 기흥구 중부대로 579,37.2704169290091,127.126959230343,주소
경기도 용인시 기흥구 중부대로 583,37.27019523682,127.127495974982,주소
경기도 용인시 기흥구 중부대로 859-2,37.2532826223175,127.146107252927,주소
경기도 용인시 기흥구 중부대로746번길 16-29,37.2615361494227,127.135675868271,주소
경기도 용인시 기흥구 중부대로788번길 16,37.2577663655333,127.141075915613,주소
경기도 용인시 기흥구 중부대로788번길 27,37.2570280582258,127.140539769987,주소
경기도 용인시 기흥구 중부대로788번길 6,37.2581712485015,127.142018391995,주소
경기도 용인시 기흥구 지삼로 73-4,37.2505146194946,127.130442105588,주소
경기도 용인시 기흥구 탑실로 116,37.242251839778,127.118461704163,주소
경기도 용인시 기흥구 탑실로 86-10,37.2390224736158,127.116483637702,주소
경기도 용인시 기흥구 평촌1로1번길 6,37.2838239390524,127.153231919808,주소
경기도 용인시 기흥구 평촌2로2번길 11-14,37.2829846740317,127.152493756686,주소
경기도 용인시 기흥구 한보라1로 145,37.2434053449045,127.106823784629,주소
경기도 용인시 기흥구 한보라1로 42-4,37.2516913242353,127.108926727198,주소
경기도 용인시 기흥구 한보라1로 42-6,37.2518362926948,127.108740951866,주소
경기도 용인시 기흥구 한보라1로 56,37.2506138672857,127.107831720426,주소
경기도 용인시 기흥구 한보라1로 60,37.2503679132378,127.107500437492,주소
경기도 용인시 기흥구 한보라1로 63,37.2495072158095,127.108215174865,주소
경기도 용인시 기흥구 한보라1로10번길 6-3,37.2538834089314,127.108996162824,주소
경기도 용인시 기흥구 한보라1로43번길 21,37.2500272709374,127.110874524886,주소
경기도 용인시 기흥구 한보라1로43번길 8,37.2503727678455,127.10977132182,주소
경기도 용인시 기흥구 한보라1로64번길 6,37.2504639157457,127.106957284927,주소
경기도 용인시 기흥구 한보라2로 5-9,37.254704374952,127.110523825053,주소
경기도 용인시 기흥구 한보라2로 85-17,37.2486298832414,127.114056501697,주소
경기도 용인시 기흥구 한보라2로 93,37.2484467878653,127.111792281652,주소
경기도 용인시 기흥구 흥덕1로 20,37.2704025676925,127.069423602123,주소
경기도 용인시 기흥구 흥덕1로62번길 26,37.2724411528766,127.071723961497,주소
경기도 용인시 기흥구 흥덕1로79번길 2,37.2749915056802,127.071496028375,주소
경기도 용인시 기흥구 흥덕1로79번길 24,37.2767819326265,127.071545642459,주소
경기도 용인시 기흥구 흥덕1로79번길 37,37.277975571288,127.070593415212,주소
경기도 용인시 기흥구 흥덕2로 115,37.2778405297807,127.07380368897,주소
경기도 용인시 기흥구 흥덕2로 78,37.2743840529795,127.074374443865,주소
경기도 용인시 기흥구 흥덕2로 85,37.2751274256419,127.073775445482,주소
경기도 용인시 기흥구 흥덕2로117번길 15,37.2779019826316,127.072340846414,주소
경기도 용인시 기흥구 흥덕2로118번길 22,37.2777783304411,127.076682296396,주소
경기도 용인시 기흥구 흥덕2로118번길 27,37.2779597313337,127.077479443792,주소
경기도 용인시 기흥구 흥덕2로65번길 17,37.2731509721568,127.072054539591,주소
경기도 용인시 기흥구 흥덕2로87번길 18,37.275912222227,127.071589469754,주소
경기도 용인시 기흥구 흥덕3로 42,37.2727875891664,127.08304810792,주소
경기도 용인시 기흥구 흥덕중앙로 41,37.2765080950565,127.071564664297,주소
경기도 용인시 기흥구 흥덕중앙로 55,37.2766311463631,127.07308978653,주소
경기도 용인시 기흥구 흥덕중앙로 59,37.2764933333822,127.073741824605,주소
경기도 용인시 기흥구 흥덕중앙로105번길 10,37.2768101011265,127.079373561712,주소
경기도 용인시 기흥구 흥덕중앙로105번길 16,37.2774255893137,127.079257280241,주소
경기도 용인시 기흥구 흥덕중앙로105번길 41,37.2810160867146,127.076604054775,주소
경기도 용인시 기흥구 흥덕중앙로105번길 9,37.2773369199574,127.078183866416,주소
경기도 용인시 수지구 고기공원로 30-17,37.3567293160167,127.069897753233,주소
경기도 용인시 수지구 고기공원로 30-19,37.3566337136922,127.069444361998,주소
경기도 용인시 수지구 고기로 385,37.3589156684642,127.065959902158,주소
경기도 용인시 수지구 고기로 71,37.3446115639525,127.093393212881,주소
경기도 용인시 수지구 고기로 88,37.34543343198,127.093457882318,주소
경기도 용인시 수지구 고기로 89,37.3447488936611,127.091532269053,주소
경기도 용인시 수지구 고기로 91,37.345386322483,127.092867580286,주소
경기도 용인시 수지구 고기로45번길 40,37.3401906166844,127.092876981329,주소
경기도 용인시 수지구 고기로45번길 54,37.3392946835062,127.093612099588,주소
경기도 용인시 수지구 광교마을로 27,37.2993762479779,127.067928480234,주소
경기도 용인시 수지구 광교마을로 54,37.2981558854538,127.070544259974,주소
경기도 용인시 수지구 광교마을로 61,37.2994915860768,127.070989894909,주소
경기도 용인시 수지구 광교마을로 63,37.2989978424051,127.073023223423,주소
경기도 용인시 수지구 광교마을로 83,37.2978483024914,127.073889889514,주소
경기도 용인시 수지구 광교중앙로 298,37.296576211519,127.069437159803,주소
경기도 용인시 수지구 광교중앙로 305,37.2973370649373,127.068789455432,주소
경기도 용인시 수지구 광교중앙로 308,37.2973566375727,127.069679238178,주소
경기도 용인시 수지구 광교중앙로 313,37.2980512048803,127.068981842907,주소
경기도 용인시 수지구 광교중앙로 314,37.2979057417457,127.069811253556,주소
경기도 용인시 수지구 광교중앙로 315,37.2982893112225,127.069046461674,주소
경기도 용인시 수지구 광교중앙로 319,37.2985191349663,127.069099117823,주소
경기도 용인시 수지구 광교중앙로 320,37.2983941020762,127.069966561536,주소
경기도 용인시 수지구 광교중앙로 338,37.3003363600416,127.071799505702,주소
경기도 용인시 수지구 광교호수로 395,37.2999354946518,127.080342016384,주소
경기도 용인시 수지구 대지로 128,37.329627062524,127.121389013801,주소
경기도 용인시 수지구 대지로 137,37.3299506737632,127.124119218729,주소
경기도 용인시 수지구 대지로 146,37.328774436297,127.124833656788,주소
경기도 용인시 수지구 대지로 43,37.3286737987399,127.114304773078,주소
경기도 용인시 수지구 대지로 49,37.3298362838424,127.114051642154,주소
경기도 용인시 수지구 대지로 58,37.3284227893924,127.114937154097,주소
경기도 용인시 수지구 대지로 75,37.3298042020143,127.117282819782,주소
경기도 용인시 수지구 대지로15번길 36,37.3299433799888,127.112962615791,주소
경기도 용인시 수지구 대지로51번길 22,37.3310565958394,127.116135872165,주소
경기도 용인시 수지구 대지로51번길 6,37.3301776551438,127.115936268988,주소
경기도 용인시 수지구 동천로 137,37.3373119805222,127.088800965822,주소
경기도 용인시 수지구 동천로 153번길 23,37.3350650057467,127.087935080498,주소
경기도 용인시 수지구 동천로 177,37.3372256006094,127.084832215237,주소
경기도 용인시 수지구 동천로 337,37.341719313995,127.068719321487,주소
경기도 용인시 수지구 동천로 68,37.3400676800968,127.095859212131,주소
경기도 용인시 수지구 동천로153번길 6,37.3364560321794,127.086447726322,주소
경기도 용인시 수지구 동천로178번길 13,37.3393752257772,127.08415020796,주소
경기도 용인시 수지구 동천로178번길 15,37.3399456052457,127.084868903536,주소
경기도 용인시 수지구 동천로297번길 7,37.3396501918611,127.071301333549,주소
경기도 용인시 수지구 동천로358번길 11,37.343763262701,127.066739339382,주소
경기도 용인시 수지구 동천로99번길 3,37.337942215852,127.09283821481,주소
경기도 용인시 수지구 만현로 103,37.3073826722409,127.085450438456,주소
경기도 용인시 수지구 만현로 105,37.3070863056147,127.085597419929,주소
경기도 용인시 수지구 만현로 110,37.3066916421248,127.084860617792,주소
경기도 용인시 수지구 만현로 113,37.3064781004779,127.085356581171,주소
경기도 용인시 수지구 만현로 120,37.3060547136171,127.084716083959,주소
경기도 용인시 수지구 만현로 124,37.3056466074661,127.084879747056,주소
경기도 용인시 수지구 만현로 125,37.305569841616,127.085502304454,주소
경기도 용인시 수지구 만현로 82-4,37.3094662815131,127.085747213788,주소
경기도 용인시 수지구 만현로 88,37.3089040805037,127.085311156734,주소
경기도 용인시 수지구 만현로 92,37.3084933864913,127.084938445675,주소
경기도 용인시 수지구 만현로 96,37.3081983763631,127.084828470579,주소
경기도 용인시 수지구 만현로133번길 35,37.3036408349275,127.088898404798,주소
경기도 용인시 수지구 만현로133번길 78,37.3019251672012,127.092433665305,주소
경기도 용인시 수지구 만현로67번길 19,37.309484604528,127.090425313275,주소
경기도 용인시 수지구 만현로67번길 20,37.3082964964469,127.088522841076,주소
경기도 용인시 수지구 만현로67번길 23,37.3090236834123,127.089888721794,주소
경기도 용인시 수지구 만현로67번길 7,37.309652977973,127.087589964167,주소
경기도 용인시 수지구 문정로 13,37.3219807659413,127.096039653152,주소
경기도 용인시 수지구 문정로 46,37.3245247522274,127.094685254345,주소
경기도 용인시 수지구 문정로 53,37.3249610721667,127.093501910823,주소
경기도 용인시 수지구 문정로7번길 10,37.3213956770489,127.095542607252,주소
경기도 용인시 수지구 문정로7번길 12,37.3213064502721,127.09534956992,주소
경기도 용인시 수지구 문정로7번길 14,37.3211864211222,127.095140022329,주소
경기도 용인시 수지구 문정로7번길 16,37.3210908013341,127.094940772813,주소
경기도 용인시 수지구 문정로7번길 20,37.3209957018621,127.094766457854,주소
경기도 용인시 수지구 문정로7번길 8,37.3215135896403,127.09569450155,주소
경기도 용인시 수지구 법조로 219,37.2988297755648,127.07349789721,주소
경기도 용인시 수지구 상현로 114,37.3072586577304,127.084364820916,주소
경기도 용인시 수지구 상현로 30-10,37.3005381667832,127.077000005339,주소
경기도 용인시 수지구 상현로 34,37.3022006955487,127.077922765812,주소
경기도 용인시 수지구 상현로 70,37.3041769653887,127.081362930388,주소
경기도 용인시 수지구 상현로 79,37.3058199942168,127.082029645655,주소
경기도 용인시 수지구 상현로42번길 26-8,37.3018914975274,127.080558176784,주소
경기도 용인시 수지구 상현로88번길 2,37.3050767482199,127.08277984097,주소
경기도 용인시 수지구 샘말로 108-34,37.3559493491101,127.04584737771,주소
경기도 용인시 수지구 성복1로 106,37.3167880375859,127.068235207129,주소
경기도 용인시 수지구 성복1로 106-1,37.3173523248953,127.067344250048,주소
경기도 용인시 수지구 성복1로 13,37.3108741881584,127.073791408878,주소
경기도 용인시 수지구 성복1로 137,37.315209497719,127.06424361334,주소
경기도 용인시 수지구 성복1로 189,37.3191971081862,127.061540838347,주소
경기도 용인시 수지구 성복1로 35,37.3142264047401,127.073779230336,주소
경기도 용인시 수지구 성복1로 91,37.3147348895475,127.069715242799,주소
경기도 용인시 수지구 성복1로163번길 8,37.3166593616531,127.061684751146,주소
경기도 용인시 수지구 성복2로 100,37.315471770885,127.07527871121,주소
경기도 용인시 수지구 성복2로 108-2,37.3158201668039,127.074621019878,주소
경기도 용인시 수지구 성복2로 130,37.3162820775891,127.072084181715,주소
경기도 용인시 수지구 성복2로 174,37.321493893314,127.068964678537,주소
경기도 용인시 수지구 성복2로 210,37.3203568350833,127.064736842897,주소
경기도 용인시 수지구 성복2로 226,37.3201163814678,127.062668542059,주소
경기도 용인시 수지구 성복2로 230,37.3199439875364,127.062205952767,주소
경기도 용인시 수지구 성복2로 238,37.3197337323615,127.061427892836,주소
경기도 용인시 수지구 성복2로 71,37.3149551732586,127.077564891186,주소
경기도 용인시 수지구 성복2로76번길 26-3,37.3152681164632,127.080776188157,주소
경기도 용인시 수지구 성복2로76번길 26-4,37.3148179813845,127.080480027334,주소
경기도 용인시 수지구 성복2로76번길 26-6,37.3147142904329,127.080718061729,주소
경기도 용인시 수지구 성복2로78번길 51,37.3197473195989,127.076460353919,주소
경기도 용인시 수지구 성복2로78번길 52,37.3195308475913,127.077908838721,주소
경기도 용인시 수지구 손곡로 100,37.3363910179752,127.091661375635,주소
경기도 용인시 수지구 손곡로 101,37.335976481364,127.091159058139,주소
경기도 용인시 수지구 손곡로 107,37.3358870945945,127.090695954952,주소
경기도 용인시 수지구 손곡로 111,37.3356538514601,127.090416388754,주소
경기도 용인시 수지구 손곡로 113,37.3355861775924,127.090306850287,주소
경기도 용인시 수지구 손곡로 68,37.3368608608683,127.0949176243,주소
경기도 용인시 수지구 손곡로 83,37.3359741445996,127.093232775008,주소
경기도 용인시 수지구 손곡로 87,37.3359759734572,127.09285497819,주소
경기도 용인시 수지구 손곡로 95,37.3359655264835,127.091809473099,주소
경기도 용인시 수지구 수지로 166,37.3155596092103,127.082978152641,주소
경기도 용인시 수지구 수지로 17,37.3065828331701,127.072617824971,주소
경기도 용인시 수지구 수지로 18-1,37.3042464255292,127.075673472438,주소
경기도 용인시 수지구 수지로 367,37.3300741143349,127.095252779267,주소
경기도 용인시 수지구 수지로 475,37.3393932651517,127.097505489103,주소
경기도 용인시 수지구 수지로 70,37.3090940599216,127.076415723945,주소
경기도 용인시 수지구 수지로 70-1,37.3089337369711,127.076738741715,주소
경기도 용인시 수지구 수지로 75-1,37.310038227349,127.073325386317,주소
경기도 용인시 수지구 수지로296번길 3,37.3252274140394,127.091547284997,주소
경기도 용인시 수지구 수지로296번길 32,37.3229001545291,127.092451451266,주소
경기도 용인시 수지구 수지로296번길 34,37.3228054644945,127.092555809847,주소
경기도 용인시 수지구 수지로296번길 47,37.3218331221832,127.094088771818,주소
경기도 용인시 수지구 수지로296번길 51-10,37.3216922206707,127.095302220822,주소
경기도 용인시 수지구 수지로296번길 51-11,37.3221767227926,127.095281509162,주소
경기도 용인시 수지구 수지로296번길 51-5,37.3217354310087,127.094452162246,주소
경기도 용인시 수지구 수지로296번길 51-6,37.3214389849721,127.094910297721,주소
경기도 용인시 수지구 수지로296번길 51-7,37.321873059473,127.094739353965,주소
경기도 용인시 수지구 수지로342번길 16,37.3269557968211,127.095508576814,주소
경기도 용인시 수지구 수지로342번길 17,37.3268157938455,127.096376058549,주소
경기도 용인시 수지구 수지로342번길 30,37.3257662937329,127.09656968484,주소
경기도 용인시 수지구 수지로78번길 8,37.3096897493448,127.077638331773,주소
경기도 용인시 수지구 수풍로 102,37.3329061334932,127.094369556137,주소
경기도 용인시 수지구 수풍로 107,37.3332749708365,127.093175614877,주소
경기도 용인시 수지구 수풍로 38,37.3267342354471,127.091863907058,주소
경기도 용인시 수지구 수풍로 64,37.329698062914,127.093052044982,주소
경기도 용인시 수지구 수풍로 65,37.3298051955777,127.092362084461,주소
경기도 용인시 수지구 수풍로 9,37.3259430840013,127.08957219277,주소
경기도 용인시 수지구 수풍로 91,37.3319959819122,127.093258099031,주소
경기도 용인시 수지구 수풍로 95,37.3322744398402,127.093322647878,주소
경기도 용인시 수지구 수풍로116번길 5,37.3347552848866,127.094073968068,주소
경기도 용인시 수지구 수풍로131번길 2,37.3356634390562,127.093385180069,주소
경기도 용인시 수지구 신봉1로 165,37.3277931174986,127.068630362824,주소
경기도 용인시 수지구 신봉1로 175,37.3284125512445,127.067894359464,주소
경기도 용인시 수지구 신봉1로 27,37.319200366708,127.081755032051,주소
경기도 용인시 수지구 신봉1로 52-8,37.3229119030438,127.079640675005,주소
경기도 용인시 수지구 신봉1로 62,37.3226055371867,127.078584439102,주소
경기도 용인시 수지구 신봉1로 84,37.3237874838334,127.076287086177,주소
경기도 용인시 수지구 신봉1로172번길 8,37.3287865414389,127.069648225532,주소
경기도 용인시 수지구 신봉1로48번길 11,37.3231129500968,127.079868565973,주소
경기도 용인시 수지구 신봉1로48번길 17,37.3235267949818,127.080001234388,주소
경기도 용인시 수지구 신봉1로48번길 30,37.32383728916,127.08106290897,주소
경기도 용인시 수지구 신봉1로48번길 6,37.3222691053191,127.08096949969,주소
경기도 용인시 수지구 신봉1로71번길 36,37.3210244179752,127.076221790514,주소
경기도 용인시 수지구 신봉2로 115,37.3298668395435,127.067855047817,주소
경기도 용인시 수지구 신봉2로 15,37.3242558209613,127.077427211989,주소
경기도 용인시 수지구 신봉2로 154,37.3324669442292,127.067228314575,주소
경기도 용인시 수지구 신봉2로 2,37.3231709437751,127.078027112795,주소
경기도 용인시 수지구 신봉2로 26,37.3254453736733,127.077687822866,주소
경기도 용인시 수지구 신봉2로 3,37.323314289661,127.077353812813,주소
경기도 용인시 수지구 신봉2로 5,37.323576569461,127.077370441227,주소
경기도 용인시 수지구 신봉2로 60,37.3277943445969,127.074640193937,주소
경기도 용인시 수지구 신봉2로 71,37.3278691391154,127.073474384136,주소
경기도 용인시 수지구 신봉2로 92,37.3289873185176,127.071714491848,주소
경기도 용인시 수지구 신봉2로 94-46,37.3304359451943,127.070300580058,주소
경기도 용인시 수지구 신봉2로114번길 2,37.3299080254814,127.069546920184,주소
경기도 용인시 수지구 신봉2로14번길 49,37.3266364830251,127.079802228283,주소
경기도 용인시 수지구 신봉2로48번길 28,37.3292847587642,127.077693242684,주소
경기도 용인시 수지구 신봉3로 1,37.3279762537208,127.068238440743,주소
경기도 용인시 수지구 신봉3로 43,37.3276575578067,127.064381144752,주소
경기도 용인시 수지구 심곡로 59,37.3090087916303,127.078933060219,주소
경기도 용인시 수지구 용구대로2753번길 37-36,37.3293561402882,127.105285010397,주소
경기도 용인시 수지구 용구대로2771번길 15,37.3323647877895,127.107574400081,주소
경기도 용인시 수지구 용구대로2771번길 16,37.3335924948783,127.106520987289,주소
경기도 용인시 수지구 용구대로2771번길 66,37.3351174990364,127.105404087376,주소
경기도 용인시 수지구 용구대로2772번길 15,37.3337668215985,127.110379567948,주소
경기도 용인시 수지구 용구대로2772번길 16,37.3329132847729,127.110946912904,주소
경기도 용인시 수지구 용구대로2801번길 15,37.335028062079,127.107468064303,주소
경기도 용인시 수지구 이현로 115,37.3122663864717,127.091107409277,주소
경기도 용인시 수지구 정평로 134,37.3249165428841,127.095107604854,주소
경기도 용인시 수지구 정평로 16,37.317837581394,127.089439265484,주소
경기도 용인시 수지구 정평로 21,37.3180759389094,127.087829882782,주소
경기도 용인시 수지구 정평로 34-1,37.3193971527962,127.088034154881,주소
경기도 용인시 수지구 정평로 34-2,37.3192065631016,127.088304357675,주소
경기도 용인시 수지구 정평로 40-1,37.3199421122625,127.087650528161,주소
경기도 용인시 수지구 정평로 40-3,37.3198552742265,127.088106780625,주소
경기도 용인시 수지구 정평로 40-4,37.3196951489741,127.087758660305,주소
경기도 용인시 수지구 정평로 64,37.3208314240886,127.0885086588,주소
경기도 용인시 수지구 정평로13번길 25,37.3162816171206,127.086611662589,주소
경기도 용인시 수지구 정평로13번길 30,37.3164075065504,127.085475770453,주소
경기도 용인시 수지구 죽전로 253-1,37.3322243667111,127.127647553577,주소
경기도 용인시 수지구 죽전로 267,37.3349589792277,127.126066191237,주소
경기도 용인시 수지구 죽전로 276,37.3341882647957,127.129049534607,주소
경기도 용인시 수지구 죽전로 89,37.322049164431,127.11813171484,주소
경기도 용인시 수지구 죽전로193번길 9,37.3282244050341,127.124273891944,주소
경기도 용인시 수지구 죽전로27번길 14-19,37.323103189844,127.113532178744,주소
경기도 용인시 수지구 죽전로27번길 14-31,37.3225255341011,127.114564317866,주소
경기도 용인시 수지구 죽전로293번길 14,37.3367795374796,127.125957292194,주소
경기도 용인시 수지구 진산로 100,37.3198382701197,127.097713982526,주소
경기도 용인시 수지구 진산로 24,37.3141409247626,127.092812659806,주소
경기도 용인시 수지구 진산로 28,37.3147977405745,127.092631276667,주소
경기도 용인시 수지구 진산로 96,37.3194060178283,127.097418402736,주소
경기도 용인시 수지구 진산로11번길 2,37.3158019533281,127.091342942931,주소
경기도 용인시 수지구 진산로34번길 24,37.3142775936685,127.093636120838,주소
경기도 용인시 수지구 진산로34번길 27,37.3151999103744,127.095306320576,주소
경기도 용인시 수지구 진산로34번길 39,37.3152989622775,127.096935455168,주소
경기도 용인시 수지구 진산로66번길 10,37.315986906506,127.092999830429,주소
경기도 용인시 수지구 진산로66번길 20,37.3161499021042,127.095490616383,주소
경기도 용인시 수지구 탄천상로 19,37.3333278940738,127.111569943866,주소
경기도 용인시 수지구 태봉로27번길 11-10,37.3353977234551,127.0574945482,주소
경기도 용인시 수지구 포은대로 223,37.3083401850549,127.08164603685,주소
경기도 용인시 수지구 포은대로 229,37.3087380331266,127.081977655187,주소
경기도 용인시 수지구 포은대로 319,37.3156839117593,127.08765788032,주소
경기도 용인시 수지구 포은대로 455,37.322725769794,127.099063704056,주소
경기도 용인시 수지구 포은대로 482-2,37.3237789824165,127.102351000879,주소
경기도 용인시 수지구 포은대로 91,37.3011484952138,127.069941930323,주소
경기도 용인시 수지구 포은대로313번길 6,37.3148354183488,127.086295258939,주소
경기도 용인시 수지구 포은대로313번길 7-10,37.3166958894885,127.083892070118,주소
경기도 용인시 수지구 포은대로313번길 7-16,37.314422331561,127.084115955199,주소
경기도 용인시 수지구 포은대로313번길 7-18,37.3143635150055,127.083959533747,주소
경기도 용인시 수지구 푸른솔로 111,37.3280902019147,127.117249916778,주소
경기도 용인시 수지구 푸른솔로 81,37.3258971593055,127.118446774682,주소
경기도 용인시 수지구 푸른솔로 95,37.3268587310428,127.118005653703,주소
경기도 용인시 수지구 푸른솔로 98,37.3280395442558,127.118805217793,주소
경기도 용인시 수지구 풍덕천로 108,37.3219427264693,127.094266603466,주소
경기도 용인시 수지구 풍덕천로 112,37.3221346454992,127.094606551767,주소
경기도 용인시 수지구 풍덕천로 122,37.3225414211379,127.095554324606,주소
경기도 용인시 수지구 풍덕천로 135,37.3238082240237,127.096503207395,주소
경기도 용인시 수지구 풍덕천로 17,37.3184023879809,127.085859237859,주소
경기도 용인시 수지구 풍덕천로 77,37.320826798616,127.091042490385,주소
경기도 용인시 수지구 풍덕천로 86,37.3205221599263,127.092896546983,주소
경기도 용인시 수지구 풍덕천로 89,37.3213179208757,127.092014361342,주소
경기도 용인시 수지구 풍덕천로139번길 8-1,37.3245612042934,127.096408268068,주소
경기도 용인시 수지구 풍덕천로171번길 9,37.3268330536244,127.099258311064,주소
경기도 용인시 수지구 풍덕천로197번길 11-12,37.32803005188,127.101200020236,주소
경기도 용인시 수지구 풍덕천로22번길 28,37.3165126415955,127.083222314668,주소
경기도 용인시 수지구 현암로 104,37.33153121725,127.12085610389,주소
경기도 용인시 수지구 현암로 119,37.3319506528556,127.122428258973,주소
경기도 용인시 수지구 현암로 121,37.3319703321777,127.122827396057,주소
경기도 용인시 수지구 현암로 128,37.3314735249199,127.123499318147,주소
경기도 용인시 수지구 현암로 131,37.331953236514,127.123927756267,주소
경기도 용인시 수지구 현암로 139,37.3319425371692,127.124763297779,주소
경기도 용인시 수지구 현암로 141,37.331968018406,127.125121597984,주소
경기도 용인시 수지구 현암로 147,37.3319492788465,127.125799605385,주소
경기도 용인시 수지구 현암로 153,37.3319519450358,127.126425968911,주소
경기도 용인시 수지구 현암로 154,37.3314859020003,127.126453735575,주소
경기도 용인시 수지구 현암로 159,37.3318863809795,127.12715377093,주소
경기도 용인시 수지구 현암로 165,37.3318624679332,127.12760541724,주소
경기도 용인시 수지구 현암로 91,37.3317473640223,127.119357638103,주소
경기도 용인시 수지구 현암로125번길 6,37.3322547095564,127.12350838271,주소
경기도 용인시 수지구 현암로125번길 7,37.3323561098215,127.12295643351,주소
경기도 용인시 수지구 현암로89번길 12-2,37.3321871938749,127.11869439797,주소
경기도 용인시 처인구 경안천로 196-1,37.2491879717277,127.221192942292,주소
경기도 용인시 처인구 고림로 142-1,37.2451745161946,127.219173891246,주소
경기도 용인시 처인구 고림로 142-2,37.244931872638,127.219510408329,주소
경기도 용인시 처인구 고림로 165-1,37.2474651415534,127.218592399646,주소
경기도 용인시 처인구 고림로 165-2,37.2480116028581,127.217919511141,주소
경기도 용인시 처인구 고림로 84,37.2405890160093,127.215144299198,주소
경기도 용인시 처인구 고림로 92,37.241357887412,127.215386314054,주소
경기도 용인시 처인구 고림로162번길 15,37.2450813541353,127.22173591061,주소
경기도 용인시 처인구 고림로162번길 39,37.2430923792432,127.223133253303,주소
경기도 용인시 처인구 고림로200번길 1,37.2494429602191,127.222638791978,주소
경기도 용인시 처인구 고림로200번길 5,37.249027007816,127.22303837643,주소
경기도 용인시 처인구 고림로74번길 30,37.2404613624969,127.218428704846,주소
경기도 용인시 처인구 고림로74번길 5,37.239972895246,127.215285789457,주소
경기도 용인시 처인구 고림로74번길 9,37.2401014255365,127.215609716581,주소
경기도 용인시 처인구 고진로59번길 2-1,37.2365211393089,127.216885252555,주소
경기도 용인시 처인구 금령로 155,37.2348725101171,127.213606484019,주소
경기도 용인시 처인구 금령로 165,37.2346123437109,127.21467215239,주소
경기도 용인시 처인구 금령로 5,37.2350050468648,127.1968146777,주소
경기도 용인시 처인구 금령로 64,37.2346489231981,127.203654148375,주소
경기도 용인시 처인구 금령로12번길 1,37.2345943262872,127.197694747144,주소
경기도 용인시 처인구 금령로173번길 12-1,37.2354268935128,127.215957809867,주소
경기도 용인시 처인구 금어로 2,37.2646871557216,127.215520491193,주소
경기도 용인시 처인구 금어로 46,37.2655134647369,127.22023979597,주소
경기도 용인시 처인구 금학로 471-1,37.2370658398627,127.214897738599,주소
경기도 용인시 처인구 금학로341번길 8,37.2386186098875,127.200566427462,주소
경기도 용인시 처인구 낙은로 100-30,37.2457294469997,127.194859234676,주소
경기도 용인시 처인구 낙은로 49-20,37.2401205965802,127.197327126004,주소
경기도 용인시 처인구 낙은로 60,37.2427209713758,127.196863141001,주소
경기도 용인시 처인구 낙은로 98,37.2447662856761,127.195099863713,주소
경기도 용인시 처인구 남사면 처인성로185번길 9-10,37.1136385908521,127.148282511711,주소
경기도 용인시 처인구 남사면 한숲로 54,37.1529472292081,127.171136201988,주소
경기도 용인시 처인구 남사면 한숲로 84,37.1561090694356,127.173656345397,주소
경기도 용인시 처인구 남사읍 내기로 27,37.1165575964485,127.148779114279,주소
경기도 용인시 처인구 남사읍 천덕산로 330,37.1017227796266,127.13770097582,주소
경기도 용인시 처인구 남사읍 한숲로 109,37.1578616459175,127.172532211397,주소
경기도 용인시 처인구 남사읍 한숲로 110,37.1578366490804,127.174832794531,주소
경기도 용인시 처인구 남사읍 한숲로 124,37.1591118282048,127.175501302175,주소
경기도 용인시 처인구 남사읍 한숲로 45,37.1528191356226,127.170046344728,주소
경기도 용인시 처인구 남사읍 한숲로 60,37.1532522947043,127.171657305278,주소
경기도 용인시 처인구 남사읍 한숲로57번길 17,37.1540955255544,127.168566626366,주소
경기도 용인시 처인구 동부로465번길 7,37.2027872155134,127.246670889926,주소
경기도 용인시 처인구 명지로 15-26,37.233913026785,127.192565875648,주소
경기도 용인시 처인구 명지로 15-30,37.234572965639,127.192446861245,주소
경기도 용인시 처인구 명지로 21,37.2340653230592,127.188973786051,주소
경기도 용인시 처인구 명지로 24,37.2339721375804,127.188022329728,주소
경기도 용인시 처인구 명지로 41,37.2322338047907,127.188837595008,주소
경기도 용인시 처인구 명지로 77-12,37.2291916596552,127.189985580633,주소
경기도 용인시 처인구 명지로16번길 25,37.2332338175126,127.185165049744,주소
경기도 용인시 처인구 명지로16번길 9-23,37.2330644089321,127.188145499025,주소
경기도 용인시 처인구 명지로40번길 13,37.2323505957678,127.186896602002,주소
경기도 용인시 처인구 명지로40번길 15-15,37.2312919695892,127.186717295977,주소
경기도 용인시 처인구 명지로40번길 15-17,37.2310399391089,127.186665176766,주소
경기도 용인시 처인구 명지로40번길 15-7,37.2319728934885,127.186829296537,주소
경기도 용인시 처인구 명지로40번길 16,37.2328241005432,127.187007417351,주소
경기도 용인시 처인구 명지로40번길 4,37.232710179345,127.188106755306,주소
경기도 용인시 처인구 명지로40번길 46,37.2337338071838,127.183718987964,주소
경기도 용인시 처인구 명지로40번길 9,37.2322902072181,127.187478375746,주소
경기도 용인시 처인구 모현면 문현로 179,37.3434763881658,127.228486814478,주소
경기도 용인시 처인구 모현읍 능곡로 2,37.3412716335029,127.175218079739,주소
경기도 용인시 처인구 모현읍 대지로485번길 9-19,37.332784410964,127.157917059436,주소
경기도 용인시 처인구 모현읍 문현로 348,37.3370666358595,127.246364216279,주소
경기도 용인시 처인구 모현읍 문현로 352,37.3371920888667,127.246911810427,주소
경기도 용인시 처인구 모현읍 문현로189번길 5,37.3438306772008,127.231589023944,주소
경기도 용인시 처인구 모현읍 백옥대로 2366번길 7-8,37.3352708911889,127.250778707737,주소
경기도 용인시 처인구 모현읍 백옥대로 2414-16,37.3398278610548,127.251661552642,주소
경기도 용인시 처인구 모현읍 백옥대로2476번길 17,37.3447335038277,127.252762131446,주소
경기도 용인시 처인구 모현읍 백옥대로2476번길 25,37.3446143206605,127.253635575071,주소
경기도 용인시 처인구 모현읍 오포로 61,37.3410848604723,127.174296106541,주소
경기도 용인시 처인구 모현읍 왕산로 15,37.3461830568516,127.256953804892,주소
경기도 용인시 처인구 모현읍 충렬로8번길 29,37.3431936575262,127.173848097527,주소
경기도 용인시 처인구 모현읍 충렬로8번길 50,37.3430422402533,127.176434354927,주소
경기도 용인시 처인구 백암면 근창로 35  3층,37.1634983896514,127.371140494099,주소
경기도 용인시 처인구 백암면 백원로 501,37.1641457287611,127.367489996962,주소
경기도 용인시 처인구 백암면 백원로 519-9,37.1649680002388,127.368572795135,주소
경기도 용인시 처인구 백암면 죽양대로748번길 12,37.1379764659596,127.399981990357,주소
경기도 용인시 처인구 백암면 청강가창로105번길 55-12,37.1861979297378,127.360457988263,주소
경기도 용인시 처인구 백암면 한택로 446,37.1190733161337,127.377606411994,주소
경기도 용인시 처인구 백옥대로 1059-2,37.2289200685354,127.208832428103,주소
경기도 용인시 처인구 백옥대로1362번길 41,37.2586415987114,127.21583028835,주소
경기도 용인시 처인구 백옥대로1370번길 11-17,37.2580606119338,127.21394113471,주소
경기도 용인시 처인구 백옥대로1380번길 6,37.2579772755502,127.213136256648,주소
경기도 용인시 처인구 백옥대로1380번길 9,37.2582656359963,127.213870696532,주소
경기도 용인시 처인구 양지면 양지로 142-1,37.2344100614529,127.284189894649,주소
경기도 용인시 처인구 양지면 양지로143번길 16,37.2359471505618,127.284490583631,주소
경기도 용인시 처인구 양지면 양지로143번길 18-1,37.2362962993755,127.284605378649,주소
경기도 용인시 처인구 양지면 주북로 465,37.2437076970568,127.281947819522,주소
경기도 용인시 처인구 양지면 중부대로2517번길 42-7,37.2428049201343,127.313528903522,주소
경기도 용인시 처인구 양지면 한터로571번길 4,37.2620068177845,127.268272129002,주소
경기도 용인시 처인구 양지읍 교동로 30,37.237078240428,127.28444885443,주소
경기도 용인시 처인구 양지읍 남곡로 26,37.2315103462594,127.2829378764,주소
경기도 용인시 처인구 양지읍 양지로143번길 15,37.235969073558,127.284178842698,주소
경기도 용인시 처인구 원삼면 고당로16번길 29,37.1681133615345,127.309189594353,주소
경기도 용인시 처인구 원삼면 내동로 50-13,37.1738457867384,127.295877471237,주소
경기도 용인시 처인구 원삼면 복분로 29,37.1583460062681,127.342837037219,주소
경기도 용인시 처인구 원삼면 원양로 603,37.2018279689388,127.320348255603,주소
경기도 용인시 처인구 원삼면 하사로 1,37.1635564229529,127.316137851367,주소
경기도 용인시 처인구 이동면 경기동로705번길 13-2,37.1395509000571,127.199287473193,주소
경기도 용인시 처인구 이동면 백옥대로 612,37.1916533502543,127.208714885819,주소
경기도 용인시 처인구 이동면 백옥대로 615,37.1917171363129,127.206766934517,주소
경기도 용인시 처인구 이동면 백옥대로587번길 22,37.190865227042,127.203887110557,주소
경기도 용인시 처인구 이동면 백옥대로587번길 27,37.1899082430803,127.203768871381,주소
경기도 용인시 처인구 이동읍 경기동로687번길 14,37.1408151028789,127.198633595233,주소
경기도 용인시 처인구 이동읍 경기동로687번길 28-14,37.1404346030429,127.20076253372,주소
경기도 용인시 처인구 이동읍 경기동로705번길 30,37.1394132290461,127.201148133735,주소
경기도 용인시 처인구 이동읍 백옥대로 626,37.1925877332733,127.207230525495,주소
경기도 용인시 처인구 이동읍 백옥대로587번길 54,37.1912361856059,127.200617185425,주소
경기도 용인시 처인구 임원로 92-6,37.2558774194799,127.226236808307,주소
경기도 용인시 처인구 중부대로 1168,37.2340137251116,127.173281779566,주소
경기도 용인시 처인구 중부대로 1338,37.2349591186333,127.193353438469,주소
경기도 용인시 처인구 중부대로 1348,37.2347371362997,127.193993074884,주소
경기도 용인시 처인구 중부대로1158번길 2,37.2392077946055,127.173593334392,주소
경기도 용인시 처인구 중부대로1158번길 22,37.2377239683655,127.172473334942,주소
경기도 용인시 처인구 중부대로1158번길 45,37.2367717578559,127.170284430282,주소
경기도 용인시 처인구 중부대로1281번길 10-3,37.2375854162845,127.187853581542,주소
경기도 용인시 처인구 중부대로1281번길 11,37.2381103470473,127.18706803338,주소
경기도 용인시 처인구 중부대로1331번길 11,37.2365464201705,127.192954158003,주소
경기도 용인시 처인구 지삼로590번길 24,37.2385122249144,127.164671831216,주소
경기도 용인시 처인구 포곡읍 부곡로 24,37.2821796192769,127.22024042712,주소
경기도 용인시 처인구 포곡읍 석성로 1176,37.2797216021746,127.221392201879,주소
경기도 용인시 처인구 포곡읍 영문로 70,37.2719248018761,127.208400039234,주소
경기도 용인시 처인구 포곡읍 전대로 24,37.2815507209827,127.222059245295,주소
경기도 용인시 처인구 포곡읍 전대로 38,37.2827246660259,127.220960769772,주소
경기도 용인시 처인구 포곡읍 전대로 41-1,37.28272174051,127.220306620337,주소
경기도 용인시 처인구 포곡읍 전대로 47,37.2829686794083,127.220083503927,주소
경기도 용인시 처인구 포곡읍 전대로49번길 1,37.283091306378,127.219843335358,주소
경기도 용인시 처인구 포곡읍 전대로49번길 7,37.2833044277057,127.219197702858,주소
경기도 용인시 처인구 포곡읍 포곡로 125,37.270461174884,127.218727411197,주소
경기도 용인시 처인구 포곡읍 포곡로 159-1,37.2732187182974,127.21989309833,주소
경기도 용인시 처인구 포곡읍 포곡로 72,37.2676019428419,127.214073425439,주소
경기도 용인시 처인구 포곡읍 포곡로 80,37.2677689173806,127.214912354278,주소
경기도 용인시 처인구 포곡읍 포곡로 90,37.2674506609158,127.215710104946,주소
경기도 용인시 처인구 포곡읍 포곡로108번길 13,37.2686475628606,127.218678421069,주소
경기도 용인시 처인구 포곡읍 포곡로118번길 61,37.2687307726268,127.225239266256,주소
경기도 용인시 처인구 포곡읍 포곡로141번길 28,37.274045571018,127.218888641,주소
경기도 용인시 처인구 포곡읍 포곡로246번길 13,37.2766365649033,127.230257725645,주소
경기도 용인시 처인구 학산로 3-2,37.2391818037527,127.198993181869,주소
경기도 용인시 처인구 한터로 55-30,37.2554902333234,127.215617494666,주소
경기도 용인시 처인구 한터로152번길 2,37.2484846009701,127.227057229786,주소
경기도 용인시 처인구 한터로152번길 22,37.2473198771749,127.226840937373,주소
경기도 용인시 처인구 한터로152번길 45,37.2466295058458,127.230800386786,주소
경기도 용인시 처인구 한터로152번길 62,37.2445675069567,127.23220969308,주소
경기도 의왕시 가구단지길 58-4,37.3646120389411,126.965065132745,주소
경기도 의왕시 갈미2로 12,37.3787598567448,126.974614595273,주소
경기도 의왕시 갈미2로 16,37.3788141951382,126.974228546554,주소
경기도 의왕시 갈미2로 30,37.3790644870657,126.972960958216,주소
경기도 의왕시 갈미2로 36,37.3793224102327,126.972013679045,주소
경기도 의왕시 갈미2로 40,37.3794619251627,126.971412164308,주소
경기도 의왕시 갈미2로 6,37.3786942198275,126.975265301712,주소
경기도 의왕시 갈미로 27,37.3766535396309,126.971864846883,주소
경기도 의왕시 갈미로 61,37.3774824028344,126.975127842172,주소
경기도 의왕시 경수대로 262,37.3506825569407,126.973189534705,주소
경기도 의왕시 계원대학로 22,37.3791846226496,126.973892067,주소
경기도 의왕시 계원대학로 34,37.3790529662671,126.975067369501,주소
경기도 의왕시 까치골길 22,37.3178374572903,126.955586546641,주소
경기도 의왕시 내손로 10,37.3834908655185,126.973791435235,주소
경기도 의왕시 내손로 101,37.3896227960405,126.979845845613,주소
경기도 의왕시 내손로 9,37.3840047056861,126.973729491792,주소
경기도 의왕시 내손순환로 175,37.3888727209586,126.98167053499,주소
경기도 의왕시 내손순환로 26-1,37.3860314065329,126.975541799684,주소
경기도 의왕시 내손순환로 32,37.3855120393978,126.975897093745,주소
경기도 의왕시 내손순환로 51,37.3847784080349,126.978614999142,주소
경기도 의왕시 내손중앙로 4,37.3891056194264,126.976944770614,주소
경기도 의왕시 덕영대로 123,37.3215827449292,126.958201016927,주소
경기도 의왕시 덕장로 33,37.3922237475658,126.997062755387,주소
경기도 의왕시 덕장로 55,37.3932282379721,126.998810857421,주소
경기도 의왕시 모락로 110,37.3680803027316,126.967716470538,주소
경기도 의왕시 모락로 56,37.3637066885307,126.968267190009,주소
경기도 의왕시 모락로 89-19,37.3650231369823,126.965852214221,주소
경기도 의왕시 백운로 25,37.3523572210896,126.982982362332,주소
경기도 의왕시 백운중앙로 46,37.3706801336816,127.00408714538,주소
경기도 의왕시 백운중앙로 61,37.3707154432695,127.006366502704,주소
경기도 의왕시 백운중앙로 67,37.370897453469,127.007819370763,주소
경기도 의왕시 백운중앙로3길 7,37.3716824707073,127.00286520572,주소
경기도 의왕시 백운초등길 16,37.3864050375658,126.975428872454,주소
경기도 의왕시 백운초등길 4,37.3856977860702,126.974819234629,주소
경기도 의왕시 백운호수로7길 11,37.3736105230437,127.01028775061,주소
경기도 의왕시 보식골로 11,37.3589688349345,126.969361276262,주소
경기도 의왕시 보식골로 40,37.3586938489283,126.973496307566,주소
경기도 의왕시 보식골로 6,37.3586677860134,126.97036103924,주소
경기도 의왕시 복지로 151,37.391840470238,126.983870645493,주소
경기도 의왕시 봇들로 40,37.3964252365,126.985286191913,주소
경기도 의왕시 부곡중앙남6길 86,37.317172969816,126.954001095347,주소
경기도 의왕시 부곡중앙남7길 8-10,37.3193138865447,126.95728709112,주소
경기도 의왕시 부곡중앙남7길 8-9,37.3192435522738,126.956890687681,주소
경기도 의왕시 부곡중앙로 40-3,37.3209070475714,126.953575290731,주소
경기도 의왕시 부곡중학길 31,37.3161400708491,126.954353815954,주소
경기도 의왕시 부곡중학길 61,37.3148470101316,126.957037258929,주소
경기도 의왕시 부곡초등1길 23,37.3170309553448,126.952154176086,주소
경기도 의왕시 부곡초등3길 14,37.3170379934821,126.950859507539,주소
경기도 의왕시 시청1로 11,37.3467891708559,126.968634106777,주소
경기도 의왕시 시청1로 7,37.3461934820004,126.969251126468,주소
경기도 의왕시 시청중심1길 15,37.3450261977016,126.971034852594,주소
경기도 의왕시 시청중심1길 19,37.3450907506485,126.971945357166,주소
경기도 의왕시 안양판교로 100,37.3956659568923,126.983336557687,주소
경기도 의왕시 안양판교로 168,37.3905040913759,126.989669852952,주소
경기도 의왕시 안양판교로 211,37.3898202747049,126.994646616307,주소
경기도 의왕시 안양판교로 213,37.3897550545715,126.994963711002,주소
경기도 의왕시 안양판교로 99,37.3955979005877,126.985146204317,주소
경기도 의왕시 어내들로 5,37.3614700440754,126.963204384672,주소
경기도 의왕시 오전로 156,37.3556035604153,126.971419521997,주소
경기도 의왕시 오전로 165,37.3558922405965,126.970285038319,주소
경기도 의왕시 오전로 198,37.3584602606436,126.96854414135,주소
경기도 의왕시 오전로 209,37.359200485474,126.967327458977,주소
경기도 의왕시 왕곡로 47,37.346343126888,126.980124894353,주소
경기도 의왕시 왕곡로 48,37.345913893284,126.979693889465,주소
경기도 의왕시 왕곡로 58,37.3451801387507,126.980491196208,주소
경기도 의왕시 원골로 10,37.3582412394619,126.967611646502,주소
경기도 의왕시 원골로 15,37.358788990568,126.967671461899,주소
경기도 의왕시 원골로 3,37.3581452200036,126.966745925546,주소
경기도 의왕시 위인로 13,37.3447350429566,126.978988290396,주소
경기도 의왕시 장안로 6,37.320037570717,126.958223759619,주소
경기도 의왕시 찬우물길 49,37.3549515552951,126.972470265638,주소
경기도 의왕시 철도박물관로 143,37.3168828022426,126.949920651876,주소
경기도 의왕시 청계1로 29,37.3918360631851,126.998400051235,주소
경기도 의왕시 포도원로 40,37.3623697817113,126.966442664538,주소
경기도 의왕시 포일로 20,37.388374686606,126.975487061894,주소
경기도 의왕시 포일로 26,37.3887109632,126.975998264317,주소
경기도 의왕시 포일로 43,37.3900446690729,126.977429944362,주소
경기도 의왕시 포일로 59,37.3905712700407,126.979137100049,주소
경기도 의왕시 포일로 69,37.3910291659246,126.980161548205,주소
경기도 의왕시 포일세거리로 10,37.3959892723276,126.985614235037,주소
경기도 의왕시 포일세거리로 51,37.399581378417,126.985636587904,주소
경기도 의왕시 포일세거리로 95,37.4033516603227,126.986044839256,주소
경기도 의왕시 호성로 50,37.3662425643728,126.965158751633,주소
경기도 의왕시 효행로 10,37.3488929177831,126.975617619435,주소
경기도 의왕시 흥안대로434번길 69,37.3921663825415,126.978810297733,주소
경기도 의왕시 흥안대로434번길 95,37.3918236354895,126.980388434862,주소
경기도 의정부시 가금로34번길 23,37.7546386481578,127.040866369666,주소
경기도 의정부시 가능로 135,37.7487858178473,127.045911077088,키워드
경기도 의정부시 가능로 43,37.7468031081022,127.035899367155,주소
경기도 의정부시 가능로 52,37.7465864751731,127.03690455166,주소
경기도 의정부시 가능로 75,37.7481072547724,127.040369767522,주소
경기도 의정부시 가능로135번길 17,37.747765617509,127.045998836512,주소
경기도 의정부시 가능로135번길 27,37.7482103792569,127.045886212873,주소
경기도 의정부시 경의로 135,37.7338225740131,127.050836096091,주소
경기도 의정부시 경의로 151,37.7333463381642,127.052442585265,주소
경기도 의정부시 경의로118번길 60,37.7304736082947,127.048625145512,주소
경기도 의정부시 금신로 276,37.7442321962899,127.065769355998,주소
경기도 의정부시 금신로 380,37.7499704031165,127.057620669614,주소
경기도 의정부시 녹양로 47,37.7555294435947,127.032105039334,주소
경기도 의정부시 녹양로 50,37.7556279848461,127.032523133375,주소
경기도 의정부시 녹양로 61,37.7568767187447,127.032870132951,주소
경기도 의정부시 녹양로 63,37.756993354755,127.033010331961,주소
경기도 의정부시 녹양로62번길 12,37.756377704814,127.033079280442,주소
경기도 의정부시 녹양로62번길 5,37.7567288007949,127.033436783009,주소
경기도 의정부시 누원로 52,37.6907108723338,127.053544518153,주소
경기도 의정부시 능곡로 31,37.7412358881679,127.059765016648,주소
경기도 의정부시 능곡로 42,37.7411956796532,127.061218803703,주소
경기도 의정부시 능곡로 46,37.7414890376426,127.061387300544,주소
경기도 의정부시 능곡로26번길 28,37.7400337074673,127.061722262247,주소
경기도 의정부시 능곡로26번길 28 (신곡동),37.7400337074673,127.061722262247,주소
경기도 의정부시 덤바위길 6,37.7254370273861,127.107004247734,주소
경기도 의정부시 동일로 417,37.7256793538912,127.059271789611,주소
경기도 의정부시 동일로 458,37.7292436150476,127.059769216984,주소
경기도 의정부시 동일로454번길,37.7289505454173,127.067736105966,주소
경기도 의정부시 동일로454번길 43,37.7286409616547,127.061853353183,주소
경기도 의정부시 동일로454번길 47,37.7286258460614,127.06215655602,주소
경기도 의정부시 동일로466번길 45,37.7292430229946,127.061619152147,주소
경기도 의정부시 동일로466번길 46,37.728893907544,127.061252688961,주소
경기도 의정부시 동일로466번길 5,37.7299037707876,127.059918351766,주소
경기도 의정부시 동일로466번길 70,37.729307741768,127.062590116541,주소
경기도 의정부시 동일로466번길 92,37.7303468940207,127.06281117625,주소
경기도 의정부시 동일로522번길 30,37.734745999649,127.060167409983,주소
경기도 의정부시 둔야로 57,37.7412837637993,127.039318978907,주소
경기도 의정부시 둔야로49번길 15,37.7402607506011,127.038661311477,주소
경기도 의정부시 둔야로49번길 27,37.7402506913098,127.038010193082,주소
경기도 의정부시 둔야로49번길 30,37.7412221620353,127.037303067271,주소
경기도 의정부시 문화로 38,37.7265032547622,127.105383801888,주소
경기도 의정부시 문화로 41,37.7264017942756,127.106797826616,주소
경기도 의정부시 민락로 195,37.743419095098,127.100485819936,주소
경기도 의정부시 민락로 211,37.7450940863888,127.099315346737,주소
경기도 의정부시 바대논길 79,37.7341695021685,127.109168294202,주소
경기도 의정부시 발곡로 10,37.7309517896541,127.055862244455,주소
경기도 의정부시 발곡로 26,37.7310751644995,127.057850828757,주소
경기도 의정부시 발곡로 34,37.7308912562809,127.058621055533,주소
경기도 의정부시 백석로 12,37.7303886494406,127.03972159811,주소
경기도 의정부시 백석로52번길 31,37.7287161108463,127.044210295097,주소
경기도 의정부시 범골로 23,37.7280416561309,127.040672635422,주소
경기도 의정부시 부용로 105,37.7512939113072,127.069353799113,주소
경기도 의정부시 부용로 241,37.7478068741737,127.082144929274,주소
경기도 의정부시 부용로 61,37.7506939730831,127.065059419233,주소
경기도 의정부시 부용로 77,37.7510891530744,127.066003614084,주소
경기도 의정부시 부용로 95,37.7511482259621,127.068736722743,주소
경기도 의정부시 부용로185번길 15,37.7521917628742,127.076985197284,주소
경기도 의정부시 부용로204번길 16,37.7502447549881,127.078106867117,주소
경기도 의정부시 부용로219번길 17,37.7498427433145,127.0809115052,주소
경기도 의정부시 부용로95번길 10,37.7514424473046,127.068641565643,주소
경기도 의정부시 부용로95번길 18,37.7519389046862,127.068444810018,주소
경기도 의정부시 비우로 110,37.7582615531801,127.039194168303,주소
경기도 의정부시 서광로 135,37.7290110537457,127.110941113727,주소
경기도 의정부시 서광로 166,37.7313950823013,127.112493247459,주소
경기도 의정부시 서광로 197,37.7343421760823,127.111998321083,주소
경기도 의정부시 서광로 201,37.7347379821735,127.112082526746,주소
경기도 의정부시 서광로 210,37.7357844022614,127.113833574269,주소
경기도 의정부시 서광로 95,37.7259441915607,127.109255359653,주소
경기도 의정부시 서부로 545,37.746124313263,127.025131506194,주소
경기도 의정부시 세석로 24,37.7296549826,127.109490069237,주소
경기도 의정부시 세석로 30,37.729393662333,127.110112116064,주소
경기도 의정부시 송양로 16,37.7527432695341,127.107564968611,주소
경기도 의정부시 송양로 33,37.7524070000931,127.109649200938,주소
경기도 의정부시 송양로 45,37.7525450406616,127.110887847192,주소
경기도 의정부시 송양로 49,37.7531701497156,127.111727237941,주소
경기도 의정부시 송양로 76,37.7510275979317,127.113198111863,주소
경기도 의정부시 송양로 87,37.7513831084676,127.115806331849,주소
경기도 의정부시 수암로 24,37.7293834382313,127.108897639189,주소
경기도 의정부시 수암로 25,37.7287081607541,127.108506769255,주소
경기도 의정부시 시민로 287,37.7391089917763,127.065974596568,주소
경기도 의정부시 시민로 442,37.7313604096236,127.080830359353,주소
경기도 의정부시 시민로 464-14,37.7308383941908,127.082382214628,주소
경기도 의정부시 시민로179번길 15,37.7383414650991,127.055077722671,주소
경기도 의정부시 시민로179번길 42,37.7401890548019,127.055330392203,주소
경기도 의정부시 신곡로 11,37.7276677003266,127.056346640193,주소
경기도 의정부시 신곡로 46-21,37.7307892889004,127.057845955329,주소
경기도 의정부시 신곡로 46-9,37.7307873816959,127.057138090325,주소
경기도 의정부시 신촌로 43,37.7504643874183,127.039242251404,주소
경기도 의정부시 신촌로29번길 24,37.7514471284584,127.037972233288,주소
경기도 의정부시 신흥로 130,37.7275211679007,127.043928947319,주소
경기도 의정부시 신흥로 134,37.7278221061193,127.043891804913,주소
경기도 의정부시 신흥로 136,37.7281477951659,127.043924099418,주소
경기도 의정부시 신흥로 142,37.7287852262788,127.043940016723,주소
경기도 의정부시 신흥로 355-1,37.7481042520266,127.042504063271,주소
경기도 의정부시 신흥로 357-1,37.7482937259405,127.042503150442,주소
경기도 의정부시 신흥로 68,37.7221280562123,127.044131404351,주소
경기도 의정부시 신흥로 81,37.7234549379931,127.043347947017,주소
경기도 의정부시 신흥로365번길 17,37.7488717613189,127.041564652821,주소
경기도 의정부시 신흥로365번길 40,37.7499686247612,127.039661370835,주소
경기도 의정부시 안말로 45,37.7153825795869,127.043849873657,주소
경기도 의정부시 안말로 57,37.7153666641903,127.044961456034,주소
경기도 의정부시 안말로 88,37.7144054213627,127.048581639186,주소
경기도 의정부시 오목로 105,37.7374131927568,127.092503999397,주소
경기도 의정부시 오목로 11,37.7322280586593,127.084534838563,주소
경기도 의정부시 오목로 124,37.7386814368853,127.093821843967,주소
경기도 의정부시 오목로 151,37.7408969530863,127.095685984065,주소
경기도 의정부시 오목로 152,37.7402272025404,127.096423367424,주소
경기도 의정부시 오목로 170,37.7418383543813,127.097905951271,주소
경기도 의정부시 오목로 196,37.7440510248764,127.099113696287,주소
경기도 의정부시 오목로 209,37.74519286772,127.098844726466,주소
경기도 의정부시 오목로 215,37.7455046057884,127.099055726713,주소
경기도 의정부시 오목로 219,37.7458759644624,127.099401034696,주소
경기도 의정부시 오목로 227,37.7463778610834,127.099759683089,주소
경기도 의정부시 오목로 228,37.7465682454545,127.10080709532,주소
경기도 의정부시 오목로 229,37.7466264714957,127.099826733521,주소
경기도 의정부시 오목로 33,37.7333799204046,127.086438030136,주소
경기도 의정부시 오목로 74,37.7349535362992,127.090777467469,주소
경기도 의정부시 오목로 83,37.7362168084114,127.090279044869,주소
경기도 의정부시 오목로 86,37.7354611464937,127.091935130899,주소
경기도 의정부시 오목로205번길 1,37.7445905716556,127.098088277184,주소
경기도 의정부시 오목로225번길 140,37.7450286296568,127.09488765612,주소
경기도 의정부시 오목로225번길 177,37.7445649302148,127.097174431152,주소
경기도 의정부시 오목로35번길 41-4,37.7348434480231,127.085460580537,주소
경기도 의정부시 오목로91번길 12,37.7367019679348,127.091347980117,주소
경기도 의정부시 용민로 10,37.7340787359996,127.080422077452,주소
경기도 의정부시 용민로 151,37.7430045362803,127.090505695719,주소
경기도 의정부시 용민로 18,37.7346629865923,127.081121080301,주소
경기도 의정부시 용민로 304,37.7507827744344,127.103221783884,주소
경기도 의정부시 용민로 308,37.7517175720583,127.104195647358,주소
경기도 의정부시 용민로 469,37.7519694955376,127.118038898622,주소
경기도 의정부시 용민로 479,37.7512018393511,127.118071039575,주소
경기도 의정부시 용민로 483,37.7507562105328,127.118081451565,주소
경기도 의정부시 용민로 493,37.7500161057265,127.118580219773,주소
경기도 의정부시 용민로 76,37.7373653822212,127.086776319239,주소
경기도 의정부시 용민로 87,37.7389531350702,127.087055336073,주소
경기도 의정부시 용민로26번길 27,37.7355535271652,127.08315842422,주소
경기도 의정부시 용민로7번길 54,37.7366791483602,127.078636939692,주소
경기도 의정부시 용현로 103,37.7415033208096,127.087430344863,주소
경기도 의정부시 용현로 111,37.7417306994523,127.088190769826,주소
경기도 의정부시 용현로 125,37.7419311707184,127.089853374526,주소
경기도 의정부시 용현로 140,37.7408100034637,127.091611138106,주소
경기도 의정부시 용현로 155,37.7408642884375,127.093274909422,주소
경기도 의정부시 용현로 158,37.7404175593251,127.093424902781,주소
경기도 의정부시 용현로 165,37.7405594805722,127.094531603408,주소
경기도 의정부시 용현로105번길 11,37.7419557743381,127.087326383432,주소
경기도 의정부시 용현로105번길 19,37.7422130035087,127.087201202098,주소
경기도 의정부시 용현로105번길 23,37.7423432146994,127.087172536705,주소
경기도 의정부시 용현로105번길 26,37.7425290351078,127.087724952598,주소
경기도 의정부시 용현로105번길 27,37.7426580047332,127.087062057649,주소
경기도 의정부시 용현로159번길 12,37.7410517986346,127.094045279322,주소
경기도 의정부시 용현로159번길 18,37.7412984372291,127.094216569074,주소
경기도 의정부시 용현로159번길 26,37.7421778312654,127.094830238184,주소
경기도 의정부시 월유로 13,37.72919682587,127.110469945858,주소
경기도 의정부시 월유로 16,37.7287656480918,127.110152477089,주소
경기도 의정부시 의정로 155,37.7468179856627,127.034348773399,주소
경기도 의정부시 의정로140번길 15,37.7464834645091,127.035833744239,주소
경기도 의정부시 장곡로 206,37.7231746225538,127.054283269458,주소
경기도 의정부시 장곡로 248,37.7260665381781,127.053147652437,주소
경기도 의정부시 장곡로 598,37.7497596885142,127.069294384747,주소
경기도 의정부시 장곡로 606,37.7499800605712,127.070064250148,주소
경기도 의정부시 장곡로 626,37.7504506433524,127.072289947549,주소
경기도 의정부시 장곡로226번길 132,37.721564338678,127.058382656659,주소
경기도 의정부시 장곡로226번길 83,37.7228485082166,127.056504510216,주소
경기도 의정부시 장곡로322번길 21,37.7330641827503,127.055336547701,주소
경기도 의정부시 장곡로596번길 15,37.7492766635196,127.069474915602,주소
경기도 의정부시 장곡로596번길 16,37.7493134738673,127.068927921101,주소
경기도 의정부시 장곡로596번길 19,37.7490638073244,127.069555618968,주소
경기도 의정부시 장곡로596번길 9,37.749503767693,127.069372552648,주소
경기도 의정부시 장곡로628번길 10,37.7500678262895,127.072430049864,주소
경기도 의정부시 장곡로628번길 26,37.7495148788266,127.07261480455,주소
경기도 의정부시 장금로 50,37.7418731151811,127.059998228441,주소
경기도 의정부시 전좌로 204 (호원동),37.7252782876231,127.042708576721,주소
경기도 의정부시 전좌로156번길 20,37.722026385265,127.041001798678,주소
경기도 의정부시 전좌로156번길 24 (호원동),37.7223331840684,127.041721433852,주소
경기도 의정부시 진등로 19 (녹양동),37.759762746117,127.032359030099,주소
경기도 의정부시 천보로 14,37.7437567584744,127.099659951417,주소
경기도 의정부시 천보로 38,37.7440361406321,127.096859682921,주소
경기도 의정부시 천보로 418,37.7559514208034,127.065486388292,주소
경기도 의정부시 천보로 59,37.7445453677286,127.094417085196,주소
경기도 의정부시 청사로 45,37.7522740100561,127.0696146793,주소
경기도 의정부시 청사로 50,37.7528233640935,127.070164631681,주소
경기도 의정부시 청사로47번길 26,37.7524199876127,127.068191982145,주소
경기도 의정부시 청사로48번길 7,37.7529195782315,127.070481994278,주소
경기도 의정부시 청사로5번길 8-17,37.7495822239261,127.070012587356,주소
경기도 의정부시 체육로 187,37.7616514662693,127.028419591307,주소
경기도 의정부시 체육로 201,37.7619938102052,127.029250676448,주소
경기도 의정부시 체육로 265-25,37.7632855777424,127.037068441128,주소
경기도 의정부시 체육로 304,37.7609688519483,127.041347286595,주소
경기도 의정부시 추동로 15,37.7432680276519,127.057768983057,주소
경기도 의정부시 추동로 43,37.7449111103646,127.059427815091,주소
경기도 의정부시 추동로 43 (신곡동),37.7449111103646,127.059427815091,주소
경기도 의정부시 추동로 9,37.7429875371775,127.057067933238,주소
경기도 의정부시 추동로124번길 30,37.7463352602213,127.068263553858,주소
경기도 의정부시 추동로124번길 36,37.7461580003447,127.068331582378,주소
경기도 의정부시 추동로124번길 37,37.7463688021901,127.069146443688,주소
경기도 의정부시 추동로23번길 10,37.7446043346942,127.058519203029,주소
경기도 의정부시 추동로24번길 23,37.7431621911151,127.059880704786,주소
경기도 의정부시 추동로5번길 5,37.7429307356182,127.056591365198,주소
경기도 의정부시 추동로91번길 8,37.7478162279634,127.06417164084,주소
경기도 의정부시 충의로57번길 59,37.7358743211285,127.084231882093,주소
경기도 의정부시 평화로 148,37.7049468365572,127.048313850442,주소
경기도 의정부시 평화로 196,37.7094585378205,127.048357265689,주소
경기도 의정부시 평화로 271-9,37.7157508076692,127.04689249479,주소
경기도 의정부시 평화로 303,37.7190482069488,127.047070603747,주소
경기도 의정부시 평화로202번길 11,37.7101378922844,127.0485275926,주소
경기도 의정부시 평화로202번길 14,37.7098047690026,127.048826318013,주소
경기도 의정부시 평화로322번길 20,37.720961512206,127.04862380437,주소
경기도 의정부시 평화로440번길 6-5,37.7309220078727,127.048657995964,주소
경기도 의정부시 호국로 1280,37.7433162770247,127.046223567726,주소
경기도 의정부시 호국로1142번길 22,37.7422577199487,127.030463026707,주소
경기도 의정부시 호국로1291번길 10,37.744364972892,127.047660628464,주소
경기도 의정부시 호국로1291번길 17,37.745039723448,127.046949317655,주소
경기도 의정부시 호국로1291번길 26-8,37.7448328195811,127.047947644684,주소
경기도 의정부시 호동로 13,37.7318691202555,127.040000547072,주소
경기도 의정부시 호동로 45,37.7299807462673,127.042654558056,주소
경기도 의정부시 호동로 67,37.7279310712492,127.043302572756,주소
경기도 의정부시 호암로 141,37.7133372539018,127.046505029073,주소
경기도 의정부시 호암로 205,37.7192992579808,127.044651354674,주소
경기도 의정부시 호암로 236,37.7217378264131,127.044897024315,주소
경기도 의정부시 호암로 238,37.7218667875989,127.044812713158,주소
경기도 의정부시 호암로 242,37.722115340104,127.044642950079,주소
경기도 의정부시 호암로 247,37.7225585424184,127.04412666896,주소
경기도 의정부시 호암로 256,37.7229166743352,127.044617229225,주소
경기도 의정부시 호암로 47,37.7052282062262,127.04607459595,주소
경기도 의정부시 홈다리길 10,37.7360758752892,127.111752255352,주소
경기도 의정부시 회룡로 135,37.7260207473517,127.048822442335,주소
경기도 의정부시 회룡로 137,37.7262658461706,127.049172770201,주소
경기도 의정부시 회룡로 178,37.7263880453119,127.053456533266,주소
경기도 의정부시 회룡로 185,37.7274510720769,127.055278262641,주소
경기도 의정부시 회룡로 188,37.7263677056064,127.054587671794,주소
경기도 의정부시 회룡로 241,37.7268229864418,127.060630955172,주소
경기도 의정부시 회룡로138번길 9,37.7256432866075,127.049144681235,주소
경기도 의정부시 회룡로192번길 25,37.7254588850235,127.055955669733,주소
경기도 의정부시 회룡로192번길 42,37.7247046914163,127.055935252021,주소
경기도 의정부시 훈민로 13,37.7397461681116,127.114460343626,주소
경기도 의정부시 훈민로 14,37.7387618460809,127.114937027369,주소
경기도 이천시 갈산로 4,37.2888827506265,127.453775396294,주소
경기도 이천시 갈산로 40,37.2889173276297,127.457759274145,주소
경기도 이천시 갈산로 47,37.2894869336391,127.458673591015,주소
경기도 이천시 갈산로 56,37.2889466806831,127.459671050339,주소
경기도 이천시 갈산로 58,37.2889432699263,127.459899618438,주소
경기도 이천시 갈산로 65,37.2893510081011,127.46070492835,주소
경기도 이천시 갈산로 71,37.2904103050834,127.461502723754,주소
경기도 이천시 갈산로 73,37.2894878695807,127.46158505242,주소
경기도 이천시 갈산로27번길 17-13,37.2902207596195,127.456709351411,주소
경기도 이천시 경충대로2614번길 32,37.2769754045248,127.443657623234,주소
경기도 이천시 고래실길 20,37.2834085422814,127.457728612025,주소
경기도 이천시 남천로 51-7,37.2776933333929,127.443011802593,주소
경기도 이천시 단월로 98,37.2270034747149,127.452205893598,주소
경기도 이천시 대월면 경충대로2003번길 102-41,37.2425066352273,127.488485994513,주소
경기도 이천시 대월면 경충대로2003번길 124-87,37.2415895382182,127.487463622908,주소
경기도 이천시 대월면 경충대로2050번길 68-13,37.2480681089679,127.496564041653,주소
경기도 이천시 대월면 대평로 192,37.2236289060522,127.49671621565,주소
경기도 이천시 대월면 대평로150번길 20,37.2244205522453,127.491425987619,주소
경기도 이천시 대월면 대평로178번길 48,37.2237360846184,127.492801360791,주소
경기도 이천시 마장면 마도로 12,37.2572474246326,127.353484789916,주소
경기도 이천시 마장면 마장로 85,37.248820612161,127.358973522618,주소
경기도 이천시 마장면 오천로 112,37.2483189401682,127.357564950215,주소
경기도 이천시 마장면 오천로 130,37.2471137273485,127.358095642593,주소
경기도 이천시 마장면 오천로 49,37.2528336719116,127.353398791185,주소
경기도 이천시 마장면 오천로 55,37.2523659579898,127.353906429468,주소
경기도 이천시 마장면 중부대로609번길 28-1,37.2567391126676,127.405898079618,주소
경기도 이천시 마장면 중앙로 25,37.2537804490037,127.356206897124,주소
경기도 이천시 마장면 중앙로 35,37.2526223440316,127.358624548528,주소
경기도 이천시 마장면 중앙로 36,37.2521144335842,127.358146473418,주소
경기도 이천시 마장면 중앙로 56,37.2511521070395,127.359163351083,주소
경기도 이천시 모가면 진상미로 1054,37.1524066938125,127.483920857949,주소
경기도 이천시 모가면 진상미로 1321-14,37.1747524788852,127.479208956876,주소
경기도 이천시 모가면 진상미로1385번길 114,37.1761190316116,127.473374566273,주소
경기도 이천시 백사면 이여로 260-10,37.3194756281912,127.471002951073,주소
경기도 이천시 백사면 이여로 309,37.3237148941997,127.473905853427,주소
경기도 이천시 백사면 청백리로 72,37.3033417110473,127.469562211092,주소
경기도 이천시 백사면 청백리로 75,37.3039576422184,127.469724065694,주소
경기도 이천시 백사면 청백리로84번길 63,37.3018278263782,127.473514025246,주소
경기도 이천시 백사면 현방로 50,37.337583904525,127.490376996676,주소
경기도 이천시 백사면 현방로 55,37.3388898229245,127.490534670224,주소
경기도 이천시 부발읍 가좌로61번길 16,37.257522452118,127.468425784424,주소
경기도 이천시 부발읍 경충대로 2216-28,37.2599108628251,127.480024118869,주소
경기도 이천시 부발읍 경충대로 2229,37.2592728117226,127.478584482968,주소
경기도 이천시 부발읍 경충대로 2236,37.2601200655707,127.478180299401,주소
경기도 이천시 부발읍 경충대로 2252,37.2605917150305,127.476536977456,주소
경기도 이천시 부발읍 경충대로2050번길 17,37.2484380728988,127.492616721943,주소
경기도 이천시 부발읍 경충대로2050번길 59-78,37.251554750854,127.492942247977,주소
경기도 이천시 부발읍 경충대로2092번길 39-19,37.2533567502249,127.491289920899,주소
경기도 이천시 부발읍 경충대로2250번길 12,37.2610902470202,127.479285103084,주소
경기도 이천시 부발읍 경충대로2300번길 24,37.2638412949571,127.473685315361,주소
경기도 이천시 부발읍 대산로 476-13,37.2598888411487,127.47956618835,주소
경기도 이천시 부발읍 대산로 484,37.2604333869778,127.479486897478,주소
경기도 이천시 부발읍 대산로 486,37.2607080787633,127.479628649216,주소
경기도 이천시 부발읍 무촌로 143,37.2848766893204,127.488257926789,주소
경기도 이천시 부발읍 무촌로 145,37.2850133130406,127.488447805332,주소
경기도 이천시 부발읍 무촌로 149,37.2852757088489,127.488553133633,주소
경기도 이천시 부발읍 무촌로 155,37.2866480014218,127.488743788332,주소
경기도 이천시 부발읍 신아로92번길 32,37.2583013426129,127.490532836787,주소
경기도 이천시 부발읍 신아로92번길 74-21,37.2567507168244,127.491714498433,주소
경기도 이천시 부발읍 신아로92번길 74-25,37.2567947021958,127.491363649335,주소
경기도 이천시 부발읍 죽당로 21,37.2852994441371,127.494144133678,주소
경기도 이천시 부발읍 황무로2065번길 112,37.2416024671453,127.517850100267,주소
경기도 이천시 부발읍 효양로 231,37.2658041655189,127.482174673655,주소
경기도 이천시 서희로 76,37.2821839392095,127.443434255887,주소
경기도 이천시 서희로71번길 14,37.2822367570065,127.442442372374,주소
경기도 이천시 서희로81번길 20,37.2840102891487,127.442289471791,주소
경기도 이천시 설성면 설성로 165-25,37.1457530201555,127.528328057076,주소
경기도 이천시 설성면 설성로15번길 26,37.136074918587,127.518885467383,주소
경기도 이천시 설성면 진상미로264번길 21-165,37.110110749978,127.537443547082,주소
경기도 이천시 신둔면 경충대로 3152-6,37.307841312381,127.403049171368,주소
경기도 이천시 신둔면 경충대로3150번길 82-3,37.3102824593753,127.403528534465,주소
경기도 이천시 신둔면 원적로 438,37.3193266466717,127.440919599917,주소
경기도 이천시 신둔면 원적로 444-6,37.3193131342574,127.441233040654,주소
경기도 이천시 신둔면 원적로290번길 60,37.3147751956061,127.424208425793,주소
경기도 이천시 신둔면 증신로 550,37.3185914222805,127.442774067375,주소
경기도 이천시 신서희로 33,37.2718402706527,127.439031939275,주소
경기도 이천시 신중리로6번길 6,37.273073455142,127.436538678587,주소
경기도 이천시 신중리로6번길 60,37.2721862524588,127.439011737124,주소
경기도 이천시 아리역로38번길 10-14,37.2889296472895,127.446991651453,주소
경기도 이천시 아리역로38번길 50,37.2900355369656,127.44776392699,주소
경기도 이천시 안흥로 23,37.2801114164411,127.455035921813,주소
경기도 이천시 안흥로 57,37.2829930950757,127.455106608222,주소
경기도 이천시 안흥로 72,37.2844427339464,127.455044295739,주소
경기도 이천시 애련정로 141,37.283175664422,127.449844813016,주소
경기도 이천시 애련정로 151,37.2839318285959,127.449816273888,주소
경기도 이천시 애련정로 177,37.2858932005771,127.451612944991,주소
경기도 이천시 애련정로 218,37.2880864420149,127.455856534684,주소
경기도 이천시 애련정로 50,37.2792652271996,127.456167424102,주소
경기도 이천시 애련정로 61-10,37.2772512174942,127.452699455164,주소
경기도 이천시 애련정로 67-15,37.276637783765,127.453126162346,주소
경기도 이천시 애련정로163번길 19,37.2857146429353,127.450020845187,주소
경기도 이천시 애련정로163번길 6,37.2852537952102,127.450699774561,주소
경기도 이천시 애련정로49번길 36,37.2751532191548,127.452118849822,주소
경기도 이천시 어재연로 4-1,37.277727587391,127.442646563293,주소
경기도 이천시 영창로 119,37.2846441985699,127.436821002045,주소
경기도 이천시 영창로 202,37.2807787703234,127.445069261664,주소
경기도 이천시 영창로 306,37.2809806293868,127.456606941992,주소
경기도 이천시 영창로 308,37.2810299230062,127.456978671901,주소
경기도 이천시 영창로 314,37.2809529087654,127.457508968007,주소
경기도 이천시 영창로 53,37.2882008125867,127.432855445123,주소
경기도 이천시 영창로209번길 24,37.2816143359982,127.446590142497,주소
경기도 이천시 영창로300번길 15,37.2807928344023,127.456915671574,주소
경기도 이천시 영창로300번길 16,37.2802429219801,127.45607781769,주소
경기도 이천시 영창로300번길 21,37.2806346501333,127.457209468957,주소
경기도 이천시 영창로45번길 139,37.293528761305,127.433183480633,주소
경기도 이천시 영창로45번길 154,37.2943960522915,127.434374789089,주소
경기도 이천시 영창로45번길 165,37.2941628727258,127.433389669292,주소
경기도 이천시 율면 고당로 48,37.0877074995666,127.542256614306,주소
경기도 이천시 이섭대천로 1308,37.2860611824596,127.449640738979,주소
경기도 이천시 이섭대천로 1313,37.2867716444113,127.450138893712,주소
경기도 이천시 이섭대천로 1325,37.2877105054293,127.450213501834,주소
경기도 이천시 이섭대천로 1326,37.2870272305446,127.451307915527,주소
경기도 이천시 이섭대천로 1342,37.2879319494196,127.452442490221,주소
경기도 이천시 이섭대천로 1346,37.2884159778911,127.452773778271,주소
경기도 이천시 이섭대천로 1404,37.2929444887827,127.455796525559,주소
경기도 이천시 이섭대천로 1411,37.2938847152413,127.455655697687,주소
경기도 이천시 이섭대천로 1418,37.2941944228035,127.457471516844,주소
경기도 이천시 이섭대천로 1437,37.2960190277555,127.456883239621,주소
경기도 이천시 이섭대천로1407번길 38,37.2943100138309,127.454152085505,주소
경기도 이천시 장호원읍 경충대로 456-20,37.1456101602211,127.587724108465,주소
경기도 이천시 장호원읍 샘재로 27-15,37.1264883304877,127.617079164921,주소
경기도 이천시 장호원읍 서동대로8487번길 23-24,37.1135419674259,127.575994895742,주소
경기도 이천시 장호원읍 이풍로63번길 114,37.169933580537,127.587712127386,주소
경기도 이천시 장호원읍 장감로 46,37.1155760505234,127.628066426404,주소
경기도 이천시 장호원읍 장감로 55,37.1168771550565,127.628918451593,주소
경기도 이천시 장호원읍 장감로41번길 5,37.1167399523336,127.627059127986,주소
경기도 이천시 장호원읍 장감로49번길 11,37.1172148382262,127.627921203363,주소
경기도 이천시 장호원읍 장감로49번길 5,37.1168856107164,127.627986218724,주소
경기도 이천시 증신로 168,37.2904628420109,127.45100567588,주소
경기도 이천시 증신로 73,37.284051772521,127.457756075651,주소
경기도 이천시 증신로 81,37.2844345469981,127.457192312429,주소
경기도 이천시 증신로 83,37.2845977724812,127.457016370777,주소
경기도 이천시 증신로291번길 110,37.295501512896,127.434623964859,주소
경기도 이천시 증신로291번길 119-1,37.2950583252679,127.434493295602,주소
경기도 이천시 증신로291번길 133,37.2950671726218,127.433382676736,주소
경기도 이천시 증신로291번길 145-11,37.2950081872493,127.432832191825,주소
경기도 이천시 증신로291번길 145-15,37.2947215225261,127.432401305896,주소
경기도 이천시 증신로291번길 147,37.2955057909687,127.432620080562,주소
경기도 이천시 증신로291번길 34,37.297416843349,127.438188832325,주소
경기도 이천시 증신로291번길 92,37.2961537319931,127.435197947531,주소
경기도 이천시 증포로 25,37.2894037110672,127.460382607037,주소
경기도 이천시 향교로 117,37.2848125290873,127.451370016886,주소
경기도 이천시 향교로 120,37.2838712436568,127.450891348063,주소
경기도 이천시 향교로 128,37.2834905074928,127.451660832688,주소
경기도 이천시 향교로 129,37.2847964179486,127.452498255717,주소
경기도 이천시 향교로 132,37.2837844867097,127.4520220823,주소
경기도 이천시 향교로 144-1,37.2837563861165,127.453573663632,주소
경기도 이천시 향교로 144-11,37.2832430861656,127.45335734722,주소
경기도 이천시 향교로 159,37.2844052819294,127.454097744241,주소
경기도 이천시 향교로 169-1,37.2853841422353,127.455556850666,주소
경기도 이천시 향교로 170,37.2851368873784,127.455934367832,주소
경기도 이천시 향교로 172-1,37.2852294228026,127.456238493465,주소
경기도 이천시 향교로 173,37.2856120109038,127.456165700398,주소
경기도 이천시 향교로 41,37.2849360105271,127.441975535987,주소
경기도 이천시 향교로 72,37.2844059477542,127.445289427246,주소
경기도 이천시 향교로 94,37.2840995841276,127.447800699097,주소
경기도 이천시 향교로 95,37.2843653823294,127.448040434187,주소
경기도 이천시 호법면 이섭대천로 537,37.2235692582673,127.427354821461,주소
경기도 이천시 호법면 이섭대천로96번길 8,37.2148321345397,127.394414939446,주소
경기도 파주시 가람로 109,37.7387471499405,126.760076453082,주소
경기도 파주시 가람로 117,37.7424056714799,126.758118967815,주소
경기도 파주시 가람로 121-1,37.7400549605681,126.760059865709,주소
경기도 파주시 가람로 6,37.7332835568466,126.75102339017,주소
경기도 파주시 가람로116번길 128,37.7327078297072,126.764930401099,주소
경기도 파주시 가람로116번길 40,37.7347625164105,126.76345818921,주소
경기도 파주시 가람로116번길 57,37.7349253943233,126.764574771329,주소
경기도 파주시 가람로116번길 85,37.733875848527,126.765520134785,주소
경기도 파주시 가온로 120,37.7206454955866,126.745669551639,주소
경기도 파주시 가온로 134,37.7205487596285,126.746980721041,주소
경기도 파주시 가온로 27,37.7270404596268,126.742997760017,주소
경기도 파주시 가온로 284,37.7256494628493,126.757986877212,주소
경기도 파주시 가온로 67,37.7241048198623,126.744152291031,주소
경기도 파주시 검산로 10,37.7764093669347,126.738643572534,주소
경기도 파주시 경의로 1080,37.7138108555518,126.75995262432,주소
경기도 파주시 경의로 1108,37.7162643637915,126.760254451097,주소
경기도 파주시 경의로 1204,37.7250451745055,126.761519826815,주소
경기도 파주시 경의로 1246,37.72865782202,126.761223290599,주소
경기도 파주시 경의로 1274,37.7309234536395,126.761517538314,주소
경기도 파주시 경의로1240번길 14-31,37.7265038078199,126.762036827627,주소
경기도 파주시 경의로1240번길 37-1,37.7287269707899,126.763659680105,주소
경기도 파주시 광탄면 부흥로 257,37.8019277547486,126.876023341273,주소
경기도 파주시 광탄면 장지산로 78,37.7434564339095,126.888058745221,주소
경기도 파주시 광탄면 혜음로 1128,37.7819440831635,126.847321415201,주소
경기도 파주시 교하로 140,37.7228507959819,126.736478825254,주소
경기도 파주시 교하로 159번길 33,37.7236427382247,126.739718826433,주소
경기도 파주시 교하로 381,37.7085700516009,126.735955909109,주소
경기도 파주시 교하로 43,37.7308404991592,126.732161481685,주소
경기도 파주시 교하로 60,37.7294051401558,126.731002444888,주소
경기도 파주시 교하로 75,37.7285561674892,126.733227159109,주소
경기도 파주시 교하로 79,37.7283367013626,126.733430655853,주소
경기도 파주시 교하로 83,37.727891164385,126.733706198255,주소
경기도 파주시 교하로 87,37.7276442797692,126.733937127589,주소
경기도 파주시 교하로 959-2,37.7312584014207,126.707642063757,주소
경기도 파주시 교하로159번길 21,37.7232182319953,126.738999137699,주소
경기도 파주시 교하로159번길 33,37.7236427382247,126.739718826433,주소
경기도 파주시 교하로159번길 45,37.7239519525624,126.740455146051,주소
경기도 파주시 교하로159번길 7,37.7229602379192,126.738693448596,주소
경기도 파주시 교하로681번길 33,37.7079646381567,126.703275209188,주소
경기도 파주시 교하로863번길 44,37.7259662082159,126.701033451553,주소
경기도 파주시 군내면 대성동길 150,37.9438675615151,126.68048184038,주소
경기도 파주시 군내면 통일촌길 226,37.9059924595183,126.731656804395,주소
경기도 파주시 금바위로 17,37.726517364883,126.756716553713,주소
경기도 파주시 금바위로 77,37.7311519757651,126.756423803951,주소
경기도 파주시 금바위로 87,37.7321476387248,126.755641426275,주소
경기도 파주시 금빛로 24-22,37.7516520643314,126.767910265155,주소
경기도 파주시 금빛로 24-27,37.7519673617634,126.768301779194,주소
경기도 파주시 금정2길 28,37.7557792294187,126.777929020038,주소
경기도 파주시 노을빛로 21,37.7261672424044,126.706965376968,주소
경기도 파주시 다율로 10,37.7395668881628,126.730373000785,주소
경기도 파주시 다율로 28,37.7387931795,126.727803859801,주소
경기도 파주시 다율로 30,37.7379799283829,126.726930320218,주소
경기도 파주시 동산3길 38-11,37.7620417807188,126.7697316178,주소
경기도 파주시 동패로 115,37.7126727503929,126.740148700796,주소
경기도 파주시 동편길 13,37.7537244486345,126.747059899882,주소
경기도 파주시 마음밭길 114,37.7699796512871,126.770481410406,주소
경기도 파주시 마음밭길 70,37.7683853216038,126.770581448493,주소
경기도 파주시 면산말길 20,37.7690522639391,126.77981720825,주소
경기도 파주시 문산읍 당동1로 22,37.8629655179086,126.775962360135,주소
경기도 파주시 문산읍 당동1로 43,37.8633426253333,126.77363859632,주소
경기도 파주시 문산읍 당동2로 1,37.8677672056715,126.785044300405,주소
경기도 파주시 문산읍 당동2로 5,37.867927050102,126.784708002065,주소
경기도 파주시 문산읍 독산로31번길 39,37.8592180488946,126.78066743926,주소
경기도 파주시 문산읍 독서울1길 37,37.8668930816387,126.801876946887,주소
경기도 파주시 문산읍 독서울1길 39,37.8679228139549,126.801364926672,주소
경기도 파주시 문산읍 마정로124번길 13,37.892252310139,126.760093802025,주소
경기도 파주시 문산읍 문산로 23-1,37.8574816144855,126.781910165445,주소
경기도 파주시 문산읍 문향로 62,37.8573659310223,126.785193255312,주소
경기도 파주시 문산읍 문향로17번길 15-7,37.8535130166398,126.785143190021,주소
경기도 파주시 문산읍 문향로17번길 36,37.8547782807479,126.78463329971,주소
경기도 파주시 문산읍 문향로17번길 45,37.8543037037431,126.783870301531,주소
경기도 파주시 문산읍 문향로67번길 58,37.8607524685995,126.783155209129,주소
경기도 파주시 문산읍 방촌로 1626,37.8600289224152,126.777460465557,주소
경기도 파주시 문산읍 방촌로 1719,37.8660760413314,126.784357673769,주소
경기도 파주시 문산읍 방촌로 1722,37.8653502424315,126.786933971817,주소
경기도 파주시 문산읍 방촌로 1725,37.8667664881596,126.784729675997,주소
경기도 파주시 문산읍 방촌로 1733,37.8674163663006,126.784940080975,주소
경기도 파주시 문산읍 배머리길 90-70,37.8614639176598,126.836719726195,주소
경기도 파주시 문산읍 사임당로 26,37.8594717145015,126.797336696732,주소
경기도 파주시 문산읍 선유울1길 1,37.8601424887699,126.796928378834,주소
경기도 파주시 문산읍 선유울3길 85,37.8656311697348,126.798138534118,주소
경기도 파주시 문산읍 통일로 1753,37.8627566729346,126.787677608272,주소
경기도 파주시 물향기1로 140,37.7217765692342,126.729045879794,주소
경기도 파주시 물향기1로 141,37.7215462661909,126.727358837343,주소
경기도 파주시 물향기1로 15,37.711306916128,126.725300887073,주소
경기도 파주시 미래로 369-13,37.7110715992917,126.74529388939,주소
경기도 파주시 미래로 369-21,37.7112612322371,126.74524220598,주소
경기도 파주시 미래로 369-58,37.7117866862025,126.744454586233,주소
경기도 파주시 미래로 369-72,37.7110914480659,126.744390629279,주소
경기도 파주시 미래로 371,37.7110941429996,126.745845662218,주소
경기도 파주시 미래로 377,37.7117618969618,126.745866063619,주소
경기도 파주시 미래로 532,37.7247716231296,126.75207797622,주소
경기도 파주시 미래로 564,37.7276638668997,126.753128381645,주소
경기도 파주시 미래로 610,37.7316560677439,126.751459914382,주소
경기도 파주시 미래로 612,37.731935657903,126.751298347181,주소
경기도 파주시 미래로 620,37.7324249942236,126.75109455703,주소
경기도 파주시 미래로 622,37.7327072213114,126.750944662496,주소
경기도 파주시 미래로408번길 117,37.7145306439383,126.753103914523,주소
경기도 파주시 미래로408번길 40,37.7139750334478,126.748804654261,주소
경기도 파주시 미래로408번길 77,37.7148634252484,126.751029581704,주소
경기도 파주시 미래로602번길 11,37.7313958577767,126.752011196636,주소
경기도 파주시 번영로 55,37.757415912515,126.766048434914,주소
경기도 파주시 범벅들길 155,37.7418368778295,126.731124129465,주소
경기도 파주시 법원읍 법원로 18,37.8480079872876,126.877088668519,주소
경기도 파주시 법원읍 사임당로 875,37.8497766584466,126.878401926026,주소
경기도 파주시 법원읍 사임당로905번길 10,37.8493833959828,126.881140612439,주소
경기도 파주시 법원읍 수작골길 14,37.9141468185601,126.895686655639,주소
경기도 파주시 법원읍 자운서원로 31,37.8525997221886,126.868851114651,주소
경기도 파주시 산내로 15,37.723071110673,126.740840130425,주소
경기도 파주시 산내로 90,37.7281307406618,126.739190959245,주소
경기도 파주시 새꽃로 13,37.751204692476,126.768346708799,주소
경기도 파주시 새꽃로 232,37.7666486292415,126.777873142098,주소
경기도 파주시 새꽃로 25,37.7522115893252,126.768335286222,주소
경기도 파주시 새꽃로 27,37.7524504195767,126.768327279353,주소
경기도 파주시 새꽃로 55,37.7550303967173,126.767398486721,주소
경기도 파주시 새꽃로 62,37.7556579532965,126.768835529019,주소
경기도 파주시 새꽃로 80,37.7572012317822,126.768843436731,주소
경기도 파주시 송화로 11,37.7718884240314,126.77714308483,주소
경기도 파주시 송화로 39,37.7745681971144,126.77936680265,주소
경기도 파주시 쇠재로 120,37.7519200396161,126.777836614215,주소
경기도 파주시 쇠재로 123,37.7525944895901,126.776780662752,주소
경기도 파주시 숲속노을로 128,37.7123510731959,126.715134592775,주소
경기도 파주시 숲속노을로 153,37.7153501416286,126.709781114132,주소
경기도 파주시 숲속노을로 271,37.72466213702,126.711075089687,주소
경기도 파주시 숲속노을로 275,37.7250443098297,126.710847197713,주소
경기도 파주시 심학산로 384,37.7172130425038,126.736710208138,주소
경기도 파주시 심학산로 385,37.7203569098793,126.736155782904,주소
경기도 파주시 심학산로 417,37.7185200908342,126.73804973079,주소
경기도 파주시 심학산로 423,37.7185248993902,126.738308199588,주소
경기도 파주시 심학산로423번길 7-29,37.7192378829521,126.737235103488,주소
경기도 파주시 심학산로423번길 7-33,37.7194339542524,126.737244165231,주소
경기도 파주시 양지로 101,37.710165593849,126.720064861281,주소
경기도 파주시 양지로 109,37.7096651899312,126.72093714338,주소
경기도 파주시 양지로 111,37.7095657220946,126.721432197636,주소
경기도 파주시 양지로 117,37.7096507518268,126.721919076307,주소
경기도 파주시 양지로 119,37.7096134121036,126.722322831554,주소
경기도 파주시 양지로 123,37.7096734940359,126.722623589947,주소
경기도 파주시 양지로 127,37.7097085331888,126.722964815032,주소
경기도 파주시 양지로 131,37.7097630350477,126.723383992292,주소
경기도 파주시 양지로 75,37.7099941344999,126.717080957678,주소
경기도 파주시 와석순환로 133,37.7121382636616,126.74512908134,주소
경기도 파주시 와석순환로 135,37.712037305198,126.744481738029,주소
경기도 파주시 와석순환로 308,37.723804178904,126.740080439445,주소
경기도 파주시 와석순환로 35,37.7086072749048,126.754994192263,주소
경기도 파주시 와석순환로 35-33,37.7079429447177,126.755754942595,주소
경기도 파주시 와석순환로 35-34,37.7079030617004,126.753863032362,주소
경기도 파주시 와석순환로 421,37.7234549484986,126.752293454861,주소
경기도 파주시 와석순환로 425,37.7235514073187,126.752620034209,주소
경기도 파주시 와석순환로 431,37.7236708551417,126.753211960878,주소
경기도 파주시 와석순환로 61,37.7088137027004,126.753704087433,주소
경기도 파주시 와석순환로 78,37.7110389688345,126.750810115572,주소
경기도 파주시 와석순환로 80,37.7111831870031,126.750626703081,주소
경기도 파주시 와석순환로 82,37.711321402258,126.750459300782,주소
경기도 파주시 와석순환로 87,37.7087722905402,126.749528167676,주소
경기도 파주시 와석순환로252번길 19,37.7199374758157,126.7380806949,주소
경기도 파주시 운정중앙로 230,37.7311539622788,126.724582906485,주소
경기도 파주시 월롱면 도감로172번길 89,37.7874799217526,126.803736077223,주소
경기도 파주시 월롱면 월롱초교길 40,37.8008958664381,126.780323035851,주소
경기도 파주시 월롱면 함영골길 10,37.7750394026948,126.786061978139,주소
경기도 파주시 적성면 율곡로 2875,37.9939270577811,126.988277738256,주소
경기도 파주시 적성면 율곡로 3042,37.9878634108194,127.00391817885,주소
경기도 파주시 적성면 적서초교길 3,37.9510436844841,126.896982654916,주소
경기도 파주시 적성면 청송로 701,37.9455777258231,126.885509510766,주소
경기도 파주시 적성면 칠중1길 39,37.9520923502728,126.919738605086,주소
경기도 파주시 조리읍 능안로 145,37.7403359878241,126.792643296913,주소
경기도 파주시 조리읍 대원로 19,37.7261181397325,126.819762091248,주소
경기도 파주시 조리읍 대원로 30,37.7273906722878,126.819469069091,주소
경기도 파주시 조리읍 두루봉로 13,37.7452338662547,126.809314608203,주소
경기도 파주시 조리읍 두루봉로 47,37.7476896926871,126.813747297361,주소
경기도 파주시 조리읍 등원로 199,37.7653318661348,126.819482203139,주소
경기도 파주시 조리읍 봉천로 38-12,37.7441388957737,126.807746338251,주소
경기도 파주시 조리읍 봉천로 58,37.7441948340978,126.805542233494,주소
경기도 파주시 조리읍 통일로 333,37.7450030624976,126.807334848325,주소
경기도 파주시 책향기로 194,37.7228129439547,126.720892474702,주소
경기도 파주시 책향기로 197,37.7215264380239,126.720013606076,주소
경기도 파주시 책향기로 247,37.7202360148352,126.714803716182,주소
경기도 파주시 책향기로 407,37.7245392618884,126.71683768702,주소
경기도 파주시 책향기로 419,37.7245713039524,126.718177738712,주소
경기도 파주시 책향기로 423,37.7249230354867,126.718929697186,주소
경기도 파주시 책향기로 439,37.7246590250993,126.720434209378,주소
경기도 파주시 책향기로 451,37.7246865150188,126.722421286841,주소
경기도 파주시 책향기로 573,37.7276734153667,126.734351853765,주소
경기도 파주시 책향기숲길 39,37.719982972013,126.7125569858,주소
경기도 파주시 책향기숲길 47,37.7201011271536,126.713609208321,주소
경기도 파주시 청석로 115,37.712691078582,126.720433135049,주소
경기도 파주시 청석로 122,37.7134585565412,126.720978716351,주소
경기도 파주시 청석로 256,37.7247075214162,126.717759686529,주소
경기도 파주시 청석로 260,37.7251029959277,126.717738448876,주소
경기도 파주시 청석로 266,37.725542334498,126.717749372434,주소
경기도 파주시 청석로 268,37.7258374633965,126.717737476409,주소
경기도 파주시 청석로 272,37.7261446726078,126.717803916119,주소
경기도 파주시 청석로 302,37.7288607411166,126.718108849607,주소
경기도 파주시 청석로 305,37.7293064481296,126.717430621404,주소
경기도 파주시 청석로 330,37.7309022598576,126.719588416124,주소
경기도 파주시 청석로 334,37.7315884983231,126.720410768063,주소
경기도 파주시 청암로 14,37.7304108324596,126.738707427078,주소
경기도 파주시 청암로 16,37.7308238058086,126.737638964631,주소
경기도 파주시 청암로 50,37.7334938124843,126.735255738354,주소
경기도 파주시 청암로 75,37.7348219678977,126.733035758383,주소
경기도 파주시 청암로 79,37.7351861954962,126.732822079509,주소
경기도 파주시 청암로17번길 21,37.7295163209655,126.735101104247,주소
경기도 파주시 청암로17번길 29,37.7286536155712,126.735690755442,주소
경기도 파주시 청암로17번길 35,37.7290858161983,126.736135819939,주소
경기도 파주시 청암로17번길 37,37.7289739908595,126.735968103659,주소
경기도 파주시 청암로17번길 41,37.7291077138782,126.734172604782,주소
경기도 파주시 청암로17번길 43,37.7297096919009,126.735512648139,주소
경기도 파주시 청암로17번길 49,37.7285961309488,126.735047323705,주소
경기도 파주시 청암로17번길 55,37.7279792768636,126.734864395306,주소
경기도 파주시 초롱꽃로 117-36,37.7129216467511,126.715577777685,주소
경기도 파주시 초롱꽃로 117-46,37.7128015469694,126.714980669451,주소
경기도 파주시 초롱꽃로 133-21,37.7131679558649,126.719709359562,주소
경기도 파주시 초롱꽃로 133-3,37.7125179786956,126.718794195657,주소
경기도 파주시 초롱꽃로 141,37.7126339791365,126.719986847885,주소
경기도 파주시 초롱꽃로 61,37.7128847697276,126.711119578649,주소
경기도 파주시 초롱꽃로 80,37.7114874773736,126.713195754344,주소
경기도 파주시 탄현면 방촌로 1009-20,37.8256170765286,126.7327873858,주소
경기도 파주시 탄현면 방촌로653번길 4,37.8032739725309,126.717404421389,주소
경기도 파주시 탄현면 사슴벌레로 14,37.7746039149322,126.703648230867,주소
경기도 파주시 탄현면 사슴벌레로 43,37.7763453008486,126.701367696897,주소
경기도 파주시 탄현면 열살미길 10,37.8047338745229,126.723091919397,주소
경기도 파주시 탄현면 평화로591번길 76,37.7720676716603,126.716823491857,주소
경기도 파주시 탄현면 헤이리로 372,37.8071143814184,126.71482103694,주소
경기도 파주시 파주로 266,37.7261729297037,126.718241997855,주소
경기도 파주시 파주읍 술이홀로 377,37.8330439798981,126.829695697371,주소
경기도 파주시 파주읍 연풍초교길 25,37.8310487827898,126.834859899749,주소
경기도 파주시 파주읍 우계로 357,37.8520333515661,126.802517113199,주소
경기도 파주시 파주읍 우계로53번길 15,37.8321479442425,126.815955995801,주소
경기도 파주시 파주읍 충현로 42-6,37.8490982895611,126.793361219377,주소
경기도 파주시 파평면 장마루5길 11,37.9413672969059,126.837588801774,주소
경기도 파주시 파평면 청송로 173,37.9200656555882,126.837448116422,주소
경기도 파주시 파평면 청송로402번길 31,37.9289459659931,126.857550223136,주소
경기도 파주시 파평면 파평산로478번길 37,37.9036099694043,126.83805227324,주소
경기도 파주시 평화로 190,37.7726039859556,126.762887305161,주소
경기도 파주시 평화로 280,37.7729181131519,126.750093974166,주소
경기도 파주시 하우고개길 158,37.711622445052,126.767120178079,주소
경기도 파주시 한빛로 20,37.7104910448548,126.75552361853,주소
경기도 파주시 한빛로 30,37.7124113857239,126.754747472841,주소
경기도 파주시 한빛로 56,37.7146429196039,126.754881318903,주소
경기도 파주시 한빛로 7,37.7104938813442,126.753037015017,주소
경기도 파주시 한빛로 74,37.7160297787721,126.754445652212,주소
경기도 파주시 한울로 21,37.7124276033035,126.734490328871,주소
경기도 파주시 한울로 90,37.7095722156444,126.74083475299,주소
경기도 파주시 해솔로 40,37.7266700056925,126.74713379067,주소
경기도 파주시 해솔로 60,37.7274642059342,126.745874918567,주소
경기도 파주시 해올1길 12,37.7335990751191,126.729514206963,주소
경기도 파주시 해올1길 20,37.7331600393369,126.728771731575,주소
경기도 파주시 해올1길 7,37.7338781957184,126.729986139921,주소
경기도 파주시 해올2길 16,37.7340552114334,126.731751258383,주소
경기도 파주시 해올2길 2,37.734075835624,126.730483783346,주소
경기도 파주시 해올2길 20,37.7342983432289,126.73216978635,주소
경기도 파주시 해올2길 8,37.733754291221,126.730764588072,주소
경기도 파주시 해올로 11,37.7338968781054,126.728548735278,주소
경기도 파주시 해올로 33,37.7362422872117,126.72827946929,주소
경기도 파주시 해올로 50-27,37.7379719921109,126.729702394492,주소
경기도 파주시 해올로 50-47,37.7384942393952,126.730706920548,주소
경기도 파주시 황골로 15,37.7554662924251,126.770528296179,주소
경기도 파주시 후곡로 104,37.7481310630671,126.772564968109,주소
경기도 파주시 후곡로 50,37.7532250956117,126.769120995366,주소
경기도 파주시 후곡로 56,37.7525575298852,126.772809343178,주소
경기도 파주시 후곡로 66,37.7515264941126,126.772964887316,주소
경기도 파주시 후곡로 77,37.7495734219103,126.774159092716,주소
경기도 평택시 가재3로 15,37.0438898868244,127.077377045194,주소
경기도 평택시 경기대로 1155,37.048046831188,127.059010312591,주소
경기도 평택시 경기대로 1381,37.0683116861922,127.06374253354,주소
경기도 평택시 경기대로 1432,37.0725218908627,127.067104201833,주소
경기도 평택시 경기대로 1578,37.0849214664561,127.0639362784,주소
경기도 평택시 경기대로1376번길 38-6,37.0693688640407,127.066940624663,주소
경기도 평택시 고덕갈평5길 28,37.0564784620437,127.048226337769,주소
경기도 평택시 고덕갈평5길 32,37.0565573646535,127.047410159463,주소
경기도 평택시 고덕갈평6길 29,37.0572802848504,127.047438154389,주소
경기도 평택시 고덕국제1로 184,37.0536499965309,127.040235821894,주소
경기도 평택시 고덕국제1로 200,37.0554520557226,127.039965600599,주소
경기도 평택시 고덕국제2로 111,37.0532316543486,127.046337034464,주소
경기도 평택시 고덕국제4길 70,37.0534586700292,127.047837802185,주소
경기도 평택시 고덕국제5로 145,37.0344449868082,127.025737341435,주소
경기도 평택시 고덕국제5로 175,37.0366832021559,127.022954764506,주소
경기도 평택시 고덕국제5로 80,37.032876102903,127.032098155929,주소
경기도 평택시 고덕국제6로 49,37.0362668443448,127.0334454393,주소
경기도 평택시 고덕국제7로 117,37.0351843692024,127.029767234697,주소
경기도 평택시 고덕국제8로 10,37.0370778140476,127.020836941107,주소
경기도 평택시 고덕국제8로 91,37.0411071527553,127.025055041493,주소
경기도 평택시 고덕국제대로 179,37.0540708389694,127.04142628191,주소
경기도 평택시 고덕국제대로 180,37.052411973278,127.044623336981,주소
경기도 평택시 고덕국제대로 77,37.0443559204264,127.041883008056,주소
경기도 평택시 고덕국제대로 94,37.0452573257627,127.044202776671,주소
경기도 평택시 고덕국제대로 99,37.0444812699699,127.0402931453,주소
경기도 평택시 고덕로 245,37.0364090512674,127.027405097776,주소
경기도 평택시 고덕로 249,37.0369124480003,127.027940973127,주소
경기도 평택시 고덕로 250,37.0363056605908,127.028330660423,주소
경기도 평택시 고덕로 271,37.0385041716022,127.029905210842,주소
경기도 평택시 고덕로1길 18,37.0352431684189,127.024856645387,주소
경기도 평택시 고덕로1길 8,37.0343695384109,127.024595940453,주소
경기도 평택시 고덕로3길 25,37.037837871099,127.025877863197,주소
경기도 평택시 고덕로3길 26,37.0375657729052,127.026165852402,주소
경기도 평택시 고덕로3길 27,37.0381488040208,127.026416594273,주소
경기도 평택시 고덕로4길 27,37.0353486529572,127.028968719096,주소
경기도 평택시 고덕면 고덕국제대로 5,,,실패
경기도 평택시 고덕면 서동대로 2651,37.0166519293496,127.034293207547,주소
경기도 평택시 고덕면 효덕새싹길 55,37.0214906394854,127.034280773223,주소
경기도 평택시 고덕면 효덕새싹길 6-5,37.0167180464698,127.035592564837,주소
경기도 평택시 고덕중앙로 200-4,37.047773305463,127.044209743925,주소
경기도 평택시 동부공원로 38,36.9933132252054,127.118341396801,주소
경기도 평택시 동부공원로 59,36.9952674312094,127.116857971142,주소
경기도 평택시 동부공원로14번길 17,36.9925948862654,127.116331417434,주소
경기도 평택시 동부공원로14번길 52,36.9928377811556,127.118012194917,주소
경기도 평택시 동삭1로22번길 19-17,37.0206357619745,127.09297798714,주소
경기도 평택시 동삭1로22번길 19-2,37.0207990886106,127.094397037855,주소
경기도 평택시 동삭1로22번길 19-21,37.0208875736829,127.093258446159,주소
경기도 평택시 동삭1로22번길 40,37.0227695070478,127.090660986911,주소
경기도 평택시 동삭로 368,37.0187783016542,127.096114734915,주소
경기도 평택시 동삭로 370,37.0186091951194,127.096858538016,주소
경기도 평택시 동삭로 374-6,37.0190982747027,127.096890623216,주소
경기도 평택시 막곡길 67,37.0422446388155,127.08709037542,주소
경기도 평택시 막곡길 8,37.0395974096583,127.085546754939,주소
경기도 평택시 만세로 1838,37.0050599895716,127.103607420966,주소
경기도 평택시 만세로 1839,37.0044586298264,127.10389164021,주소
경기도 평택시 만세로 1845,37.0041055027024,127.103264466892,주소
경기도 평택시 만세로 1886,37.0034147588294,127.099865288485,주소
경기도 평택시 매봉산1길 5,36.9976135809977,127.107313678585,주소
경기도 평택시 모산1길 17,37.0163840945771,127.089480943575,주소
경기도 평택시 모산영신2길 39,37.0181584030812,127.088890826232,주소
경기도 평택시 브레인시티1로 33,37.0555820444588,127.089433521903,주소
경기도 평택시 비전1로 57번길,37.0007779201468,127.092646760277,주소
경기도 평택시 비전2로 133,37.0021871429553,127.105672972456,주소
경기도 평택시 비전2로 251,37.0049670768092,127.115528411132,주소
경기도 평택시 비전2로 253,37.0051818736525,127.115457280052,주소
경기도 평택시 비전2로 265,37.0066606131329,127.114645957071,주소
경기도 평택시 비전3로 26,37.0023065974839,127.105299917198,주소
경기도 평택시 비전3로 30,37.002524267865,127.105436271395,주소
경기도 평택시 비전3로 32,37.0027807037234,127.105551108991,주소
경기도 평택시 비전3로 33,37.0031140718641,127.105181154051,주소
경기도 평택시 비전3로 36,37.0029800806633,127.105688787622,주소
경기도 평택시 비전3로 76,37.0051631731393,127.108537133183,주소
경기도 평택시 비전3로 77,37.0066388731404,127.107944763352,주소
경기도 평택시 비전5로 20-38,36.9996513685944,127.115670235668,주소
경기도 평택시 비전9길 11,37.0028531386983,127.108660017215,주소
경기도 평택시 상서재로 80,37.0204569935742,127.103321540234,주소
경기도 평택시 상서재로2길 101,37.0195598435159,127.104903106998,주소
경기도 평택시 상서재로2길 56-10,37.0152347833049,127.103431107008,주소
경기도 평택시 상서재로2길 56-11,37.0157057477604,127.103361964838,주소
경기도 평택시 상서재로2길 56-12,37.0154862666059,127.103750009864,주소
경기도 평택시 상서재로2길 64,37.0164169177664,127.103628343456,주소
경기도 평택시 상서재로6길 19,37.0182635105624,127.104233275464,주소
경기도 평택시 서두물로 21,37.0583519334811,127.058163705854,주소
경기도 평택시 서정북로 130,37.0710104807769,127.063919426134,주소
경기도 평택시 서정북로 3,37.0712539445673,127.05005198151,주소
경기도 평택시 서탄면 금암2길 121,37.1073857289461,127.036139298707,주소
경기도 평택시 서탄면 수월암3길 61,37.1193670321383,127.015941856239,주소
경기도 평택시 세교3로 5,37.0016601427976,127.08044883207,주소
경기도 평택시 세교4로 50,37.008513386697,127.088334997957,주소
경기도 평택시 세교6로 45,37.0104116598566,127.088016181871,주소
경기도 평택시 세교공원로 32,37.0021873786101,127.083175624231,주소
경기도 평택시 세교공원로 33,37.0029438588296,127.082757273753,주소
경기도 평택시 세교공원로 66,37.0032483507871,127.084650581583,주소
경기도 평택시 세교로 11,37.0022726755783,127.078053541196,주소
경기도 평택시 세교로 4-2,37.0006793880224,127.078591396992,주소
경기도 평택시 소사3로 22,36.9886860305623,127.127518848081,주소
경기도 평택시 소사3로 53,36.9911391877724,127.124502568329,주소
경기도 평택시 소사5길 125,36.9913314306402,127.127098986318,주소
경기도 평택시 소사5길 24,36.9905181814181,127.12695081681,주소
경기도 평택시 소사5길 34,36.9895941485793,127.127261219999,주소
경기도 평택시 소사서로 17,36.9893554776587,127.131535954882,주소
경기도 평택시 송월로32번길 32,37.0753570752993,127.052113632943,주소
경기도 평택시 송일로 6,37.0627646931457,127.05956658145,주소
경기도 평택시 송탄로 268,37.0677238744434,127.059127202635,주소
경기도 평택시 송탄로 270,37.0678448729415,127.059158218873,주소
경기도 평택시 송탄로 46,37.0500893182606,127.057313586255,주소
경기도 평택시 송탄로 51,37.0501394844622,127.055080764533,주소
경기도 평택시 송탄로 72,37.0517692308036,127.056290468749,주소
경기도 평택시 송탄로40번길 63-6,37.0513742722118,127.057826065675,주소
경기도 평택시 송탄로40번길 79-15,37.0518299040938,127.057354579782,주소
경기도 평택시 송탄로40번길 79-6,37.0521209538479,127.057905439716,주소
경기도 평택시 신촌2로 21,37.0260467645043,127.104532396247,주소
경기도 평택시 신촌2로 22,37.0260470924911,127.104056678985,주소
경기도 평택시 신촌2로 33,37.0250435602929,127.10528431575,주소
경기도 평택시 신촌5로 29,37.0260389539844,127.103780879756,주소
경기도 평택시 신촌5로 41,37.0260367897173,127.104808058315,주소
경기도 평택시 신한1길,36.992178058617,127.105313811139,주소
경기도 평택시 신흥1로1길 22,37.0015663040692,127.145961224373,주소
경기도 평택시 신흥1로2길 63,37.0022301808344,127.145773748811,주소
경기도 평택시 안중읍 송담1로 65,36.9760151726035,126.928661090686,주소
경기도 평택시 안중읍 송담1로 85,36.9785739671835,126.928480797863,주소
경기도 평택시 안중읍 안중로 13,36.9828749691322,126.924318138824,주소
경기도 평택시 안중읍 안중로 16,36.9829806676883,126.925173124474,주소
경기도 평택시 안중읍 안중로 25,36.9841594338297,126.924410093374,주소
경기도 평택시 안중읍 안중로 89,36.989644534358,126.926016707552,주소
경기도 평택시 안중읍 안중믿음길 32,36.9869916809648,126.923222480107,주소
경기도 평택시 안중읍 안현로서6길 32,36.9848863267891,126.925964030819,주소
경기도 평택시 안중읍 안현로서6길 62,36.9850185048881,126.92269531051,주소
경기도 평택시 안중읍 안현로서6길 95,36.9839924043351,126.918993004904,주소
경기도 평택시 안중읍 안현로서7길 22,36.9816353593171,126.925334270103,주소
경기도 평택시 안중읍 안현로서7길 45,36.9812308652916,126.922803035913,주소
경기도 평택시 안중읍 안현로서7길 80,36.982366849084,126.918995289885,주소
경기도 평택시 안중읍 안현로서8길 23,36.9790826630317,126.922779710752,주소
경기도 평택시 안중읍 안현로서9길 164-20,36.9861430145334,126.918717664019,주소
경기도 평택시 안중읍 안현로서9길 164-9,36.9868421324935,126.916719549355,주소
경기도 평택시 안중읍 현화중앙길 1,36.9786854396719,126.920691531296,주소
경기도 평택시 안중읍 현화중앙길 103,36.988021357873,126.920362494146,주소
경기도 평택시 안중읍 현화중앙길 41,36.9824163015563,126.92003340131,주소
경기도 평택시 안중읍 현화중앙길 83,36.9861121718595,126.919872952886,주소
경기도 평택시 영신1길 25,37.0213371881545,127.08022335764,주소
경기도 평택시 영신로 198,37.0135371520407,127.088614757171,주소
경기도 평택시 오성면 숙성시장길 15,37.0082438357374,126.978694313793,주소
경기도 평택시 오성면 숙성시장길 26,37.0072855309552,126.980776529329,주소
경기도 평택시 오성면 숙성시장길 27,37.0077041901255,126.980880690414,주소
경기도 평택시 오성면 오성새싹길 6,37.0091815638055,126.980640772438,주소
경기도 평택시 오성면 창신뜰길 138,37.0042969284253,127.006726238032,주소
경기도 평택시 용죽2로 23,36.9950292641946,127.123629307383,주소
경기도 평택시 용죽2로 32-21,36.9926453625611,127.124402799501,주소
경기도 평택시 용죽2로 32-25,36.9924464081657,127.124484254348,주소
경기도 평택시 용죽2로 32-45,36.9923933847576,127.125121997853,주소
경기도 평택시 용죽2로 32-52,36.9929346527091,127.125304753833,주소
경기도 평택시 용죽2로 32-82,36.9927389144693,127.124556063198,주소
경기도 평택시 용죽2로 32-85,36.9926353519367,127.124925809882,주소
경기도 평택시 용죽2로 38,36.9938093014007,127.124393124702,주소
경기도 평택시 용죽2로 40,36.9938749871397,127.124568026083,주소
경기도 평택시 용죽2로 50,36.9942028559772,127.125627441986,주소
경기도 평택시 용죽2로 54,36.9942882729387,127.125972904392,주소
경기도 평택시 용죽2로 95,36.9955651323517,127.125608787873,주소
경기도 평택시 용죽3로,36.9957956362095,127.12491907122,주소
경기도 평택시 용죽3로 15,36.9931797668267,127.125200797008,주소
경기도 평택시 용죽3로 16,36.9933491900762,127.125693775856,주소
경기도 평택시 용죽3로 17,36.9933023655265,127.125152019959,주소
경기도 평택시 용죽3로 19,36.9934509538144,127.125066776412,주소
경기도 평택시 용죽3로 22,36.993845258544,127.125502273524,주소
경기도 평택시 용죽3로 24,36.9941062146174,127.125414630842,주소
경기도 평택시 용죽3로 25,36.9939219567143,127.124803333858,주소
경기도 평택시 원평2로 4,36.9894561475513,127.08137392731,주소
경기도 평택시 원평로 21,36.9877444152004,127.085147406346,주소
경기도 평택시 원평로25번길 61-1,36.9861719344163,127.082982621915,주소
경기도 평택시 원평로28번길 28-4,36.9880081529416,127.086407673883,주소
경기도 평택시 이충로 116,37.0644231255605,127.064379961364,주소
경기도 평택시 이충로 49-25,37.0603833613958,127.066153788349,주소
경기도 평택시 이충로 49-27,37.0602764293426,127.065946480364,주소
경기도 평택시 이충로 49-33,37.0600649890759,127.065219303654,주소
경기도 평택시 이충로 7,37.0579531972822,127.069412378619,주소
경기도 평택시 이충로 72,37.0644402067252,127.068628736802,주소
경기도 평택시 이충로 86,37.0640386946473,127.066562867711,주소
경기도 평택시 이충로 90,37.0637339012261,127.066331652293,주소
경기도 평택시 이충로 93-5,37.0633038973668,127.066994437682,주소
경기도 평택시 이충로35번길 22,37.0598126668931,127.066716694247,주소
경기도 평택시 이충로35번길 24,37.0596567197893,127.066505184232,주소
경기도 평택시 이충로35번길 5,37.0594964072168,127.069203648159,주소
경기도 평택시 이화로 134-24,37.0068512855913,127.138086380644,주소
경기도 평택시 이화로 134-28,37.0069419097332,127.138571356136,주소
경기도 평택시 자유로24번길 27,36.9932257637051,127.093226794967,주소
경기도 평택시 잔다리2길 3,37.0037255239149,127.07949535688,주소
경기도 평택시 장당길 40,37.051509380597,127.06339695009,주소
경기도 평택시 장당길 43-4,37.0524056079928,127.062512372329,주소
경기도 평택시 조개터로37번길 18,36.9908867632204,127.101641828223,주소
경기도 평택시 죽백1길 41,37.01362689118,127.137522656499,주소
경기도 평택시 죽백4로 60,37.0049761757485,127.123234990539,주소
경기도 평택시 죽백4로 65,37.0049673489167,127.121395099037,주소
경기도 평택시 죽백5로 33,37.0037763718182,127.119279896152,주소
경기도 평택시 죽백7길 50,37.0053380808191,127.115406058788,주소
경기도 평택시 중앙1로 115,36.9978903478777,127.09600373342,주소
경기도 평택시 중앙2로 13,36.9919679335424,127.088529292549,주소
경기도 평택시 중앙로 176,36.9914452077442,127.101906776615,주소
경기도 평택시 중앙로 199,36.9914107013009,127.105206374624,주소
경기도 평택시 중앙로 200-1,36.9910626342702,127.10508042081,주소
경기도 평택시 중앙로 298-1,36.9905217568834,127.115785926992,주소
경기도 평택시 중앙로 81,36.994048412235,127.092124210013,주소
경기도 평택시 중앙로 89,36.9953629227405,127.093378925476,주소
경기도 평택시 지산2로 57,37.0772988010038,127.062021677532,주소
경기도 평택시 지산3로 65-5,37.0807348465055,127.063731902114,주소
경기도 평택시 지산3로10번길 5,37.0765539006455,127.066806368324,주소
경기도 평택시 지산로 101,37.0817276111816,127.064461958039,주소
경기도 평택시 지산로 76,37.0800035506391,127.063203277433,주소
경기도 평택시 지산로 90,37.0804987942759,127.066632024854,주소
경기도 평택시 지장로 15,37.0680369524184,127.057383085309,주소
경기도 평택시 지장로27번길 100,37.0688134850727,127.0564673461,주소
경기도 평택시 지제5로 77,37.023561863744,127.077783578464,주소
경기도 평택시 지제동삭1로 163,37.0221255627075,127.087219002558,주소
경기도 평택시 지제동삭1로 175,37.0199349446211,127.089882687017,주소
경기도 평택시 지제동삭1로 201-27,37.0172355279433,127.089476548148,주소
경기도 평택시 지제동삭1로 201-29,37.0173767235808,127.089481208515,주소
경기도 평택시 지제동삭1로 201-31,37.0175171187496,127.08947193401,주소
경기도 평택시 지제동삭1로 201-33,37.0176448703461,127.089500401222,주소
경기도 평택시 지제동삭1로 208,37.0171024210414,127.088900271339,주소
경기도 평택시 지제동삭1로 41,37.0209415370776,127.072796037236,주소
경기도 평택시 지제동삭1로 91,37.0219836953587,127.079175109089,주소
경기도 평택시 지제동삭2로 123,37.0173237898355,127.085000718665,주소
경기도 평택시 지제동삭2로 181-22,37.0171740605432,127.093240198716,주소
경기도 평택시 지제동삭2로 181-24,37.0168928217198,127.093826986463,주소
경기도 평택시 지제동삭2로 181-39,37.01812814609,127.094351594463,주소
경기도 평택시 지제동삭2로 181-40,37.0180354034706,127.09483085585,주소
경기도 평택시 진위면 봉남길 49,37.1006642007736,127.089920486998,주소
경기도 평택시 진위면 엘지로 57,37.1256187240835,127.072001885779,주소
경기도 평택시 진위면 은산3길 46,37.0840649199039,127.121100706422,주소
경기도 평택시 진위면 진위서로 47,37.1098866110343,127.069401693395,주소
경기도 평택시 청북읍 건의길 46,37.0425575054008,126.947363731018,주소
경기도 평택시 청북읍 안청로 328,37.0171879688277,126.915971770935,주소
경기도 평택시 청북읍 안청로 332,37.0175201663345,126.915928704333,주소
경기도 평택시 청북읍 안청로 336,37.0179768202825,126.915783129967,주소
경기도 평택시 청북읍 안청로 346,37.018704529669,126.915526342717,주소
경기도 평택시 청북읍 안청로1길 11,37.0147417728724,126.91491102791,주소
경기도 평택시 청북읍 안청로1길 75,37.0191048836953,126.91061194487,주소
경기도 평택시 청북읍 안청로1길 76,37.0189105546983,126.911861868357,주소
경기도 평택시 청북읍 안청로4길 19,37.0239147453838,126.915649361746,주소
경기도 평택시 청북읍 안청로4길 26,37.0232723434659,126.915997997487,주소
경기도 평택시 청북읍 안청로4길 49-27,37.0245281566034,126.920683122846,주소
경기도 평택시 청북읍 안청로4길 51,37.0238757913779,126.921247723575,주소
경기도 평택시 청북읍 청북남로 277,37.0180254539746,126.91202301977,주소
경기도 평택시 청북읍 청북새싹길 25,37.0436112426952,126.935368622507,주소
경기도 평택시 청북읍 청북중앙로 226,37.0395503486323,126.911834307344,주소
경기도 평택시 청북읍 청원로 446,37.0488588762311,126.977392197332,주소
경기도 평택시 추담로 58-78,37.0590103301005,127.077153592109,주소
경기도 평택시 탄현1로 155,37.0737949020838,127.053500128556,주소
경기도 평택시 팽성읍 계성새싹길 85,36.9424163398936,127.008285365449,주소
경기도 평택시 팽성읍 동서촌로 65,36.9662469988951,127.059097704383,주소
경기도 평택시 팽성읍 부용로55번길 4,36.9651692325052,127.061184521635,주소
경기도 평택시 팽성읍 부용로56번길 20,36.9624860502539,127.063103762934,주소
경기도 평택시 팽성읍 송화2길 2,36.9506871814283,127.051761595536,주소
경기도 평택시 팽성읍 신흥북로29번길 40-17,36.9641686709325,127.046689838384,주소
경기도 평택시 평남로 626,36.9893752889074,127.107070930908,주소
경기도 평택시 평남로 647-1,36.9917817257185,127.106867050256,주소
경기도 평택시 평남로 906,37.0035645807494,127.108223651133,주소
경기도 평택시 평남로 933,37.0040608676251,127.104842260327,주소
경기도 평택시 평남로 937,37.0043914571576,127.104452967887,주소
경기도 평택시 평남로 972,37.0072520396447,127.102997496966,주소
경기도 평택시 평택3로 21,36.991078574103,127.093109820686,주소
경기도 평택시 평택3로 47,36.9932218566415,127.093725669067,주소
경기도 평택시 평택4로 11,36.9894022276854,127.097780334556,주소
경기도 평택시 평택4로 124,36.9975374571406,127.104158021296,주소
경기도 평택시 평택4로 60,36.9930068516144,127.103081856771,주소
경기도 평택시 평택5로 134,36.9978454512098,127.108676370905,주소
경기도 평택시 평택5로20번길 35,36.9897125087819,127.113342879026,주소
경기도 평택시 평택5로34번길 109,36.9883665948857,127.113589463171,주소
경기도 평택시 평택로 17,36.9891064448417,127.088781074882,주소
경기도 평택시 포승읍 내기새싹길 23,36.9796482977115,126.872445131666,주소
경기도 평택시 포승읍 내기새싹길 24,36.9791195624936,126.873899133215,주소
경기도 평택시 포승읍 서동대로 1138,36.9819872654439,126.881781276488,주소
경기도 평택시 포승읍 신영새싹길 86-29,36.9558301113563,126.877725413968,주소
경기도 평택시 포승읍 여술로 58,36.9892898411483,126.848761656999,주소
경기도 평택시 포승읍 여술로43번길 18,36.9904681996242,126.846663907384,주소
경기도 평택시 포승읍 여술로44번길 5,36.98892555599,126.848073804997,주소
경기도 평택시 포승읍 외원길 26,37.0143772656367,126.889514261736,주소
경기도 평택시 포승읍 평택항로 469,36.9938853898876,126.841394231777,주소
경기도 평택시 함박산3길 3,37.0411699522586,127.039890894746,주소
경기도 평택시 함박산8길 29,37.0383537154232,127.031213053291,주소
경기도 평택시 함박산8길 31,37.0386036746729,127.031551372208,주소
경기도 평택시 함박산8길 35,37.0388172190032,127.031928569199,주소
경기도 평택시 함박산9길 11,37.0387776040306,127.030783064661,주소
경기도 평택시 함박산9길 3,37.0392324677708,127.031468679277,주소
경기도 평택시 함박산로 10,37.0426733968881,127.043483106027,주소
경기도 평택시 함박산로 161,37.0412110666946,127.028928681814,주소
경기도 평택시 현덕면 기산2길 16,36.938494411002,126.917184724941,주소
경기도 평택시 현덕면 운정화양1로 95,36.9736496971954,126.907343793199,주소
경기도 평택시 현덕면 현덕로 1254,36.9652549451104,126.921943053779,주소
경기도 평택시 현덕면 현덕로 934,36.9441356998342,126.944034107073,주소
경기도 평택시 현덕면 화양현화1로 70,36.9850384080451,126.906863956326,주소
경기도 평택시 현덕면 화양현화2로 10,36.9849112235209,126.90544356764,주소
경기도 평택시 현신3길 75,36.9988485974837,127.142812559456,주소
경기도 평택시 현신7길 23,36.9993840256311,127.148391093944,주소
경기도 평택시 현신7길 29,36.9992983572107,127.147793708463,주소
경기도 평택시 현신7길 36,37.0000711912974,127.146577386412,주소
경기도 평택시 현신로 64,36.997997560657,127.135084886723,주소
경기도 평택시 현촌1로 52,36.9982438601632,127.13354196598,주소
경기도 평택시 현촌3길 10,37.0005054865967,127.132495603285,주소
경기도 평택시 현촌3길 21,36.9999025883925,127.130693448686,주소
경기도 평택시 현촌4길 12,36.9996900991495,127.132977830602,주소
경기도 평택시 현촌4길 16,36.9999425255034,127.133269467514,주소
경기도 평택시 현촌4길 2-32,37.0001336934923,127.133546956093,주소
경기도 평택시 현촌4길 2-33,36.99972503098,127.133566463368,주소
경기도 평택시 현촌4길 6,36.9992293722358,127.132659095904,주소
경기도 평택시 현촌5길 15-8,36.9979624182315,127.132849561073,주소
경기도 평택시 현촌5길 5-19,36.99757234074,127.133731434651,주소
경기도 포천시 가산면 가산로309번길 25,37.8472292833705,127.186210676667,주소
경기도 포천시 가산면 감암길 16,37.8494965379782,127.188131690246,주소
경기도 포천시 가산면 유교로88번길 8,37.8682430904928,127.192236646892,주소
경기도 포천시 가산면 정금로 77,37.8159994846797,127.169895355723,주소
경기도 포천시 관인면 관인로 20,38.1580488087626,127.250586553582,주소
경기도 포천시 관인면 관인로 5,38.1560660065048,127.249700209306,주소
경기도 포천시 군내면 솔밭길 12-1,37.8746670443376,127.223365996305,주소
경기도 포천시 군내면 호국로 1536-22,37.8897762559795,127.204275492106,주소
경기도 포천시 내촌면 금강로2259번길 7-7,37.7790961066828,127.224762304463,주소
경기도 포천시 내촌면 내촌로 88,37.7872351017017,127.229953620653,주소
경기도 포천시 삼육사로2111번길 29,37.8615207791849,127.154663217832,주소
경기도 포천시 소흘읍 무란1길 25,37.7884120778644,127.122087566756,주소
경기도 포천시 소흘읍 봉솔로 23,37.8266863660631,127.139572909955,주소
경기도 포천시 소흘읍 솔모루로3번길 52-20,37.8257072167655,127.13718783078,주소
경기도 포천시 소흘읍 솔모루로3번길 52-42,37.8267988678057,127.137142031831,주소
경기도 포천시 소흘읍 솔모루로3번길 69,37.8269527073343,127.135623549412,주소
경기도 포천시 소흘읍 송선로 13,37.8347397994359,127.143858706503,주소
경기도 포천시 소흘읍 송선로 18,37.8356265691919,127.144479661804,주소
경기도 포천시 소흘읍 송선로 60,37.8377380454801,127.145867693959,주소
경기도 포천시 소흘읍 송선로 8,37.8343837391662,127.145182908968,주소
경기도 포천시 소흘읍 송우로 42,37.8291132289041,127.144242620683,주소
경기도 포천시 소흘읍 송우로 62,37.8295988205238,127.142410666437,주소
경기도 포천시 소흘읍 송우로 63,37.829220780087,127.141887879665,주소
경기도 포천시 소흘읍 송우로 65,37.8293940148441,127.141604121829,주소
경기도 포천시 소흘읍 송우로 98,37.8318845709404,127.13914593211,주소
경기도 포천시 소흘읍 이곡길 5,37.7781660840934,127.148656918381,주소
경기도 포천시 소흘읍 죽엽산로 56-12,37.8240078427974,127.153257237566,주소
경기도 포천시 소흘읍 태봉로 138,37.8299829380778,127.139896039142,주소
경기도 포천시 소흘읍 태봉로 194,37.8331621518276,127.144216083671,주소
경기도 포천시 소흘읍 태봉로 235,37.8330986404459,127.14870334527,주소
경기도 포천시 신북면 삼성당길 7,37.9484037380015,127.190113879627,주소
경기도 포천시 신북면 중앙로197번길 65,37.9055164320449,127.199992665312,주소
경기도 포천시 신북면 중앙로207번길 65,37.9069411383589,127.202547478303,주소
경기도 포천시 신북면 청신로 2079-19,37.9383710105178,127.219408426488,주소
경기도 포천시 신북면 포천로 2199,37.9469117756291,127.187312633861,주소
경기도 포천시 신북면 학동로 52,37.9042221684166,127.201664381597,주소
경기도 포천시 신읍길 36,37.896360573478,127.197980307238,주소
경기도 포천시 신읍길 40,37.8964843421683,127.198474295162,주소
경기도 포천시 영북면 영북로 214,38.0936400641412,127.277657248757,주소
경기도 포천시 영북면 영북로148번길 46,38.0898649223856,127.275879169251,주소
경기도 포천시 영북면 운천안길 19,38.0889934934014,127.273749853633,주소
경기도 포천시 영중면 양문로 163,38.0069457490939,127.24577109349,주소
경기도 포천시 영중면 양문로1길 23,38.000043667494,127.24580953731,주소
경기도 포천시 왕방로 130,37.8949750319402,127.192536481527,주소
경기도 포천시 왕방로 176,37.8972938534448,127.196641324705,주소
경기도 포천시 왕방로 267,37.903860145715,127.203353954624,주소
경기도 포천시 이동면 늠바위1길 13,38.0306203001441,127.374370131563,주소
경기도 포천시 이동면 도리돌길 21,38.0560392189646,127.380526169037,주소
경기도 포천시 이동면 성장로869번길 4,38.007934267719,127.336172069034,주소
경기도 포천시 이동면 화동로 2034,38.0299516187657,127.368213683107,주소
경기도 포천시 일동면 소야길 16-8,37.956381695498,127.315013667844,주소
경기도 포천시 일동면 화동로 1019,37.955275511193,127.315155269276,주소
경기도 포천시 일동면 화동로 1027,37.9553955108434,127.316063776841,주소
경기도 포천시 일동면 화동로 1099번길 39,37.9612318211042,127.315232043067,주소
경기도 포천시 일동면 화동로 1239,37.971193398209,127.32912144916,주소
경기도 포천시 창수면 옥수로58번길 4,37.9901058979143,127.182231864995,주소
경기도 포천시 호병로1길 6,37.8956699037334,127.194743349344,주소
경기도 포천시 화현면 달인동로1길 29,37.9018199145757,127.284350955815,주소
경기도 포천시 화현면 봉화로 926-9,37.9290652228324,127.265457763764,주소
경기도 하남시 감일백제로 101,37.504489042901,127.161684016553,주소
경기도 하남시 감일백제로 105,37.5046787838267,127.161230343047,주소
경기도 하남시 감일백제로 109,37.5047950553374,127.160802974327,주소
경기도 하남시 감일백제로 111,37.5048928541635,127.160309629281,주소
경기도 하남시 감일백제로 155,37.5067086917142,127.156514721861,주소
경기도 하남시 감일백제로 161,37.5070829363321,127.15565288801,주소
경기도 하남시 감일백제로 165,37.506536837565,127.154417274503,주소
경기도 하남시 감일백제로 169,37.507320694457,127.154911781327,주소
경기도 하남시 감일백제로 175,37.5075443600667,127.154402271588,주소
경기도 하남시 감일백제로 210,37.5099677912517,127.1511975823,주소
경기도 하남시 감일백제로 45,37.5001902533794,127.162279325029,주소
경기도 하남시 감일백제로 55,37.5011877618112,127.162340743676,주소
경기도 하남시 감일백제로 88,37.5040028154674,127.163223894727,주소
경기도 하남시 감일백제로 89,37.5040754064367,127.162461335705,주소
경기도 하남시 감일백제로 97,37.5044179585576,127.161943532057,주소
경기도 하남시 감일백제로180번길 17,37.5091544674194,127.154873948836,주소
경기도 하남시 감일백제로180번길 20,37.5089108176317,127.155573552733,주소
경기도 하남시 감일백제로180번길 30-1,37.5103665941908,127.156373626119,주소
경기도 하남시 감일백제로83번길 16,37.5040119283264,127.161773690282,주소
경기도 하남시 감일백제로83번길 24,37.5043860661818,127.161018450008,주소
경기도 하남시 감일백제로83번길 25,37.5044484437925,127.160600693461,주소
경기도 하남시 감일순환로 135-1,37.5120366006412,127.161136002115,주소
경기도 하남시 감일순환로 145,37.5110381261479,127.161255218531,주소
경기도 하남시 감일순환로 195,37.5071888869251,127.158906665875,주소
경기도 하남시 감일중앙로 80,37.5104238558898,127.155723503571,주소
경기도 하남시 대성로 90,,,실패
경기도 하남시 대청로 119-1,37.5396778019115,127.226130747225,주소
경기도 하남시 대청로 62-1,37.5401840385114,127.219269159021,주소
경기도 하남시 대청로 73-1,37.5409601290885,127.220735721984,주소
경기도 하남시 대청로 99,37.5406582876617,127.22375550537,주소
경기도 하남시 대청로116번길 30-1,37.5379055663698,127.22394098677,주소
경기도 하남시 대청로116번길 59,37.5355941643526,127.225492960742,주소
경기도 하남시 대청로116번길 59-1,37.5371335698657,127.224284337467,주소
경기도 하남시 대청로59번길 37,37.5431202546398,127.218857049631,주소
경기도 하남시 더우개로 37-20,37.5420102293672,127.219679707378,주소
경기도 하남시 더우개로 45,37.5425057067137,127.22068449393,주소
경기도 하남시 덕산로 38,37.5330787691659,127.197943988837,주소
경기도 하남시 덕풍공원로 18,37.5417140898665,127.198286471789,주소
경기도 하남시 덕풍공원로 20,37.5407173159454,127.197425695532,주소
경기도 하남시 덕풍공원로 23,37.541063432149,127.198635970727,주소
경기도 하남시 덕풍공원로 34,37.5403681840378,127.197907135078,주소
경기도 하남시 덕풍남로 11,37.5467845890931,127.209886588143,주소
경기도 하남시 덕풍동로 111-15,37.5514350980398,127.207944327517,주소
경기도 하남시 덕풍북로 100,37.5543606616976,127.201853529382,주소
경기도 하남시 덕풍북로 140-1,37.55418306512,127.203695704875,주소
경기도 하남시 덕풍북로 260,37.5485582617152,127.209193007704,주소
경기도 하남시 덕풍북로259번길 19-10,37.5476472705761,127.210557677475,주소
경기도 하남시 덕풍북로71번길 10,37.5536980285952,127.199224827732,주소
경기도 하남시 덕풍서로 45-1,37.551292867816,127.202899405168,주소
경기도 하남시 미사강변남로 103,37.5610822617823,127.193298260773,주소
경기도 하남시 미사강변남로 125,37.561742295692,127.19452664024,주소
경기도 하남시 미사강변남로 131,37.5625390251736,127.195684093179,주소
경기도 하남시 미사강변남로 31,37.5598622876355,127.185278125707,주소
경기도 하남시 미사강변남로 33,37.559915924867,127.185547174118,주소
경기도 하남시 미사강변남로 45,37.5601496625359,127.186621042685,주소
경기도 하남시 미사강변남로 87,37.560577579823,127.191383632928,주소
경기도 하남시 미사강변남로 91,37.5607551744151,127.191988927649,주소
경기도 하남시 미사강변남로 99,37.5609360732089,127.192776003225,주소
경기도 하남시 미사강변대로 135-1,37.5617127991356,127.1844426663,주소
경기도 하남시 미사강변대로 206,37.5680250524528,127.185150966227,주소
경기도 하남시 미사강변대로 208,37.5682607156293,127.185002135336,주소
경기도 하남시 미사강변대로 212,37.5686335795096,127.184751315964,주소
경기도 하남시 미사강변대로 216,37.5689827174131,127.184519225726,주소
경기도 하남시 미사강변대로 220,37.5692583823451,127.184371395103,주소
경기도 하남시 미사강변대로 222,37.5695152190234,127.184221819104,주소
경기도 하남시 미사강변대로 228,37.5698892892987,127.184005179533,주소
경기도 하남시 미사강변대로 270-1,37.5741274922068,127.184455734307,주소
경기도 하남시 미사강변대로 60,37.5550699895251,127.186872519569,주소
경기도 하남시 미사강변대로 62,37.5554139735083,127.187110476287,주소
경기도 하남시 미사강변대로 64,37.5557416178287,127.187254460165,주소
경기도 하남시 미사강변대로 70,37.5561555154357,127.187437480081,주소
경기도 하남시 미사강변대로 76,37.55663947452,127.187642973167,주소
경기도 하남시 미사강변대로 80,37.5570376479062,127.187855044111,주소
경기도 하남시 미사강변대로 84,37.5574070985239,127.187998347201,주소
경기도 하남시 미사강변대로 90,37.5578873021877,127.188128575307,주소
경기도 하남시 미사강변대로 95-2,37.557103650271,127.184740161601,주소
경기도 하남시 미사강변대로226번길 15,37.5701013996455,127.184687137513,주소
경기도 하남시 미사강변대로226번길 26,37.56980302824,127.185180609809,주소
경기도 하남시 미사강변대로226번길 34,37.5695699641341,127.18573944036,주소
경기도 하남시 미사강변대로226번길 48,37.5696375285312,127.185974826667,주소
경기도 하남시 미사강변대로226번길 54,37.5692575221949,127.185953846473,주소
경기도 하남시 미사강변대로226번길 66,37.568847166277,127.185580419767,주소
경기도 하남시 미사강변대로226번길 9,37.5699899791429,127.184320449504,주소
경기도 하남시 미사강변대로226번안길 15,37.569171721902,127.184995219843,주소
경기도 하남시 미사강변대로226번안길 17,37.5692868016951,127.185325352197,주소
경기도 하남시 미사강변대로226번안길 21,37.5692733871805,127.185720140055,주소
경기도 하남시 미사강변대로226번안길 35,37.5682983205182,127.185554948034,주소
경기도 하남시 미사강변대로226번안길 9,37.5694466233768,127.184875008148,주소
경기도 하남시 미사강변대로34번길 100,37.5568429887417,127.188278623334,주소
경기도 하남시 미사강변대로34번길 72,37.5558032406433,127.187768423139,주소
경기도 하남시 미사강변대로34번길 82,37.5561522994851,127.188043407053,주소
경기도 하남시 미사강변대로34번길 90,37.5565214184781,127.18822507479,주소
경기도 하남시 미사강변대로34번안길 11,37.5558273087973,127.188157348622,주소
경기도 하남시 미사강변대로34번안길 19,37.5558600573665,127.188526151282,주소
경기도 하남시 미사강변대로54번길 33,37.5550807536747,127.188207304648,주소
경기도 하남시 미사강변대로54번길 75,37.5562065880428,127.188747035221,주소
경기도 하남시 미사강변대로54번길 80,37.5563690621443,127.189406913374,주소
경기도 하남시 미사강변대로54번길 83,37.5565733985855,127.188794022598,주소
경기도 하남시 미사강변대로54번길 90,37.5567981751125,127.18942656024,주소
경기도 하남시 미사강변대로54번길 91,37.5568749200703,127.188820247767,주소
경기도 하남시 미사강변동로 100-1,37.5640963169927,127.193270168154,주소
경기도 하남시 미사강변동로 72,37.5616225191656,127.193945023347,주소
경기도 하남시 미사강변동로 73,37.5615644351501,127.192991876605,주소
경기도 하남시 미사강변동로84번길 39,37.563404565052,127.195276626569,주소
경기도 하남시 미사강변북로 55번길,37.5748103841189,127.184898002826,주소
경기도 하남시 미사강변북로24번길 10,37.5708169727294,127.181020093931,주소
경기도 하남시 미사강변북로24번길 19,37.5706948464377,127.181633774975,주소
경기도 하남시 미사강변북로30번길 25,37.5704954562631,127.18227692309,주소
경기도 하남시 미사강변서로 127-1,37.5623005672323,127.183717929486,주소
경기도 하남시 미사강변서로 151,37.5636608156115,127.182312787774,주소
경기도 하남시 미사강변서로 167,37.5653438581021,127.182148238984,주소
경기도 하남시 미사강변서로 68,37.5562461046337,127.1854155066,주소
경기도 하남시 미사강변중앙로 220,37.5662871417766,127.189231111369,주소
경기도 하남시 미사강변중앙로 90-1,37.5556125610328,127.193753348739,주소
경기도 하남시 미사강변중앙로111번안길 18,37.5574840283197,127.191317208482,주소
경기도 하남시 미사강변중앙로132번길 45,37.5587478487025,127.194191091265,주소
경기도 하남시 미사강변한강로 200,37.5713178413334,127.192851546922,주소
경기도 하남시 미사강변한강로 270-1,37.5643575428896,127.196365819239,주소
경기도 하남시 미사강변한강로 89,37.5778876725712,127.185621307575,주소
경기도 하남시 미사강변한강로 9,37.5759642964385,127.1770752721,주소
경기도 하남시 미사강변한강로158번길 96,37.576086849135,127.18970736628,주소
경기도 하남시 미사강변한강로158번안길 40,37.5753935124713,127.191673421672,주소
경기도 하남시 미사강변한강로220번길 19,37.5696973593978,127.193319277595,주소
경기도 하남시 미사강변한강로334번길 24,37.5605337309904,127.199529488327,주소
경기도 하남시 미사강변한강로334번길 43-1,37.5600272215408,127.199564921149,주소
경기도 하남시 미사강변한강로334번길 46,37.5592255174677,127.198869675355,주소
경기도 하남시 미사강변한강로334번길 47,37.5596451956672,127.199726993934,주소
경기도 하남시 미사강변한강로334번길 69,37.5589794295576,127.200536367302,주소
경기도 하남시 미사강변한강로334번길 70,37.5585709914371,127.199695718987,주소
경기도 하남시 미사강변한강로342번길 20,37.5600803488028,127.200328350032,주소
경기도 하남시 미사강변한강로342번길 25,37.5595638432913,127.200041868248,주소
경기도 하남시 미사강변한강로346번길 25,37.5593345820208,127.200495103347,주소
경기도 하남시 서하남로 161,37.515741441323,127.162053511271,주소
경기도 하남시 세미로1길 5,37.5445023001724,127.194122223735,주소
경기도 하남시 신우실로 61,37.5099632923297,127.161801802566,주소
경기도 하남시 신우실로 65,37.5096988038905,127.162096659658,주소
경기도 하남시 신우실로 67,37.5095457308324,127.162353640024,주소
경기도 하남시 신우실로 71,37.509434008108,127.162679815423,주소
경기도 하남시 신우실로63번길 11,37.5098593273764,127.162712181484,주소
경기도 하남시 신장동로 35,37.5433689340804,127.211235663119,주소
경기도 하남시 신장동로 57,37.5439746592181,127.213946888065,주소
경기도 하남시 신장동로 67,37.5441645010939,127.215037236929,주소
경기도 하남시 신장로205번길 27,37.5425244747413,127.19789439069,주소
경기도 하남시 신장로76번길 40,37.5364024872328,127.211245202324,주소
경기도 하남시 신평로,37.542970218097,127.207283642656,주소
경기도 하남시 신평로 100,37.5426961659446,127.208187662405,주소
경기도 하남시 신평로 14,37.53510180095,127.203708737825,주소
경기도 하남시 신평로 35-11,37.5370608638637,127.203435502989,주소
경기도 하남시 신평로 35-7,37.5370162882445,127.203630783849,주소
경기도 하남시 신평로168번길 12-16,37.5465378108456,127.212353116923,주소
경기도 하남시 신평로67번길 28,37.5402825016202,127.204307252643,주소
경기도 하남시 역말로 55,37.5374738586674,127.202242482017,주소
경기도 하남시 위례대로 190,37.478591797155,127.148271168865,주소
경기도 하남시 위례대로 256,37.4841748415699,127.149670760718,주소
경기도 하남시 위례대로6길 45-2,37.4867699950139,127.157516747216,주소
경기도 하남시 위례대로6길 65(학암동),37.4852407442276,127.158034776565,주소
경기도 하남시 위례순환로 333,37.4771505129313,127.149582247441,주소
경기도 하남시 위례순환로 343,37.477216897026,127.148311752582,주소
경기도 하남시 위례학암로 18,37.4879626442684,127.158403243285,주소
경기도 하남시 위례학암로14번길 11,37.4874802538779,127.157250034966,주소
경기도 하남시 위례학암로14번길 18,37.487437366958,127.156366750847,주소
경기도 하남시 위례학암로14번길 27,37.4872106953509,127.157300577689,주소
경기도 하남시 위례학암로14번길 31,37.4874382698624,127.15765349583,주소
경기도 하남시 위례학암로14번길 35,37.4876959784978,127.15811005258,주소
경기도 하남시 조정대로 115,37.5544531149776,127.191571565563,주소
경기도 하남시 천현로 109,37.5374261633415,127.222166330644,주소
경기도 하남시 천현로 113,37.5364584252165,127.222965993089,주소
경기도 하남시 천현로 45,37.5380646603327,127.216069948268,주소
경기도 하남시 풍산로 168,37.5634420984963,127.181582322758,주소
경기도 하남시 하남대로 784,37.5402418716696,127.210410349323,주소
경기도 하남시 하남대로 786-1,37.5403803830554,127.210141666943,주소
경기도 하남시 하남대로 790,37.5405693295271,127.209782943853,주소
경기도 하남시 하남대로 796,37.5407947268951,127.20924260038,주소
경기도 하남시 하남대로 800,37.5410131333343,127.208883842071,주소
경기도 하남시 하남대로 802,37.5411527162414,127.208618664784,주소
경기도 하남시 하남대로 804,37.5412338566847,127.208436942967,주소
경기도 하남시 하남대로 806,37.5413404007715,127.208206522972,주소
경기도 하남시 하남대로 812,37.5415566788167,127.207775448886,주소
경기도 하남시 하남대로 815,37.5412043665665,127.206967021151,주소
경기도 하남시 하남대로302번길 45,37.5041006966273,127.23454141821,주소
경기도 하남시 하남대로784번길 28,37.5410558650431,127.21130098844,주소
경기도 하남시 하남대로784번안길 12,37.5409612551603,127.211856973032,주소
경기도 하남시 하남대로802번길 15,37.5416337595069,127.208975190122,주소
경기도 하남시 하남대로802번길 21,37.542742265979,127.209275652726,주소
경기도 하남시 하남대로802번길 64,37.5420212496003,127.211722944247,주소
경기도 하남시 하남대로802번길 74,37.5423275966818,127.212170426712,주소
경기도 화성시 10용사로 284,37.1991099073598,127.049214319342,주소
경기도 화성시 10용사로 288,37.1992797650963,127.049838339497,주소
경기도 화성시 10용사로 343-2,37.1994552326779,127.055826268878,주소
경기도 화성시 10용사로 349-13,37.2004627509557,127.056287150143,주소
경기도 화성시 10용사로 349-3,37.1993558492817,127.056201848607,주소
경기도 화성시 10용사로 349-5,37.1995944540446,127.056188733991,주소
경기도 화성시 10용사로 349-7,37.1998318814466,127.05618823413,주소
경기도 화성시 10용사로 554,37.1889614079631,127.071105126206,주소
경기도 화성시 경기대로 1025-5,37.2069311144487,127.035356250024,주소
경기도 화성시 경기대로 1052,37.2102374970362,127.033891916183,주소
경기도 화성시 경기대로 990,37.2047694595907,127.037799356783,주소
경기도 화성시 금반1길 10,37.1885434911292,127.07081799498,주소
경기도 화성시 기배로 29,37.2217580961802,126.978704150931,주소
경기도 화성시 기배로43번길 56,37.2248583844127,126.977048385036,주소
경기도 화성시 꽃내음1길 19-22,37.2833980207502,126.818535513794,주소
경기도 화성시 꽃내음1길 19-26,37.2829924544814,126.818529608964,주소
경기도 화성시 꽃내음1길 21,37.2840794174112,126.817852209857,주소
경기도 화성시 남양읍 남양로 599-8,37.1938423468821,126.821608757145,주소
경기도 화성시 남양읍 남양로 671,37.1984814165037,126.826036459501,주소
경기도 화성시 남양읍 남양로 829,37.2098373257031,126.832265675953,주소
경기도 화성시 남양읍 남양로862번길 13,37.2131584927484,126.833279811946,주소
경기도 화성시 남양읍 남양시장로55번길 4-1,37.2092774213299,126.81571565187,주소
경기도 화성시 남양읍 남양시장로55번길 7,37.2103743580541,126.815541634825,주소
경기도 화성시 남양읍 남양중앙로 346,37.2075939646213,126.836115217911,주소
경기도 화성시 남양읍 시청로 56,37.20460539546,126.821366920155,주소
경기도 화성시 남양읍 시청로 64,37.2040007280274,126.821983619443,주소
경기도 화성시 남양읍 시청로102번길 51,37.199722304032,126.822787553292,주소
경기도 화성시 남양읍 시청로160번길 46,37.1988236881791,126.825643128433,주소
경기도 화성시 남양읍 시청로32번길 80,37.2003545177268,126.821730855362,주소
경기도 화성시 남양읍 시청로45번길 3-1,37.2056649295926,126.821121101563,주소
경기도 화성시 남양읍 시청로45번길 3-13,37.2065049258169,126.820312432039,주소
경기도 화성시 남양읍 시청로45번길 9-12,37.2079531252012,126.821705435026,주소
경기도 화성시 남양읍 안석길111번길 106,37.1787768119449,126.825099816831,주소
경기도 화성시 남양읍 역골로 75-5,37.2052475226915,126.823375951432,주소
경기도 화성시 남양읍 역골로 82-1,37.2062342164875,126.82346602473,주소
경기도 화성시 남양읍 역골로60번길 19-8,37.2055953519723,126.82576509564,주소
경기도 화성시 남양읍 역골중앙로 115,37.2079439318033,126.827360821856,주소
경기도 화성시 남양읍 역골중앙로 2,37.2015876155926,126.82536732976,주소
경기도 화성시 남양읍 역골중앙로 56-6,37.2034464479338,126.830303453987,주소
경기도 화성시 남여울1길 5-21,37.1981727896672,127.052011296025,주소
경기도 화성시 노들길 4,37.2797842212143,126.820007465509,주소
경기도 화성시 노들길 6-12,37.2802636747659,126.819482103133,주소
경기도 화성시 노작로 207,37.2065411462277,127.07499858617,주소
경기도 화성시 노작로 226-35,37.2080000740933,127.078827620135,주소
경기도 화성시 노작로3길 13,37.1952493257361,127.079858023117,주소
경기도 화성시 노작로3길 41,37.1965849377404,127.077441823169,주소
경기도 화성시 노작로4길 25-11,37.1971888509034,127.076984122844,주소
경기도 화성시 노작로4길 4,37.1966631138121,127.077357876908,주소
경기도 화성시 동부대로 1062,37.1966611821413,127.088605997234,주소
경기도 화성시 동탄감배산로 124-6,37.1974804421109,127.090009282202,주소
경기도 화성시 동탄감배산로 143,37.1992969424465,127.08848123206,주소
경기도 화성시 동탄감배산로 19,37.1881371254362,127.089930956182,주소
경기도 화성시 동탄감배산로 26,37.189024423897,127.091303883552,주소
경기도 화성시 동탄감배산로 51,37.1912569140153,127.089359354645,주소
경기도 화성시 동탄감배산로 95,37.1950180251089,127.088844098077,주소
경기도 화성시 동탄공원로 21-24,37.2023473979632,127.056460782267,주소
경기도 화성시 동탄공원로 21-38,37.2023794136451,127.055254050431,주소
경기도 화성시 동탄공원로1길 27,37.203288317915,127.059683479432,주소
경기도 화성시 동탄공원로1길 6-57,37.2006589718677,127.062113451593,주소
경기도 화성시 동탄공원로2길 10,37.2061484502634,127.06036320664,주소
경기도 화성시 동탄공원로2길 7,37.2065010182165,127.060741654069,주소
경기도 화성시 동탄광역환승로 62,37.2012797274513,127.088694187672,주소
경기도 화성시 동탄광역환승로 63,37.2019342834648,127.089251073837,주소
경기도 화성시 동탄광역환승로 73,37.2028863829237,127.090020319633,주소
경기도 화성시 동탄구 10용사로 343-2,37.1994552326779,127.055826268878,주소
경기도 화성시 동탄구 10용사로 349-5,37.1995944540446,127.056188733991,주소
경기도 화성시 동탄구 경기동로 517,37.1501162765294,127.126843614815,주소
경기도 화성시 동탄구 동부대로 1062,37.1966611821413,127.088605997234,주소
경기도 화성시 동탄구 동탄공원로 21-42,37.2016554841876,127.054333342298,주소
경기도 화성시 동탄구 동탄광역환승로 73,37.2028863829237,127.090020319633,주소
경기도 화성시 동탄구 동탄대로10나길 21,37.1751114855001,127.114384372598,주소
경기도 화성시 동탄구 동탄대로12길 71,37.1818923704471,127.110106609603,주소
경기도 화성시 동탄구 동탄대로24길 112,37.212625248285,127.11109319629,주소
경기도 화성시 동탄구 동탄대로24길 117,37.2102285256765,127.112261752152,주소
경기도 화성시 동탄구 동탄대로2길 49,37.1582683779606,127.1088549152,주소
경기도 화성시 동탄구 동탄대로4길 45,37.1618257252027,127.110829557082,주소
경기도 화성시 동탄구 동탄대로4길 47,37.1617997319202,127.111259926852,주소
경기도 화성시 동탄구 동탄대로4길 53,37.1618117958574,127.111845155015,주소
경기도 화성시 동탄구 동탄대로4길 95,37.1622453235686,127.115755963225,주소
경기도 화성시 동탄구 동탄대로5길 29,37.1664182800381,127.104120120021,주소
경기도 화성시 동탄구 동탄대로6길 19,37.1687329264357,127.109015844724,주소
경기도 화성시 동탄구 동탄대로시범길 148-14,37.2000369909849,127.113794563885,주소
경기도 화성시 동탄구 동탄대로시범길 148-16,37.2001702276897,127.114105539632,주소
경기도 화성시 동탄구 동탄대로시범길 148-22,37.2004642598047,127.114924770776,주소
경기도 화성시 동탄구 동탄대로시범길 148-54,37.2005430908158,127.113722332061,주소
경기도 화성시 동탄구 동탄대로시범길 148-58,37.200736002802,127.114193913751,주소
경기도 화성시 동탄구 동탄대로시범길 97,37.1989607788708,127.109194914882,주소
경기도 화성시 동탄구 동탄반석로 124,37.1999947118739,127.071545647885,주소
경기도 화성시 동탄구 동탄반석로 171,37.2040649088284,127.070548287184,주소
경기도 화성시 동탄구 동탄반석로 204,37.2066560348037,127.072824997881,주소
경기도 화성시 동탄구 동탄반석로 208,37.2070490999182,127.073074108938,주소
경기도 화성시 동탄구 동탄반석로 212,37.2072296593812,127.073237965293,주소
경기도 화성시 동탄구 동탄반석로 279,37.2113984530666,127.07899597308,주소
경기도 화성시 동탄구 동탄반석로 39,37.193492474596,127.076549894767,주소
경기도 화성시 동탄구 동탄산척로 94,37.171819248089,127.111411422779,주소
경기도 화성시 동탄구 동탄솔빛로 61,37.1943156463194,127.073900831467,주소
경기도 화성시 동탄구 동탄순환대로 127-17,37.1669608712089,127.107279954486,주소
경기도 화성시 동탄구 동탄순환대로 127-19,37.1674494437007,127.107258239241,주소
경기도 화성시 동탄구 동탄순환대로 127-9,37.1666241343658,127.107293214615,주소
경기도 화성시 동탄구 동탄순환대로 20,37.1644949395058,127.095718771823,주소
경기도 화성시 동탄구 동탄순환대로 26,37.1644851546524,127.096451480618,주소
경기도 화성시 동탄구 동탄순환대로 263,37.1711156023468,127.118572834169,주소
경기도 화성시 동탄구 동탄순환대로 406,37.1832865360632,127.123228580472,주소
경기도 화성시 동탄구 동탄순환대로 685,37.2059726759,127.110932606785,주소
경기도 화성시 동탄구 동탄순환대로 690,37.2065097542128,127.111548687984,주소
경기도 화성시 동탄구 동탄순환대로 881-10,37.2087573713809,127.089050587247,주소
경기도 화성시 동탄구 동탄순환대로10길 88,37.1662483682479,127.128178756754,주소
경기도 화성시 동탄구 동탄순환대로12길 8,37.1688634409323,127.119352746025,주소
경기도 화성시 동탄구 동탄순환대로18길 16,37.1831222826002,127.124341516733,주소
경기도 화성시 동탄구 동탄순환대로19길 21,37.1877058825473,127.121971689278,주소
경기도 화성시 동탄구 동탄순환대로20길 118,37.1829444407539,127.124830763147,주소
경기도 화성시 동탄구 동탄순환대로22길 14,37.1961268437627,127.121099363229,주소
경기도 화성시 동탄구 동탄순환대로25길 24,37.2044290646124,127.109600323792,주소
경기도 화성시 동탄구 동탄순환대로26길 26,37.2065554465112,127.113624898599,주소
경기도 화성시 동탄구 동탄순환대로8길 11,37.1650800761053,127.111402768686,주소
경기도 화성시 동탄구 동탄숲속로 98,37.2069103829021,127.058377442293,주소
경기도 화성시 동탄구 동탄신동1길 25,37.1746843285293,127.131463668759,주소
경기도 화성시 동탄구 동탄신동2길 21(신동),37.1757762199345,127.137968919149,주소
경기도 화성시 동탄구 동탄신리천로 407,37.1828646056289,127.123542879193,주소
경기도 화성시 동탄구 동탄신리천로 411,37.1827010474692,127.12407640678,주소
경기도 화성시 동탄구 동탄신리천로 618,37.175600157154,127.139658225065,주소
경기도 화성시 동탄구 동탄신리천로3길 11,37.1829064399778,127.12983936813,주소
경기도 화성시 동탄구 동탄신리천로5길 111,37.1895737805951,127.141489219818,주소
경기도 화성시 동탄구 동탄신리천로9길 67,37.1819691069769,127.137865766544,주소
경기도 화성시 동탄구 동탄역로 102,37.1958618114532,127.098154314807,주소
경기도 화성시 동탄구 동탄역로 196,37.2042919607928,127.096618589331,주소
경기도 화성시 동탄구 동탄역로 54,37.1905803857031,127.098258190228,주소
경기도 화성시 동탄구 동탄오산로 29,37.1993103412943,127.090189650458,주소
경기도 화성시 동탄구 동탄중심상가2길 2,37.2057047939364,127.072238872411,주소
경기도 화성시 동탄구 동탄중앙로 264,37.2083077951772,127.070668719782,주소
경기도 화성시 동탄구 동탄지성로 92,37.2075148466968,127.065048013696,주소
경기도 화성시 동탄구 동탄청계로 303-14,37.2010003805906,127.118406445093,주소
경기도 화성시 동탄구 메타폴리스로 38,37.201703551202,127.071554019312,주소
경기도 화성시 동탄구 메타폴리스로 54,37.2016524514236,127.073193038752,주소
경기도 화성시 동탄기흥로 393-15,37.1953738160195,127.091727259733,주소
경기도 화성시 동탄기흥로 393-20,37.1963729968698,127.09019640596,주소
경기도 화성시 동탄기흥로 447-16,37.2011786410842,127.091871256414,주소
경기도 화성시 동탄기흥로 447-24,37.2011254818593,127.090933333363,주소
경기도 화성시 동탄기흥로353번길 100,37.1878408188413,127.085606354045,주소
경기도 화성시 동탄기흥로353번길 99-3,37.1878199659137,127.086156828795,주소
경기도 화성시 동탄기흥로353번길 99-5,37.1877871771846,127.086514592754,주소
경기도 화성시 동탄기흥로353번길 99-7,37.1877796611807,127.086811907155,주소
경기도 화성시 동탄대로 181,37.1720680647347,127.104140595235,주소
경기도 화성시 동탄대로 182,37.1707361303102,127.107264911146,주소
경기도 화성시 동탄대로 198,37.1720933547636,127.107304662879,주소
경기도 화성시 동탄대로 469-12,,,실패
경기도 화성시 동탄대로 489,37.1974062084016,127.098270640431,주소
경기도 화성시 동탄대로 557-9,37.2031876175759,127.097953604509,주소
경기도 화성시 동탄대로 587,37.2061264185508,127.098360124847,주소
경기도 화성시 동탄대로 643,37.211174905857,127.098151502522,주소
경기도 화성시 동탄대로 706,37.2148566590746,127.10316502407,주소
경기도 화성시 동탄대로10나길 21,37.1751114855001,127.114384372598,주소
경기도 화성시 동탄대로10나길 7,37.1750611059128,127.112797489074,주소
경기도 화성시 동탄대로12길 101,37.1800976198802,127.113669491266,주소
경기도 화성시 동탄대로19길 10,37.1972161438979,127.097765557969,주소
경기도 화성시 동탄대로24길 117,37.2102285256765,127.112261752152,주소
경기도 화성시 동탄대로24길 199,37.2079666999267,127.117293621663,주소
경기도 화성시 동탄대로24길 51,37.2174324586976,127.109812468435,주소
경기도 화성시 동탄대로24길 74,37.2165719443629,127.109241473715,주소
경기도 화성시 동탄대로3길 17-7,37.1630205206753,127.104896578071,주소
경기도 화성시 동탄대로3길 33,37.1650450953738,127.102956096987,주소
경기도 화성시 동탄대로4가길 25,37.1597315896577,127.114045969944,주소
경기도 화성시 동탄대로4가길 26,37.1589505209157,127.112761052207,주소
경기도 화성시 동탄대로4가길 5,37.1612265203649,127.112741916256,주소
경기도 화성시 동탄대로4길 136-34,37.1601473279676,127.119987509917,주소
경기도 화성시 동탄대로4길 39,37.1617932890313,127.110247902061,주소
경기도 화성시 동탄대로4길 40,37.1608517910565,127.110229759982,주소
경기도 화성시 동탄대로4길 47,37.1617997319202,127.111259926852,주소
경기도 화성시 동탄대로4길 53,37.1618117958574,127.111845155015,주소
경기도 화성시 동탄대로4길 95,37.1622453235686,127.115755963225,주소
경기도 화성시 동탄대로4다길 78,37.156653518014,127.11135922009,주소
경기도 화성시 동탄대로5길 15,37.1661042781841,127.105122191991,주소
경기도 화성시 동탄대로5길 21,37.1669493066166,127.105305422682,주소
경기도 화성시 동탄대로5길 29,37.1664182800381,127.104120120021,주소
경기도 화성시 동탄대로5길 9,37.1676369141634,127.105798518213,주소
경기도 화성시 동탄대로6길 20,37.1681885249339,127.108112402728,주소
경기도 화성시 동탄대로6길 23,37.168742764369,127.10929148912,주소
경기도 화성시 동탄대로6길 29,37.1687427221229,127.110115790183,주소
경기도 화성시 동탄대로6길 50,37.1681941115624,127.111323907887,주소
경기도 화성시 동탄대로8길 58,37.1705973838772,127.112873950457,주소
경기도 화성시 동탄대로8길 60,37.1705709964335,127.113331842275,주소
경기도 화성시 동탄대로8길 64,37.1705275877958,127.113684880717,주소
경기도 화성시 동탄대로8길 65,37.1717609202193,127.115026087944,주소
경기도 화성시 동탄대로시범길 117,37.1991930870209,127.111306672628,주소
경기도 화성시 동탄대로시범길 122,37.197958491768,127.106975189528,주소
경기도 화성시 동탄대로시범길 134,37.1990328379764,127.113063831502,주소
경기도 화성시 동탄대로시범길 142,37.1999557336589,127.113400425788,주소
경기도 화성시 동탄대로시범길 146,37.2003510087443,127.113134621151,주소
경기도 화성시 동탄대로시범길 148-14,37.2000369909849,127.113794563885,주소
경기도 화성시 동탄대로시범길 148-16,37.2001702276897,127.114105539632,주소
경기도 화성시 동탄대로시범길 148-20,37.2003224692968,127.114516457675,주소
경기도 화성시 동탄대로시범길 148-54,37.2005430908158,127.113722332061,주소
경기도 화성시 동탄대로시범길 148-58,37.200736002802,127.114193913751,주소
경기도 화성시 동탄대로시범길 168,37.2028082167451,127.110223383179,주소
경기도 화성시 동탄대로시범길 185,37.2015258076133,127.109286583705,주소
경기도 화성시 동탄대로시범길 189,37.2014762949264,127.108846079502,주소
경기도 화성시 동탄대로시범길 19,37.1996065605821,127.100545101468,주소
경기도 화성시 동탄대로시범길 20,37.1963746005425,127.099771968085,주소
경기도 화성시 동탄대로시범길 219,37.2008401013295,127.10551671578,주소
경기도 화성시 동탄대로시범길 235,37.2017653339112,127.103435796008,주소
경기도 화성시 동탄대로시범길 257,37.2020362677461,127.10251699473,주소
경기도 화성시 동탄대로시범길 261,37.2017150576014,127.102187192107,주소
경기도 화성시 동탄대로시범길 276,37.2017460533777,127.099756171079,주소
경기도 화성시 동탄대로시범길 39,37.1993651531986,127.101619475098,주소
경기도 화성시 동탄대로시범길 47,37.1994024384258,127.103204138826,주소
경기도 화성시 동탄대로시범길 53,37.1991078971889,127.104219067153,주소
경기도 화성시 동탄문화센터로 13,37.1988633646713,127.066736479695,주소
경기도 화성시 동탄문화센터로 61,37.1996799926645,127.072110127955,주소
경기도 화성시 동탄문화센터로 75,37.2000251332363,127.073514745864,주소
경기도 화성시 동탄반석로 120,37.1996149505362,127.071641821896,주소
경기도 화성시 동탄반석로 124,37.1999947118739,127.071545647885,주소
경기도 화성시 동탄반석로 130,37.2004693840187,127.071399437036,주소
경기도 화성시 동탄반석로 134,37.2010438262996,127.071363144144,주소
경기도 화성시 동탄반석로 144,37.2016785044068,127.071250986008,주소
경기도 화성시 동탄반석로 156,37.2023258001596,127.071582429754,주소
경기도 화성시 동탄반석로 160,37.2028935292071,127.071621152484,주소
경기도 화성시 동탄반석로 172,37.2039249173011,127.072141201359,주소
경기도 화성시 동탄반석로 196,37.2061033746786,127.07245869368,주소
경기도 화성시 동탄반석로 204,37.2066560348037,127.072824997881,주소
경기도 화성시 동탄반석로 205,37.2071382359337,127.072451346894,주소
경기도 화성시 동탄반석로 208,37.2070490999182,127.073074108938,주소
경기도 화성시 동탄반석로 212,37.2072296593812,127.073237965293,주소
경기도 화성시 동탄반석로 22,37.1936196832744,127.077962303549,주소
경기도 화성시 동탄반석로 230,37.2084152379892,127.074288924406,주소
경기도 화성시 동탄반석로 245,37.2105781786291,127.074909752766,주소
경기도 화성시 동탄반석로 259,37.2111503670769,127.076147631036,주소
경기도 화성시 동탄반석로 279,37.2113984530666,127.07899597308,주소
경기도 화성시 동탄반석로 39,37.193492474596,127.076549894767,주소
경기도 화성시 동탄반석로 72,37.195920124114,127.073798546383,주소
경기도 화성시 동탄반석로 83,37.1959626387078,127.072362272581,주소
경기도 화성시 동탄반석로 84,37.1967385574932,127.073930901475,주소
경기도 화성시 동탄반석로 94,37.1975365098855,127.072504345549,주소
경기도 화성시 동탄반송3길 46-17,37.2101101265848,127.067491937392,주소
경기도 화성시 동탄산척로 122,37.1716177379607,127.113347592913,주소
경기도 화성시 동탄산척로 93-22,37.174613783354,127.111217908039,주소
경기도 화성시 동탄산척로1길 11,37.1733762364188,127.101732955597,주소
경기도 화성시 동탄산척로1길 23,37.1747532197431,127.101534143256,주소
경기도 화성시 동탄산척로1길 35,37.1758055395006,127.101980339421,주소
경기도 화성시 동탄산척로2길 56,37.1772844751263,127.116139021091,주소
경기도 화성시 동탄산척로2나길 14,37.1741774122124,127.112733005608,주소
경기도 화성시 동탄솔빛로 14,37.1905403493037,127.070155251048,주소
경기도 화성시 동탄솔빛로 23,37.1920905032277,127.070488827383,주소
경기도 화성시 동탄솔빛로 44,37.1928770494064,127.072990280677,주소
경기도 화성시 동탄솔빛로 47,37.193484010255,127.072824847111,주소
경기도 화성시 동탄솔빛로 48,37.1931749778926,127.073362472918,주소
경기도 화성시 동탄솔빛로 51,37.1936789086581,127.073116298351,주소
경기도 화성시 동탄솔빛로 52,37.1933964789838,127.073617007324,주소
경기도 화성시 동탄솔빛로 58,37.1938009796746,127.074021746385,주소
경기도 화성시 동탄솔빛로 61,37.1943156463194,127.073900831467,주소
경기도 화성시 동탄솔빛로 62,37.1939845295618,127.074300913956,주소
경기도 화성시 동탄솔빛로 64,37.1941712695776,127.074664222002,주소
경기도 화성시 동탄솔빛로 65,37.1945778464649,127.07419899984,주소
경기도 화성시 동탄솔빛로 67,37.1948442873314,127.074343317983,주소
경기도 화성시 동탄순환대로 127-17,37.1669608712089,127.107279954486,주소
경기도 화성시 동탄순환대로 127-19,37.1674494437007,127.107258239241,주소
경기도 화성시 동탄순환대로 127-23,37.1677655305329,127.107262401498,주소
경기도 화성시 동탄순환대로 127-5,37.166083776492,127.107286821254,주소
경기도 화성시 동탄순환대로 127-9,37.1666241343658,127.107293214615,주소
경기도 화성시 동탄순환대로 20,37.1644949395058,127.095718771823,주소
경기도 화성시 동탄순환대로 22,37.1645373238468,127.096010090004,주소
경기도 화성시 동탄순환대로 245,37.1696090532247,127.118195650398,주소
경기도 화성시 동탄순환대로 253,37.1702778059788,127.118387204949,주소
경기도 화성시 동탄순환대로 257,37.1706249495976,127.118510589657,주소
경기도 화성시 동탄순환대로 26,37.1644851546524,127.096451480618,주소
경기도 화성시 동탄순환대로 263,37.1711156023468,127.118572834169,주소
"경기도 화성시 동탄순환대로 263,",37.1711156023468,127.118572834169,주소
경기도 화성시 동탄순환대로 400,37.182956576332,127.123135925248,주소
경기도 화성시 동탄순환대로 406,37.1832865360632,127.123228580472,주소
경기도 화성시 동탄순환대로 429-10,37.1866878929599,127.122997828482,주소
경기도 화성시 동탄순환대로 4길 16,37.1638510941725,127.096213341927,주소
경기도 화성시 동탄순환대로 617,37.2007369189066,127.114737861227,주소
경기도 화성시 동탄순환대로 692,37.2067934401321,127.111415501955,주소
경기도 화성시 동탄순환대로 693,37.2065570662143,127.110483762499,주소
경기도 화성시 동탄순환대로 696,37.2069651599725,127.111245426359,주소
경기도 화성시 동탄순환대로 697,37.2069155422172,127.110249408275,주소
경기도 화성시 동탄순환대로 702,37.2073828901011,127.110953821694,주소
경기도 화성시 동탄순환대로 704,37.2075948906898,127.110778958588,주소
경기도 화성시 동탄순환대로 707,37.2075370285533,127.109632530604,주소
경기도 화성시 동탄순환대로 754-12,37.2106147049951,127.10520576221,주소
경기도 화성시 동탄순환대로 881-10,37.2087573713809,127.089050587247,주소
경기도 화성시 동탄순환대로 881-34,37.2065847645002,127.091525326593,주소
경기도 화성시 동탄순환대로 881-9,37.2087155207278,127.091703751923,주소
경기도 화성시 동탄순환대로10길 88,37.1662483682479,127.128178756754,주소
경기도 화성시 동탄순환대로12길 12,37.1687256262704,127.119752801053,주소
경기도 화성시 동탄순환대로12길 60,37.1671187095714,127.124620416916,주소
경기도 화성시 동탄순환대로12길 74,37.1667788529073,127.126639743775,주소
경기도 화성시 동탄순환대로12길 85,37.1670502792119,127.128205781902,주소
경기도 화성시 동탄순환대로14길 77,37.1696936485388,127.119199007724,주소
경기도 화성시 동탄순환대로17길 31,37.1743541828547,127.114814723298,주소
경기도 화성시 동탄순환대로18길 16,37.1831222826002,127.124341516733,주소
경기도 화성시 동탄순환대로19길 21,37.1877058825473,127.121971689278,주소
경기도 화성시 동탄순환대로19길 59,37.1852413882636,127.120053323478,주소
경기도 화성시 동탄순환대로20길 10,37.1895145403732,127.124508883233,주소
경기도 화성시 동탄순환대로20길 118,37.1829444407539,127.124830763147,주소
경기도 화성시 동탄순환대로20길 124,37.1827031716709,127.124713697205,주소
경기도 화성시 동탄순환대로20길 31,37.1901233902523,127.127047229085,주소
경기도 화성시 동탄순환대로20길 45,37.1895306322381,127.127508899119,주소
경기도 화성시 동탄순환대로20길 52,37.1887579620755,127.126684996112,주소
경기도 화성시 동탄순환대로21길 10,37.1956721842874,127.117508990494,주소
경기도 화성시 동탄순환대로21길 15,37.1947085064123,127.118416554677,주소
경기도 화성시 동탄순환대로22길 13,37.1965695697125,127.11892598261,주소
경기도 화성시 동탄순환대로22길 14,37.1961268437627,127.121099363229,주소
경기도 화성시 동탄순환대로22길 46,37.1997494907376,127.119978974412,주소
경기도 화성시 동탄순환대로26길 37,37.2083602150216,127.114968849792,주소
경기도 화성시 동탄순환대로26길 55,37.2089783321171,127.115250408164,주소
경기도 화성시 동탄순환대로26길 81,37.2101327470529,127.119176406324,주소
경기도 화성시 동탄순환대로27길 45,37.2069668946441,127.103979788561,주소
경기도 화성시 동탄순환대로28길 17,37.2085512291461,127.110044505969,주소
경기도 화성시 동탄순환대로29길 56,37.2045347295096,127.108456318874,주소
경기도 화성시 동탄순환대로29길 62,37.2044682577515,127.109017206373,주소
경기도 화성시 동탄순환대로2길 13,37.1639122093863,127.094164787981,주소
경기도 화성시 동탄순환대로8길 26,37.1633255013255,127.109606135317,주소
경기도 화성시 동탄순환대로8길 27,37.1633963971352,127.111172535928,주소
경기도 화성시 동탄숲속로 69-6,37.2085030794048,127.056709262146,주소
경기도 화성시 동탄숲속로 98,37.2069103829021,127.058377442293,주소
경기도 화성시 동탄숲속로35번길 2-9,37.2088262745685,127.052431482386,주소
경기도 화성시 동탄시범한빛길 27,37.2092196553494,127.067110035136,주소
경기도 화성시 동탄시범한빛길 32,37.2089553516722,127.068102168532,주소
경기도 화성시 동탄신동1길 11,37.1746553764326,127.12977266218,주소
경기도 화성시 동탄신동5길 7,37.1820732550996,127.139034211511,주소
경기도 화성시 동탄신리천로 258,37.1838914979872,127.106704662838,주소
경기도 화성시 동탄신리천로 270,37.1835298491534,127.108058812074,주소
경기도 화성시 동탄신리천로 278,37.1833623453045,127.108844068378,주소
경기도 화성시 동탄신리천로 406,37.1821588677758,127.122967623832,주소
경기도 화성시 동탄신리천로 407,37.1828646056289,127.123542879193,주소
경기도 화성시 동탄신리천로 408,37.1821384184729,127.123483024627,주소
경기도 화성시 동탄신리천로 411,37.1827010474692,127.12407640678,주소
경기도 화성시 동탄신리천로1길 73,37.1793748812828,127.119353740953,주소
경기도 화성시 동탄신리천로2길 65,37.175708146561,127.127970765894,주소
경기도 화성시 동탄신리천로3길 59,37.1832453794257,127.134397837853,주소
경기도 화성시 동탄신리천로3길 71,37.1820104325477,127.134840586645,주소
경기도 화성시 동탄신리천로4길 47,37.1742654586856,127.135909042041,주소
경기도 화성시 동탄신리천로4길 48,37.1735209643603,127.132445224018,주소
경기도 화성시 동탄신리천로5길 43,37.1834946423155,127.140202616815,주소
경기도 화성시 동탄신리천로5길 90,37.1890560876853,127.142722952788,주소
경기도 화성시 동탄역로 102,37.1958618114532,127.098154314807,주소
경기도 화성시 동탄역로 124,37.1975959138164,127.096585838151,주소
경기도 화성시 동탄역로 196,37.2042919607928,127.096618589331,주소
경기도 화성시 동탄영천로 36,37.2056846422972,127.104658879482,주소
경기도 화성시 동탄영천로 81-5,37.2096911075296,127.102974026011,주소
경기도 화성시 동탄원천로 163,37.2073616526854,127.073690951644,주소
경기도 화성시 동탄원천로 315-27,37.2133474147968,127.058885317149,주소
경기도 화성시 동탄원천로 315-33,37.212595636319,127.05803854942,주소
경기도 화성시 동탄원천로 382-37,37.220486456915,127.055465105515,주소
경기도 화성시 동탄원천로 382-46,37.2230229351541,127.058408562301,주소
경기도 화성시 동탄중심상가1길 33,37.2011099690286,127.071949846739,주소
경기도 화성시 동탄중심상가1길 36,37.2014893647827,127.071564743475,주소
경기도 화성시 동탄중심상가1길 40,37.2014967807774,127.071220289017,주소
경기도 화성시 동탄중심상가1길 5,37.2005060209942,127.071756994885,주소
경기도 화성시 동탄중앙로 68,37.1927421514657,127.073153126029,주소
경기도 화성시 동탄중앙로 76,37.1931696429068,127.07251481171,주소
경기도 화성시 동탄지성로 135,37.2092342407249,127.06043697464,주소
경기도 화성시 동탄지성로 136,37.2097072535744,127.060688685042,주소
경기도 화성시 동탄지성로 141,37.2094223941584,127.0598768938,주소
경기도 화성시 동탄지성로 142,37.2098986459604,127.060140432702,주소
경기도 화성시 동탄지성로 143,37.2095316497675,127.05960244068,주소
경기도 화성시 동탄지성로 144,37.2100077237843,127.059862373126,주소
경기도 화성시 동탄지성로 145,37.2096498193786,127.059339484543,주소
경기도 화성시 동탄지성로 256,37.2181068147977,127.053444362896,주소
경기도 화성시 동탄지성로 286,37.2191483387233,127.052433217576,주소
경기도 화성시 동탄지성로 292,37.2198472409311,127.052323059369,주소
경기도 화성시 동탄지성로 293,37.2199965942553,127.051386647484,주소
경기도 화성시 동탄지성로 320,37.2221565503267,127.051057078166,주소
경기도 화성시 동탄지성로 327,37.2226691480605,127.050234563882,주소
경기도 화성시 동탄지성로 335,37.2233382053325,127.049739124002,주소
경기도 화성시 동탄지성로 338,37.2237566779785,127.050105369922,주소
경기도 화성시 동탄지성로 342,37.2239746026001,127.049984274539,주소
경기도 화성시 동탄지성로 344,37.2245391440447,127.050959866533,주소
경기도 화성시 동탄지성로 409,37.2288435257002,127.045693574289,주소
경기도 화성시 동탄지성로 79-17,37.2050072566616,127.065963491729,주소
경기도 화성시 동탄지성로 84,37.2072248897604,127.065699001666,주소
경기도 화성시 동탄지성로 92,37.2075148466968,127.065048013696,주소
경기도 화성시 동탄지성로469번길 59,37.2373304889953,127.041524660496,주소
경기도 화성시 동탄지성로469번길 60,37.2386038619037,127.042749822029,주소
경기도 화성시 동탄청계로 303-33,37.2031346557701,127.114230532356,주소
경기도 화성시 동탄청계로 303-34,37.2029563572434,127.117345006601,주소
경기도 화성시 동탄치동천로2길 3-13,37.2039105059722,127.12498401346,주소
경기도 화성시 떡전골로 34,37.2025786140637,127.03760845851,주소
경기도 화성시 마도면 석교로 157,37.2040837075916,126.773764793468,주소
경기도 화성시 마도면 해운로 794,37.1882078667086,126.760892078489,주소
경기도 화성시 만세구 꽃내음1길 19-26,37.2829924544814,126.818529608964,주소
경기도 화성시 만세구 남양읍 남양중앙로 391,37.2048991967867,126.839340065096,주소
경기도 화성시 만세구 남양읍 시청로45번길 11,37.2070394517092,126.821998899591,주소
경기도 화성시 만세구 남양읍 시청로45번길 3-9,37.2062456287438,126.820566733831,주소
경기도 화성시 만세구 남양읍 역골중앙로 117,37.2080876454934,126.827234661735,주소
경기도 화성시 만세구 남양읍 화성시청역로 2,37.1913851120689,126.817483245804,주소
경기도 화성시 만세구 마도면 석교로 162,37.2049696388327,126.775242452169,주소
경기도 화성시 만세구 서신면 바다뜰길 49-9,37.1695529908069,126.700607051321,주소
경기도 화성시 만세구 송산면 공룡로 326,37.237729640648,126.737942353179,주소
경기도 화성시 만세구 송산면 송산포도로 162(사강리 558번지),37.2161947237182,126.73085884829,주소
경기도 화성시 만세구 수노을1로 253,37.2781792243619,126.824038395315,주소
경기도 화성시 만세구 수노을1로 81,37.2906909026413,126.813819888512,주소
경기도 화성시 만세구 수노을2로 148,37.2768243438798,126.822717695539,주소
경기도 화성시 만세구 수노을중앙로 136,37.2847249366123,126.818214100566,주소
경기도 화성시 만세구 수노을중앙로 162,37.2826915255569,126.819012057171,주소
경기도 화성시 만세구 양감면 초록로 49,37.0814895566643,126.95166144149,주소
경기도 화성시 만세구 장안면 조암동로 8-5,37.0860257893338,126.823862272078,주소
경기도 화성시 만세구 향남읍 상신하길로274번길 10,37.1122673424159,126.908581895542,주소
경기도 화성시 만세구 향남읍 행정중앙1로 25,37.1270174295145,126.91798794581,주소
경기도 화성시 만세구 향남읍 행정중앙1로 77,37.1264308158668,126.923341358934,주소
경기도 화성시 만세구 향남읍 향남로 392,37.1300510621268,126.921485465237,주소
경기도 화성시 매송면 푸른들판로 1970-16,37.2730619417345,126.888624471495,주소
경기도 화성시 매송면 화성로 2403,37.2498064070065,126.928243620921,주소
경기도 화성시 메타폴리스로 38,37.201703551202,127.071554019312,주소
경기도 화성시 메타폴리스로 47-25,37.2029058599985,127.072384783373,주소
경기도 화성시 병점1로 105,37.2056530963747,127.04508018449,주소
경기도 화성시 병점1로 216-21,37.2145426528916,127.044432821347,주소
경기도 화성시 병점1로 218,37.2136563863294,127.042701831478,주소
경기도 화성시 병점1로 66-11,37.2023178966074,127.042026450688,주소
경기도 화성시 병점1로 66-12,37.20214705055,127.041534440889,주소
경기도 화성시 병점2로 12,37.2053562933703,127.038424172619,주소
경기도 화성시 병점2로 125,37.2111350420702,127.048833123337,주소
경기도 화성시 병점2로 140,37.2115048532888,127.050503961428,주소
경기도 화성시 병점2로 42-2,37.2064777927,127.041220041917,주소
경기도 화성시 병점2로 44,37.2066167489312,127.041437645322,주소
경기도 화성시 병점2로 65,37.2080052065696,127.043371632587,주소
경기도 화성시 병점2로 73,37.2083202525643,127.044241605798,주소
경기도 화성시 병점2로 81-1,37.2087527076698,127.045088900119,주소
경기도 화성시 병점2로 94,37.209097965074,127.046551580265,주소
경기도 화성시 병점3로 132-5,37.2128506952714,127.047368865383,주소
경기도 화성시 병점3로 133,37.2131003126227,127.046391132736,주소
경기도 화성시 병점3로 56,37.2088167325699,127.039388439649,주소
경기도 화성시 병점3로 71,37.2103665979683,127.039752222625,주소
경기도 화성시 병점3로 77,37.2106242455687,127.040964990298,주소
경기도 화성시 병점4로 105,37.2167971848436,127.04166133327,주소
경기도 화성시 병점4로 97,37.216944271877,127.040519209223,주소
경기도 화성시 병점구 동탄지성로 265,37.2171431132522,127.050429191625,주소
경기도 화성시 병점구 병점1로 216-21,37.2145426528916,127.044432821347,주소
경기도 화성시 병점구 병점2로 46,37.2066605976523,127.041786547637,주소
경기도 화성시 병점구 병점2로 94,37.209097965074,127.046551580265,주소
경기도 화성시 병점구 병점서로 31-6,37.2052110803866,127.039680239787,주소
경기도 화성시 병점구 영통로27번길 21,37.2324449348229,127.062268996313,주소
경기도 화성시 병점구 영통로27번길 46,37.2330846557402,127.059508286465,주소
경기도 화성시 병점구 장조6로 41,37.2060431360179,127.005614676736,주소
경기도 화성시 병점구 효행로 1075-7,37.2157045697182,127.043669867106,주소
경기도 화성시 병점구 효행로 1076-8,37.2146462040814,127.044617760888,주소
경기도 화성시 병점구 효행로 1177,37.2157285164431,127.05419111142,주소
경기도 화성시 병점구 효행로 1281-76,37.2239253212677,127.054269989591,주소
경기도 화성시 병점구 효행로 833,37.2058790981715,127.019046624712,주소
경기도 화성시 병점노을4로 19,37.2055285247338,127.030894480426,주소
경기도 화성시 병점노을4로 5,37.2048855980696,127.029224214982,주소
경기도 화성시 병점노을로 19,37.2012851294196,127.030132527133,주소
경기도 화성시 병점노을로 31,37.2019806942128,127.029604505777,주소
경기도 화성시 병점동로 138,37.2165228434183,127.037817613199,주소
경기도 화성시 병점동로 15,37.2061407750197,127.044763816414,주소
경기도 화성시 병점동로42번길 24,37.2088490654467,127.044757755664,주소
경기도 화성시 병점서로 21,37.2052514998597,127.041112021134,주소
경기도 화성시 병점서로 31-6,37.2052110803866,127.039680239787,주소
경기도 화성시 병점서로 33,37.2054887087073,127.039905344542,주소
경기도 화성시 병점서로 34,37.2057454724582,127.04027733427,주소
경기도 화성시 병점중앙로 202,37.215357061744,127.035800470038,주소
경기도 화성시 병점중앙로 87,37.2063002289999,127.041895281383,주소
경기도 화성시 병점중앙로21번길 26,37.2012707332162,127.042423272531,주소
경기도 화성시 병점중앙로35번길 42,37.2018467394945,127.039666538395,주소
경기도 화성시 봉담읍 갈담초교길 24,37.1751009827154,126.933152229695,주소
경기도 화성시 봉담읍 동화길 82,37.2165804797686,126.957069387483,주소
경기도 화성시 봉담읍 동화길 85,37.2170038789314,126.958319850545,주소
경기도 화성시 봉담읍 동화길 93-14,37.2169456150957,126.959986321094,주소
경기도 화성시 봉담읍 동화길 93-16,37.2171202811645,126.960112978056,주소
경기도 화성시 봉담읍 동화길 93-2,37.2162929880795,126.959202744532,주소
경기도 화성시 봉담읍 동화길 93-6,37.2164347106813,126.959428786768,주소
경기도 화성시 봉담읍 동화새터길 96,37.2174983369744,126.959509787739,주소
경기도 화성시 봉담읍 동화서북안2길 3,37.2196752312951,126.969968434978,주소
경기도 화성시 봉담읍 동화서북안길 50,37.2222417630281,126.969206645362,주소
경기도 화성시 봉담읍 동화역말길 12,37.2138710030096,126.96230335655,주소
경기도 화성시 봉담읍 동화역말길 55-40,37.2191429590844,126.966205840084,주소
경기도 화성시 봉담읍 매봉로 441,37.2238671219866,126.947143347151,주소
경기도 화성시 봉담읍 매봉로 443,37.2239121130948,126.947410470704,주소
경기도 화성시 봉담읍 삼봉안1길 21-7,37.2260183600807,126.924502342499,주소
경기도 화성시 봉담읍 삼봉안3길 18,37.2249905275804,126.924349787433,주소
경기도 화성시 봉담읍 삼천병마로 1321-10,37.2232770601915,126.948656084395,주소
경기도 화성시 봉담읍 상리1길 166,37.2320512547588,126.943077592394,주소
경기도 화성시 봉담읍 상리2길 51,37.2245291223011,126.947143899255,주소
경기도 화성시 봉담읍 상리2길 55,37.225145340659,126.946923634628,주소
경기도 화성시 봉담읍 상리2길 97,37.2271606673164,126.945628082125,주소
경기도 화성시 봉담읍 상리3길 136,37.2264911942016,126.950791781264,주소
경기도 화성시 봉담읍 상리3길 188,37.2244026273059,126.946768661128,주소
경기도 화성시 봉담읍 상리3길 43-12,37.2284911574774,126.943140666517,주소
경기도 화성시 봉담읍 상리3길 43-18,37.2282763736371,126.942448055427,주소
경기도 화성시 봉담읍 상리3길 51-9,37.2279820244156,126.943809479111,주소
경기도 화성시 봉담읍 상리중심상가길 28-8,37.2262346445035,126.946184820377,주소
경기도 화성시 봉담읍 상리중심상가길 28-9,37.2266642442231,126.945354287701,주소
경기도 화성시 봉담읍 상리중심상가길 30,37.2265894247609,126.945089205535,주소
경기도 화성시 봉담읍 상리중심상가길 6-4,37.2243371291513,126.946386958511,주소
경기도 화성시 봉담읍 상봉길 35-8,37.2180553837099,126.952521860494,주소
경기도 화성시 봉담읍 샘마을길 24,37.2176916042323,126.950048826562,주소
경기도 화성시 봉담읍 샘마을길 29,37.2177607688677,126.950607721534,주소
경기도 화성시 봉담읍 샘마을길 35-5,37.2177039518856,126.950918831702,주소
경기도 화성시 봉담읍 샘마을길 53,37.2165154061917,126.953444200492,주소
경기도 화성시 봉담읍 수기웃말길 27,37.2016208784762,126.981323125607,주소
경기도 화성시 봉담읍 수영로 61-16,37.2352222204917,126.95525843741,주소
경기도 화성시 봉담읍 수영로 63,37.2361493701529,126.954244204452,주소
경기도 화성시 봉담읍 수영로39번길 14,37.2356025502427,126.95720352725,주소
경기도 화성시 봉담읍 시청로 1405-10,37.1757565486108,126.934203941218,주소
경기도 화성시 봉담읍 식골길 14,37.2201043365628,126.971909801368,주소
경기도 화성시 봉담읍 와우로 16,37.2160053525934,126.968257955491,주소
경기도 화성시 봉담읍 와우로 20,37.2152505710014,126.9690430835,주소
경기도 화성시 봉담읍 와우로 24,37.2145794744057,126.969062848259,주소
경기도 화성시 봉담읍 와우로 71,37.2139514116211,126.973385579266,주소
경기도 화성시 봉담읍 와우로34번길 11,37.2135743671809,126.969814705515,주소
경기도 화성시 봉담읍 와우로73번길 15-7,37.2151199378236,126.972790308169,주소
경기도 화성시 봉담읍 와우로73번길 6,37.2141386583849,126.974239713282,주소
경기도 화성시 봉담읍 진등3길 15,37.2226610455594,126.947699785295,주소
경기도 화성시 봉담읍 효행로 244,37.2260649591542,126.971562904821,주소
경기도 화성시 비봉면 간곡1길 5,37.2468534326921,126.872559590185,주소
경기도 화성시 비봉면 간곡6길 6-4,37.2475178390581,126.865531382829,주소
경기도 화성시 비봉면 간곡6길 6-6,37.2477569272046,126.865409004163,주소
경기도 화성시 비봉면 간곡6길 6-8,37.2480668609718,126.865307463026,주소
경기도 화성시 비봉면 새비봉남로 14,37.2421486964859,126.87388546253,주소
경기도 화성시 비봉면 주석로 610,37.2008455519433,126.888625794131,주소
경기도 화성시 삼성1로5길 5,37.2248952439423,127.073282086741,주소
경기도 화성시 삼성1로5길 6,37.2253732487128,127.072699101388,주소
경기도 화성시 새비봉서로 68,37.2464945240656,126.866967994423,주소
경기도 화성시 서동탄로 11,37.2016824144333,127.045601162451,주소
경기도 화성시 서신면 궁평항로 1374-6,37.1400562839689,126.703788889164,주소
경기도 화성시 서신면 매화3길 17,37.1701116758383,126.70783991169,주소
경기도 화성시 송산면 사강시장길 15-9,37.2146350744196,126.731959462764,주소
경기도 화성시 송산면 송산포도로 134,37.2150523651866,126.73408528112,주소
경기도 화성시 송산면 송산포도로 142,37.215017222826,126.733363125053,주소
경기도 화성시 송산면 송산포도로 146,37.2150499209079,126.732918781482,주소
경기도 화성시 송산면 송산포도로 148,37.2150218312467,126.732649391746,주소
경기도 화성시 송산면 송산포도로 582,37.2318024875217,126.691902665577,주소
경기도 화성시 수노을1로 107,37.2899512527197,126.816888383245,주소
경기도 화성시 수노을1로 108,37.2885508931378,126.817259075948,주소
경기도 화성시 수노을1로 123,37.289124644095,126.81899913052,주소
경기도 화성시 수노을1로 148,37.2860598453296,126.820115437053,주소
경기도 화성시 수노을1로 236,37.279323536037,126.823428188836,주소
경기도 화성시 수노을1로 82,37.2897832963397,126.814974337577,주소
경기도 화성시 수노을중앙로 118,37.2856802151417,126.81692681184,주소
경기도 화성시 수노을중앙로 122,37.2854573070645,126.81722393068,주소
경기도 화성시 수노을중앙로 126,37.2852610471143,126.817506887504,주소
경기도 화성시 수노을중앙로 130,37.2850356157014,126.817804685668,주소
경기도 화성시 수노을중앙로 142,37.2843779003262,126.818594844018,주소
경기도 화성시 수노을중앙로 146,37.2840091438211,126.81885520248,주소
경기도 화성시 수노을중앙로 150,37.2837721484965,126.818958386771,주소
경기도 화성시 수노을중앙로 156,37.2833617217641,126.819014737296,주소
경기도 화성시 수노을중앙로 160,37.282927549152,126.81903934464,주소
경기도 화성시 수노을중앙로 255,37.2764045826288,126.82510218941,주소
경기도 화성시 양감면 정문회화로 7,37.0920027310463,126.973091519098,주소
경기도 화성시 양감면 초록로 49,37.0814895566643,126.95166144149,주소
경기도 화성시 여울로 173,37.2143149666975,127.0555169183,주소
경기도 화성시 여울로4길 65-14,37.2144728277098,127.054943358939,주소
경기도 화성시 영통로 56,37.2355386127053,127.062734823102,주소
경기도 화성시 영통로 59,37.2351209412714,127.061775687184,주소
경기도 화성시 영통로 66,37.2361775918268,127.061788156891,주소
경기도 화성시 영통로26번길 20,37.2338488675891,127.066233149867,주소
경기도 화성시 영통로27번길 11-5,37.2329259973795,127.063131917156,주소
경기도 화성시 영통로27번길 49,37.2321084878478,127.059095981757,주소
경기도 화성시 영통로27번길 53-8,37.2316630437718,127.058666068995,주소
경기도 화성시 영통로27번길 60,37.2329448432484,127.058361673583,주소
경기도 화성시 영통로50번길 19,37.2370544614226,127.064379068623,주소
경기도 화성시 영통로50번길 41,37.2350094894099,127.066262112945,주소
경기도 화성시 영통로60번길 7,37.2368037326095,127.061953428367,주소
경기도 화성시 영통로61번길 30-12,37.2335130169205,127.059501185572,주소
경기도 화성시 왕배산길 7,37.1817799994159,127.122856761155,주소
경기도 화성시 우정읍 두레길 42,37.0594416510264,126.795786005462,주소
경기도 화성시 우정읍 버들로 136,37.0815170812995,126.800351585436,주소
경기도 화성시 우정읍 석천길 52,37.0551543372941,126.789032942692,주소
경기도 화성시 우정읍 장안로 35,37.0898178373189,126.822287928012,주소
경기도 화성시 우정읍 장안로72번길 10-17,37.0871011807376,126.823173810276,주소
경기도 화성시 우정읍 조암북로 63,37.0864630845012,126.821157429754,주소
경기도 화성시 우정읍 조암북로57번길 25,37.0881952763126,126.820606507841,주소
경기도 화성시 우정읍 화수동길 145,37.1091016519161,126.796929346943,주소
경기도 화성시 융건로 75,37.2186589382812,126.986728692513,주소
경기도 화성시 융건로 90,37.2188444806613,126.988617660743,주소
경기도 화성시 장안면 기아자동차로 814,37.0775999099205,126.816385581564,주소
경기도 화성시 장안면 버들로 1201-9,37.1312117051428,126.840707901906,주소
경기도 화성시 장안면 장명길 19-8,37.0565804092856,126.85215530602,주소
경기도 화성시 장안면 화곡로 166,37.0516070121144,126.809156614853,주소
경기도 화성시 장조2로 12,37.2041463743931,126.999348902143,주소
경기도 화성시 정남면 만년로 516,37.1678016581064,126.984130956676,주소
경기도 화성시 정남면 신리길 76,37.1651296140824,126.978651370211,주소
경기도 화성시 지산1길 26-17,37.2087774678797,127.113026998304,주소
경기도 화성시 지산2길 11-14,37.206032967343,127.114705324538,주소
경기도 화성시 지산2길 34-8,37.2051152606887,127.115802930197,주소
경기도 화성시 큰나래2길 51,37.2755559742678,126.82491281107,주소
경기도 화성시 탄요1길 13,37.189948177387,127.071212032083,주소
경기도 화성시 태안로 89,37.2000768155462,127.037698230943,주소
경기도 화성시 팔탄면 노하길 398,37.1617938387519,126.870024160498,주소
경기도 화성시 팔탄면 마당바위로31번길 6,37.1600565345235,126.902321945027,주소
경기도 화성시 한솔길 11,37.2084374273965,127.002376529083,주소
경기도 화성시 향남읍 발안남로 51,37.1310463131375,126.903682580567,주소
경기도 화성시 향남읍 발안남로 64,37.1299280944176,126.904238015144,주소
경기도 화성시 향남읍 발안로 103-6,37.1317767885245,126.921912907222,주소
경기도 화성시 향남읍 발안로 112,37.1310457585917,126.922464757997,주소
경기도 화성시 향남읍 발안로 116,37.1310484891958,126.922921322767,주소
경기도 화성시 향남읍 발안로 701-23,37.1272317887289,126.980465241671,주소
경기도 화성시 향남읍 발안로 73,37.1329034467238,126.918784236114,주소
경기도 화성시 향남읍 발안로 8,37.1304111403493,126.912375201137,주소
경기도 화성시 향남읍 발안서로 15,37.1303804002192,126.902108353671,주소
경기도 화성시 향남읍 발안서로 21,37.1311617594512,126.902385429526,주소
경기도 화성시 향남읍 상신하길로 273번길 45,37.1155319929542,126.903913426608,주소
경기도 화성시 향남읍 상신하길로 320,37.1167202275517,126.911074982156,주소
경기도 화성시 향남읍 상신하길로 326,37.1169725220123,126.911190467474,주소
경기도 화성시 향남읍 상신하길로195번길,37.1100647510919,126.903542647731,주소
경기도 화성시 향남읍 상신하길로273번길 57,37.1170042258231,126.905236796301,주소
경기도 화성시 향남읍 상신하길로298번길  11,37.1147622065392,126.911064445334,주소
경기도 화성시 향남읍 상신하길로298번길 11,37.1147622065392,126.911064445334,주소
경기도 화성시 향남읍 상신하길로298번길 7-1,37.1150307701848,126.910288793813,주소
경기도 화성시 향남읍 손개길 7,37.0991114748626,126.898567224534,주소
경기도 화성시 향남읍 손개길 8,37.0980516569132,126.898798115709,주소
경기도 화성시 향남읍 왜골길 7,37.1196989287719,126.942916522993,주소
경기도 화성시 향남읍 장짐길 4,37.1390568329988,126.906373177594,주소
경기도 화성시 향남읍 토성로10번길 69,37.1233670185035,126.930346656904,주소
경기도 화성시 향남읍 하길로 59,37.1116348636374,126.918828668986,주소
경기도 화성시 향남읍 하길로 9,37.1117745685417,126.916549636143,주소
경기도 화성시 향남읍 행정동로 17,37.1256727609189,126.926340829851,주소
경기도 화성시 향남읍 행정동로 42,37.1278183097596,126.927261749882,주소
경기도 화성시 향남읍 행정동로 50,37.1287209682154,126.927660834611,주소
경기도 화성시 향남읍 행정동로 62,37.1294374428761,126.927431142243,주소
경기도 화성시 향남읍 행정동로 81,37.1313897221936,126.927052048243,주소
경기도 화성시 향남읍 행정동로 86,37.1317262387801,126.927590788117,주소
경기도 화성시 향남읍 행정동로 87,37.1325733156617,126.926111761788,주소
경기도 화성시 향남읍 행정동로 91,37.1325576262298,126.926966521813,주소
경기도 화성시 향남읍 행정동로 95,37.1327126094955,126.926967498273,주소
경기도 화성시 향남읍 행정동로 99,37.1329526016593,126.927031416022,주소
경기도 화성시 향남읍 행정죽전로4길 13,37.1257268082436,126.924736544921,주소
경기도 화성시 향남읍 행정죽전로4길 19,37.1257167205752,126.925313160303,주소
경기도 화성시 향남읍 행정중앙1로 14,37.1258765225158,126.916338466048,주소
경기도 화성시 향남읍 행정중앙1로 15,37.1264027086311,126.916417108959,주소
경기도 화성시 향남읍 행정중앙1로 97,37.1261077808338,126.925741743871,주소
경기도 화성시 향남읍 행정중앙2로 33,37.1300148941722,126.919153854982,주소
경기도 화성시 향남읍 행정중앙2로 62,37.129259354109,126.922253325563,주소
경기도 화성시 향남읍 행정중앙2로 63-3,37.1298723094641,126.921922178897,주소
경기도 화성시 향남읍 행정중앙2로 69-19,37.1305591951488,126.922894810018,주소
경기도 화성시 향남읍 행정중앙2로 85,37.1296341513077,126.925123288586,주소
경기도 화성시 향남읍 향남로 392,37.1300510621268,126.921485465237,주소
경기도 화성시 향남읍 향남로 418-10,37.1322522541604,126.922286501629,주소
경기도 화성시 향남읍 향남로 430-18,37.1326768720922,126.923034575135,주소
경기도 화성시 향남읍 향남로39번길 19-17,37.1018951349605,126.905203871828,주소
경기도 화성시 화산로 2,37.2058712454231,127.00819309272,주소
경기도 화성시 화산로 47,37.209157426046,127.013555108932,주소
경기도 화성시 화산로 8,37.2068829201103,127.009719845119,주소
경기도 화성시 화산중앙로 44,37.2079937845804,127.012970910725,주소
경기도 화성시 화산중앙로 47,37.2081945149421,127.012349890722,주소
경기도 화성시 화산중앙로 53,37.2087274366513,127.011956478905,주소
경기도 화성시 화산중앙로64번길 17,37.2114260942075,127.013523857991,주소
경기도 화성시 효행구 기안길 18,37.2253584424799,126.982141289399,주소
경기도 화성시 효행구 봉담읍 동화새터길 130,37.2153216261634,126.961258584059,주소
경기도 화성시 효행구 봉담읍 동화새터길 96,37.2174983369744,126.959509787739,주소
경기도 화성시 효행구 봉담읍 동화새터길 98,37.2173180176377,126.959717190035,주소
경기도 화성시 효행구 봉담읍 동화서북안2길 9,37.219091184314,126.970377654632,주소
경기도 화성시 효행구 봉담읍 동화서북안길 10,37.2186024606464,126.967974408208,주소
경기도 화성시 효행구 봉담읍 삼봉안3길 18,37.2249905275804,126.924349787433,주소
경기도 화성시 효행구 봉담읍 상리2길 97,37.2271606673164,126.945628082125,주소
경기도 화성시 효행구 봉담읍 상리3길 110,37.2277166870471,126.950522351739,주소
경기도 화성시 효행구 봉담읍 상리3길 113,37.2283709345201,126.951166018606,주소
경기도 화성시 효행구 봉담읍 상리3길 188,37.2244026273059,126.946768661128,주소
경기도 화성시 효행구 봉담읍 상리3길 43-18,37.2282763736371,126.942448055427,주소
경기도 화성시 효행구 봉담읍 상리중심상가길 28-8,37.2262346445035,126.946184820377,주소
경기도 화성시 효행구 봉담읍 상봉길 52,37.2181693976547,126.954907636575,주소
경기도 화성시 효행구 비봉면 양노로 71,37.2370123972702,126.869006077659,주소
"경기도 화성시 효행구 비봉면 양노로109번길 5,",37.2372451941644,126.872693533582,주소
경기도 화성시 효행구 정남면 망월길 69,37.153042187808,127.01165018071,주소
경기도 화성시 효행로 1062,37.2145111958191,127.04348982123,주소
경기도 화성시 효행로 1069,37.2152448575991,127.043660814406,주소
경기도 화성시 효행로 1072,37.2149396946892,127.044327827206,주소
경기도 화성시 효행로 1073,37.2154013548156,127.043945267039,주소
경기도 화성시 효행로 1075-7,37.2157045697182,127.043669867106,주소
경기도 화성시 효행로 1076-7,37.2148019076482,127.045087880609,주소
경기도 화성시 효행로 1076-8,37.2146462040814,127.044617760888,주소
경기도 화성시 효행로 1249-6,37.2212491078788,127.058089571849,주소
경기도 화성시 효행로 1281-23,37.2236015257374,127.05926015996,주소
경기도 화성시 효행로 1283,37.2230200429196,127.061453369417,주소
경기도 화성시 효행로 1337-23,37.2262740665539,127.060796158136,주소
경기도 화성시 효행로 1337-26,37.2267185103397,127.059461141435,주소
경기도 화성시 효행로 1338-17,37.2269952654618,127.066335779621,주소
경기도 화성시 효행로 287,37.2227375744355,126.974351716945,주소
경기도 화성시 효행로1040번길 26,37.2116470243205,127.042508730167,주소
경기도 화성시 효행로265번길 49-5,37.2254758403062,126.975976513641,주소
경기도 화성시 효행로291번길 24,37.2231298711929,126.976424915155,주소
경기도 화성시 효행로291번길 29,37.2243357907811,126.975326843335,주소
서울 강서구 허준로 186,37.5622171927841,126.858521557616,주소
서울 관악구 청룡4길 49,37.4810297131995,126.942570541831,주소
서울 노원구 월계로45길 92,37.6285588034653,127.047477602261,주소
서울 마포구 신수로8길 20,37.5486975552073,126.935969575594,주소
서울 용산구 한강대로57길 33,37.535613442977,126.972550624529,주소
서울 중구 마른내로9길 10,37.5655795665775,126.996997330546,주소
서울 중구 퇴계로50길 13,37.5619494839149,127.001235055009,주소
서울특별시 강남구 강남대로 292,37.4893966741997,127.032205066703,주소
서울특별시 강남구 강남대로 354,37.4946490234479,127.029733323803,주소
서울특별시 강남구 강남대로 408,37.4992181985388,127.027542011326,주소
서울특별시 강남구 강남대로 488,37.5058752765223,127.024267428303,주소
서울특별시 강남구 강남대로120길 31,37.5076286001753,127.025697820302,주소
서울특별시 강남구 강남대로120길 33,37.5084731864007,127.02617981295,주소
서울특별시 강남구 강남대로122길 30,37.508324601411,127.025396980901,주소
서울특별시 강남구 강남대로44길 7,37.4858363070273,127.034248717058,주소
서울특별시 강남구 강남대로58길 55,37.4904699133656,127.036381961712,주소
서울특별시 강남구 강남대로66길 21,37.4931444060362,127.032564910969,주소
서울특별시 강남구 강남대로66길 32,37.4922851473992,127.033418502843,주소
서울특별시 강남구 강남대로78길 8,37.4946959681486,127.030080389903,주소
서울특별시 강남구 강남대로84길 16,37.4966900001128,127.030025665136,주소
서울특별시 강남구 강남대로92길 13,37.4990463384462,127.028463390693,주소
서울특별시 강남구 강남대로92길 31,37.4994572011445,127.02990655972,주소
서울특별시 강남구 강남대로94길 11,37.49954924162,127.028248373333,주소
서울특별시 강남구 강남대로94길 19,37.4997000368277,127.028759480077,주소
서울특별시 강남구 강남대로94길 27-11,37.5005266914494,127.029201980639,주소
서울특별시 강남구 강남대로94길 27-15,37.5006961955834,127.029101056685,주소
서울특별시 강남구 강남대로94길 36,37.499824192652,127.030214648391,주소
서울특별시 강남구 강남대로96길 17,37.5001355825173,127.028389730314,주소
서울특별시 강남구 개포로 237,37.4790837015379,127.048623118642,주소
서울특별시 강남구 개포로 251,37.4792118566455,127.049844683283,주소
서울특별시 강남구 개포로 263,37.4811973926876,127.051771435538,주소
서울특별시 강남구 개포로 264,37.4797503513842,127.052228213432,주소
서울특별시 강남구 개포로 265,37.4809077151366,127.05299794567,주소
서울특별시 강남구 개포로 401,37.4862353839469,127.057790853452,주소
서울특별시 강남구 개포로 512,37.4893072141263,127.068842082027,주소
서울특별시 강남구 개포로 513,37.4902478541395,127.069170862479,주소
서울특별시 강남구 개포로 516,37.4891406792843,127.070871480537,주소
서울특별시 강남구 개포로 615,37.4926580850327,127.07558248914,주소
서울특별시 강남구 개포로109길 74,37.4970275687873,127.077861373551,주소
서울특별시 강남구 개포로110길 15,37.4932437695434,127.079114775367,주소
서울특별시 강남구 개포로22길 26,37.4772349850744,127.048465678423,주소
서울특별시 강남구 개포로22길 46,37.4762126909641,127.049572379797,주소
서울특별시 강남구 개포로22길 84,37.4747701586693,127.052325137477,주소
서울특별시 강남구 개포로22길 87,37.4758166247606,127.052045721323,주소
서울특별시 강남구 개포로22길 98,37.4753467642766,127.05322317593,주소
서울특별시 강남구 개포로82길 13-9,37.4886594787069,127.067752825553,주소
서울특별시 강남구 개포로82길 7,37.48870191189,127.067287344121,주소
서울특별시 강남구 광평로10길 15,37.482899384108,127.083445404216,주소
서울특별시 강남구 광평로10길 6,37.4826441196652,127.076537962414,주소
서울특별시 강남구 광평로19길 10,37.485485349127,127.086601738647,주소
서울특별시 강남구 광평로19길 15,37.485530536641,127.084797907539,주소
서울특별시 강남구 광평로20길 27,37.4805984530071,127.085993825956,주소
서울특별시 강남구 광평로20길 7,37.4834603317394,127.087338052671,주소
서울특별시 강남구 광평로31길 27,37.484837855733,127.089778957788,주소
서울특별시 강남구 광평로31길 74,37.4862610232719,127.086237195421,주소
서울특별시 강남구 광평로34길 55,37.4808560783316,127.092172324649,주소
서울특별시 강남구 광평로51길 46,37.4911373654824,127.10185783552,주소
서울특별시 강남구 광평로59길 57,37.4912175755191,127.102355480301,주소
서울특별시 강남구 남부순환로 2807,37.4914753613052,127.052612582715,주소
서울특별시 강남구 남부순환로 2909,37.4921823099018,127.057410744328,주소
서울특별시 강남구 남부순환로 2911,37.4924293701626,127.05795597031,주소
서울특별시 강남구 남부순환로 2911-1,37.4927023171867,127.057706616736,주소
서울특별시 강남구 남부순환로 2912,37.4907059879875,127.056142941592,주소
서울특별시 강남구 남부순환로 2917,37.4931666957307,127.059164905458,주소
서울특별시 강남구 남부순환로 2927,37.4936757916501,127.060358414855,주소
서울특별시 강남구 남부순환로 2935,37.4939940652114,127.061334443036,주소
서울특별시 강남구 남부순환로 2936,37.4933489108525,127.06191661451,주소
서울특별시 강남구 남부순환로 2937,37.4940924880388,127.061617564506,주소
서울특별시 강남구 남부순환로 2941,37.4942633335042,127.061934331534,주소
서울특별시 강남구 남부순환로 2947,37.4945603877761,127.062632515245,주소
서울특별시 강남구 남부순환로 3022,37.4947106436849,127.065026465684,주소
서울특별시 강남구 남부순환로359길 36,37.4883484513575,127.035021467585,주소
서울특별시 강남구 남부순환로363길 12-9,37.4863555082574,127.038507247363,주소
서울특별시 강남구 남부순환로363길 15,37.4862621347153,127.037759927056,주소
서울특별시 강남구 남부순환로363길 17,37.4863726928436,127.037746075205,주소
서울특별시 강남구 남부순환로363길 19,37.4863203741934,127.036794347182,주소
서울특별시 강남구 남부순환로365길 22,37.4868646241789,127.03945910421,주소
서울특별시 강남구 남부순환로365길 26,37.4870159556898,127.039572253845,주소
서울특별시 강남구 남부순환로365길 36,37.487590251917,127.03985896538,주소
서울특별시 강남구 남부순환로365길 38,37.487762403342,127.039951322916,주소
서울특별시 강남구 남부순환로365길 39,37.4880199717505,127.039772467818,주소
서울특별시 강남구 남부순환로365길 43,37.4884369202277,127.03988508262,주소
서울특별시 강남구 남부순환로365길 51,37.4886983441976,127.040028484566,주소
서울특별시 강남구 남부순환로378길 34,37.4842037249304,127.046736315582,주소
서울특별시 강남구 남부순환로378길 39,37.4845775128634,127.047065232332,주소
서울특별시 강남구 논현로 170,37.4847263900668,127.041961839214,주소
서울특별시 강남구 논현로 205,37.487947873686,127.040618203989,주소
서울특별시 강남구 논현로 213,37.4915488149067,127.040954182934,주소
서울특별시 강남구 논현로 411,37.4967898918216,127.038514866117,주소
서울특별시 강남구 논현로 816,37.5213029371495,127.028527499187,주소
서울특별시 강남구 논현로 824,37.5219903085592,127.028542466859,주소
서울특별시 강남구 논현로 838,37.5233461107324,127.028652261959,주소
서울특별시 강남구 논현로 842,37.5240379714226,127.028730922791,주소
서울특별시 강남구 논현로10길 30,37.4749782625339,127.050949214877,주소
서울특별시 강남구 논현로136길 23,37.5165084711735,127.031884949152,주소
서울특별시 강남구 논현로152길 21,37.5213769542967,127.02980546518,주소
서울특별시 강남구 논현로152길 23,37.5214815551803,127.030182090033,주소
서울특별시 강남구 논현로152길 30,37.5213508754923,127.030664954504,주소
서울특별시 강남구 논현로155길 9,37.521709491344,127.02729167889,주소
서울특별시 강남구 논현로158길 8,37.5219827979187,127.029044616058,주소
서울특별시 강남구 논현로159길 14,37.5231421533009,127.026997058822,주소
서울특별시 강남구 논현로159길 16,37.5231739992036,127.026819238445,주소
서울특별시 강남구 논현로159길 23,37.5228327325114,127.026271143279,주소
서울특별시 강남구 논현로161길 14,37.5236014653931,127.027080031999,주소
서울특별시 강남구 논현로161길 57,37.5222419474149,127.02370484989,주소
서울특별시 강남구 논현로163길 13-5,37.5237308525801,127.027065938086,주소
서울특별시 강남구 논현로163길 23,37.5240291720762,127.026278689738,주소
서울특별시 강남구 논현로164길 25,37.5232813641479,127.030314718515,주소
서울특별시 강남구 논현로167길 16,37.524787675725,127.026902059441,주소
서울특별시 강남구 논현로167길 19,37.5244927825397,127.026481801436,주소
서울특별시 강남구 논현로168길 18,37.5237648261231,127.029667949517,주소
서울특별시 강남구 논현로168길 36,37.5232092879881,127.030993437194,주소
서울특별시 강남구 논현로172길 21,37.5255743746747,127.030471989537,주소
서울특별시 강남구 논현로175길 25,37.5254380769865,127.026646963083,주소
서울특별시 강남구 논현로175길 64,37.5242514413408,127.023764876946,주소
서울특별시 강남구 논현로176길 20,37.5272671743073,127.030132607017,주소
서울특별시 강남구 논현로38길 32-5,37.4852002377248,127.044645869689,주소
서울특별시 강남구 논현로51길 25,37.4890474712049,127.039533410678,주소
서울특별시 강남구 논현로63길 62,37.4916184655966,127.035963455515,주소
서울특별시 강남구 도곡로 160,37.4910530738002,127.037444594753,주소
서울특별시 강남구 도곡로 184,37.4917134802222,127.039748870748,주소
서울특별시 강남구 도곡로 317,37.4958653891477,127.050639191063,주소
서울특별시 강남구 도곡로 323,37.4960980886032,127.051336283187,주소
서울특별시 강남구 도곡로 405,37.4973689050395,127.054668203745,주소
서울특별시 강남구 도곡로 408,37.4966225187716,127.055233195315,주소
서울특별시 강남구 도곡로 413,37.4975626710697,127.055719026391,주소
서울특별시 강남구 도곡로 430,37.4975155654589,127.057562743259,주소
서울특별시 강남구 도곡로 444,37.4980239268368,127.059176427276,주소
서울특별시 강남구 도곡로 450,37.4980817418549,127.059772100614,주소
서울특별시 강남구 도곡로 454,37.4982559147602,127.060110708756,주소
서울특별시 강남구 도곡로 501,37.4993226407079,127.061116129725,주소
서울특별시 강남구 도곡로 510,37.4990204274664,127.062182304456,주소
서울특별시 강남구 도곡로 515,37.4997771909726,127.06267769754,주소
서울특별시 강남구 도곡로 516,37.4991812807975,127.062987853204,주소
서울특별시 강남구 도곡로 517,37.4998968060867,127.062919582761,주소
서울특별시 강남구 도곡로 519,37.49989842517,127.063093628783,주소
서울특별시 강남구 도곡로 521,37.5000176433904,127.063233847146,주소
서울특별시 강남구 도곡로 526,37.4995548896881,127.063898080574,주소
서울특별시 강남구 도곡로 528,37.4996560436014,127.064118011949,주소
서울특별시 강남구 도곡로 531,37.5003237649497,127.064475155955,주소
서울특별시 강남구 도곡로37길 5,37.4941452547633,127.044663180342,주소
서울특별시 강남구 도곡로43길 10,37.4959294910052,127.04861289161,주소
서울특별시 강남구 도곡로57길 9,37.4963682508698,127.050825893258,주소
서울특별시 강남구 도곡로63길 24,37.4986104319256,127.054014784469,주소
서울특별시 강남구 도곡로63길 25,37.4986393345578,127.053662537549,주소
서울특별시 강남구 도곡로63길 27,37.498766409197,127.053590365413,주소
서울특별시 강남구 도곡로63길 29,37.4989030300461,127.053527925409,주소
서울특별시 강남구 도곡로63길 34,37.4991267285089,127.053773373593,주소
서울특별시 강남구 도곡로64길 21,37.4956174948977,127.057768228297,주소
서울특별시 강남구 도곡로73길 13,37.4987415817691,127.056969973878,주소
서울특별시 강남구 도곡로73길 31-1,37.4998330454769,127.056249406096,주소
서울특별시 강남구 도곡로77길 5,37.4986569184766,127.058382260357,주소
서울특별시 강남구 도곡로78길 22,37.4966357303128,127.0588476129,주소
서울특별시 강남구 도곡로83길 5,37.4998465825446,127.062139337039,주소
서울특별시 강남구 도곡로93길 12,37.5015123626981,127.065474666225,주소
서울특별시 강남구 도곡로93길 13,37.5011760252425,127.0646421331,주소
서울특별시 강남구 도곡로93길 7,37.5006321972679,127.064442172535,주소
서울특별시 강남구 도곡로93길 9,37.500834891089,127.064501719435,주소
서울특별시 강남구 도산대로17길 21,37.520066351343,127.024317950176,주소
서울특별시 강남구 도산대로27길 26,37.5214312741418,127.02762562669,주소
서울특별시 강남구 도산대로27길 40,37.5223754254143,127.027666246727,주소
서울특별시 강남구 도산대로30길 13,37.5190366974311,127.029772408698,주소
서울특별시 강남구 도산대로38길 27,37.5194111496903,127.033490549669,주소
서울특별시 강남구 도산대로6길 10,37.5159764317464,127.021505746961,주소
서울특별시 강남구 도산대로6길 14,37.5157286308297,127.021642090552,주소
서울특별시 강남구 도산대로6길 9,37.516157915775,127.021877152295,주소
서울특별시 강남구 도산대로92길 6,37.524071124401,127.050289345616,주소
서울특별시 강남구 밤고개로 219,37.4747519175665,127.107033929306,주소
서울특별시 강남구 밤고개로 227,37.4741214545211,127.107162699229,주소
서울특별시 강남구 밤고개로 231,37.4738109169316,127.107316682292,주소
서울특별시 강남구 밤고개로21길 15,37.474558700755,127.108265007698,주소
서울특별시 강남구 밤고개로21길 25,37.4750475248595,127.107644379249,주소
서울특별시 강남구 밤고개로21길 75,37.4741747415166,127.114611795201,주소
서울특별시 강남구 봉은사로 474,37.5123672407678,127.052026639291,주소
서울특별시 강남구 봉은사로26길 11,37.5062268828461,127.03336183352,주소
서울특별시 강남구 봉은사로43길 26,37.5109866161714,127.039510594639,주소
서울특별시 강남구 봉은사로49길 37-5,37.5124384588032,127.040938222155,주소
서울특별시 강남구 봉은사로49길 39,37.5125275757932,127.041175346273,주소
서울특별시 강남구 봉은사로57길 59,37.5145833760924,127.043739019337,주소
서울특별시 강남구 봉은사로63길 22,37.5132582999042,127.047172253926,주소
서울특별시 강남구 봉은사로63길 25,37.5129760082652,127.046508464654,주소
서울특별시 강남구 봉은사로68길 33,37.5101481375278,127.051454597825,주소
서울특별시 강남구 봉은사로69길 37,37.5143379845851,127.048258575185,주소
서울특별시 강남구 삼성로 14,37.4861548149371,127.068451024326,주소
서울특별시 강남구 삼성로 150,37.4956953356085,127.068564672209,주소
서울특별시 강남구 삼성로 151,37.493154981993,127.062999980103,주소
서울특별시 강남구 삼성로 155,37.4938813994708,127.062951852624,주소
서울특별시 강남구 삼성로 212,37.4996157705058,127.065915414443,주소
서울특별시 강남구 삼성로 225,37.497188179222,127.061420512283,주소
서울특별시 강남구 삼성로 233,37.4980568379199,127.060901364297,주소
서울특별시 강남구 삼성로 238,37.4986324139076,127.06139805987,주소
서울특별시 강남구 삼성로 305,37.4992784420394,127.060335782938,주소
서울특별시 강남구 삼성로 311,37.4996448855404,127.060150611709,주소
서울특별시 강남구 삼성로 319,37.5003508274779,127.059788271748,주소
서울특별시 강남구 삼성로 323,37.5006204896798,127.05962755892,주소
서울특별시 강남구 삼성로 338,37.5018496701545,127.059749771442,주소
서울특별시 강남구 삼성로 406,37.5035462939706,127.058791512792,주소
서울특별시 강남구 삼성로115길 16-1,37.5146609987598,127.050616257838,주소
서울특별시 강남구 삼성로115길 37,37.5140358661461,127.049161230947,주소
서울특별시 강남구 삼성로115길 47,37.5137980343578,127.04842642272,주소
서울특별시 강남구 삼성로119길 14,37.5160373189863,127.050318566945,주소
서울특별시 강남구 삼성로119길 17,37.5157517901266,127.050108549922,주소
서울특별시 강남구 삼성로119길 27,37.5154877097899,127.049242493516,주소
서울특별시 강남구 삼성로119길 29,37.5154348871309,127.049083308961,주소
서울특별시 강남구 삼성로119길 8,37.516242883757,127.050632935983,주소
서울특별시 강남구 삼성로135길 42,37.520125172379,127.044715764538,주소
서울특별시 강남구 삼성로147길 18,37.5218212756951,127.047122101294,주소
서울특별시 강남구 삼성로4길 30,37.4863349159759,127.070310042973,주소
서울특별시 강남구 삼성로51길 42,37.4955967627683,127.058700355218,주소
서울특별시 강남구 삼성로51길 8,37.4968318291804,127.061076781812,주소
서울특별시 강남구 삼성로57길 33,37.4973304618556,127.05837240702,주소
서울특별시 강남구 삼성로57길 39,37.4971655454578,127.058072150184,주소
서울특별시 강남구 삼성로57길 40,37.4973749534322,127.057859824411,주소
서울특별시 강남구 삼성로57길 54,37.4970303148741,127.056752794362,주소
서울특별시 강남구 삼성로61길 10,37.4993858730343,127.059564378409,주소
서울특별시 강남구 삼성로61길 30,37.4989362293755,127.058018560622,주소
서울특별시 강남구 삼성로61길 41,37.4984454294163,127.05713915361,주소
서울특별시 강남구 삼성로61길 51,37.4981804637216,127.056346665158,주소
서울특별시 강남구 삼성로63길 12-17,37.5009055910755,127.058500042467,주소
서울특별시 강남구 삼성로63길 14,37.4998969390067,127.058995152805,주소
서울특별시 강남구 삼성로63길 6,37.5001083584501,127.05962647314,주소
서울특별시 강남구 삼성로63길 8,37.5000626534486,127.059495365835,주소
서울특별시 강남구 삼성로64길 41,37.5010080575686,127.063683993392,주소
서울특별시 강남구 삼성로64길 45,37.5009458291535,127.063959995744,주소
서울특별시 강남구 삼성로64길 51,37.5011026020795,127.064461123778,주소
서울특별시 강남구 삼성로67길 3,37.5011029671157,127.059112020222,주소
서울특별시 강남구 삼성로67길 49,37.4999652642216,127.055591437157,주소
서울특별시 강남구 삼성로67길 6,37.5013526347357,127.05893387152,주소
서울특별시 강남구 삼성로71길 13,37.5020045656474,127.057915306244,주소
서울특별시 강남구 삼성로71길 18,37.502083570441,127.057388920521,주소
서울특별시 강남구 삼성로71길 20,37.5020042679135,127.05723211344,주소
서울특별시 강남구 삼성로71길 21,37.5017627350395,127.057176853148,주소
서울특별시 강남구 삼성로71길 22,37.5019480353396,127.057066163755,주소
서울특별시 강남구 삼성로71길 34,37.5016363803283,127.056119798264,주소
서울특별시 강남구 삼성로71길 41,37.5012224546399,127.05555561449,주소
서울특별시 강남구 삼성로72길 64,37.5007937883145,127.063367609535,주소
서울특별시 강남구 삼성로75길 13,37.5032918080608,127.057225631999,주소
서울특별시 강남구 선릉로 103,37.4862129389068,127.056507505045,주소
서울특별시 강남구 선릉로 15,37.4810551885528,127.061934734277,주소
서울특별시 강남구 선릉로 209,37.4925857669174,127.053206571031,주소
서울특별시 강남구 선릉로 225,37.4953648706654,127.052720025644,주소
서울특별시 강남구 선릉로 227,37.4958391534271,127.052736077626,주소
서울특별시 강남구 선릉로 29,37.4815990431896,127.058928868147,주소
서울특별시 강남구 선릉로 30,37.4825134167189,127.0611746831,주소
서울특별시 강남구 선릉로 305,37.4966557888844,127.052414134692,주소
서울특별시 강남구 선릉로 309-1,37.4970659148576,127.052238234615,주소
서울특별시 강남구 선릉로 317,37.4978422366894,127.051795589958,주소
서울특별시 강남구 선릉로 319,37.4980396626336,127.051760330195,주소
서울특별시 강남구 선릉로 320,37.4982776081634,127.052193165337,주소
서울특별시 강남구 선릉로 326,37.4987674609702,127.05204400427,주소
서울특별시 강남구 선릉로 328,37.4990331412977,127.051899209649,주소
서울특별시 강남구 선릉로 334,37.499587377249,127.051631798516,주소
서울특별시 강남구 선릉로 338,37.4999093238639,127.051592551966,주소
서울특별시 강남구 선릉로 340,37.5002229368483,127.051448351881,주소
서울특별시 강남구 선릉로 344,37.5005064152556,127.051190474148,주소
서울특별시 강남구 선릉로 40,37.4832293887145,127.060238415861,주소
서울특별시 강남구 선릉로 529,37.5066596796644,127.047231098055,주소
서울특별시 강남구 선릉로 642,37.5138905674127,127.042828640489,주소
서울특별시 강남구 선릉로 754,37.5221115505519,127.039857978663,주소
서울특별시 강남구 선릉로 820,37.5249602205031,127.040210980624,주소
서울특별시 강남구 선릉로 9,37.4804473919149,127.062402866859,주소
서울특별시 강남구 선릉로10길 18-4,37.4835257360643,127.061625167048,주소
서울특별시 강남구 선릉로111길 43,37.5098861160423,127.040084811773,주소
서울특별시 강남구 선릉로115길 39,37.5114166351364,127.039869256878,주소
서울특별시 강남구 선릉로115길 42,37.512045952,127.039435597045,주소
서울특별시 강남구 선릉로116길 57,37.5146531581428,127.046683245003,주소
서울특별시 강남구 선릉로120길 26,37.5141793532413,127.0447352915,주소
서울특별시 강남구 선릉로126길 12,37.5152321587248,127.043085720295,주소
서울특별시 강남구 선릉로155길 25,37.5256207392673,127.037490034403,주소
서울특별시 강남구 선릉로16길 4-10,37.4833277995413,127.060374398364,주소
서울특별시 강남구 선릉로4길 5,37.4824012434227,127.061690159265,주소
서울특별시 강남구 선릉로62길 13,37.4975312267207,127.053574781565,주소
서울특별시 강남구 선릉로62길 32-1,37.4977609053156,127.055308218316,주소
서울특별시 강남구 선릉로62길 33,37.4980027568639,127.055069444711,주소
서울특별시 강남구 선릉로62길 37,37.4981281102735,127.055404725993,주소
서울특별시 강남구 선릉로62길 9,37.497450547138,127.053463108279,주소
서울특별시 강남구 선릉로64길 11-2,37.4980458368153,127.05327524338,주소
서울특별시 강남구 선릉로64길 12,37.4977838119609,127.053302311024,주소
서울특별시 강남구 선릉로64길 15-12,37.4988282330424,127.05335857952,주소
서울특별시 강남구 선릉로64길 15-13,37.4988585462852,127.053071018592,주소
서울특별시 강남구 선릉로64길 15-6,37.4984312517039,127.053553259457,주소
서울특별시 강남구 선릉로64길 15-7,37.4985278903698,127.05324154654,주소
서울특별시 강남구 선릉로64길 15-8,37.4985764367053,127.053480647901,주소
서울특별시 강남구 선릉로64길 17,37.4982260402942,127.053668461581,주소
서울특별시 강남구 선릉로64길 18,37.4979503051563,127.053728313188,주소
서울특별시 강남구 선릉로64길 24,37.498126662993,127.054252144435,주소
서울특별시 강남구 선릉로64길 33,37.4995114113359,127.054465527162,주소
서울특별시 강남구 선릉로64길 36,37.4984413004357,127.055211465089,주소
서울특별시 강남구 선릉로64길 8,37.4977346191558,127.053097476965,주소
서울특별시 강남구 선릉로66길 6,37.4983783439363,127.05238932859,주소
서울특별시 강남구 선릉로66길 7,37.4985966921518,127.052514782074,주소
서울특별시 강남구 선릉로66길 8,37.4984493458825,127.052586150044,주소
서울특별시 강남구 선릉로68길 12,37.4990373394459,127.052795096936,주소
서울특별시 강남구 선릉로68길 17,37.4993692433737,127.053055886879,주소
서울특별시 강남구 선릉로68길 8,37.4988778735727,127.052362762649,주소
서울특별시 강남구 선릉로6길 10,37.4826563379885,127.06182615821,주소
서울특별시 강남구 선릉로6길 14,37.4828613650621,127.06207902467,주소
서울특별시 강남구 선릉로6길 20,37.4831202932491,127.062462074136,주소
서울특별시 강남구 선릉로72길 10-12,37.4994487634746,127.052334776008,주소
서울특별시 강남구 선릉로85길 27,37.5023028920315,127.048286565491,주소
서울특별시 강남구 선릉로86길 6,37.5030165577616,127.050280196575,주소
서울특별시 강남구 압구정로 113-22,37.5247411726121,127.019644043561,주소
서울특별시 강남구 압구정로 122,37.5236267392853,127.022099587907,주소
서울특별시 강남구 압구정로 123,37.5246515742682,127.020918846207,주소
서울특별시 강남구 압구정로 134,37.5243501514978,127.023513088969,주소
서울특별시 강남구 압구정로 144,37.5249718951326,127.024585052174,주소
서울특별시 강남구 압구정로 214,37.5279964658332,127.030751731697,주소
서울특별시 강남구 압구정로 224,37.5285627338967,127.032148474509,주소
서울특별시 강남구 압구정로 225,37.5302422355471,127.033002687736,주소
서울특별시 강남구 압구정로 226,37.528701736259,127.032558414784,주소
서울특별시 강남구 압구정로18길 15,37.5240120970113,127.024826034662,주소
서울특별시 강남구 압구정로18길 25,37.5234371884205,127.025571790316,주소
서울특별시 강남구 압구정로18길 28,37.5233697652501,127.023988358303,주소
서울특별시 강남구 압구정로20길 15,37.5248457627587,127.025399073485,주소
서울특별시 강남구 압구정로22길 10,37.5250274124035,127.025779921852,주소
서울특별시 강남구 압구정로28길 22-10,37.5252609071015,127.026792156083,주소
서울특별시 강남구 압구정로28길 22-5,37.5249806059541,127.027183589481,주소
서울특별시 강남구 압구정로29길 72-1,37.5322879837639,127.028402026126,주소
서울특별시 강남구 압구정로2길 18,37.5204969951875,127.019670645371,주소
서울특별시 강남구 압구정로30길 17,37.5263301884169,127.029553686621,주소
서울특별시 강남구 압구정로30길 23,37.5258914152554,127.029494234094,주소
서울특별시 강남구 압구정로30길 60,37.5234528287582,127.028860792161,주소
서울특별시 강남구 압구정로32길 24,37.5261798465899,127.029771400879,주소
서울특별시 강남구 압구정로34길 11,37.52737633824,127.030974118804,주소
서울특별시 강남구 압구정로34길 30,37.5261979484898,127.030509802056,주소
서울특별시 강남구 압구정로34길 32,37.5260214435997,127.030504299987,주소
서울특별시 강남구 압구정로36길 17,37.527450575618,127.031673073093,주소
서울특별시 강남구 압구정로36길 8,37.5279511760453,127.031320992326,주소
서울특별시 강남구 압구정로39길 29,37.5317391125935,127.030841741797,주소
서울특별시 강남구 압구정로42길 13,37.5279545737683,127.035550426279,주소
서울특별시 강남구 압구정로46길 30,37.5267509429052,127.03608665687,주소
서울특별시 강남구 압구정로4길 14-2,37.5216657103043,127.020062016023,주소
서울특별시 강남구 압구정로61길 36,37.5286597910311,127.044810120535,주소
서울특별시 강남구 압구정로71길 9,37.5282818704161,127.045153024716,주소
서울특별시 강남구 양재대로33길 25,37.4910937753917,127.082425639248,주소
서울특별시 강남구 양재대로55길 28,37.4931480982967,127.087767273125,주소
서울특별시 강남구 양재천로 321,37.490348545788,127.058033515123,주소
서울특별시 강남구 양재천로 363,37.4912865672214,127.06197065881,주소
서울특별시 강남구 언주로 117,37.4864661840624,127.050396079152,주소
서울특별시 강남구 언주로 118,37.4868987624516,127.051843550843,주소
서울특별시 강남구 언주로 120,37.4867571008939,127.051277087103,주소
서울특별시 강남구 언주로 201,37.4884272763055,127.048777977062,주소
서울특별시 강남구 언주로 311,37.495294979342,127.045736565773,주소
서울특별시 강남구 언주로 314,37.4958917878081,127.046476269108,주소
서울특별시 강남구 언주로 844,37.525658089143,127.033744373877,주소
서울특별시 강남구 언주로 861,37.5273990937168,127.033113547922,주소
서울특별시 강남구 언주로151길 21,37.5216684736656,127.031708750952,주소
서울특별시 강남구 언주로153길 10-8,37.5232563904707,127.032410456809,주소
서울특별시 강남구 언주로157길 11,37.5238147688227,127.031980481876,주소
서울특별시 강남구 언주로159길 27,37.5243015646026,127.030681547363,주소
서울특별시 강남구 언주로164길 12,37.5252083014297,127.034394768441,주소
서울특별시 강남구 언주로164길 16,37.5253017109085,127.034785894125,주소
서울특별시 강남구 언주로167길 35,37.5263661402159,127.030258157623,주소
서울특별시 강남구 언주로168길 15,37.5264348672513,127.034901246744,주소
서울특별시 강남구 언주로168길 5,37.5266163122588,127.034032607667,주소
서울특별시 강남구 언주로172길 11,37.5279516444601,127.034797645891,주소
서울특별시 강남구 언주로172길 13,37.5279080658029,127.035001602165,주소
서울특별시 강남구 언주로172길 66,37.5266257084036,127.039181940917,주소
서울특별시 강남구 언주로173길 20,37.5281366440897,127.031838309746,주소
서울특별시 강남구 언주로174길 13,37.5284646981472,127.03502369684,주소
서울특별시 강남구 언주로174길 19,37.5283334162145,127.035645976663,주소
서울특별시 강남구 언주로57길 31,37.4922937289635,127.044785558988,주소
서울특별시 강남구 역삼로 128,37.4939778749218,127.033716545778,주소
서울특별시 강남구 역삼로 313,37.5014620128395,127.048872178861,주소
서울특별시 강남구 역삼로 404,37.5005207297221,127.051424467948,주소
서울특별시 강남구 역삼로 414,37.5008745498047,127.052460284229,주소
서울특별시 강남구 역삼로 417,37.5013541412334,127.052694154026,주소
서울특별시 강남구 역삼로 424,37.5010950329426,127.053449647739,주소
서울특별시 강남구 역삼로 447,37.5024025195612,127.055900066076,주소
서울특별시 강남구 역삼로 448,37.5021020837914,127.056175336098,주소
서울특별시 강남구 역삼로 458,37.5025429850853,127.057405670704,주소
서울특별시 강남구 역삼로 460-2,37.502385537129,127.057677426222,주소
서울특별시 강남구 역삼로 464-2,37.5025171690037,127.058055598725,주소
서울특별시 강남구 역삼로 516,37.5033798406724,127.059942007782,주소
서울특별시 강남구 역삼로 521,37.5037840530077,127.06025436091,주소
서울특별시 강남구 역삼로 529,37.5040135837359,127.060870238138,주소
서울특별시 강남구 역삼로 541,37.5052894535671,127.061993880621,주소
서울특별시 강남구 역삼로 546,37.5042868910393,127.062872712855,주소
서울특별시 강남구 역삼로 556,37.5046400733643,127.063902075015,주소
서울특별시 강남구 역삼로17길 64,37.4988193799338,127.036622252659,주소
서울특별시 강남구 역삼로52길 14,37.4985541072519,127.047989898024,주소
서울특별시 강남구 역삼로63길 6,37.5015806920773,127.052608928782,주소
서울특별시 강남구 역삼로64길 13,37.500226112072,127.053229633863,주소
서울특별시 강남구 역삼로64길 15,37.5001331106452,127.053268696919,주소
서울특별시 강남구 역삼로64길 26,37.4994262454965,127.053326096218,주소
서울특별시 강남구 역삼로70길 15,37.5005050036794,127.053957342191,주소
서울특별시 강남구 역삼로70길 28,37.4996565333987,127.054138805098,주소
서울특별시 강남구 역삼로73길 14,37.5029093487102,127.055297087476,주소
서울특별시 강남구 역삼로74길 25,37.5001747521241,127.055198605161,주소
서울특별시 강남구 역삼로78길 13,37.5016547608517,127.057246435547,주소
서울특별시 강남구 역삼로78길 14,37.5014693409939,127.057045442908,주소
서울특별시 강남구 역삼로87길 26,37.5063189430786,127.060778124521,주소
서울특별시 강남구 역삼로8길 21,37.4927670391321,127.034246906018,주소
서울특별시 강남구 역삼로98길 16,37.5034861238053,127.063292075669,주소
서울특별시 강남구 역삼로9길 21,37.4954356333921,127.033648446819,주소
서울특별시 강남구 영동대로 101,37.4915905275033,127.071900307455,주소
서울특별시 강남구 영동대로 16,37.4887017892269,127.074831658558,주소
서울특별시 강남구 영동대로 22,37.4910941147932,127.074163955752,주소
서울특별시 강남구 영동대로 227,37.4993951870864,127.067540870454,주소
서울특별시 강남구 영동대로 230,37.5009601493207,127.068471209933,주소
서울특별시 강남구 영동대로 231,37.499793986392,127.06735847736,주소
서울특별시 강남구 영동대로 318,37.5030183549105,127.066989972757,주소
서울특별시 강남구 영동대로128길 59,37.5189766694152,127.062389351922,주소
서울특별시 강남구 영동대로137길 6,37.5220426253105,127.05509604545,주소
서울특별시 강남구 영동대로4길 20,37.4898127052732,127.076141940265,주소
서울특별시 강남구 영동대로50길 14,37.4986732005143,127.070337781202,주소
서울특별시 강남구 일원로 21,37.4923003980946,127.081132787699,주소
서울특별시 강남구 일원로3길 34,37.4919274474368,127.083111352201,주소
서울특별시 강남구 일원로5길 13,37.4911937812575,127.081916001123,주소
서울특별시 강남구 일원로5길 51,37.492220862217,127.084316748071,주소
서울특별시 강남구 일원로8길 37,37.4885699031176,127.078681867052,주소
서울특별시 강남구 자곡로 106,37.4719202556716,127.094980749582,주소
서울특별시 강남구 자곡로 108,37.4719990515054,127.095369167039,주소
서울특별시 강남구 자곡로 114,37.472056996722,127.096024011591,주소
서울특별시 강남구 자곡로 120,37.4721456267663,127.096502429368,주소
서울특별시 강남구 자곡로 150,37.4720493601914,127.099482575625,주소
서울특별시 강남구 자곡로 21,37.4673466520187,127.093264549075,주소
서울특별시 강남구 자곡로 55,37.4687016867837,127.090829377083,주소
서울특별시 강남구 자곡로 81,37.4719648659665,127.092583750444,주소
서울특별시 강남구 자곡로11길 28,37.4795413917851,127.107056475455,주소
서울특별시 강남구 테헤란로 447,37.507123620717,127.056061361241,주소
서울특별시 강남구 테헤란로1길 10,37.4989624212744,127.028227457162,주소
서울특별시 강남구 테헤란로1길 19,37.499602303374,127.027516707375,주소
서울특별시 강남구 테헤란로1길 28-13,37.5006157962064,127.028483324918,주소
서울특별시 강남구 테헤란로4길 28,37.4965236567567,127.030094580007,주소
서울특별시 강남구 테헤란로5길 11,37.4994948439229,127.029264003855,주소
서울특별시 강남구 테헤란로5길 31,37.500680521498,127.028718917316,주소
서울특별시 강남구 테헤란로6길 33,37.496444560689,127.031431317251,주소
서울특별시 강남구 테헤란로70길 14-12,37.5042343418543,127.052792649128,주소
서울특별시 강남구 테헤란로81길 10,37.5079456501219,127.057286979329,주소
서울특별시 강남구 테헤란로83길 15,37.5084027061313,127.057149909338,주소
서울특별시 강남구 테헤란로8길 26,37.4971917795382,127.031715700902,주소
서울특별시 강남구 테헤란로8길 37,37.4965676325056,127.032452068994,주소
서울특별시 강남구 학동로 411,37.5180972856452,127.044713083924,주소
서울특별시 강남구 학동로 503,37.519180177066,127.050790458655,주소
서울특별시 강남구 학동로 513,37.520023959397,127.054250800371,주소
서울특별시 강남구 학동로 610,37.5200478271392,127.060746725412,주소
서울특별시 강남구 학동로101길 11,37.5212638625375,127.057420802329,주소
서울특별시 강남구 학동로101길 26,37.5224447996482,127.057620352182,주소
서울특별시 강남구 학동로19길 22,37.5143458468507,127.02735426242,주소
서울특별시 강남구 학동로2길 19,37.5100607055782,127.022960047655,주소
서울특별시 강남구 학동로30길 20,37.5127866464103,127.032062869623,주소
서울특별시 강남구 학동로63길 11,37.5187371500568,127.044787218583,주소
서울특별시 강남구 학동로63길 8,37.5185437964101,127.045019899024,주소
서울특별시 강남구 학동로67길 14,37.5192294745262,127.04683575181,주소
서울특별시 강남구 학동로68길 7,37.5176166251155,127.046743685239,주소
서울특별시 강남구 학동로7길 31,37.5140794692654,127.022885946903,주소
서울특별시 강남구 학동로97길 42,37.5224812075002,127.054764237271,주소
서울특별시 강남구 헌릉로,37.464781234054,127.107643449238,주소
서울특별시 강남구 헌릉로 569,37.4657580150675,127.101226214382,주소
서울특별시 강남구 헌릉로569길 25,37.4667954646607,127.09906968835,주소
서울특별시 강남구 헌릉로570길 30,37.4631824218144,127.102956006904,주소
서울특별시 강남구 헌릉로570길 34,37.4631480963128,127.103468343169,주소
서울특별시 강남구 헌릉로618길 8,37.4646391801831,127.105303959604,주소
서울특별시 강동구 강동대로 155,37.5261400821816,127.124300653288,주소
서울특별시 강동구 강동대로 305,37.5202406144077,127.139450654266,주소
서울특별시 강동구 고덕로 133,37.5552528493133,127.140347239304,주소
서울특별시 강동구 고덕로 140,37.5544585121936,127.140740945473,주소
서울특별시 강동구 고덕로 158,37.5544857128996,127.14292396776,주소
서울특별시 강동구 고덕로 162,37.5545278906067,127.143360778583,주소
서울특별시 강동구 고덕로 227,37.5550559824557,127.150160525237,주소
서울특별시 강동구 고덕로 254,37.5546824045649,127.153680899165,주소
서울특별시 강동구 고덕로 256,37.5546198628524,127.154105278912,주소
서울특별시 강동구 고덕로 266,37.5546936843646,127.15511458665,주소
서울특별시 강동구 고덕로 353,37.557135101795,127.164510295845,주소
서울특별시 강동구 고덕로 399,37.5574665191202,127.169771231948,주소
서울특별시 강동구 고덕로 47,37.5549858849858,127.130446288259,주소
서울특별시 강동구 고덕로 65,37.5563616900258,127.133604335628,주소
서울특별시 강동구 고덕로27길 12,37.5553453453104,127.138008577115,주소
서울특별시 강동구 고덕로27길 28,37.55594140285,127.138044533953,주소
서울특별시 강동구 고덕로38길 56,37.5520832311692,127.142453919097,주소
서울특별시 강동구 고덕로38길 64,37.5517010644161,127.142423768137,주소
서울특별시 강동구 고덕로38길 8,37.554553599981,127.142591145632,주소
서울특별시 강동구 고덕로46길 53,37.5529725262612,127.147436202442,주소
서울특별시 강동구 고덕로46길 71,37.5514650651938,127.146279040222,주소
서울특별시 강동구 고덕로46길 85,37.550834408074,127.146100249781,주소
서울특별시 강동구 고덕로61길 106,37.5594321618042,127.151680703225,주소
서울특별시 강동구 고덕로61길 130,37.5604479665066,127.151593689162,주소
서울특별시 강동구 고덕로79길 29,37.5580697745547,127.164719125459,주소
서울특별시 강동구 고덕로80길 123,37.5509309412134,127.165596070167,주소
서울특별시 강동구 고덕로83길 28,37.5582627414073,127.169009316732,주소
서울특별시 강동구 고덕로97길 20,37.5592084943697,127.179997616634,주소
서울특별시 강동구 고덕로97길 80,37.5618679127363,127.180267051614,주소
서울특별시 강동구 고덕로98길 75,37.5550531894037,127.180529039552,주소
서울특별시 강동구 고덕로98길 99,37.5540389678121,127.179800600485,주소
서울특별시 강동구 구천면로 266,37.5443612197289,127.133436718515,주소
서울특별시 강동구 구천면로 269-1,37.5443037410135,127.132311275351,주소
서울특별시 강동구 구천면로 278,37.5446471437832,127.133881482323,주소
서울특별시 강동구 구천면로 303,37.54678875023,127.134178623594,주소
서울특별시 강동구 구천면로 310-11,37.5477189664877,127.136592330295,주소
서울특별시 강동구 구천면로 310-9,37.5473372722495,127.135446331194,주소
서울특별시 강동구 구천면로 396,37.5498545397762,127.141541303447,주소
서울특별시 강동구 구천면로 424,37.5503498644145,127.145579195087,주소
서울특별시 강동구 구천면로 428,37.550156245641,127.146158111488,주소
서울특별시 강동구 구천면로 429,37.550398832671,127.146490613144,주소
서울특별시 강동구 구천면로 492,37.5489998949871,127.152924728905,주소
서울특별시 강동구 구천면로 494-1,37.5490149088436,127.153228037833,주소
서울특별시 강동구 구천면로 502,37.5490441881457,127.153992291367,주소
서울특별시 강동구 구천면로 504,37.5490592915766,127.154293903415,주소
서울특별시 강동구 구천면로 506,37.5490558344347,127.154526107971,주소
서울특별시 강동구 구천면로 508-1,37.5490154344476,127.154828171185,주소
서울특별시 강동구 구천면로 510,37.5490102781129,127.15498127076,주소
서울특별시 강동구 구천면로 640,37.5502858368826,127.169085796412,주소
서울특별시 강동구 구천면로 656,37.5506450432475,127.17079088735,주소
서울특별시 강동구 구천면로100길 4,37.5506110928089,127.171462902249,주소
서울특별시 강동구 구천면로41길 65,37.5475382863848,127.130565707641,주소
서울특별시 강동구 구천면로46길 14,37.5476464602801,127.135554959856,주소
서울특별시 강동구 구천면로47길 82,37.5516852509445,127.135260229994,주소
서울특별시 강동구 구천면로93길 20,37.5515434343626,127.169410258978,주소
서울특별시 강동구 구천면로98길 12,37.5502103013499,127.171047233268,주소
서울특별시 강동구 동남로 832,37.5490844724681,127.156927612469,주소
서울특별시 강동구 동남로49길 63,37.5326249085305,127.146277988138,주소
서울특별시 강동구 동남로65길 11,37.5476049389462,127.155432704127,주소
서울특별시 강동구 동남로65길 13,37.5476066938529,127.155194503033,주소
서울특별시 강동구 동남로65길 17,37.5476160593678,127.154786349242,주소
서울특별시 강동구 동남로65길 46,37.5478347866574,127.153363113643,주소
서울특별시 강동구 동남로65길 54,37.5478511176618,127.152928605911,주소
서울특별시 강동구 동남로65길 6,37.5477655245942,127.155616812066,주소
서울특별시 강동구 동남로67길 16,37.5488704513601,127.15497509676,주소
서울특별시 강동구 동남로67길 26,37.5488604376371,127.1543656917,주소
서울특별시 강동구 동남로67길 30,37.5488612571628,127.154221183864,주소
서울특별시 강동구 동남로67길 43,37.5486771253012,127.153366423724,주소
서울특별시 강동구 동남로67길 44,37.5488622751587,127.153370424301,주소
서울특별시 강동구 동남로71길 14,37.5519403648839,127.15536011311,주소
서울특별시 강동구 동남로71길 32,37.5520049235939,127.154500056801,주소
서울특별시 강동구 동남로71길 38,37.5520423388557,127.154068058218,주소
서울특별시 강동구 동남로73길 13,37.5527430197238,127.155461707633,주소
서울특별시 강동구 동남로73길 26,37.5532988356176,127.154782936805,주소
서울특별시 강동구 동남로73길 31,37.5526724241,127.154468163027,주소
서울특별시 강동구 동남로73길 9,37.5525299791779,127.155564135586,주소
서울특별시 강동구 동남로75길 13,37.5541907161954,127.15554959338,주소
서울특별시 강동구 동남로75길 13-15,37.5536236877644,127.155504731039,주소
서울특별시 강동구 동남로75길 13-21,37.5533205445048,127.155472639896,주소
서울특별시 강동구 동남로75길 13-25,37.5530682649558,127.155472908009,주소
서울특별시 강동구 동남로75길 27,37.5539579257605,127.154637177627,주소
서울특별시 강동구 동남로75길 29,37.554156377051,127.154528830061,주소
서울특별시 강동구 동남로79길 26,37.5591838811941,127.153744243632,주소
서울특별시 강동구 동남로79길 46,37.5587127849016,127.153093519674,주소
서울특별시 강동구 동남로81길 100,37.5589789951108,127.151724037429,주소
서울특별시 강동구 동남로81길 36,37.5601233651505,127.154698246939,주소
서울특별시 강동구 동남로81길 50,37.5598567978358,127.154187480721,주소
서울특별시 강동구 동남로81길 66,37.559433382685,127.153316485885,주소
서울특별시 강동구 동남로81길 70,37.5593412634802,127.153137021369,주소
서울특별시 강동구 동남로81길 74,37.5592258943085,127.152891073713,주소
서울특별시 강동구 동남로81길 76,37.5591637891675,127.152772335351,주소
서울특별시 강동구 동남로81길 78,37.5591088019039,127.15265349853,주소
서울특별시 강동구 동남로81길 88,37.558951339245,127.15228025395,주소
서울특별시 강동구 동남로81길 96,37.5589366382665,127.151871989064,주소
서울특별시 강동구 동남로82길 109,37.5604486905911,127.163019746391,주소
서울특별시 강동구 동남로82길 117,37.5604144417521,127.163418747104,주소
서울특별시 강동구 동남로82길 79,37.5608229767732,127.161502799688,주소
서울특별시 강동구 동남로82길 89,37.5606775659267,127.161956002694,주소
서울특별시 강동구 동남로82길 94,37.5603584289834,127.161761886139,주소
서울특별시 강동구 동남로82길 94-54,37.5595468443282,127.160483580625,주소
서울특별시 강동구 명일로 104,37.5283137931763,127.142525683375,주소
서울특별시 강동구 명일로 171,37.5341330690596,127.144614705551,주소
서울특별시 강동구 명일로 176,37.5344998328347,127.145302522709,주소
서울특별시 강동구 명일로 197,37.5364519717556,127.145495714325,주소
서울특별시 강동구 명일로 199-5,37.536634819629,127.145394126088,주소
서울특별시 강동구 명일로 229,37.5392723181345,127.146413060558,주소
서울특별시 강동구 명일로 23,37.5223185221619,127.139436648101,주소
서울특별시 강동구 명일로 250,37.5409950757231,127.147317001353,주소
서울특별시 강동구 명일로 261,37.5419467453025,127.14721714941,주소
서울특별시 강동구 명일로 263-1,37.5422873474393,127.147341948368,주소
서울특별시 강동구 명일로 271,37.5427985673706,127.147491752125,주소
서울특별시 강동구 명일로 276,37.5432075272103,127.147926732577,주소
서울특별시 강동구 명일로 364,37.5512878500966,127.15050016138,주소
서울특별시 강동구 명일로 375,37.5520142970108,127.149457646714,주소
서울특별시 강동구 명일로10길 25,37.5317131158377,127.145459581712,주소
서울특별시 강동구 명일로10나길 28,37.5310472476782,127.14540975307,주소
서울특별시 강동구 명일로12길 10,37.5336132397405,127.145236538949,주소
서울특별시 강동구 명일로13길 5,37.5339273106444,127.144369245406,주소
서울특별시 강동구 명일로24길 25,37.5418144867925,127.149291882662,주소
서울특별시 강동구 명일로24길 33,37.5409268527757,127.149979091111,주소
서울특별시 강동구 상암로 11,37.5534474873056,127.125660013035,주소
서울특별시 강동구 상암로 153,37.5465192580007,127.139697961268,주소
서울특별시 강동구 상암로 210,37.5462992589271,127.145789262651,주소
서울특별시 강동구 상암로 271,37.547707060343,127.152849551167,주소
서울특별시 강동구 상암로12길 20,37.5487667796126,127.128114246324,주소
서울특별시 강동구 상암로14길 77,37.5463638024947,127.130187177341,주소
서울특별시 강동구 상암로3길 24,37.5515039385516,127.127097596289,주소
서울특별시 강동구 상암로3길 8,37.5508126685585,127.126869071397,주소
서울특별시 강동구 상암로61길 40,37.5484364479871,127.152756889207,주소
서울특별시 강동구 상암로61길 42,37.5485499466276,127.152777829624,주소
서울특별시 강동구 상암로63길 26,37.5476437053741,127.154177710953,주소
서울특별시 강동구 상일로 152,37.5616428685115,127.171480371181,주소
서울특별시 강동구 상일로 55,37.5533182082692,127.168788219773,주소
서울특별시 강동구 상일로 74-1,37.5547060358492,127.173374480645,주소
서울특별시 강동구 상일로11길 110,37.5537953318163,127.166151512341,주소
서울특별시 강동구 상일로12길 56,37.5556127825867,127.174608361426,주소
서울특별시 강동구 상일로12길 99,37.5568493567628,127.172923689194,주소
서울특별시 강동구 상일로5길 31,37.5487899302548,127.171260355493,주소
서울특별시 강동구 성내로 77,37.527554231657,127.128484326465,주소
서울특별시 강동구 성내로15길 12,37.5280051030954,127.128640316636,주소
서울특별시 강동구 성내로15길 33,37.5297092388513,127.128408263098,주소
서울특별시 강동구 성내로3길 19,37.5313578593416,127.122500139991,주소
서울특별시 강동구 성내로5길 11,37.5304575965367,127.123262898101,주소
서울특별시 강동구 성내로5길 24,37.5307986892219,127.123804815356,주소
서울특별시 강동구 성안로 170,37.5380417838979,127.136049334964,주소
서울특별시 강동구 성안로 200,37.541015901733,127.137828727405,주소
서울특별시 강동구 성안로 201,37.5409277916176,127.136892690608,주소
서울특별시 강동구 성안로7길 36,37.5290619074653,127.129117291814,주소
서울특별시 강동구 성안로7길 37,37.5282538857725,127.128459845497,주소
서울특별시 강동구 성안로9길 40,37.5296951586615,127.129174384877,주소
서울특별시 강동구 아리수로 366-1,37.5620879180084,127.169010373997,주소
서울특별시 강동구 아리수로 427,37.5649623335076,127.174603355856,주소
서울특별시 강동구 아리수로50길 50,37.5576864625383,127.148577708994,주소
서울특별시 강동구 아리수로68길 44,37.5608770161925,127.15643216064,주소
서울특별시 강동구 아리수로82길 42,37.5612942209058,127.166096972163,주소
서울특별시 강동구 아리수로93길 19,37.5653806615841,127.174117962328,주소
서울특별시 강동구 아리수로93길 40,37.5655171416703,127.175106641578,주소
서울특별시 강동구 아리수로93길 9,37.5652507850857,127.17439134875,주소
서울특별시 강동구 아리수로93나길 26,37.5717751851731,127.173332199135,주소
서울특별시 강동구 아리수로93나길 38,37.5719495468616,127.173931648055,주소
서울특별시 강동구 아리수로93나길 50,37.5721067822375,127.174473102205,주소
서울특별시 강동구 아리수로93나길 54,37.5722127479825,127.174832528524,주소
서울특별시 강동구 아리수로93나길 60,37.5722988674132,127.175146969481,주소
서울특별시 강동구 아리수로93나길 66,37.5723742168444,127.175614430713,주소
서울특별시 강동구 아리수로93나길 80,37.5725645707407,127.176236567245,주소
서울특별시 강동구 아리수로93다길 1,37.574330114172,127.170811116993,주소
서울특별시 강동구 아리수로93다길 80,37.572875145782,127.174231855184,주소
서울특별시 강동구 아리수로94길 19,37.5627237044753,127.177214497828,주소
서울특별시 강동구 아리수로97길 68,37.5687301242738,127.176655403134,주소
서울특별시 강동구 아리수로98길 24,37.565255684305,127.177212459316,주소
서울특별시 강동구 아리수로98길 25,37.5652954432598,127.178213362809,주소
서울특별시 강동구 암사길 51,37.5520236619649,127.135027262614,주소
서울특별시 강동구 양재대로 1299,37.5224818664459,127.133676366013,주소
서울특별시 강동구 양재대로 1300,37.5249677176279,127.140290598327,주소
서울특별시 강동구 양재대로 1311,37.5235679822342,127.13419019495,주소
서울특별시 강동구 양재대로 1313,37.5237068525464,127.134246666959,주소
서울특별시 강동구 양재대로 1317,37.5239927924358,127.134359400059,주소
서울특별시 강동구 양재대로 1319,37.5241954271851,127.134439064819,주소
서울특별시 강동구 양재대로 1335,37.5255782960195,127.134903109178,주소
서울특별시 강동구 양재대로 1339,37.5259522700897,127.135009671072,주소
서울특별시 강동구 양재대로 1341,37.5261573366484,127.135168421257,주소
서울특별시 강동구 양재대로 1360,37.5274758605763,127.137046059861,주소
서울특별시 강동구 양재대로 1371,37.5287025352002,127.136066310873,주소
서울특별시 강동구 양재대로 1377,37.5292227276953,127.136262071919,주소
서울특별시 강동구 양재대로 1544,37.5434193833008,127.14247907353,주소
서울특별시 강동구 양재대로 1553,37.5443634727703,127.142086067175,주소
서울특별시 강동구 양재대로 1626,37.5506474264789,127.144288436536,주소
서울특별시 강동구 양재대로 1651,37.5529554759722,127.14380071197,주소
서울특별시 강동구 양재대로 1666,37.5542411712959,127.144708327559,주소
서울특별시 강동구 양재대로 1706,37.5579548375122,127.146294328922,주소
서울특별시 강동구 양재대로 1708,37.5581503500754,127.145055871867,주소
서울특별시 강동구 양재대로116길 50,37.5379886209775,127.143141171682,주소
서울특별시 강동구 양재대로116길 69,37.5385916779149,127.144972942492,주소
서울특별시 강동구 양재대로121길 32,37.5428096958971,127.139901506115,주소
서울특별시 강동구 양재대로134길 51,37.5478582726071,127.146503860254,주소
서울특별시 강동구 양재대로138길 32,37.5494280355765,127.145739905938,주소
서울특별시 강동구 양재대로138길 47,37.5495715507422,127.146551800294,주소
서울특별시 강동구 양재대로156길 11,37.556762513572,127.14508147542,주소
서울특별시 강동구 양재대로156길 57,37.5576563502383,127.14729852725,주소
서울특별시 강동구 양재대로81길 26,37.5231389406608,127.132821412443,주소
서울특별시 강동구 양재대로88길 27,37.5262199311307,127.137454081546,주소
서울특별시 강동구 양재대로89길 27,37.5266223364736,127.133988525408,주소
서울특별시 강동구 올림픽로 572,37.5325527506318,127.121818623477,주소
서울특별시 강동구 올림픽로 580,37.5333890580287,127.121907214638,주소
서울특별시 강동구 올림픽로 821,37.554440075204,127.128791784289,주소
서울특별시 강동구 올림픽로 836,37.5557606066696,127.129997546656,주소
서울특별시 강동구 올림픽로 837,37.5558469097869,127.12819596827,주소
서울특별시 강동구 올림픽로78길 60,37.5409734434557,127.128499316444,주소
서울특별시 강동구 올림픽로91길 30,37.5489339540171,127.125136976054,주소
서울특별시 강동구 올림픽로91길 41-3,37.5483097012344,127.124408637097,주소
서울특별시 강동구 올림픽로93길 33-16,37.5500236743432,127.124404356441,주소
서울특별시 강동구 진황도로 180,37.5301474141824,127.14253064303,주소
서울특별시 강동구 진황도로 72,37.5367695166843,127.134366593349,주소
서울특별시 강동구 진황도로61길 25-30,37.5308360856293,127.146331741485,주소
서울특별시 강동구 진황도로61길 29,37.5297601213047,127.145594039357,주소
서울특별시 강동구 천중로 264,37.5396196848963,127.149551483961,주소
서울특별시 강동구 천중로 57,37.5458447527249,127.128196604109,주소
서울특별시 강동구 천중로17길 45,37.5468789265398,127.130980874445,주소
서울특별시 강동구 천중로17길 59,37.5474790451069,127.13117599601,주소
서울특별시 강동구 천중로39길 13,37.5417812166649,127.138976485341,주소
서울특별시 강동구 천호대로 1194,37.5343046329988,127.144013803921,주소
서울특별시 강동구 천호대로 1216,37.5352697814027,127.146288584894,주소
서울특별시 강동구 천호대로 1477,37.5475608123278,127.172667420087,주소
서울특별시 강동구 천호대로199길 10,37.5371034846719,127.148033137289,주소
서울특별시 강동구 천호대로199길 19,37.5374420303052,127.147785337821,주소
서울특별시 강동구 천호대로219길 61,37.5485874781342,127.170823536325,주소
서울특별시 강동구 천호옛길 63,37.5348070771494,127.124046550684,주소
서울특별시 강동구 풍산로 237,37.5696502296451,127.17790883049,주소
서울특별시 강동구 풍성로 113-1,37.5321974862716,127.125008541491,주소
서울특별시 강동구 풍성로 130,37.5314608230473,127.126536132745,주소
서울특별시 강동구 풍성로 136,37.5312770529116,127.127008055107,주소
서울특별시 강동구 풍성로 161,37.5307831307535,127.129983260276,주소
서울특별시 강동구 풍성로 162,37.5305040538801,127.129853009462,주소
서울특별시 강동구 풍성로 195,37.5297881216891,127.133566539689,주소
서울특별시 강동구 풍성로 251,37.5289027355132,127.140303398101,주소
서울특별시 강동구 풍성로 261,37.5286945837724,127.14107694998,주소
서울특별시 강동구 풍성로 96,37.5325154750507,127.122750825176,주소
서울특별시 강동구 풍성로37가길 68,37.5323718004057,127.129960334897,주소
서울특별시 강동구 풍성로42길 13,37.5307654863588,127.127239003294,주소
서울특별시 강동구 풍성로42길 22,37.5304499987742,127.126864101979,주소
서울특별시 강동구 풍성로61길 40,37.5303831407202,127.138188615925,주소
서울특별시 강동구 풍성로65길 39,37.5297608378095,127.140084958877,주소
서울특별시 강북구 노해로7길 34,37.6379294719608,127.020820384785,주소
서울특별시 강북구 도봉로 128,37.6204657886777,127.028755869816,주소
서울특별시 강북구 도봉로 129,37.6203849302826,127.028173848583,주소
서울특별시 강북구 도봉로 150,37.6222618640213,127.028188489674,주소
서울특별시 강북구 도봉로 167,37.6236405990841,127.02683920562,주소
서울특별시 강북구 도봉로 189,37.6256139453261,127.026014786136,주소
서울특별시 강북구 도봉로 88,37.6169686486072,127.030375933428,주소
서울특별시 강북구 도봉로13가길 19,37.6146818749027,127.02809331872,주소
서울특별시 강북구 도봉로29길 52,37.6204135324231,127.023905892641,주소
서울특별시 강북구 도봉로34길 37,37.622365821391,127.030080216814,주소
서울특별시 강북구 도봉로34길 39,37.6223596605287,127.030213878494,주소
서울특별시 강북구 도봉로38길 37,37.6231593101067,127.02976755515,주소
서울특별시 강북구 도봉로50길 16,37.6255069042608,127.027617427066,주소
서울특별시 강북구 도봉로71가길 11,37.6317808081818,127.022185501235,주소
서울특별시 강북구 삼각산로 147,37.6413997599839,127.020505236145,주소
서울특별시 강북구 삼양로 231,37.6240609176177,127.018322489859,주소
서울특별시 강북구 삼양로 285,37.6289887720738,127.017749458996,주소
서울특별시 강북구 삼양로112길 5,37.6425670253301,127.016836048526,주소
서울특별시 강북구 삼양로116길 43,37.6440093376867,127.018527036507,주소
서울특별시 강북구 삼양로118길 42,37.6440739594811,127.018391309953,주소
서울특별시 강북구 삼양로155길 37-9,37.6569840292148,127.011488328327,주소
서울특별시 강북구 삼양로19길 102,37.6167548450951,127.017486944339,주소
서울특별시 강북구 삼양로19길 109,37.6161586801554,127.017358135333,주소
서울특별시 강북구 삼양로19길 138,37.6165999385445,127.015757336565,주소
서울특별시 강북구 삼양로19길 141,37.6160412359101,127.014342650437,주소
서울특별시 강북구 삼양로19길 157,37.6174420891018,127.015091955885,주소
서울특별시 강북구 삼양로19길 206,37.6194318693017,127.015491635803,주소
서울특별시 강북구 삼양로19길 214,37.6196582970168,127.015419302859,주소
서울특별시 강북구 삼양로19길 25,37.6156943247238,127.021139026425,주소
서울특별시 강북구 삼양로19길 61,37.615843766199,127.019221608402,주소
서울특별시 강북구 삼양로19길 74,37.6163962808066,127.019045509248,주소
서울특별시 강북구 삼양로20길 29,37.614905195868,127.023735366645,주소
서울특별시 강북구 삼양로27길 35-21,37.6179766319717,127.018934343303,주소
서울특별시 강북구 삼양로49길 17,37.6232955761621,127.016149099325,주소
서울특별시 강북구 삼양로74길 39,37.631249657314,127.020292410668,주소
서울특별시 강북구 삼양로93길 10,37.6376284834896,127.016656489926,주소
서울특별시 강북구 삼양로93길 16,37.6378674692155,127.016338288475,주소
서울특별시 강북구 삼양로93길 19,37.6376981225782,127.01605749895,주소
서울특별시 강북구 삼양로99길 33,37.6383762968468,127.016036457984,주소
서울특별시 강북구 삼양로99길 36,37.6386058279529,127.014240485582,주소
서울특별시 강북구 솔매로49길 20,37.627967222367,127.028403050284,주소
서울특별시 강북구 솔매로50가길 25,37.6238849781413,127.02971619019,주소
서울특별시 강북구 솔매로50길 78,37.6230889892574,127.02810939564,주소
서울특별시 강북구 솔샘로 167,37.6201585502158,127.01120650382,주소
서울특별시 강북구 솔샘로 184,37.6199587236903,127.012851056561,주소
서울특별시 강북구 솔샘로 195,37.6215324222942,127.014133356491,주소
서울특별시 강북구 솔샘로 207-1,37.620265791014,127.015737834621,주소
서울특별시 강북구 솔샘로 228,37.6198508321015,127.018006336946,주소
서울특별시 강북구 솔샘로 236,37.6197797087002,127.018811222114,주소
서울특별시 강북구 솔샘로 238,37.6197334340672,127.019146718363,주소
서울특별시 강북구 수유로 10,37.631869185046,127.018592788733,주소
서울특별시 강북구 숭인로 57,37.6126808920889,127.027996521465,주소
서울특별시 강북구 오패산로30길 21,37.6141744634627,127.034764277107,주소
서울특별시 강북구 오패산로30길 30,37.6163555759387,127.035671190839,주소
서울특별시 강북구 오현로 175,37.6277108408217,127.037885972023,주소
서울특별시 강북구 오현로 204,37.6290238580608,127.040039390037,주소
서울특별시 강북구 오현로 9,37.6174690796359,127.031996538921,주소
서울특별시 강북구 오현로35길 87,37.6324556910711,127.036206363566,주소
서울특별시 강북구 오현로6길 72,37.6133051762931,127.032601154066,주소
서울특별시 강북구 월계로 221,37.6232028439088,127.046225894356,주소
서울특별시 강북구 월계로 43-1,37.6115463668122,127.034465184369,주소
서울특별시 강북구 월계로 55,37.6121806974249,127.035563978783,주소
서울특별시 강북구 월계로 61,37.6134009168268,127.035828005248,주소
서울특별시 강북구 월계로37길 129,37.6277017853264,127.043990325332,주소
서울특별시 강북구 월계로37길 145,37.6282201468873,127.043439052977,주소
서울특별시 강북구 월계로37길 61,37.6248091781872,127.044918296691,주소
서울특별시 강북구 인수봉로 126,37.6309174903833,127.013888166409,주소
서울특별시 강북구 인수봉로 268,37.6426288817726,127.011094760119,주소
서울특별시 강북구 인수봉로 269,37.6430505301735,127.009135759866,주소
서울특별시 강북구 인수봉로 39,37.6237648476803,127.012068855446,주소
서울특별시 강북구 인수봉로37길 24,37.632286451855,127.011327052457,주소
서울특별시 강북구 인수봉로37길 40,37.6312894231046,127.010319655123,주소
서울특별시 강북구 인수봉로55길 16,37.636854383675,127.011983280676,주소
서울특별시 강북구 인수봉로75길 10,37.6437719058609,127.009667145786,주소
서울특별시 강북구 인수봉로76길 4,37.6433291113906,127.011256666017,주소
서울특별시 강북구 한천로109길 13,37.6283231153221,127.043232709894,주소
서울특별시 강북구 한천로122길 21,37.6367599332935,127.03358552315,주소
서울특별시 강북구 한천로123길 39,37.635898078835,127.029791103466,주소
서울특별시 강북구 한천로124길 14,37.6373144075316,127.032917771185,주소
서울특별시 강북구 한천로124길 9,37.637152235603,127.032245734143,주소
서울특별시 강북구 한천로150길 67,37.6449158953693,127.025373389048,주소
서울특별시 강북구 한천로155길 43,37.643781446469,127.018731839392,주소
서울특별시 강북구 화계사길 63,37.6325180593561,127.009709077901,주소
서울특별시 강서구 강서로 242,37.5471644988463,126.836797010994,주소
서울특별시 강서구 강서로 247,37.5477927919149,126.836036213248,주소
서울특별시 강서구 강서로 254,37.5484347011443,126.836714122498,주소
서울특별시 강서구 강서로 267,37.5496000614643,126.835941270275,주소
서울특별시 강서구 강서로 277,37.5504559270634,126.836011933558,주소
서울특별시 강서구 강서로 279,37.5506845032288,126.836071863426,주소
서울특별시 강서구 강서로 287,37.5514329645442,126.836009000722,주소
서울특별시 강서구 강서로 289,37.5516055446411,126.835972295846,주소
서울특별시 강서구 강서로 293,37.5519503149686,126.8360074145,주소
서울특별시 강서구 강서로 299,37.5525461389729,126.836003506086,주소
서울특별시 강서구 강서로 304,37.5527272314626,126.836712906031,주소
서울특별시 강서구 강서로 310,37.553359977243,126.837021272042,주소
서울특별시 강서구 강서로 316,37.5537535644634,126.836978994463,주소
서울특별시 강서구 강서로 318-7,37.5543078296321,126.837546926671,주소
서울특별시 강서구 강서로 318-8,37.5541150604746,126.837448093952,주소
서울특별시 강서구 강서로 324,37.554590947838,126.83730333193,주소
서울특별시 강서구 강서로 327,37.5550367265114,126.836821265995,주소
서울특별시 강서구 강서로 330,37.5551565590098,126.837474464453,주소
서울특별시 강서구 강서로 348,37.5570784073479,126.83808109977,주소
서울특별시 강서구 강서로 392-11,37.5607632568252,126.839765412319,주소
서울특별시 강서구 강서로12길 23-5,37.5319894579624,126.84803343958,주소
서울특별시 강서구 강서로16길 88,37.5335359622715,126.851096399439,주소
서울특별시 강서구 강서로17나길 86,37.5362143598148,126.84241336783,주소
서울특별시 강서구 강서로31길 48,37.5403641638137,126.839456160186,주소
서울특별시 강서구 강서로31길 52,37.5393278148374,126.83878028098,주소
서울특별시 강서구 강서로45길 113,37.5502624356308,126.830994377549,주소
서울특별시 강서구 강서로45길 118,37.5504601511805,126.831714004404,주소
서울특별시 강서구 강서로45길 174,37.5527181773866,126.830668563722,주소
서울특별시 강서구 강서로45길 29,37.5477388952272,126.834538411439,주소
서울특별시 강서구 강서로45길 41,37.547702705756,126.833790380585,주소
서울특별시 강서구 강서로45길 46,37.5481477210482,126.833607314493,주소
서울특별시 강서구 강서로45길 49,37.5478271777022,126.833438058119,주소
서울특별시 강서구 강서로45길 49-10,37.5474950036947,126.832944735388,주소
서울특별시 강서구 강서로45길 49-38,37.547285134389,126.833116868818,주소
서울특별시 강서구 강서로45길 70,37.5484125649861,126.832679697779,주소
서울특별시 강서구 강서로45길 91-44,37.5486225773288,126.829024518952,주소
서울특별시 강서구 강서로45길 92-5,37.5496154470888,126.832460978055,주소
서울특별시 강서구 강서로45길19,37.5478231085882,126.835032176153,주소
서울특별시 강서구 강서로45나길 47,37.5501782583706,126.835442528436,주소
서울특별시 강서구 강서로45나길 57,37.5505341583073,126.835511456118,주소
서울특별시 강서구 강서로45다길 69,37.5448978220007,126.835149629738,주소
서울특별시 강서구 강서로45라길 18,37.5485903256248,126.834080030395,주소
서울특별시 강서구 강서로45라길 59,37.5504106578025,126.834305834668,주소
서울특별시 강서구 강서로46길 23,37.5508825455676,126.838164214765,주소
서울특별시 강서구 강서로46길 39,37.550877929354,126.838675510236,주소
서울특별시 강서구 강서로46길 43,37.5508753474629,126.838896190143,주소
서울특별시 강서구 강서로47가길 33,37.5511102446913,126.835762212279,주소
서울특별시 강서구 강서로47길 126,37.5537008474169,126.829196933459,주소
서울특별시 강서구 강서로47길 165,37.5534315567653,126.826919545523,주소
서울특별시 강서구 강서로47길 169,37.5534518023057,126.826716924031,주소
서울특별시 강서구 강서로47길 19,37.5525039612121,126.835089873721,주소
서울특별시 강서구 강서로47길 26,37.5528875376799,126.83478335808,주소
서울특별시 강서구 강서로47길 29,37.5527088451614,126.83450829897,주소
서울특별시 강서구 강서로47길 30,37.5529167337254,126.834528662457,주소
서울특별시 강서구 강서로47길 34-10,37.5538694849081,126.8339773378,주소
서울특별시 강서구 강서로48길 33,37.5525844956832,126.838402716124,주소
서울특별시 강서구 강서로50길 72,37.5548084244964,126.84058847667,주소
서울특별시 강서구 강서로54길 90,37.5585815434963,126.843632169999,주소
서울특별시 강서구 강서로56길 110,37.5588989867375,126.844878507014,주소
서울특별시 강서구 강서로56나길 110,37.5635151546596,126.842838841866,주소
서울특별시 강서구 강서로56나길 140,37.5649470358937,126.844760249704,주소
서울특별시 강서구 강서로56나길 34,37.560894450375,126.842382226829,주소
서울특별시 강서구 개화동로23길 94,37.5654375420711,126.810455808314,주소
서울특별시 강서구 개화동로27길 9,37.5643347062636,126.807106919786,주소
서울특별시 강서구 곰달래로 161,37.530949747854,126.850895746134,주소
서울특별시 강서구 곰달래로 164,37.5307107352803,126.851128150465,주소
서울특별시 강서구 곰달래로 177,37.5311294964648,126.852689846448,주소
서울특별시 강서구 곰달래로 188,37.5310403741709,126.853839374151,주소
서울특별시 강서구 곰달래로31가길 20,37.5319204907925,126.852478080899,주소
서울특별시 강서구 곰달래로31가길 27,37.5330515497114,126.85257677345,주소
서울특별시 강서구 곰달래로31길 8,37.531298033796,126.851506896409,주소
서울특별시 강서구 곰달래로33가길 35,37.5320015897469,126.853063409412,주소
서울특별시 강서구 곰달래로49길 15,37.5323463526533,126.857657281427,주소
서울특별시 강서구 공항대로 103,37.5622669688172,126.81920602303,주소
서울특별시 강서구 공항대로 124,37.5594617880425,126.820728611421,주소
서울특별시 강서구 공항대로 140,37.5592565859994,126.823388809057,주소
서울특별시 강서구 공항대로 220,37.5587038045971,126.831765636495,주소
서울특별시 강서구 공항대로 261,37.5591532341498,126.836520966803,주소
서울특별시 강서구 공항대로 334,37.5576231018838,126.844616658386,주소
서울특별시 강서구 공항대로 345,37.5580532771893,126.846091482538,주소
서울특별시 강서구 공항대로 383,37.5569537622834,126.850273316457,주소
서울특별시 강서구 공항대로 484-12,37.5524822120704,126.859214787423,주소
서울특별시 강서구 공항대로 491,37.5536476529209,126.862425846537,주소
서울특별시 강서구 공항대로2길 37,37.5597524771181,126.808801149585,주소
서울특별시 강서구 공항대로36길 103,37.5539090755654,126.836132137288,주소
서울특별시 강서구 공항대로36길 74,37.5557021717114,126.836083394211,주소
서울특별시 강서구 공항대로39길 100,37.5636169050906,126.847393103837,주소
서울특별시 강서구 공항대로39길 39,37.5601933510779,126.843304086976,주소
서울특별시 강서구 공항대로3길 18,37.5622308905044,126.810281254376,주소
서울특별시 강서구 공항대로41길 34,37.5592796685251,126.84571196058,주소
서울특별시 강서구 공항대로41길 50,37.5598898763249,126.846097891004,주소
서울특별시 강서구 공항대로41길 51,37.5602359798031,126.845776312402,주소
서울특별시 강서구 공항대로41길 65,37.5607934244622,126.846120366466,주소
서울특별시 강서구 공항대로41길 66,37.5606317523438,126.846579308762,주소
서울특별시 강서구 공항대로41길 76,37.5609642709512,126.846826834173,주소
서울특별시 강서구 공항대로45길 15,37.5562925590397,126.854556711293,주소
서울특별시 강서구 공항대로53가길 1,37.5540521993079,126.859516943511,주소
서울특별시 강서구 공항대로55길 11,37.5538034549763,126.860751651021,주소
서울특별시 강서구 공항대로55길 17,37.5539065094518,126.860811439874,주소
서울특별시 강서구 공항대로55길 34,37.5544264523573,126.861481807554,주소
서울특별시 강서구 공항대로65길 65,37.5505309827209,126.870690984479,주소
서울특별시 강서구 공항대로8길 17,37.5602737661476,126.81237869804,주소
서울특별시 강서구 금낭화로 135,37.5774450106613,126.812438073591,주소
서울특별시 강서구 금낭화로 145,37.5783009851923,126.812798304593,주소
서울특별시 강서구 금낭화로 210,37.5812950426769,126.810295495513,주소
서울특별시 강서구 금낭화로 222,37.5805084341875,126.810493686239,주소
서울특별시 강서구 금낭화로 268,37.5757386006668,126.808220414193,주소
서울특별시 강서구 금낭화로23길 25,37.5781389708793,126.811204295259,주소
서울특별시 강서구 까치산로 151,37.5509154041224,126.852159545407,주소
서울특별시 강서구 까치산로 65,37.5446745882786,126.846469551287,주소
서울특별시 강서구 까치산로10길 70,37.5407120318703,126.847470802939,주소
서울특별시 강서구 까치산로10길 73,37.5408971436948,126.847856158485,주소
서울특별시 강서구 까치산로26길 7,37.5508259119904,126.852717858233,주소
서울특별시 강서구 까치산로4길 35,37.5413699571495,126.845198049978,주소
서울특별시 강서구 까치산로4길 50,37.5407313224246,126.845537012941,주소
서울특별시 강서구 까치산로4길 61,37.5404675461391,126.84618602322,주소
서울특별시 강서구 남부순환로 121,37.5531580711075,126.815243549144,주소
서울특별시 강서구 등촌로 147,37.5428771879604,126.862405130693,주소
서울특별시 강서구 등촌로13바길 28-3,37.5363653842588,126.857757242897,주소
서울특별시 강서구 등촌로13아길 20,37.5384117486135,126.85717155125,주소
서울특별시 강서구 등촌로13자길 42-14,37.5390962681125,126.856009341467,주소
서울특별시 강서구 등촌로13자길 74,37.5375867111098,126.853282703664,주소
서울특별시 강서구 등촌로35길 12,37.5420437126904,126.861667207498,주소
서울특별시 강서구 등촌로39길 17-8,37.5453526933492,126.861030011108,주소
서울특별시 강서구 등촌로39길 22,37.545782178579,126.861165570018,주소
서울특별시 강서구 등촌로39길 35,37.5460214811619,126.860399152806,주소
서울특별시 강서구 등촌로39길 71,37.5476142187642,126.857942163854,주소
서울특별시 강서구 등촌로51나길 35,37.5482959370728,126.858938510326,주소
서울특별시 강서구 마곡서1로 115-1,37.5667077205368,126.818571159801,주소
서울특별시 강서구 마곡서1로 16,37.5581678959806,126.820984775861,주소
서울특별시 강서구 마곡서1로 68,37.5631752585272,126.821215237029,주소
서울특별시 강서구 마곡서로 133,37.5645561030039,126.823838667719,주소
서울특별시 강서구 마곡서로 33,37.5578726520416,126.822664800803,주소
서울특별시 강서구 마곡중앙1로 10,37.5584775157476,126.825706944818,주소
서울특별시 강서구 마곡중앙1로 14,37.5584947155389,126.825213109876,주소
서울특별시 강서구 마곡중앙1로 20,37.5585628338148,126.824728888737,주소
서울특별시 강서구 마곡중앙1로 26,37.5586282971172,126.823855000993,주소
서울특별시 강서구 마곡중앙2로 11,37.5582091506095,126.828070487707,주소
서울특별시 강서구 마곡중앙2로 15,37.5581624385834,126.828538356954,주소
서울특별시 강서구 마곡중앙4로 22,37.5582829549403,126.829009917866,주소
서울특별시 강서구 마곡중앙5로 58,37.5680428098147,126.821225902451,주소
서울특별시 강서구 마곡중앙5로 81,37.5671296005228,126.818593453899,주소
서울특별시 강서구 마곡중앙5로 87,37.5671827578116,126.817773482836,주소
서울특별시 강서구 마곡중앙6로 21,37.560835635621,126.829618546018,주소
서울특별시 강서구 마곡중앙로 59-21,37.5588046568145,126.824241089722,주소
서울특별시 강서구 마곡중앙로 76,37.5603955888014,126.827508501448,주소
서울특별시 강서구 방화대로 241,37.5621745590982,126.814808958668,주소
서울특별시 강서구 방화대로 294,37.5669962165931,126.81705155434,주소
서울특별시 강서구 방화대로33길 9,37.5685422966821,126.816048731358,주소
서울특별시 강서구 방화대로34길 2,37.5681504658023,126.818032939459,주소
서울특별시 강서구 방화대로34길 92,37.5708840128695,126.821409394955,주소
서울특별시 강서구 방화대로34길 96,37.570994019878,126.821585266404,주소
서울특별시 강서구 방화대로45길 68,37.5744338962631,126.812781835623,주소
서울특별시 강서구 방화대로47길 43,37.5759191517213,126.814645646553,주소
서울특별시 강서구 방화대로47길 55,37.5759401162097,126.812403019177,주소
서울특별시 강서구 방화대로50길 22,37.5769596950152,126.818932773167,주소
서울특별시 강서구 방화대로7길 38,37.5562204722427,126.814155286509,주소
서울특별시 강서구 방화대로7길 44,37.5561895773583,126.813703797672,주소
서울특별시 강서구 방화동로 98,37.5691086312134,126.812989858901,주소
서울특별시 강서구 방화동로5길 34,37.5648466502394,126.810107329966,주소
서울특별시 강서구 수명로 68-11,37.5523193465015,126.826537797397,주소
서울특별시 강서구 수명로 68-23,37.5525037076444,126.826610816643,주소
서울특별시 강서구 수명로 68-27,37.552676073225,126.826675489517,주소
서울특별시 강서구 수명로 76,37.5527613407006,126.826268901588,주소
서울특별시 강서구 수명로 80,37.5532272483636,126.826392872773,주소
서울특별시 강서구 수명로 82,37.5534716764145,126.826445722129,주소
서울특별시 강서구 수명로1길 84,37.5527726671834,126.823879421286,주소
서울특별시 강서구 수명로2길 16,37.5485669904719,126.824059627155,주소
서울특별시 강서구 양천로 109,37.5735152690449,126.816123098487,주소
서울특별시 강서구 양천로 11,37.5739262377478,126.804694204855,주소
서울특별시 강서구 양천로 111,37.5735318074136,126.81632896966,주소
서울특별시 강서구 양천로 329,37.5701881708645,126.839539660332,주소
서울특별시 강서구 양천로 357,37.5680725328985,126.842609221144,주소
서울특별시 강서구 양천로 507,37.5603956962784,126.857362635565,주소
서울특별시 강서구 양천로 619,37.5546613849611,126.866764585285,주소
서울특별시 강서구 양천로 646-28,37.5532261352883,126.867600184199,주소
서울특별시 강서구 양천로 646-29,37.5520962906284,126.868250070942,주소
서울특별시 강서구 양천로 646-31,37.5519851660445,126.868141059392,주소
서울특별시 강서구 양천로 646-32,37.5521243859503,126.867913345923,주소
서울특별시 강서구 양천로 653,37.5529314013255,126.870016987111,주소
서울특별시 강서구 양천로 663-1,37.5521993901211,126.870800704542,주소
서울특별시 강서구 양천로 674,37.55126903492,126.871144187929,주소
서울특별시 강서구 양천로 738,37.5486647303913,126.877695605294,주소
서울특별시 강서구 양천로 85,37.5736422547515,126.813275787804,주소
서울특별시 강서구 양천로14가길 23,37.5721175053704,126.808440928174,주소
서울특별시 강서구 양천로14길 118,37.5687132762634,126.808216921309,주소
서울특별시 강서구 양천로14길 66,37.5703463247325,126.809159955967,주소
서울특별시 강서구 양천로24길 106,37.5686405194368,126.815135020958,주소
서울특별시 강서구 양천로24길 70,37.5701849355306,126.815206478837,주소
서울특별시 강서구 양천로30길 123-28,37.5672925088315,126.823834713895,주소
서울특별시 강서구 양천로30길 95,37.5688038702145,126.822953339415,주소
서울특별시 강서구 양천로49길 23,37.5697030728798,126.840668687306,주소
서울특별시 강서구 양천로53길 93,37.5674889609318,126.850087764306,주소
서울특별시 강서구 양천로59길 31,37.5612418553699,126.857763950485,주소
서울특별시 강서구 양천로65길 17,37.5559228750684,126.866210502931,주소
서울특별시 강서구 양천로67가길 83,37.5542640665682,126.871747328101,주소
서울특별시 강서구 양천로67길 32,37.5551185593145,126.868864597735,주소
서울특별시 강서구 양천로67길 77,37.5555476367,126.870435711689,주소
서울특별시 강서구 양천로67길 96-20,37.5548764230791,126.870216187542,주소
서울특별시 강서구 양천로67길 99,37.5555577909895,126.871317315295,주소
서울특별시 강서구 양천로69길 18,37.5524723630558,126.871434204859,주소
서울특별시 강서구 양천로69길 35,37.5545378116366,126.870529242403,주소
서울특별시 강서구 양천로69길 49,37.5550006717487,126.871204647976,주소
서울특별시 강서구 양천로69길 58,37.5552719720298,126.872960399991,주소
서울특별시 강서구 양천로6길 92,37.5687040876215,126.807498167739,주소
서울특별시 강서구 양천로71가길 22,37.5525154547466,126.873542240223,주소
서울특별시 강서구 양천로71길 8,37.5520396843709,126.871333436291,주소
서울특별시 강서구 양천로73가길 19,37.5509127971019,126.873660943609,주소
서울특별시 강서구 양천로73가길 28,37.5505014040349,126.873831839389,주소
서울특별시 강서구 양천로73길 17,37.5520954793159,126.872350948978,주소
서울특별시 강서구 양천로73길 24,37.5516148649568,126.873334288827,주소
서울특별시 강서구 양천로73길 33,37.5519345118352,126.873561215497,주소
서울특별시 강서구 양천로73길 58,37.55262641926,126.874434956317,주소
서울특별시 강서구 양천로73길 90,37.5538964188976,126.873715661294,주소
서울특별시 강서구 양천로75길 19,37.5518116214165,126.874072375671,주소
서울특별시 강서구 양천로75길 50,37.5518770206862,126.875675401965,주소
서울특별시 강서구 양천로75길 7,37.5501203459623,126.875078430929,주소
서울특별시 강서구 우장산로 21-5,37.5549026576418,126.839648718504,주소
서울특별시 강서구 우장산로 5,37.5548920056257,126.837721415311,주소
서울특별시 강서구 우장산로 7,37.5548298519536,126.837994861209,주소
서울특별시 강서구 우장산로2길 21,37.5537959527532,126.837663019273,주소
서울특별시 강서구 우장산로2길 45,37.5527164855277,126.837348260862,주소
서울특별시 강서구 우장산로4길 83,37.5508930781616,126.838486602937,주소
서울특별시 강서구 우현로 13,37.5470681701839,126.843782736494,주소
서울특별시 강서구 우현로 26,37.5483426494332,126.842913138805,주소
서울특별시 강서구 우현로 5,37.5466623676823,126.844539039276,주소
서울특별시 강서구 우현로 9-1,37.5469177143032,126.84413181068,주소
서울특별시 강서구 월정로 176,37.5349941902011,126.836293577736,주소
서울특별시 강서구 월정로 182,37.5349183039373,126.835564315803,주소
서울특별시 강서구 월정로30길 102,37.5355901603151,126.84134649607,주소
서울특별시 강서구 초록마을로 28,37.5436697074452,126.846471725177,주소
서울특별시 강서구 초록마을로 31,37.5430592452499,126.846930121297,주소
서울특별시 강서구 초록마을로 37,37.54280851733,126.846945570255,주소
서울특별시 강서구 초록마을로 39,37.5427813690313,126.847132443182,주소
서울특별시 강서구 초원로 39,37.5679170809179,126.809952385894,주소
서울특별시 강서구 초원로 81,37.5676841923985,126.814553201987,주소
서울특별시 강서구 허준로 109,37.5670047685109,126.85259398539,주소
서울특별시 강서구 허준로 175,37.5637580924465,126.85928943925,주소
서울특별시 강서구 허준로 23,37.5712114625604,126.843591958573,주소
서울특별시 강서구 허준로 36,37.569502050399,126.845404381505,주소
서울특별시 강서구 허준로 47,37.5710197152233,126.846462691088,주소
서울특별시 강서구 화곡로 263,37.5496381852817,126.845984193202,주소
서울특별시 강서구 화곡로 403,37.5600277060889,126.85286487714,주소
서울특별시 강서구 화곡로13길 107,37.5472449743241,126.832243922532,주소
서울특별시 강서구 화곡로13나길 2,37.5417614057749,126.833323690656,주소
서울특별시 강서구 화곡로24길 44,37.5390744373422,126.838966276894,주소
서울특별시 강서구 화곡로54길 43,37.5511070699025,126.850817236129,주소
서울특별시 강서구 화곡로58길 86,37.5518882632286,126.855035596135,주소
서울특별시 강서구 화곡로61길 112,37.5585348388078,126.846282894508,주소
서울특별시 강서구 화곡로63길 117,37.5587543319447,126.846567992338,주소
서울특별시 강서구 화곡로65길 124,37.5614511765549,126.847598419984,주소
서울특별시 강서구 화곡로65길 50,37.5597340202733,126.85181537298,주소
서울특별시 강서구 화곡로65길 90,37.5598135358227,126.850068963394,주소
서울특별시 강서구 화곡로66길 162,37.5545403018023,126.86160427517,주소
서울특별시 강서구 화곡로66길 90,37.556013793272,126.858263252932,주소
서울특별시 강서구 화곡로69길 9,37.560801806853,126.853779444824,주소
서울특별시 관악구 관악로 165,37.4800658308272,126.952110453781,주소
서울특별시 관악구 관악로 246,37.4860896993396,126.957017858338,주소
서울특별시 관악구 관악로 251,37.4868970093613,126.956789333907,주소
서울특별시 관악구 관악로 275,37.488501008988,126.957605244127,주소
서울특별시 관악구 관악로 287,37.4893949308745,126.956946537369,주소
서울특별시 관악구 관악로 40길 47,37.4920550488974,126.95892477375,주소
서울특별시 관악구 관악로 85,37.4729045674501,126.950918062755,주소
서울특별시 관악구 관악로24가길 15,37.4841027415012,126.958890911497,주소
서울특별시 관악구 관악로24길 84,37.4862346038268,126.95808322319,주소
서울특별시 관악구 관악로29길 3,37.486402853507,126.956426892809,주소
서울특별시 관악구 관악로30길 12,37.4841357625535,126.960607343765,주소
서울특별시 관악구 관악로40길 47,37.4920550488974,126.95892477375,주소
서울특별시 관악구 관악로5길 61,37.4767252713626,126.951284574125,주소
서울특별시 관악구 관천로11길 83,37.4834133886061,126.920309238258,주소
서울특별시 관악구 광신길 104,37.4637260638889,126.926010030601,주소
서울특별시 관악구 광신길 141,37.4644762024804,126.925940565455,주소
서울특별시 관악구 광신길 177,37.4672075457163,126.92727524954,주소
서울특별시 관악구 구암길 1,37.4892174749954,126.946271723126,주소
서울특별시 관악구 구암길 25,37.4890897550358,126.947570572907,주소
서울특별시 관악구 구암길 41,37.4897474814115,126.947753180256,주소
서울특별시 관악구 구암길 76,37.4908036649866,126.9478042333,주소
서울특별시 관악구 국회단지길 10,37.4866635595842,126.939541620307,주소
서울특별시 관악구 국회단지길 14,37.4868346232706,126.93964403672,주소
서울특별시 관악구 낙성대로 23,37.4767753536009,126.959875787277,주소
서울특별시 관악구 낙성대역4길 3,37.4754801980605,126.961641909995,주소
서울특별시 관악구 낙성대역길 114,37.4739061546572,126.964897771358,주소
서울특별시 관악구 난곡로 210,37.4737298508968,126.918544974873,주소
서울특별시 관악구 난곡로 235,37.4752959742973,126.916463224891,주소
서울특별시 관악구 난곡로 244,37.475900695933,126.916539767186,주소
서울특별시 관악구 난곡로 246,37.4759798139828,126.916425608337,주소
서울특별시 관악구 난곡로 254,37.4767025102586,126.915912779842,주소
서울특별시 관악구 난곡로 42,37.4605886655784,126.920617398646,주소
서울특별시 관악구 난곡로 50,37.4604788982933,126.920180427488,주소
서울특별시 관악구 난곡로 53,37.4602221608432,126.919326648265,주소
서울특별시 관악구 난곡로16길 32,37.4668039555901,126.922828324577,주소
서울특별시 관악구 난곡로34길 80,37.4713756726623,126.924909105757,주소
서울특별시 관악구 난곡로35길 102,37.4691282036291,126.916341558815,주소
서울특별시 관악구 난우10길 6,37.4760653558686,126.918020472071,주소
서울특별시 관악구 난우길 39,37.476141235668,126.917394863453,주소
서울특별시 관악구 난우길 40,37.4771205875183,126.917458792183,주소
서울특별시 관악구 난향길 9,37.4628218910704,126.918336846046,주소
서울특별시 관악구 남부순환로 1430,37.4792384454661,126.909039951252,주소
서울특별시 관악구 남부순환로 1646,37.4844920391855,126.933663587333,주소
서울특별시 관악구 남부순환로 1720,37.4824077251032,126.940943866094,주소
서울특별시 관악구 남부순환로 1797,37.4818924398904,126.949921758362,주소
서울특별시 관악구 남부순환로156길 39,37.4807283676946,126.920957326353,주소
서울특별시 관악구 남부순환로161길 9,37.4836613678336,126.921282464201,주소
서울특별시 관악구 남부순환로163길 14,37.4851194359099,126.922183775699,주소
서울특별시 관악구 남부순환로172길 97,37.4821362472153,126.921037135349,주소
서울특별시 관악구 남부순환로237길 60,37.4812582784976,126.961912338875,주소
서울특별시 관악구 남부순환로244길 26,37.4759782784513,126.962775581118,주소
서울특별시 관악구 남부순환로260길 5,37.4756417331676,126.973783822281,주소
서울특별시 관악구 남현3길 8,37.4746884369788,126.977119964966,주소
서울특별시 관악구 남현4길 51,37.4738196175948,126.973366964486,주소
서울특별시 관악구 대학7길 52,37.4685220375851,126.940492900894,주소
서울특별시 관악구 문성로 214,37.4791564660541,126.927561353474,주소
서울특별시 관악구 문성로 246,37.4784831283486,126.930693234692,주소
서울특별시 관악구 문성로 79,37.4783399695494,126.912392273996,주소
서울특별시 관악구 문성로16길 40,37.4753828116217,126.912088901502,주소
서울특별시 관악구 문성로28길 31,37.4771198534832,126.926876735629,주소
서울특별시 관악구 문성로30길 23,37.4782482060531,126.928378048144,주소
서울특별시 관악구 문성로30길 4,37.4791131570395,126.928052067495,주소
서울특별시 관악구 보라매로 15,37.4908021891292,126.92699445449,주소
서울특별시 관악구 보라매로2길 23,37.4901681154487,126.930369788237,주소
서울특별시 관악구 보라매로2길 8,37.4899689260363,126.928448498589,주소
서울특별시 관악구 봉천로 466,37.4820210080697,126.951638187547,주소
서울특별시 관악구 봉천로 505,37.4813047920283,126.955766635019,주소
서울특별시 관악구 봉천로 575-1,37.4773572574774,126.961598667868,주소
서울특별시 관악구 봉천로 576,37.4769738774324,126.961320975076,주소
서울특별시 관악구 봉천로 603,37.4761689792831,126.964390345527,주소
서울특별시 관악구 봉천로13길 101,37.4923586311415,126.932678731475,주소
서울특별시 관악구 성현로 117,37.4912022088395,126.955347165898,주소
서울특별시 관악구 성현로 53,37.4927662360841,126.949035651603,주소
서울특별시 관악구 성현로 80,37.4898474387668,126.952985510916,주소
서울특별시 관악구 신림로 114,37.472003312266,126.936754150323,주소
서울특별시 관악구 신림로 128,37.4714874867172,126.935262030255,주소
서울특별시 관악구 신림로 135,37.471091692931,126.934318776342,주소
서울특별시 관악구 신림로 148,37.4723945221273,126.933777719101,주소
서울특별시 관악구 신림로 169,37.474237411225,126.933711993359,주소
서울특별시 관악구 신림로 184,37.4738978160325,126.935659810139,주소
서울특별시 관악구 신림로 242,37.4779202019066,126.934527042144,주소
서울특별시 관악구 신림로 265,37.4782533184186,126.931841991171,주소
서울특별시 관악구 신림로 40,37.4703273364656,126.946003990797,주소
서울특별시 관악구 신림로29길 3-10,37.4747264347469,126.934277271211,주소
서울특별시 관악구 신림로29길 3-20,37.4746265193834,126.933804917074,주소
서울특별시 관악구 신림로3가길 39-24,37.4676058987272,126.942513213832,주소
서울특별시 관악구 신림로3길 40,37.4667834195006,126.941886248025,주소
서울특별시 관악구 신림로48길 17-16,37.4802012453571,126.934452241482,주소
서울특별시 관악구 신원로 5,37.4797951796836,126.927836714279,주소
서울특별시 관악구 쑥고개로 61-1,37.4797158232707,126.943424351643,주소
서울특별시 관악구 쑥고개로30길 18,37.4780137826613,126.95036481472,주소
서울특별시 관악구 양녕로 41-1,37.4858885544428,126.946743566926,주소
서울특별시 관악구 양녕로 46,37.4861580878937,126.947238616678,주소
서울특별시 관악구 양녕로 59,37.4872589278874,126.946610980182,주소
서울특별시 관악구 양녕로 74,37.488520539445,126.946655989673,주소
서울특별시 관악구 양녕로6나길 1,37.4855779476851,126.949130876206,주소
서울특별시 관악구 은천로 109,37.4869996530658,126.947493902254,주소
서울특별시 관악구 은천로 118,37.4865773444128,126.948297103432,주소
서울특별시 관악구 은천로 69,37.4865852040387,126.942679132637,주소
서울특별시 관악구 은천로 80,37.4865575693932,126.944240302137,주소
서울특별시 관악구 은천로 81,37.4869864171229,126.944363342754,주소
서울특별시 관악구 은천로 92,37.4867772255744,126.945377054435,주소
서울특별시 관악구 은천로 93,37.4873527233282,126.945428874003,주소
서울특별시 관악구 은천로 95,37.4873460900284,126.945894955554,주소
서울특별시 관악구 은천로 97,37.4871142054397,126.946168526486,주소
서울특별시 관악구 은천로11길 11,37.4866743537957,126.941839297227,주소
서울특별시 관악구 은천로11길 7,37.4864534978185,126.941800911852,주소
서울특별시 관악구 은천로25길 63,37.488838388485,126.948629335961,주소
서울특별시 관악구 은천로25길 69,37.4890682965874,126.948355993845,주소
서울특별시 관악구 은천로30길 3,37.4862235159842,126.951918263819,주소
서울특별시 관악구 은천로39길 6,37.4861671396728,126.955195371731,주소
서울특별시 관악구 인헌9길 35,37.4726853122526,126.968848481233,주소
서울특별시 관악구 인헌길 61,37.4727877450658,126.966818311882,주소
서울특별시 관악구 장군봉길 72,37.4811981682395,126.937702673305,주소
서울특별시 관악구 조원로 66-1,37.4836811637054,126.909895329293,주소
서울특별시 관악구 조원로 67,37.484127765974,126.909505620969,주소
서울특별시 관악구 참숯1길 19,37.477304218918,126.94238244228,주소
서울특별시 관악구 청룡10길 34,37.4791197370764,126.944037010832,주소
서울특별시 관악구 청림6길 3,37.4875621618116,126.959937748135,주소
서울특별시 관악구 청림6길 6,37.4879007142289,126.959537294682,주소
서울특별시 관악구 청림길 10,37.488202394759,126.959081113287,주소
서울특별시 관악구 행운1길 62,37.4814402231795,126.956766020036,주소
서울특별시 관악구 행운1라길 17,37.4832732140812,126.95820924848,주소
서울특별시 관악구 호암로 417,37.4613351494786,126.927479872415,주소
서울특별시 관악구 호암로 498,37.4632725256816,126.932535154048,주소
서울특별시 관악구 호암로 534,37.4652884835693,126.931655155866,주소
서울특별시 관악구 호암로20길 1,37.467793136754,126.932163482267,주소
서울특별시 광진구 광나루로 496,37.5448913795202,127.084509558932,주소
서울특별시 광진구 광나루로 546,37.5445380643063,127.090158741209,주소
서울특별시 광진구 광나루로 582,37.5431337915553,127.093373585774,주소
서울특별시 광진구 광나루로 584,37.5430554446503,127.093550688144,주소
서울특별시 광진구 광나루로 590,37.5425886902215,127.093937543814,주소
서울특별시 광진구 광나루로 602,37.5417964558524,127.094709156353,주소
서울특별시 광진구 광나루로 603,37.541965017303,127.095511510737,주소
서울특별시 광진구 광나루로 604,37.5415780693025,127.094914025322,주소
서울특별시 광진구 광나루로 606,37.5413562523983,127.095126583076,주소
서울특별시 광진구 광나루로 607,37.5418600407686,127.095746508293,주소
서울특별시 광진구 광나루로 621,37.5407578919854,127.09679785684,주소
서울특별시 광진구 광나루로 635,37.5400640074108,127.097812029009,주소
서울특별시 광진구 광나루로30길 49,37.5430074366803,127.08031177586,주소
서울특별시 광진구 광나루로30길 80,37.5428503028479,127.078840375276,주소
서울특별시 광진구 광나루로36길 28,37.5437156161855,127.086322002668,주소
서울특별시 광진구 광나루로36길 47,37.5419210650592,127.086977917618,주소
서울특별시 광진구 광나루로36길 72,37.5417987135989,127.085491514878,주소
서울특별시 광진구 광나루로39길 11,37.5455028168806,127.088780729862,주소
서울특별시 광진구 광나루로54길 38,37.5392387203809,127.095129889791,주소
서울특별시 광진구 광나루로56길 29,37.5369576884242,127.096536670188,주소
서울특별시 광진구 광나루로56길 34,37.5381404407348,127.096635162056,주소
서울특별시 광진구 광장로1길 1,37.5471775185817,127.101927589353,주소
서울특별시 광진구 광장로1길 27,37.5485492186653,127.101799885644,주소
서울특별시 광진구 구의강변로 106,37.53985699394,127.09489656845,주소
서울특별시 광진구 구의강변로 69,37.5370965949427,127.092288798461,주소
서울특별시 광진구 구의강변로 96,37.5391435109961,127.094310798742,주소
서울특별시 광진구 구의로16길 93,37.541463167395,127.094607689872,주소
서울특별시 광진구 군자로 114,37.5530110986438,127.072864629554,주소
서울특별시 광진구 군자로 74,37.549876450253,127.072402467919,주소
서울특별시 광진구 군자로 83,37.5506017660728,127.070897495776,주소
서울특별시 광진구 군자로 84,37.5505265538733,127.071161893232,주소
서울특별시 광진구 군자로 85-1,37.5509189757446,127.07095041866,주소
서울특별시 광진구 군자로12길 46,37.5517127888261,127.072672678034,주소
서울특별시 광진구 긴고랑로13길 59,37.565172983593,127.082512285004,주소
서울특별시 광진구 긴고랑로36길 71,37.5567102179667,127.09187329634,주소
서울특별시 광진구 긴고랑로7길 64,37.5660735470102,127.080660820546,주소
서울특별시 광진구 능동로 239,37.5515185042085,127.076150689219,주소
서울특별시 광진구 능동로 275-1,37.5546941780361,127.077783260568,주소
서울특별시 광진구 능동로 333,37.5593914636655,127.080432577572,주소
서울특별시 광진구 능동로 42,37.5346820949284,127.0699952764,주소
서울특별시 광진구 능동로 50,37.5356753880706,127.069179648488,주소
서울특별시 광진구 능동로4길 17,37.5334117759221,127.068765049014,주소
서울특별시 광진구 능동로4길 61,37.531940083449,127.070442436625,주소
서울특별시 광진구 능동로6길 14,37.5341729227946,127.06879697484,주소
서울특별시 광진구 동일로72길 30,37.5655674404372,127.07922255275,주소
서울특별시 광진구 동일로72길 42,37.5653843579805,127.079757966194,주소
서울특별시 광진구 동일로72길 43,37.5661150659734,127.080023721804,주소
서울특별시 광진구 동일로72길 46,37.5653019726373,127.079941922432,주소
서울특별시 광진구 뚝섬로 541,37.534904335365,127.07035980227,주소
서울특별시 광진구 뚝섬로 552,37.5343039923272,127.071271836617,주소
서울특별시 광진구 뚝섬로 558,37.5341117330817,127.071843016145,주소
서울특별시 광진구 뚝섬로 561,37.5350582094918,127.072179165371,주소
서울특별시 광진구 뚝섬로 587,37.533480702088,127.075408022106,주소
서울특별시 광진구 뚝섬로36길 53,37.5320990498302,127.070392465977,주소
서울특별시 광진구 뚝섬로37길 11,37.5350096155578,127.071784930264,주소
서울특별시 광진구 뚝섬로41길 33,37.5357298982053,127.074368913785,주소
서울특별시 광진구 뚝섬로41길 8,37.5339421196846,127.075101535621,주소
서울특별시 광진구 뚝섬로46길 64,37.5302454529249,127.075587591515,주소
서울특별시 광진구 뚝섬로52가길 31,37.5310386050678,127.081021995753,주소
서울특별시 광진구 뚝섬로56길 23,37.5303497471496,127.082772360302,주소
서울특별시 광진구 뚝섬로56길 29,37.5301122387236,127.082778772812,주소
서울특별시 광진구 뚝섬로56길 34,37.5298786624418,127.082573854036,주소
서울특별시 광진구 뚝섬로56길 38-1,37.5296502621028,127.08256885061,주소
서울특별시 광진구 뚝섬로56길 59,37.5288357843457,127.082915384605,주소
서울특별시 광진구 뚝섬로56길 7,37.531493571169,127.083408323591,주소
서울특별시 광진구 뚝섬로58길 5,37.5316170846953,127.084315822363,주소
서울특별시 광진구 뚝섬로64길 38,37.5319308249107,127.088847117445,주소
서울특별시 광진구 뚝섬로64길 45,37.5322195901849,127.090162126057,주소
서울특별시 광진구 뚝섬로64길 71,37.5311232360546,127.089234331023,주소
서울특별시 광진구 아차산로 241,37.5405050771385,127.070150304742,주소
서울특별시 광진구 아차산로 431,37.5386539726559,127.090190805314,주소
서울특별시 광진구 아차산로 459,37.5397907387476,127.093125579292,주소
서울특별시 광진구 아차산로 461,37.5399003937123,127.093235584143,주소
서울특별시 광진구 아차산로 462,37.5395015526467,127.093423707263,주소
서울특별시 광진구 아차산로 463,37.5400062091711,127.093415398066,주소
서울특별시 광진구 아차산로 477,37.5407332074799,127.094682805056,주소
서울특별시 광진구 아차산로 484,37.5407523432876,127.095646084596,주소
서울특별시 광진구 아차산로 491,37.5418096472567,127.096002508411,주소
서울특별시 광진구 아차산로 493,37.5417694787332,127.096204208063,주소
서울특별시 광진구 아차산로 494,37.5411498286848,127.096685551288,주소
서울특별시 광진구 아차산로 499,37.5418216079179,127.097022369194,주소
서울특별시 광진구 아차산로 502,37.5413567898085,127.097232342773,주소
서울특별시 광진구 아차산로 503-23,37.5431620967232,127.095608314148,주소
서울특별시 광진구 아차산로 530,37.5423084438085,127.100121481037,주소
서울특별시 광진구 아차산로 549,37.5433581625122,127.101744170173,주소
서울특별시 광진구 아차산로 623,37.5485929309067,127.106981902714,주소
서울특별시 광진구 아차산로44길 26,37.5368378891148,127.080107720459,주소
서울특별시 광진구 아차산로65길 9,37.5407258188016,127.09411986917,주소
서울특별시 광진구 아차산로69길 8,37.5425085558099,127.09851451272,주소
서울특별시 광진구 아차산로70길 17-62,37.5408304051926,127.101643877784,주소
서울특별시 광진구 아차산로70길 26,37.5419519779663,127.101214174633,주소
서울특별시 광진구 아차산로70길 35,37.5409675314785,127.100704228215,주소
서울특별시 광진구 아차산로70길 61,37.5402253740643,127.099966734736,주소
서울특별시 광진구 영화사로 111,37.5534224448219,127.099047310011,주소
서울특별시 광진구 영화사로 19,37.55767774713,127.089595558293,주소
서울특별시 광진구 영화사로 27,37.5571888802401,127.090286704411,주소
서울특별시 광진구 영화사로7길 45,37.5572574887252,127.093131806959,주소
서울특별시 광진구 용마산로 95,37.5621342445806,127.086961004269,주소
서울특별시 광진구 용마산로22길 24,37.5635748308154,127.088438958756,주소
서울특별시 광진구 용마산로22길 26,37.5624502219725,127.089376716312,주소
서울특별시 광진구 용마산로22길 28,37.5638858056238,127.088504408371,주소
서울특별시 광진구 용마산로22길 76,37.5658339893237,127.089275266763,주소
서울특별시 광진구 용마산로22길 82,37.5671086161443,127.088452984118,주소
서울특별시 광진구 용마산로3길 102,37.5574170675592,127.082838168085,주소
서울특별시 광진구 용마산로3길 43,37.556134224772,127.08562095058,주소
서울특별시 광진구 용마산로3길 95,37.5571711033161,127.082955146069,주소
서울특별시 광진구 용마산로3길 98,37.5573526355645,127.082981717368,주소
서울특별시 광진구 용마산로5길 47,37.5573501974875,127.085140663953,주소
서울특별시 광진구 워커힐로 32,37.5449782076528,127.098714317037,주소
서울특별시 광진구 자양강변길 73,37.5336522682692,127.063425269386,주소
서울특별시 광진구 자양로 113,37.5379004444255,127.082970113531,주소
서울특별시 광진구 자양로 145-1,37.5417240729902,127.081597057268,주소
서울특별시 광진구 자양로 160,37.5418814269068,127.084235613044,주소
서울특별시 광진구 자양로 165,37.5423750775657,127.083865590512,주소
서울특별시 광진구 자양로 246,37.5483440556451,127.089219662359,주소
서울특별시 광진구 자양로28길 88,37.5414938792009,127.089062364353,주소
서울특별시 광진구 자양로3길 46-10,37.5304133392848,127.083820630913,주소
서울특별시 광진구 자양로3길 59,37.5295704307029,127.08346987667,주소
서울특별시 광진구 자양로3길 68,37.529566093571,127.082975927864,주소
서울특별시 광진구 자양로3길 7,37.5308913414973,127.08616998675,주소
서울특별시 광진구 자양로40길 41,37.5476114602117,127.091332532375,주소
서울특별시 광진구 자양로4길 63,37.5332813682573,127.089281026795,주소
서울특별시 광진구 자양로50길 8,37.5519021333061,127.092796955651,주소
서울특별시 광진구 자양로9길 77,37.5317744990336,127.08121682269,주소
서울특별시 광진구 자양번영로 20,37.5313918517588,127.075360551131,주소
서울특별시 광진구 자양번영로 32,37.5324231882262,127.075703946029,주소
서울특별시 광진구 자양번영로 38,37.5328766599669,127.075847525497,주소
서울특별시 광진구 자양번영로 46,37.5336443616233,127.07605161622,주소
서울특별시 광진구 자양번영로 62,37.5350024373956,127.076474111446,주소
서울특별시 광진구 자양번영로5길 37-2,37.5329317562198,127.07320611799,주소
서울특별시 광진구 천호대로 136길 46,37.5477564997127,127.090069938,주소
서울특별시 광진구 천호대로 536,37.5575365839492,127.077601284677,주소
서울특별시 광진구 천호대로111길 20,37.5571975318507,127.082527596532,주소
서울특별시 광진구 천호대로113길 10,37.5578273465317,127.083527417056,주소
서울특별시 광진구 천호대로113길 7,37.557657319299,127.083157365906,주소
서울특별시 광진구 천호대로117길 58,37.5575331313946,127.085346626936,주소
서울특별시 광진구 천호대로130길 58,37.5498138606171,127.086793350213,주소
서울특별시 구로구 가마산로27길 17,37.4972281131318,126.89071786561,주소
서울특별시 구로구 가마산로27길 66,37.4996717688549,126.890272352352,주소
서울특별시 구로구 가마산로27길 69,37.4994208675251,126.888857414498,주소
서울특별시 구로구 개봉로 36,37.4888912264051,126.856404388861,주소
서울특별시 구로구 개봉로 54,37.4904765094163,126.85637252003,주소
서울특별시 구로구 개봉로 68,37.4917558215986,126.856275990267,주소
서울특별시 구로구 개봉로11길 66-1,37.4879797029431,126.852331718729,주소
서울특별시 구로구 개봉로11길 81,37.48752689616,126.851071080046,주소
서울특별시 구로구 개봉로11길 98,37.4885713176365,126.849982268839,주소
서울특별시 구로구 개봉로16가길 10-5,37.4905405613681,126.857107612767,주소
서울특별시 구로구 개봉로16길 21,37.4901723710593,126.857448329798,주소
서울특별시 구로구 개봉로16길 21?,37.4901723710593,126.857448329798,주소
서울특별시 구로구 개봉로16길 30-11,37.4895280611996,126.857972181036,주소
서울특별시 구로구 개봉로16길 37-10,37.4906543728029,126.858391593722,주소
서울특별시 구로구 개봉로16길 39,37.4902442232182,126.858457386028,주소
서울특별시 구로구 개봉로16길 8,37.4899475848493,126.856715921963,주소
서울특별시 구로구 개봉로1다길 16-9,37.483056382598,126.850940659082,주소
서울특별시 구로구 개봉로20길 14,37.4926592392429,126.856332268432,주소
서울특별시 구로구 개봉로20길 158,37.4920422788882,126.86073736772,주소
서울특별시 구로구 개봉로20길 6,37.4928802334449,126.859308079005,주소
서울특별시 구로구 개봉로3길 33,37.4862098774941,126.854456145655,주소
서울특별시 구로구 개봉로3길 43,37.4861456622196,126.853820824484,주소
서울특별시 구로구 개봉로3길 82,37.4862206320568,126.851728793475,주소
서울특별시 구로구 개봉로3길 87,37.485898739724,126.850970967732,주소
서울특별시 구로구 경서로 11,37.4985617567135,126.856502579275,주소
서울특별시 구로구 경서로 31,37.5009763571584,126.85679629258,주소
서울특별시 구로구 경인로 301,37.4984656617815,126.853672529481,주소
서울특별시 구로구 경인로 302,37.4956939531171,126.855990711712,주소
서울특별시 구로구 경인로 382,37.4963730035523,126.863082153299,주소
서울특별시 구로구 경인로 397,37.4976995650402,126.863870881484,주소
서울특별시 구로구 경인로 643,37.5088577890592,126.885528943073,주소
서울특별시 구로구 경인로 661,37.5095130592283,126.887845554724,주소
서울특별시 구로구 경인로19길 34,37.4971820100165,126.842606700508,주소
서울특별시 구로구 경인로19길 39,37.4975370576845,126.842037699221,주소
서울특별시 구로구 경인로2길 10,37.4901372514516,126.82641766297,주소
서울특별시 구로구 경인로31길 98,37.501511816834,126.848554044017,주소
서울특별시 구로구 경인로46길 13,37.4976454267483,126.865771276704,주소
서울특별시 구로구 경인로47길 126,37.5042090603849,126.863482453949,주소
서울특별시 구로구 경인로47길 95-1,37.5028399402956,126.863835424584,주소
서울특별시 구로구 경인로59길 8,37.5063918465946,126.883427027522,주소
서울특별시 구로구 경인로63길 74,37.510765959049,126.884811539693,주소
서울특별시 구로구 경인로65길 44,37.5095730733009,126.885226654813,주소
서울특별시 구로구 고척로 204,37.5049578963193,126.855979704959,주소
서울특별시 구로구 고척로 213,37.5060004032334,126.857353094103,주소
서울특별시 구로구 고척로 218,37.5055300966187,126.8573677869,주소
서울특별시 구로구 고척로 228-6,37.5057871324878,126.85824878572,주소
서울특별시 구로구 고척로 49,37.4999652512578,126.841353368958,주소
서울특별시 구로구 고척로 92,37.5006200543801,126.844365730857,주소
서울특별시 구로구 고척로21길 55,37.5049440040772,126.844386612871,주소
서울특별시 구로구 고척로21나길 68,37.5035293156194,126.842399758595,주소
서울특별시 구로구 고척로27바길 19,37.5077291918003,126.846523985639,주소
서울특별시 구로구 고척로30길 6,37.5019964354472,126.848529089571,주소
서울특별시 구로구 고척로33길 26,37.5037822444407,126.848753594894,주소
서울특별시 구로구 고척로33길 29,37.5038926429973,126.848492234935,주소
서울특별시 구로구 고척로33길 34,37.5050604361168,126.849126611988,주소
서울특별시 구로구 고척로52길 63,37.5022332346246,126.856182625001,주소
서울특별시 구로구 공원로 27,37.4993971935977,126.891009074388,주소
서울특별시 구로구 공원로 35,37.5001619663469,126.890520884986,주소
서울특별시 구로구 구로동로26길 122,37.4897992470393,126.89064659726,주소
서울특별시 구로구 구로동로48길 19,37.4981743044696,126.883687576044,주소
서울특별시 구로구 구로중앙로 48,37.4948597203552,126.891099914602,주소
서울특별시 구로구 구로중앙로 85,37.4967233064067,126.8872942857,주소
서울특별시 구로구 구로중앙로14길 43,37.4944479994725,126.893016334052,주소
서울특별시 구로구 구로중앙로27가길 9,37.497691509276,126.885216570144,주소
서울특별시 구로구 구로중앙로27길 28-1,37.4979870374653,126.884475287972,주소
서울특별시 구로구 구로중앙로27나길 9,37.4972616788429,126.886001814771,주소
서울특별시 구로구 구로중앙로7길 28,37.4912427177954,126.889449615,주소
서울특별시 구로구 구일로 110,37.4950748401596,126.87200783297,주소
서울특별시 구로구 구일로 68,37.4931918730561,126.873472709056,주소
서울특별시 구로구 구일로 90-133,37.4953009067244,126.873770176593,주소
서울특별시 구로구 구일로10길 27,37.4959404465654,126.872266560677,주소
서울특별시 구로구 구일로10길 49,37.495744201061,126.874445893777,주소
서울특별시 구로구 구일로2길 60,37.4897580709997,126.877081155332,주소
서울특별시 구로구 구일로4길 30,37.4918751361412,126.876446827824,주소
서울특별시 구로구 구일로4길 33,37.4920247372932,126.87579186252,주소
서울특별시 구로구 구일로8길 56,37.4956430910809,126.874091208654,주소
서울특별시 구로구 구일로8길 92,37.4977393734277,126.876310284198,주소
서울특별시 구로구 남부순환로 775,37.5015678689641,126.847162335199,주소
서울특별시 구로구 남부순환로105길 218,37.4856100736284,126.883911257917,주소
서울특별시 구로구 도림로 59,37.4898993993674,126.888961869782,주소
서울특별시 구로구 도림로 72,37.4893322962803,126.891669462257,주소
서울특별시 구로구 도림로 90,37.4903802355667,126.893428188402,주소
서울특별시 구로구 도림로20길 18,37.488977254588,126.892409245918,주소
서울특별시 구로구 도림로20길 35,37.4897523897016,126.89491012521,주소
서울특별시 구로구 도림로20길 57,37.4879630931966,126.895027399291,주소
서울특별시 구로구 도림로26길 10,37.4909734883501,126.89426342919,주소
서울특별시 구로구 디지털로 306,37.4859231683292,126.897336395657,주소
서울특별시 구로구 디지털로27길 76,37.4847045985983,126.890267788001,주소
서울특별시 구로구 디지털로31길 20,37.4855210244653,126.894345286511,주소
서울특별시 구로구 디지털로31길 86,37.4866606515713,126.891399918226,주소
서울특별시 구로구 디지털로32가길 1,37.4830317080834,126.899390428421,주소
서울특별시 구로구 부일로 893,37.4935106167356,126.826661571624,주소
서울특별시 구로구 부일로 917,37.4949023087281,126.826353599765,주소
서울특별시 구로구 부일로19길 10,37.4937800082178,126.836645244661,주소
서울특별시 구로구 부일로1길 100,37.4945949784851,126.818209854791,주소
서울특별시 구로구 부일로9길 75,37.4957957442326,126.824765879303,주소
서울특별시 구로구 새말로 52,37.503476022301,126.886394305772,주소
서울특별시 구로구 새말로 73,37.5051066487493,126.888080264013,주소
서울특별시 구로구 새말로 93,37.5062405640767,126.889132088222,주소
서울특별시 구로구 새말로9길 45,37.5052452982341,126.885991599049,주소
서울특별시 구로구 서해안로 2098,37.4800610311955,126.823207022088,주소
서울특별시 구로구 서해안로 2102,37.4801452858596,126.823394728559,주소
서울특별시 구로구 서해안로 2104,37.4804488765471,126.823723923164,주소
서울특별시 구로구 서해안로 2108,37.4806382251407,126.823997084272,주소
서울특별시 구로구 서해안로 2118,37.4812105324231,126.824776429202,주소
서울특별시 구로구 서해안로24길 22,37.4897166823284,126.839098527316,주소
서울특별시 구로구 신도림로 16,37.5051445868312,126.882247213008,주소
서울특별시 구로구 신도림로 18,37.5065423975214,126.878941270173,주소
서울특별시 구로구 신도림로 20,37.5066016695447,126.878751845875,주소
서울특별시 구로구 신도림로 26,37.5071588011358,126.879584155104,주소
서울특별시 구로구 신도림로 87,37.5110351969283,126.882270873627,주소
서울특별시 구로구 신도림로19길 16,37.5115820786241,126.884616872481,주소
서울특별시 구로구 신도림로19길 44,37.5119963604915,126.88315069881,주소
서울특별시 구로구 신도림로19길 7,37.5112029731186,126.884470304555,주소
서울특별시 구로구 연동로 178,37.4770921430884,126.824189454348,주소
서울특별시 구로구 연동로 197,37.4788236163114,126.822685689421,주소
서울특별시 구로구 연동로 239-2,37.4828380762731,126.82037207979,주소
서울특별시 구로구 오류로 20,37.486414321006,126.839503047777,주소
서울특별시 구로구 오류로 30,37.4863679517074,126.83999205713,주소
서울특별시 구로구 오류로 57,37.4899361471144,126.839879287126,주소
서울특별시 구로구 오류로 60,37.4899757676854,126.840327768666,주소
서울특별시 구로구 오류로 62,37.4901706581401,126.84046315652,주소
서울특별시 구로구 오리로 1100,37.4834047032438,126.842124215178,주소
서울특별시 구로구 오리로 1102-6,37.4836969765108,126.842451488492,주소
서울특별시 구로구 오리로 1106,37.4841594284099,126.841481997252,주소
서울특별시 구로구 오리로 1158,37.4875107368651,126.83849674762,주소
서울특별시 구로구 오리로 1304,37.4977748943867,126.82938331106,주소
서울특별시 구로구 오리로9길 25,37.4870039026157,126.83717096334,주소
서울특별시 구로구 중앙로 6,37.4993252329505,126.865350068539,주소
서울특별시 구로구 중앙로12길 17-8,37.50645826407,126.862340127113,주소
서울특별시 구로구 중앙로14길 31,37.5076133389724,126.863104491675,주소
서울특별시 구로구 중앙로15길 107,37.5073174465503,126.85392499812,주소
서울특별시 구로구 중앙로15길 59,37.5065422334868,126.856506871335,주소
서울특별시 구로구 중앙로15길 65,37.506562607134,126.856145479668,주소
서울특별시 구로구 중앙로15길 69-6,37.5066142176886,126.855614604658,주소
서울특별시 구로구 중앙로15길 69-8,37.506600214212,126.855436273743,주소
서울특별시 구로구 중앙로15길 73,37.5066837717226,126.855759238199,주소
서울특별시 구로구 중앙로15길 80,37.5069515037538,126.855500063339,주소
서울특별시 구로구 중앙로1길 51,37.4973158687286,126.862352048262,주소
서울특별시 구로구 중앙로3길 12,37.5002113050917,126.862941586025,주소
서울특별시 구로구 중앙로3길 20,37.4997408260167,126.861342460735,주소
서울특별시 구로구 중앙로5길 59,37.5014057554418,126.859404270704,주소
서울특별시 구로구 중앙로6길 5-15,37.5014107102331,126.864413656632,주소
서울특별시 구로구 천왕로 32,37.4805692801224,126.839817647209,주소
서울특별시 구로구 천왕로 36,37.4808996260751,126.83937984931,주소
서울특별시 구로구 천왕로 56,37.48305321277,126.838914729764,주소
서울특별시 구로구 천왕로 63,37.4826544228754,126.837333603453,주소
서울특별시 구로구 천왕로 9,37.4790207559893,126.84225746312,주소
서울특별시 구로구 천왕로1길 11,37.481412481777,126.836947364315,주소
서울특별시 구로구 항동로 42,37.4779178799278,126.825135722238,주소
서울특별시 구로구 항동로3길 4,37.4809973004477,126.824497553802,주소
서울특별시 구로구 항동로3길 6,37.4808405838883,126.824294637379,주소
서울특별시 금천구 금하로 751,37.4502120387101,126.913275183533,주소
서울특별시 금천구 금하로 763,37.4503452637179,126.914588261631,주소
서울특별시 금천구 금하로 773,37.4503707426134,126.915816477865,주소
서울특별시 금천구 금하로 793,37.4522125872144,126.918245309403,주소
서울특별시 금천구 금하로 816,37.4497786332027,126.920020808062,주소
서울특별시 금천구 금하로1길 97,37.4539854916257,126.889334718088,주소
서울특별시 금천구 금하로24길 31,37.4495601971736,126.908549254818,주소
서울특별시 금천구 금하로30길 53,37.4477657831877,126.916396430625,주소
서울특별시 금천구 남부순환로 1304-11,37.4781477195501,126.896184019972,주소
서울특별시 금천구 남부순환로128길 52,37.4781579905588,126.908153653009,주소
서울특별시 금천구 독산로 123,37.4582258288751,126.905070932986,주소
서울특별시 금천구 독산로 297,37.473454035864,126.903121355207,주소
서울특별시 금천구 독산로 86-1,37.455123104235,126.906088096668,주소
서울특별시 금천구 독산로102길 78,37.4754682009333,126.908493841535,주소
서울특별시 금천구 독산로10길 96,37.4496340433581,126.910501928991,주소
서울특별시 금천구 독산로23길 26,37.4553481963092,126.904649154185,주소
서울특별시 금천구 독산로36나길 21,37.4592842732301,126.909349183257,주소
서울특별시 금천구 독산로40길 13,37.4600165120688,126.905535480561,주소
서울특별시 금천구 독산로44다길 23,37.4620728661457,126.906296201702,주소
서울특별시 금천구 독산로50길 60,37.4624053084957,126.907170322675,주소
서울특별시 금천구 독산로50길 89,37.4637563637838,126.909126305021,주소
서울특별시 금천구 독산로50길 90,37.4623849348003,126.90912706052,주소
서울특별시 금천구 독산로50길 98,37.4623385503703,126.909620052863,주소
서울특별시 금천구 독산로54길 102,37.4667696443557,126.90892992546,주소
서울특별시 금천구 독산로67길 32,37.4646144587758,126.900800711027,주소
서울특별시 금천구 독산로73길 15,37.4677298974495,126.900923765632,주소
서울특별시 금천구 독산로74길 10,37.468643763679,126.902842244321,주소
서울특별시 금천구 독산로78다길 33,37.4699906655608,126.905711036407,주소
서울특별시 금천구 독산로78다길 89,37.4719826762833,126.908186532287,주소
서울특별시 금천구 문성로 62-15,37.4758806998687,126.909922783649,주소
서울특별시 금천구 문성로 67,37.4780455835119,126.910791624653,주소
서울특별시 금천구 범안로 1136,37.4653308234224,126.888536683719,주소
서울특별시 금천구 범안로11길 3,37.467546675265,126.890946472913,주소
서울특별시 금천구 벚꽃로 30,37.4582229148592,126.893710403536,주소
서울특별시 금천구 벚꽃로 73,37.4629100391456,126.890423305457,주소
서울특별시 금천구 시흥대로 158,37.4481856802376,126.903536380041,주소
서울특별시 금천구 시흥대로 164,37.4488833558917,126.903231141312,주소
서울특별시 금천구 시흥대로 165,37.4479033151811,126.900722652942,주소
서울특별시 금천구 시흥대로 193,37.4509932654577,126.901277884409,주소
서울특별시 금천구 시흥대로 198,37.451607766189,126.902156346609,주소
서울특별시 금천구 시흥대로 204,37.4522270876932,126.901896842587,주소
서울특별시 금천구 시흥대로 214,37.4530428916984,126.901712234507,주소
서울특별시 금천구 시흥대로 291,37.4599560487863,126.896699156299,주소
서울특별시 금천구 시흥대로 460,37.4748818804257,126.899471333222,주소
서울특별시 금천구 시흥대로104길 31,37.4656561906645,126.899712928109,주소
서울특별시 금천구 시흥대로104길 36,37.4645312583788,126.899689449707,주소
서울특별시 금천구 시흥대로115길 48,37.468777055274,126.894474890365,주소
서울특별시 금천구 시흥대로147길 34,37.4745944107703,126.895368861106,주소
서울특별시 금천구 시흥대로152길 19,37.4769546403411,126.900094202284,주소
서울특별시 금천구 시흥대로24길 57,37.4414211782481,126.907881604603,주소
서울특별시 금천구 시흥대로26길 37-7,37.44211449423,126.905805013448,주소
서울특별시 금천구 시흥대로26길 6,37.4416273594252,126.904067093335,주소
서울특별시 금천구 시흥대로28길 39,37.4424947533344,126.906070319782,주소
서울특별시 금천구 시흥대로38길 60,37.4462950730433,126.905082280209,주소
서울특별시 금천구 시흥대로38길 78,37.4467672802822,126.905064619222,주소
서울특별시 금천구 시흥대로39길 11,37.4469345335116,126.902549152002,주소
서울특별시 금천구 시흥대로47길 43-1,37.4471198696556,126.898688718403,주소
서울특별시 금천구 시흥대로47길 45,37.4489152569278,126.898720653088,주소
서울특별시 금천구 시흥대로57길 35,37.4537982042845,126.899986109207,주소
서울특별시 금천구 시흥대로79길 23,37.4587137523215,126.897030452969,주소
서울특별시 금천구 시흥대로79길 37,37.4582299981347,126.896205569649,주소
서울특별시 금천구 탑골로 25,37.4520166110861,126.911965602907,주소
서울특별시 금천구 탑골로 28,37.4517752429117,126.912225711735,주소
서울특별시 금천구 탑골로 47-3,37.4523226721912,126.914525435709,주소
서울특별시 금천구 탑골로 49,37.4521213317049,126.914575166464,주소
서울특별시 금천구 탑골로 5,37.4511007503903,126.910076371835,주소
서울특별시 금천구 탑골로10길 45,37.4519206711218,126.915824008297,주소
서울특별시 금천구 탑골로4길 63,37.450599949033,126.914919784616,주소
서울특별시 금천구 탑골로5길 60,37.4548043070511,126.912886851466,주소
서울특별시 금천구 한내로 62,37.4553912730949,126.888877618767,주소
서울특별시 금천구 한내로 69-16,37.4587578075219,126.88839136672,주소
서울특별시 금천구 한내로 69-44,37.4595242629201,126.887498771184,주소
서울특별시 노원구 공릉로 147,37.6231518905437,127.079068738133,주소
서울특별시 노원구 공릉로 149,37.6234300539027,127.079294565897,주소
서울특별시 노원구 공릉로 154-5,37.6238155951976,127.079815822605,주소
서울특별시 노원구 공릉로 265,37.6312721593711,127.072117818679,주소
서울특별시 노원구 공릉로 420,37.644238678695,127.068029512763,주소
서울특별시 노원구 공릉로 431,37.6449803620092,127.065817490235,주소
서울특별시 노원구 공릉로34길 10-2,37.6223518844496,127.079767248678,주소
서울특별시 노원구 공릉로34길 10-5,37.6224206220248,127.079911860746,주소
서울특별시 노원구 공릉로34길 33,37.623203317263,127.080826495828,주소
서울특별시 노원구 공릉로34길 4,37.6222415016736,127.079517813538,주소
서울특별시 노원구 공릉로34길 62,37.6233646903823,127.082122210605,주소
서울특별시 노원구 공릉로34길 86,37.6257613188734,127.081597642805,주소
서울특별시 노원구 공릉로38길 58,37.6224732449936,127.082522222977,주소
서울특별시 노원구 공릉로39길 22,37.6238222249329,127.078121773508,주소
서울특별시 노원구 공릉로46길 23,37.6275709238196,127.080190612101,주소
서울특별시 노원구 공릉로58길 36,37.6344239191317,127.072522941451,주소
서울특별시 노원구 공릉로58길 80,37.6354340887903,127.072839901704,주소
서울특별시 노원구 공릉로59길 15,37.6331523351949,127.071080416606,주소
서울특별시 노원구 광운로1길 24,37.6192431974844,127.056540751938,주소
서울특별시 노원구 광운로2가길 23,37.6181419245691,127.059285315147,주소
서울특별시 노원구 광운로2길 1,37.618602019203,127.057730270535,주소
서울특별시 노원구 광운로2나길 11,37.6169285115538,127.060101455976,주소
서울특별시 노원구 노원로 236,37.6391012937071,127.075113449442,주소
서울특별시 노원구 노원로 248,37.6399414641071,127.07382515218,주소
서울특별시 노원구 노원로 253,37.639948765706,127.072950246038,주소
서울특별시 노원구 노원로 257,37.6402669300959,127.072761003099,주소
서울특별시 노원구 노원로 261-8,37.6413699077314,127.072333564792,주소
서울특별시 노원구 노원로 398,37.6526541000987,127.068552458297,주소
서울특별시 노원구 노원로 421,37.6542241559339,127.06697746423,주소
서울특별시 노원구 노원로 43,37.6254237209193,127.085787136589,주소
서울특별시 노원구 노원로 492,37.660581424498,127.064332662253,주소
서울특별시 노원구 노원로 522,37.6611602749525,127.060997299689,주소
서울특별시 노원구 노원로 526,37.6612007792689,127.060550004743,주소
서울특별시 노원구 노원로 540,37.6614405324116,127.059125137028,주소
서울특별시 노원구 노원로 547,37.6609845717011,127.057983848414,주소
서울특별시 노원구 노원로 58,37.6269205081549,127.088380286848,주소
서울특별시 노원구 노원로1가길 10,37.6236504542283,127.085958412012,주소
서울특별시 노원구 노원로1길 109,37.6204549429011,127.081224275964,주소
서울특별시 노원구 노원로1길 21,37.6209312967361,127.084556592126,주소
서울특별시 노원구 노원로1길 36,37.622879790197,127.08478195175,주소
서울특별시 노원구 노원로1길 42,37.6221359473952,127.083501333421,주소
서울특별시 노원구 노원로1길 75,37.6208325424257,127.083042708327,주소
서울특별시 노원구 노원로1길 9,37.622218884578,127.086439879278,주소
서울특별시 노원구 노원로22길 70,37.6473153742483,127.073989501408,주소
서울특별시 노원구 노원로22길 71,37.6485594214008,127.075881614134,주소
서울특별시 노원구 노원로22길 77,37.6478871394715,127.074560035264,주소
서울특별시 노원구 노원로34길 112,37.6639682126709,127.066285336934,주소
서울특별시 노원구 노원로38길 34,37.6628823049142,127.062234187186,주소
서울특별시 노원구 노해로 521,37.6557642665279,127.065908262314,주소
서울특별시 노원구 누원로 22,37.6871097060198,127.053059073035,주소
서울특별시 노원구 덕릉로 443,37.6461060086385,127.057447991502,주소
서울특별시 노원구 덕릉로 459-37,37.6468005039827,127.059592952406,주소
서울특별시 노원구 덕릉로 459-47,37.6472245337685,127.059539581089,주소
서울특별시 노원구 덕릉로 541,37.648727616308,127.066984539254,주소
서울특별시 노원구 덕릉로 553,37.6495411678348,127.067992875531,주소
서울특별시 노원구 덕릉로 580,37.6497879094923,127.071708403396,주소
서울특별시 노원구 덕릉로 589,37.6509460808249,127.071777847818,주소
서울특별시 노원구 덕릉로 669,37.6573798319788,127.074654749532,주소
서울특별시 노원구 덕릉로 699,37.6601294556367,127.075209656625,주소
서울특별시 노원구 덕릉로 730,37.6628268139347,127.07619126233,주소
서울특별시 노원구 덕릉로 738,37.6634551388218,127.076221032178,주소
서울특별시 노원구 덕릉로 780,37.6666919810414,127.079126011496,주소
서울특별시 노원구 덕릉로112길 42,37.6663519826115,127.079881185086,주소
서울특별시 노원구 덕릉로112길 68,37.6666337243041,127.081715132961,주소
서울특별시 노원구 덕릉로118길 17,37.6677792169267,127.079893935761,주소
서울특별시 노원구 덕릉로71길 30,37.6508593038502,127.069694753378,주소
서울특별시 노원구 덕릉로73길 18,37.6521796648241,127.072435497752,주소
서울특별시 노원구 덕릉로73길 28,37.6524755833309,127.071935248871,주소
서울특별시 노원구 덕릉로76길 18,37.654290852548,127.075304285056,주소
서울특별시 노원구 덕릉로76길 23,37.6556269059244,127.074900383387,주소
서울특별시 노원구 덕릉로82길 64,37.6612906377296,127.080799772038,주소
서울특별시 노원구 덕릉로86길 29-15,37.6610756041689,127.078078515184,주소
서울특별시 노원구 덕릉로94가길 20,37.6625064307881,127.078111067764,주소
서울특별시 노원구 동일로 1007,37.620125640146,127.074521994601,주소
서울특별시 노원구 동일로 1026,37.6217393590643,127.07458477322,주소
서울특별시 노원구 동일로 1053,37.624028557637,127.073193070818,주소
서울특별시 노원구 동일로 1279,37.6430702786721,127.064011517969,주소
서울특별시 노원구 동일로 1368,37.6507430859966,127.061926369891,주소
서울특별시 노원구 동일로 1373,37.6511532168443,127.061055518425,주소
서울특별시 노원구 동일로 1493,37.6616423693886,127.058001700205,주소
서울특별시 노원구 동일로 1530,37.665066086443,127.058023631956,주소
서울특별시 노원구 동일로 1532,37.665306491751,127.057975536284,주소
서울특별시 노원구 동일로 1533,37.6653647809563,127.057246351895,주소
서울특별시 노원구 동일로 1545,37.6663907694807,127.056973759982,주소
서울특별시 노원구 동일로 1547,37.6665575614389,127.056931384286,주소
서울특별시 노원구 동일로 1550,37.666911617005,127.057549710711,주소
서울특별시 노원구 동일로 1551,37.6668881732629,127.056844136528,주소
서울특별시 노원구 동일로 1554,37.6672044559933,127.057507999977,주소
서울특별시 노원구 동일로 1619,37.6727197084062,127.055260080759,주소
서울특별시 노원구 동일로 1625,37.6735135287049,127.05513756871,주소
서울특별시 노원구 동일로 1729,37.6831446942923,127.054808336792,주소
서울특별시 노원구 동일로 1745,37.684506075345,127.055187311236,주소
서울특별시 노원구 동일로173길 12,37.6186120126537,127.074614270574,주소
서울특별시 노원구 동일로191가길 59,37.6276627857703,127.069605911337,주소
서울특별시 노원구 동일로192가길 16,37.62719482311,127.074030837547,주소
서울특별시 노원구 동일로197길 23,37.6283839449794,127.070046238448,주소
서울특별시 노원구 동일로203가길 29,37.6398759609875,127.06428375943,주소
서울특별시 노원구 동일로203길 87,37.6369763760003,127.062335387205,주소
서울특별시 노원구 동일로207길 184,37.6372461774035,127.060865806768,주소
서울특별시 노원구 동일로207길 23,37.6429787995689,127.063230307894,주소
서울특별시 노원구 동일로213길 26,37.6493611386676,127.059691996616,주소
서울특별시 노원구 동일로213길 52,37.6482303134222,127.058252457257,주소
서울특별시 노원구 동일로213길 78,37.6481193643814,127.057595830364,주소
서울특별시 노원구 동일로215길 81,37.6502261274672,127.056865089463,주소
서울특별시 노원구 동일로216길 42,37.6519030829222,127.063986916145,주소
서울특별시 노원구 동일로216길 66,37.6510888982527,127.064586804676,주소
서울특별시 노원구 동일로221길 27,37.658683945506,127.057369284524,주소
서울특별시 노원구 동일로227길 26,37.6701880464645,127.054677638301,주소
서울특별시 노원구 동일로227길 61,37.6671487661533,127.053705308096,주소
서울특별시 노원구 동일로230가길 16,37.6722338530334,127.057618090412,주소
서울특별시 노원구 동일로230길 32,37.6714415548666,127.058121315318,주소
서울특별시 노원구 동일로230나길 32,37.6735901336984,127.058460101574,주소
서울특별시 노원구 동일로231길 24,37.6722888633529,127.053889693074,주소
서울특별시 노원구 동일로236길 60-4,37.673949741923,127.058767683906,주소
서울특별시 노원구 동일로237나길 2,37.6737966537821,127.05368958218,주소
서울특별시 노원구 동일로237다길 29,37.6748563105855,127.052454895398,주소
서울특별시 노원구 동일로242라길 9,37.6761379160878,127.057187407669,주소
서울특별시 노원구 동일로245가길 41,37.6806663867465,127.053801434371,주소
서울특별시 노원구 동일로245길 162,37.6808384621835,127.0542198702,주소
서울특별시 노원구 마들로 111,37.623834179266,127.064777536775,주소
서울특별시 노원구 마들로 31,37.6187253727752,127.067084588448,주소
서울특별시 노원구 마들로 45,37.6207501680548,127.069258063469,주소
서울특별시 노원구 마들로 59,37.6226208171943,127.066881928111,주소
서울특별시 노원구 마들로3길 34,37.6285101097035,127.063134105063,주소
서울특별시 노원구 상계로 193-14,37.6621630029486,127.074305253695,주소
서울특별시 노원구 상계로 267,37.6675183641329,127.075828032383,주소
서울특별시 노원구 상계로 93,37.6569096630046,127.0651368368,주소
서울특별시 노원구 상계로1길 24,37.6572155002238,127.06170339001,주소
서울특별시 노원구 상계로1길 74,37.6594431769139,127.061532290521,주소
서울특별시 노원구 상계로9길 39,37.6588438529621,127.066336425835,주소
서울특별시 노원구 석계로 49,37.6172177389168,127.06250985635,주소
서울특별시 노원구 석계로9길 25,37.6169456876515,127.062929733999,주소
서울특별시 노원구 섬밭로 134,37.6283837344084,127.069334929029,주소
서울특별시 노원구 섬밭로 139,37.6302815782115,127.065702114261,주소
서울특별시 노원구 섬밭로 144,37.6299301501593,127.068936691961,주소
서울특별시 노원구 섬밭로 152,37.6299387254149,127.068289609111,주소
서울특별시 노원구 섬밭로 181,37.632255170053,127.066056635951,주소
서울특별시 노원구 섬밭로 209,37.634930666229,127.065698730107,주소
서울특별시 노원구 섬밭로 232,37.6366151651829,127.065668150406,주소
서울특별시 노원구 섬밭로 241,37.6372508810163,127.063731552615,주소
서울특별시 노원구 섬밭로 258,37.6391097783726,127.064915087375,주소
서울특별시 노원구 섬밭로 263,37.6391399283859,127.06381950095,주소
서울특별시 노원구 섬밭로 316,37.6439662833968,127.063052005752,주소
서울특별시 노원구 수락산로 182,37.6717249831458,127.059783582989,주소
서울특별시 노원구 수락산로 232,37.6710670123605,127.052966604483,주소
서울특별시 노원구 수락산로 234,37.6719288518576,127.052648476813,주소
서울특별시 노원구 수락산로 237,37.6704594706621,127.051773754079,주소
서울특별시 노원구 월계로 376,37.6310791072444,127.061742156935,주소
서울특별시 노원구 월계로45가길 10,37.6279505755622,127.050869480548,주소
서울특별시 노원구 월계로45가길 54,37.6311311432951,127.052320262288,주소
서울특별시 노원구 월계로45가길 89,37.6318138735535,127.050544595126,주소
서울특별시 노원구 월계로45가길 9,37.6302844506448,127.049264552091,주소
서울특별시 노원구 월계로45길 21,37.6256184658306,127.051276377642,주소
서울특별시 노원구 월계로55길 3,37.6317008561386,127.060566732758,주소
서울특별시 노원구 월계로55길 48,37.6331961990879,127.059550025404,주소
서울특별시 노원구 중계로 164,37.6497466481357,127.081158941093,주소
서울특별시 노원구 중계로 170,37.6501142899466,127.081230617455,주소
서울특별시 노원구 중계로 178,37.6511506377134,127.080650989428,주소
서울특별시 노원구 중계로 197,37.6503496861549,127.078209384307,주소
서울특별시 노원구 중계로 198,37.6509108285581,127.078193881613,주소
서울특별시 노원구 중계로 201,37.650467997279,127.077782301891,주소
서울특별시 노원구 중계로 202,37.6508298105986,127.077814748223,주소
서울특별시 노원구 중계로 217,37.6505035811197,127.075992830225,주소
서울특별시 노원구 중계로 218,37.650849734349,127.07599964207,주소
서울특별시 노원구 중계로 219,37.6504973905776,127.075671682358,주소
서울특별시 노원구 중계로 220,37.6508726429372,127.075682601688,주소
서울특별시 노원구 중계로 225,37.6503840349218,127.074984978156,주소
서울특별시 노원구 중계로 230,37.6510358515074,127.075054984295,주소
서울특별시 노원구 중계로 239,37.6505874233691,127.073350350295,주소
서울특별시 노원구 중계로12가길 2,37.647378099299,127.08213425214,주소
서울특별시 노원구 중계로12길 9,37.647684897261,127.081465589212,주소
서울특별시 노원구 중계로14길 24,37.6494956700485,127.081889442157,주소
서울특별시 노원구 중계로14바길 2,37.6498801772267,127.082582114688,주소
서울특별시 노원구 중계로18길 13,37.6513074199799,127.077817172988,주소
서울특별시 노원구 중계로18길 17,37.6515237967022,127.077876777913,주소
서울특별시 노원구 중계로18길 9,37.6511314648922,127.077806790733,주소
서울특별시 노원구 중계로8길 29,37.6480096921552,127.083285760903,주소
서울특별시 노원구 초안산로 29,37.6299890777455,127.052871958868,주소
서울특별시 노원구 초안산로2라길 31,37.6311630719706,127.05821126406,주소
서울특별시 노원구 초안산로5길 12,37.6325606295737,127.051747902831,주소
서울특별시 노원구 한글비석로 227,37.6479118263804,127.076251603698,주소
서울특별시 노원구 한글비석로 232,37.6484456633269,127.076938720805,주소
서울특별시 노원구 한글비석로 235,37.6487936506461,127.076341457383,주소
서울특별시 노원구 한글비석로 242,37.6492349017795,127.076973642943,주소
서울특별시 노원구 한글비석로 250,37.6500289131025,127.077011970264,주소
서울특별시 노원구 한글비석로 253,37.6504237048351,127.0763481119,주소
서울특별시 노원구 한글비석로 254,37.6504043041825,127.077086240765,주소
서울특별시 노원구 한글비석로 263,37.6512102732388,127.076471187809,주소
서울특별시 노원구 한글비석로 264,37.6511587125973,127.077337907538,주소
서울특별시 노원구 한글비석로 265,37.6514499678519,127.076558915758,주소
서울특별시 노원구 한글비석로 269,37.6517182215771,127.076788209393,주소
서울특별시 노원구 한글비석로 270,37.6515705090228,127.077403153081,주소
서울특별시 노원구 한글비석로 272,37.651746999176,127.077559150321,주소
서울특별시 노원구 한글비석로 273,37.652170864325,127.077219064677,주소
서울특별시 노원구 한글비석로 276,37.6518970571863,127.077765434631,주소
서울특별시 노원구 한글비석로 363,37.6579746148816,127.074441267015,주소
서울특별시 노원구 한글비석로 396,37.6623030184626,127.073581746977,주소
서울특별시 노원구 한글비석로 444,37.663613046348,127.068492606148,주소
서울특별시 노원구 한글비석로 474,37.6648233542549,127.065441493669,주소
서울특별시 노원구 한글비석로 506,37.6652515464657,127.062532889006,주소
서울특별시 노원구 한글비석로 566,37.6648178269709,127.054322233957,주소
서울특별시 노원구 한글비석로 571,37.6641671028626,127.054594791476,주소
서울특별시 노원구 한글비석로15길 11,37.6576376024852,127.074370100366,주소
서울특별시 노원구 한글비석로15길 19,37.6573049490569,127.074244428052,주소
서울특별시 노원구 한글비석로15길 48,37.6564594192251,127.073458233624,주소
서울특별시 노원구 한글비석로19길 39,37.6578622263163,127.073348327013,주소
서울특별시 노원구 한글비석로1길 81-11,37.6410575739212,127.069114774673,주소
서울특별시 노원구 한글비석로41가길 24,37.6624464105885,127.068880275281,주소
서울특별시 노원구 한글비석로48길 25,37.6654261006579,127.067221122626,주소
서울특별시 노원구 한글비석로48길 28,37.6654244667365,127.067400311869,주소
서울특별시 노원구 한글비석로52길 14,37.665094417081,127.066483776023,주소
서울특별시 노원구 한글비석로52길 18,37.6653060134257,127.066561829287,주소
서울특별시 노원구 한글비석로52길 38,37.6660983884253,127.0666281614,주소
서울특별시 노원구 한글비석로52길 4,37.6646805241733,127.06645246532,주소
서울특별시 노원구 한글비석로52길 59,37.6673295252885,127.065597387199,주소
서울특별시 노원구 한글비석로54길 116,37.6682969826931,127.060396407042,주소
서울특별시 노원구 한글비석로54길 119,37.6676655147961,127.059630713208,주소
서울특별시 노원구 한글비석로5길 45,37.6454697408382,127.073217164139,주소
서울특별시 노원구 한글비석로8길 16,37.6477772551525,127.077578817918,주소
서울특별시 노원구 화랑로 556,37.6212874655188,127.087753447955,주소
서울특별시 노원구 화랑로 621,37.6273815936787,127.091621159803,주소
서울특별시 노원구 화랑로 815,37.643357369067,127.108850343184,주소
서울특별시 노원구 화랑로51길 17,37.6230767984832,127.089350927229,주소
서울특별시 노원구 화랑로51길 38,37.6249572724348,127.089080516412,주소
서울특별시 노원구 화랑로51길 81,37.6250348426368,127.087400118828,주소
서울특별시 노원구 화랑로51나길 31,37.6262508612825,127.090915053347,주소
서울특별시 노원구 화랑로51나길 51,37.6269609216049,127.09080728109,주소
서울특별시 도봉구 노해로 174,37.6497629262878,127.028112873669,주소
서울특별시 도봉구 노해로 179,37.6510234416817,127.027944278021,주소
서울특별시 도봉구 노해로 384,37.6519427474015,127.051002787716,주소
서울특별시 도봉구 노해로 389,37.6527681735064,127.051335609074,주소
서울특별시 도봉구 노해로45길 31,37.6506667386259,127.026396337954,주소
서울특별시 도봉구 노해로49길 69,37.6533558400471,127.032427255133,주소
서울특별시 도봉구 노해로62길 33,37.6491157717023,127.038832940575,주소
서울특별시 도봉구 노해로62길 36,37.6496533775293,127.037756150461,주소
서울특별시 도봉구 노해로62길 8,37.6509206662184,127.037580809064,주소
서울특별시 도봉구 노해로63가길 101,37.6567942017203,127.045665797854,주소
서울특별시 도봉구 노해로63가길 31-12,37.6544550493178,127.044545976203,주소
서울특별시 도봉구 노해로63가길 42,37.6544461666769,127.045394083473,주소
서울특별시 도봉구 노해로63길 84-9,37.6525366988117,127.047268829188,주소
서울특별시 도봉구 노해로65길 11,37.6518116535822,127.046193194873,주소
서울특별시 도봉구 노해로66길 103,37.6468320596932,127.048755264749,주소
서울특별시 도봉구 노해로66길 29,37.6500274799374,127.047447185739,주소
서울특별시 도봉구 노해로66길 60,37.6489885948239,127.046444592356,주소
서울특별시 도봉구 노해로66길 84,37.647657641563,127.047626299257,주소
서울특별시 도봉구 노해로69길 26,37.6536805907236,127.05093802275,주소
서울특별시 도봉구 노해로69길 97,37.6568264212057,127.049334440854,주소
서울특별시 도봉구 노해로70길 16,37.6515195159325,127.051302453613,주소
서울특별시 도봉구 노해로70길 46,37.6502819830907,127.051377751402,주소
서울특별시 도봉구 노해로70길 95,37.6488024156485,127.053743652838,주소
서울특별시 도봉구 노해로70길 96,37.6479137277855,127.051425751311,주소
서울특별시 도봉구 덕릉로59다길 38,37.639508448898,127.036996093069,주소
서울특별시 도봉구 덕릉로59아길 40,37.6425124820806,127.03904421653,주소
서울특별시 도봉구 덕릉로60길 93,37.6365395299158,127.042084340998,주소
서울특별시 도봉구 덕릉로63가길 26,37.643532905871,127.038864932636,주소
서울특별시 도봉구 덕릉로63가길 32,37.6434263222705,127.038581836987,주소
서울특별시 도봉구 덕릉로63가길 61,37.6426063787029,127.037330634079,주소
서울특별시 도봉구 덕릉로63가길 94,37.6422575339504,127.035526871819,주소
서울특별시 도봉구 덕릉로63길 46,37.6432370796248,127.041604074164,주소
서울특별시 도봉구 도당로 11,37.6592668536377,127.034849777748,주소
서울특별시 도봉구 도당로 7,37.6587910674163,127.034774417532,주소
서울특별시 도봉구 도당로9길 34,37.6639337284245,127.032747955457,주소
서울특별시 도봉구 도당로9길 41,37.6627997908554,127.032286065899,주소
서울특별시 도봉구 도봉로 575,37.6564054566286,127.038790046328,주소
서울특별시 도봉구 도봉로104길 75,37.6435216018671,127.036162558653,주소
서울특별시 도봉구 도봉로109길 58,37.6471800024959,127.030236734193,주소
서울특별시 도봉구 도봉로110나길 51,37.6484479243423,127.035524494534,주소
서울특별시 도봉구 도봉로110다길 51,37.6432046774836,127.032943371392,주소
서울특별시 도봉구 도봉로115길 16,37.6495520466193,127.032838864654,주소
서울특별시 도봉구 도봉로125길 94,37.6565975988284,127.037794684504,주소
서울특별시 도봉구 도봉로129길 45,37.6553615311414,127.035805660546,주소
서울특별시 도봉구 도봉로129길 50,37.6562806786387,127.035622286787,주소
서울특별시 도봉구 도봉로129길 54,37.6566021823161,127.034602499962,주소
서울특별시 도봉구 도봉로136길 7,37.659316184002,127.04165214437,주소
서울특별시 도봉구 도봉로136다길 4,37.6594678039701,127.042950889775,주소
서울특별시 도봉구 도봉로150다길 64,37.6689416628853,127.044531851033,주소
서울특별시 도봉구 도봉로153길 29,37.6698869057472,127.041755076527,주소
서울특별시 도봉구 도봉로169가길 33,37.6815704209468,127.042573542277,주소
서울특별시 도봉구 도봉로180나길 41,37.6843445449287,127.049895811436,주소
서울특별시 도봉구 도봉산길 27,37.6867550062856,127.042578432977,주소
서울특별시 도봉구 마들로 555,37.6603292711101,127.048652457888,주소
서울특별시 도봉구 마들로 624,37.6657841569947,127.046680603721,주소
서울특별시 도봉구 마들로 649-20,37.6683516698836,127.044851810275,주소
서울특별시 도봉구 마들로 650,37.6680283468222,127.047064658894,주소
서울특별시 도봉구 마들로 657,37.6683298607216,127.045337365161,주소
서울특별시 도봉구 마들로 664-5,37.6694708210254,127.046826069138,주소
서울특별시 도봉구 마들로 671,37.6708838426227,127.045871656464,주소
서울특별시 도봉구 마들로 859-44,37.6872327127492,127.04926716395,주소
서울특별시 도봉구 마들로11길 57,37.6535060444313,127.05015756821,주소
서울특별시 도봉구 마들로13길 165,37.6576164096492,127.045970474461,주소
서울특별시 도봉구 마들로13길 166,37.6580556761129,127.047017564524,주소
서울특별시 도봉구 마들로13길 175,37.6580004707369,127.045809557658,주소
서울특별시 도봉구 방학로 171-8,37.6619076080736,127.033049215905,주소
서울특별시 도봉구 방학로 172,37.6625747401152,127.033207955109,주소
서울특별시 도봉구 방학로 184,37.66243071666,127.031741101944,주소
서울특별시 도봉구 방학로 210,37.6621722514755,127.028831224421,주소
서울특별시 도봉구 방학로 223,37.6613189795285,127.027500354604,주소
서울특별시 도봉구 방학로 247-21,37.6612204531084,127.025721318601,주소
서울특별시 도봉구 방학로 31-16,37.6618618617234,127.048600870791,주소
서울특별시 도봉구 방학로 32,37.6632295672339,127.048997534536,주소
서울특별시 도봉구 방학로 32-28,37.6641348713315,127.048784033819,주소
서울특별시 도봉구 방학로10길 35,37.6639638991191,127.033433663041,주소
서울특별시 도봉구 방학로11길 89,37.6588897615058,127.034341995556,주소
서울특별시 도봉구 방학로15길 26,37.6602168506854,127.024007389313,주소
서울특별시 도봉구 삼양로 580-11,37.6551170123469,127.014003503738,주소
서울특별시 도봉구 삼양로146길 14,37.6523806150948,127.013426529497,주소
서울특별시 도봉구 삼양로146길 17,37.6526411510791,127.013672369001,주소
서울특별시 도봉구 시루봉로 105,37.6601767333194,127.027032098141,주소
서울특별시 도봉구 시루봉로 105-2,37.6602000532098,127.027489175299,주소
서울특별시 도봉구 시루봉로 156,37.6641404281763,127.028898968518,주소
서울특별시 도봉구 시루봉로 173,37.6666842526367,127.028918089521,주소
서울특별시 도봉구 시루봉로 188,37.6654512192487,127.030859014878,주소
서울특별시 도봉구 시루봉로 2,37.6512036205732,127.028767604522,주소
서울특별시 도봉구 시루봉로 285,37.6716365687983,127.04005173271,주소
서울특별시 도봉구 시루봉로 53,37.6562750160951,127.026703057445,주소
서울특별시 도봉구 시루봉로 56,37.6558426422301,127.028218971963,주소
서울특별시 도봉구 시루봉로 59,37.656184863325,127.027720693373,주소
서울특별시 도봉구 시루봉로 63,37.6564029915718,127.027718734592,주소
서울특별시 도봉구 시루봉로 70,37.6569486947202,127.028190605445,주소
서울특별시 도봉구 시루봉로 88,37.6587392473489,127.028059706373,주소
서울특별시 도봉구 시루봉로17길 3,37.6682291963423,127.0341856895,주소
서울특별시 도봉구 시루봉로6길 90,37.6591935045365,127.032351595876,주소
서울특별시 도봉구 우이천로 120,37.6331950434853,127.04088417427,주소
서울특별시 도봉구 우이천로 353,37.6476634805178,127.024783509041,주소
서울특별시 도봉구 우이천로 356,37.6479165488307,127.024868804897,주소
서울특별시 도봉구 우이천로 360,37.6483638272868,127.024291051625,주소
서울특별시 도봉구 우이천로 432,37.6526987118348,127.0184004627,주소
서울특별시 도봉구 우이천로32길 65,37.650642445811,127.025000709062,주소
서울특별시 도봉구 우이천로4라길 10,37.6335498386209,127.041438025161,주소
서울특별시 도봉구 해등로 103,37.6526440884387,127.039979883482,주소
서울특별시 도봉구 해등로 120-4,37.65421920097,127.041245526976,주소
서울특별시 도봉구 해등로 190,37.6582166673064,127.035759433408,주소
서울특별시 도봉구 해등로 206,37.6582757702872,127.03393429406,주소
서울특별시 도봉구 해등로 218,37.6581564278861,127.032521026155,주소
서울특별시 도봉구 해등로 242-7,37.6582299085036,127.029591045352,주소
서울특별시 도봉구 해등로 255,37.6573886465161,127.028181138914,주소
서울특별시 도봉구 해등로 268,37.657835916108,127.026929253695,주소
서울특별시 도봉구 해등로16길 26,37.6556290632666,127.041487916229,주소
서울특별시 도봉구 해등로16길 81,37.6553630407375,127.044832890478,주소
서울특별시 도봉구 해등로16길 86,37.6546723445578,127.044603447845,주소
서울특별시 도봉구 해등로25길 41,37.6558809051642,127.034124384435,주소
서울특별시 도봉구 해등로26길 25,37.6592145043184,127.032653517934,주소
서울특별시 도봉구 해등로26길 7,37.6584184138328,127.032591971352,주소
서울특별시 도봉구 해등로32길 11,37.6586278284753,127.021956174977,주소
서울특별시 도봉구 해등로32길 8,37.6579106357656,127.022961076066,주소
서울특별시 도봉구 해등로4길 9,37.6485694706115,127.044061327345,주소
서울특별시 동대문구 경희대로 26,37.5939491407769,127.054890960564,주소
서울특별시 동대문구 경희대로4길 79,37.5914303854363,127.05648788731,주소
서울특별시 동대문구 경희대로4길 79-1,37.5915393353741,127.056446075305,주소
서울특별시 동대문구 고산자로 518,37.586120384461,127.039414975087,주소
서울특별시 동대문구 고산자로34길 40,37.5779707535336,127.040638413478,주소
서울특별시 동대문구 고산자로34길 70,37.5782923121696,127.042196782039,주소
서울특별시 동대문구 답십리로,37.5728706947252,127.058958260045,주소
서울특별시 동대문구 답십리로 105,37.5736501382729,127.052076034276,주소
서울특별시 동대문구 답십리로 140,37.5724894025765,127.055597303756,주소
서울특별시 동대문구 답십리로 150,37.5726648870761,127.056606946405,주소
서울특별시 동대문구 답십리로 238,37.5725470624111,127.066574613903,주소
서울특별시 동대문구 답십리로 255,37.5727624751506,127.068800987718,주소
서울특별시 동대문구 답십리로 267,37.5727019911814,127.070072727815,주소
서울특별시 동대문구 답십리로 269,37.5726770051581,127.070423396159,주소
서울특별시 동대문구 답십리로 27,37.5791424001707,127.045821541275,주소
서울특별시 동대문구 답십리로 291-1,37.572538710473,127.072640611753,주소
서울특별시 동대문구 답십리로 291-3,37.5727245910973,127.072631849536,주소
서울특별시 동대문구 답십리로 293,37.5724831474925,127.073032679501,주소
서울특별시 동대문구 답십리로 303,37.5724053882196,127.074050602096,주소
서울특별시 동대문구 답십리로 76,37.5750527840341,127.048971286406,주소
서울특별시 동대문구 답십리로 77,37.5751171286371,127.049586247831,주소
서울특별시 동대문구 답십리로45길 8,37.5732188702787,127.055931673528,주소
서울특별시 동대문구 답십리로60길 12,37.5715014215127,127.06403409435,주소
서울특별시 동대문구 답십리로60길 66,37.5702216346085,127.063558708729,주소
서울특별시 동대문구 답십리로60길 78,37.5697150487035,127.063141381343,주소
서울특별시 동대문구 답십리로69길 11,37.5727179929179,127.073683352955,주소
서울특별시 동대문구 답십리로69길 55,37.5746934896406,127.073866196873,주소
서울특별시 동대문구 답십리로69길 8,37.5727149888064,127.074020684384,주소
서울특별시 동대문구 답십리로72길 112,37.5674015619853,127.072108263999,주소
서울특별시 동대문구 답십리로72길 114,37.5672758957686,127.072071129328,주소
서울특별시 동대문구 답십리로72길 158,37.5668596067189,127.070477570556,주소
서울특별시 동대문구 답십리로72길 18,37.5713194385769,127.07401941641,주소
서울특별시 동대문구 답십리로72길 22,37.5712201844593,127.073962719583,주소
서울특별시 동대문구 망우로 95,37.5911848350701,127.06396320352,주소
서울특별시 동대문구 망우로18나길 20,37.5870929876308,127.061746113577,주소
서울특별시 동대문구 망우로20길 46,37.5904999562953,127.064688172143,주소
서울특별시 동대문구 망우로6길 48,37.5856754144498,127.057916891964,주소
서울특별시 동대문구 무학로44길 25,37.5823074106355,127.031856383108,주소
서울특별시 동대문구 무학로49길 96,37.5792658818063,127.025345433662,주소
서울특별시 동대문구 사가정로 136,37.577593600245,127.059888015776,주소
서울특별시 동대문구 사가정로 148,37.5766590358858,127.061567688813,주소
서울특별시 동대문구 사가정로 149,37.5781533719866,127.061496126654,주소
서울특별시 동대문구 사가정로 193,37.58008416213,127.066871936075,주소
서울특별시 동대문구 사가정로 202,37.5784199199295,127.067376261455,주소
서울특별시 동대문구 사가정로 207,37.5788925747579,127.068016203955,주소
서울특별시 동대문구 사가정로 59,37.5745220668493,127.051994343436,주소
서울특별시 동대문구 사가정로 65,37.5755060418781,127.049695860484,주소
서울특별시 동대문구 사가정로 66,37.5746852353644,127.054397292161,주소
서울특별시 동대문구 사가정로 80,37.5752237850342,127.054926569574,주소
서울특별시 동대문구 사가정로13길 67,37.5825001768201,127.058379516351,주소
서울특별시 동대문구 사가정로13길 71,37.5820442761539,127.059279434844,주소
서울특별시 동대문구 사가정로17길 15,37.5785548092419,127.060009239271,주소
서울특별시 동대문구 사가정로20길 9,37.5780187890789,127.06659703246,주소
서울특별시 동대문구 서울시립대로 31,37.5753105451014,127.045864474612,주소
서울특별시 동대문구 신이문로 13,37.6031160594956,127.063574680121,주소
서울특별시 동대문구 신이문로 16,37.6018964867149,127.064885003959,주소
서울특별시 동대문구 신이문로 25,37.6031539662494,127.064944304333,주소
서울특별시 동대문구 신이문로 37,37.6031954987165,127.066246891728,주소
서울특별시 동대문구 신이문로 39,37.6031835189738,127.066401121633,주소
서울특별시 동대문구 신이문로9길 5-2,37.6033165028699,127.063624678858,주소
서울특별시 동대문구 안암로 6,37.5779549391135,127.025328234604,주소
서울특별시 동대문구 약령시로 10-1,37.5825521645198,127.031014285681,주소
서울특별시 동대문구 약령시로 13,37.5828221361112,127.031227241466,주소
서울특별시 동대문구 약령시로 13-1,37.5828257132959,127.031328343764,주소
서울특별시 동대문구 약령시로 16,37.582531287861,127.031594274089,주소
서울특별시 동대문구 왕산로 186,37.5793755754741,127.044171994493,주소
서울특별시 동대문구 왕산로 301,37.5882192071931,127.050622549806,주소
서울특별시 동대문구 왕산로23길 55,37.5818502321361,127.033850440748,주소
서울특별시 동대문구 이문로 120,37.5984702182265,127.062682937358,주소
서울특별시 동대문구 이문로 164,37.6011015176906,127.062255276554,주소
서울특별시 동대문구 이문로 174,37.6019957274363,127.062299394073,주소
서울특별시 동대문구 이문로 38,37.590757612557,127.056680204054,주소
서울특별시 동대문구 이문로 62,37.5926259570167,127.057881968224,주소
서울특별시 동대문구 이문로35길 12,37.599823362368,127.061241161796,주소
서울특별시 동대문구 이문로35길 21,37.5991201612927,127.060849796043,주소
서울특별시 동대문구 이문로54길 46,37.6054382486418,127.064446861992,주소
서울특별시 동대문구 장안벚꽃로 107,37.5710568281709,127.075113657819,주소
서울특별시 동대문구 장안벚꽃로 167,37.5750720968253,127.074282139153,주소
서울특별시 동대문구 장안벚꽃로 201,37.5780471818476,127.075133018965,주소
서울특별시 동대문구 장안벚꽃로 205,37.5784502701654,127.076003088926,주소
서울특별시 동대문구 장안벚꽃로 291,37.5861935915453,127.070929087368,주소
서울특별시 동대문구 장안벚꽃로 309,37.5856764110055,127.070041638322,주소
서울특별시 동대문구 장안벚꽃로1길 7,37.5763379008361,127.074572635161,주소
서울특별시 동대문구 장한로 140,37.5728529149051,127.072154950754,주소
서울특별시 동대문구 장한로 158,37.5743894481096,127.072192771081,주소
서울특별시 동대문구 장한로14길 61,37.565968213548,127.072033422513,주소
서울특별시 동대문구 장한로14길 81,37.5668181232225,127.072180369911,주소
서울특별시 동대문구 장한로18길 36,37.5675264679054,127.071021744961,주소
서울특별시 동대문구 장한로26길 32,37.5713656300002,127.073199912822,주소
서울특별시 동대문구 장한로28가길 45,37.5750625285245,127.07257242454,주소
서울특별시 동대문구 장한로28길 22,37.5728386019642,127.073158791418,주소
서울특별시 동대문구 장한로28길 24,37.5728279663727,127.07331024212,주소
서울특별시 동대문구 장한로28길 48,37.5726606645832,127.074584137117,주소
서울특별시 동대문구 장한로28길 50,37.5726543303606,127.074769664563,주소
서울특별시 동대문구 장한로32길 19,37.5758584588275,127.073314684596,주소
서울특별시 동대문구 장한로32길 27,37.5753349863934,127.073740155879,주소
서울특별시 동대문구 장한로34길 18,37.5762341210114,127.073108680573,주소
서울특별시 동대문구 전농로 105-1,37.5744318290656,127.057351229018,주소
서울특별시 동대문구 전농로 114,37.5750950169195,127.057790965537,주소
서울특별시 동대문구 전농로 118,37.5754122818698,127.057924224892,주소
서울특별시 동대문구 전농로 172,37.5807042921469,127.056012445216,주소
서울특별시 동대문구 전농로 58-1,37.5700513269587,127.057443406963,주소
서울특별시 동대문구 전농로 60,37.5701596186742,127.057459677103,주소
서울특별시 동대문구 전농로 73,37.571400047973,127.057027762898,주소
서울특별시 동대문구 전농로10길 20,37.5746094744702,127.060129124176,주소
서울특별시 동대문구 전농로11길 79,37.5732327685681,127.056073184239,주소
서울특별시 동대문구 전농로16길 44,37.578160943212,127.059735866174,주소
서울특별시 동대문구 전농로16길 61,37.5790832853249,127.060805297019,주소
서울특별시 동대문구 전농로3길 106-4,37.5723871620735,127.056310381287,주소
서울특별시 동대문구 전농로3길 23,37.5688043221289,127.055427038114,주소
서울특별시 동대문구 정릉천동로 58,37.5771867895785,127.036238453059,주소
서울특별시 동대문구 제기로 82-2,37.5865407740263,127.042317262303,주소
서울특별시 동대문구 천호대로 177,37.5727046089059,127.042961687519,주소
서울특별시 동대문구 천호대로13길 43,37.5764049847235,127.0283819823,주소
서울특별시 동대문구 천호대로13길 53,37.576430600221,127.029735359047,주소
서울특별시 동대문구 천호대로47길 34,37.5738482581785,127.043896480723,주소
서울특별시 동대문구 천호대로55길 11,37.5715355323262,127.04615896391,주소
서울특별시 동대문구 천호대로77길 89,37.5657204921314,127.063295568507,주소
서울특별시 동대문구 한빛로 39,37.578657440622,127.026971467186,주소
서울특별시 동대문구 한천로 124,37.5720776043123,127.066164530643,주소
서울특별시 동대문구 한천로 127,37.5725083384241,127.065898780498,주소
서울특별시 동대문구 한천로 136,37.5731817625301,127.066823879674,주소
서울특별시 동대문구 한천로 193,37.5781638369193,127.067883880503,주소
서울특별시 동대문구 한천로 244-11,37.5823436555362,127.068785236478,주소
서울특별시 동대문구 한천로 246,37.5828193166314,127.068739369277,주소
서울특별시 동대문구 한천로 247,37.5819005156881,127.067434080061,주소
서울특별시 동대문구 한천로 481,37.60360097241,127.066995129518,주소
서울특별시 동대문구 한천로39길 17,37.5780361670699,127.067094142154,주소
서울특별시 동대문구 한천로58길 47,37.6007507501532,127.068769452719,주소
서울특별시 동대문구 한천로63길 10,37.6049031022538,127.063706436409,주소
서울특별시 동대문구 한천로6길 21,37.5641223174494,127.060523298508,주소
서울특별시 동대문구 홍릉로15길 50,37.586048641672,127.041070321981,주소
서울특별시 동대문구 회기로 121,37.5916061825125,127.050070592394,주소
서울특별시 동대문구 회기로 90,37.5906875196186,127.047705124334,주소
서울특별시 동대문구 회기로10길 63,37.5896941349867,127.0482485373,주소
서울특별시 동대문구 회기로25길 31,37.5923093987643,127.055908478798,주소
서울특별시 동대문구 휘경로 39,37.5948915267761,127.064273464123,주소
서울특별시 동대문구 휘경로2가길 21,37.5953190175986,127.061970205444,주소
서울특별시 동작구 강남초등길 15,37.5062047182589,126.953567101813,주소
서울특별시 동작구 남부순환로269길 166,37.4790082237647,126.97241407945,주소
서울특별시 동작구 노량진로 204,37.5128183940181,126.948431025676,주소
서울특별시 동작구 노량진로 40,37.5130152193106,126.930270975574,주소
서울특별시 동작구 노량진로26길 16-40,37.5106568125953,126.953923907042,주소
서울특별시 동작구 대방동15가길 23,37.5039049297871,126.923492249792,주소
서울특별시 동작구 대방동15길 29,37.5027626308253,126.923346619702,주소
서울특별시 동작구 대방동1길 22,37.5006196717046,126.924878133652,주소
서울특별시 동작구 대방동23길 45,37.5039648401443,126.922789865137,주소
서울특별시 동작구 대방동27길 111,37.5002181075213,126.924195020444,주소
서울특별시 동작구 대방동27길 40,37.5033756086503,126.924081108484,주소
서울특별시 동작구 대방동길 61,37.5035338145953,126.925336754346,주소
서울특별시 동작구 대방동길 74,37.5052815748623,126.926615278225,주소
서울특별시 동작구 대방동길 80,37.5051155076632,126.924876230306,주소
서울특별시 동작구 대방동길 86,37.5054685806247,126.924544952223,주소
서울특별시 동작구 동작대로 141,37.4892376993356,126.982053443172,주소
서울특별시 동작구 동작대로 157,37.4907671909899,126.982259892698,주소
서울특별시 동작구 동작대로11길 87,37.4812820196652,126.976635860802,주소
서울특별시 동작구 동작대로13길 18,37.4819003984686,126.979646518229,주소
서울특별시 동작구 동작대로13길 22,37.48194132287,126.978234357795,주소
서울특별시 동작구 동작대로13길 42-2,37.4819630301051,126.977240419685,주소
서울특별시 동작구 동작대로29길 110,37.4898500181989,126.977778182947,주소
서울특별시 동작구 동작대로29길 115,37.4904171794387,126.975825319818,주소
서울특별시 동작구 동작대로29길 119,37.4908886337091,126.976056747281,주소
서울특별시 동작구 동작대로29길 214,37.4940605364226,126.976489285999,주소
서울특별시 동작구 동작대로29길 63-3,37.4885020005402,126.978647203549,주소
서울특별시 동작구 동작대로29길 69,37.4884520759924,126.978107297965,주소
서울특별시 동작구 동작대로35길 12,37.4909850532231,126.981660764381,주소
서울특별시 동작구 동작대로35길 25,37.4910895382902,126.980891594629,주소
서울특별시 동작구 동작대로39가길 55,37.4935140700166,126.978842535666,주소
서울특별시 동작구 동작대로39가길 83,37.4954619461448,126.977801624632,주소
서울특별시 동작구 동작대로39길 39,37.4937647052236,126.979727883065,주소
서울특별시 동작구 등용로 88,37.5091260229329,126.932421521576,주소
서울특별시 동작구 등용로8길 3,37.5089369468762,126.932815969374,주소
서울특별시 동작구 등용로8길 5,37.5080854131193,126.933143709837,주소
서울특별시 동작구 만양로 19,37.5070717430905,126.945718197277,주소
서울특별시 동작구 만양로 26,37.5076264776599,126.949547851693,주소
서울특별시 동작구 만양로 6,37.5049818982281,126.946788478219,주소
서울특별시 동작구 만양로 79,37.5105066735435,126.944618926287,주소
서울특별시 동작구 만양로12가길 69,37.5113065101691,126.94864052145,주소
서울특별시 동작구 만양로8길 6,37.5082950284572,126.947899390723,주소
서울특별시 동작구 매봉로 134,37.5101470412624,126.951490881181,주소
서울특별시 동작구 사당로 146,37.4887047110087,126.964679741398,주소
서울특별시 동작구 사당로 160,37.4871777070316,126.966943109794,주소
서울특별시 동작구 사당로 177,37.4863033162111,126.968736090479,주소
서울특별시 동작구 사당로 219,37.4841600698068,126.972660477747,주소
서울특별시 동작구 사당로 243,37.483479923012,126.974797083346,주소
서울특별시 동작구 사당로 264-1,37.4835139377852,126.977247298457,주소
서울특별시 동작구 사당로 268,37.4836391224658,126.977427599098,주소
서울특별시 동작구 사당로 283,37.484555275162,126.978930201203,주소
서울특별시 동작구 사당로 90,37.4923356236,126.962447793145,주소
서울특별시 동작구 사당로16길 90,37.4799626733855,126.971323044421,주소
서울특별시 동작구 사당로17길 75,37.4863100693741,126.972331115824,주소
서울특별시 동작구 사당로17길 8,37.4841015150633,126.974314762616,주소
서울특별시 동작구 사당로23길 112,37.4878281721514,126.973484900483,주소
서울특별시 동작구 사당로23길 57-14,37.4846330175369,126.975577985193,주소
서울특별시 동작구 사당로23나길 27,37.4882593140973,126.975188515742,주소
서울특별시 동작구 사당로23나길 30,37.4876942755847,126.975541823558,주소
서울특별시 동작구 사당로23나길 32,37.4877581783256,126.975644810553,주소
서울특별시 동작구 사당로23아길 6,37.4909626686624,126.970370358182,주소
서울특별시 동작구 사당로27길 94-3,37.4874114730419,126.97522396112,주소
서울특별시 동작구 사당로2가길 102,37.4883730263155,126.96341744773,주소
서울특별시 동작구 사당로2가길 72,37.4909219003444,126.961475595626,주소
서울특별시 동작구 사당로2길 2-19,37.4941557795456,126.960607735677,주소
서울특별시 동작구 사당로2차길 2,37.4877783472367,126.964855890177,주소
서울특별시 동작구 사당로30길 64,37.4819766233359,126.980717990391,주소
서울특별시 동작구 사당로9가길 58,37.4877611854985,126.968540661313,주소
서울특별시 동작구 상도로 121,37.5016323586199,126.933365130604,주소
서울특별시 동작구 상도로 13,37.5000850685654,126.922040795712,주소
서울특별시 동작구 상도로 207,37.5055712636346,126.941856308051,주소
서울특별시 동작구 상도로 213,37.5055270222992,126.942589103936,주소
서울특별시 동작구 상도로 217-4,37.5054313830011,126.942872826454,주소
서울특별시 동작구 상도로 242,37.5048568420954,126.94541364755,주소
서울특별시 동작구 상도로 273,37.5030834466411,126.94833752052,주소
서울특별시 동작구 상도로 323,37.4993428396533,126.951328803725,주소
서울특별시 동작구 상도로 329,37.4990002515503,126.951705609465,주소
서울특별시 동작구 상도로 336,37.4982489207157,126.951530243091,주소
서울특별시 동작구 상도로 34,37.4996166533558,126.924284516431,주소
서울특별시 동작구 상도로 346,37.4976110442294,126.952060124062,주소
서울특별시 동작구 상도로 346-1,37.4967899772343,126.951667453182,주소
서울특별시 동작구 상도로 37,37.5000112771545,126.92468106251,주소
서울특별시 동작구 상도로 407,37.4939173850834,126.95777327345,주소
서울특별시 동작구 상도로 41,37.5000043702034,126.925154801793,주소
서울특별시 동작구 상도로 43,37.4999950111084,126.925457778143,주소
서울특별시 동작구 상도로 48,37.4995724109162,126.925842135228,주소
서울특별시 동작구 상도로 56,37.4996036470506,126.926517019484,주소
서울특별시 동작구 상도로13라길 22,37.5031159857549,126.930756309893,주소
서울특별시 동작구 상도로30길 40,37.5043182643342,126.942466980966,주소
서울특별시 동작구 상도로39길 37,37.5032800030438,126.949699269737,주소
서울특별시 동작구 상도로47길 4,37.4995313792265,126.951448103234,주소
서울특별시 동작구 상도로50길 4,37.4985627223987,126.951047609233,주소
서울특별시 동작구 상도로53길 13,37.4983366447838,126.953007217038,주소
서울특별시 동작구 상도로55길 1,37.4972383947621,126.9534285831,주소
서울특별시 동작구 상도로55길 47,37.4983400860939,126.958850538909,주소
서울특별시 동작구 상도로56길 4,37.4962325938658,126.9527296705,주소
서울특별시 동작구 상도로58길 21,37.4948743920855,126.952669123087,주소
서울특별시 동작구 서달로 115,37.5033929766399,126.959778422441,주소
서울특별시 동작구 서달로 124,37.503629418993,126.961732578732,주소
서울특별시 동작구 서달로 135,37.5052685494717,126.960162287237,주소
서울특별시 동작구 서달로 150,37.5066265781961,126.962183786625,주소
서울특별시 동작구 서달로 158,37.5070676669922,126.962330368282,주소
서울특별시 동작구 서달로 90,37.5024629483784,126.963346676611,주소
서울특별시 동작구 서달로 91,37.5031656177406,126.958890979647,주소
서울특별시 동작구 서달로14가길 1,37.5076635727862,126.963127205926,주소
서울특별시 동작구 서달로14나길 19,37.5073389391423,126.963411926926,주소
서울특별시 동작구 서달로14사길 2,37.5071685216909,126.965074247101,주소
서울특별시 동작구 성대로1길 3,37.5004661064199,126.932588218801,주소
서울특별시 동작구 성대로21길 62,37.5003760295043,126.937378799359,주소
서울특별시 동작구 성대로31길 2,37.4998853966455,126.940626232855,주소
서울특별시 동작구 솔밭로 47,37.4828114848946,126.964977725041,주소
서울특별시 동작구 신대방1가길 38,37.487900996008,126.906939551385,주소
서울특별시 동작구 신대방2길 14,37.4889482943857,126.914528045959,주소
서울특별시 동작구 알마타길 16,37.5103665150217,126.926808573769,주소
서울특별시 동작구 알마타길 20,37.510964642655,126.927312669317,주소
서울특별시 동작구 알마타길 28,37.5109950284177,126.928084476453,주소
서울특별시 동작구 양녕로 183,37.4977333331704,126.943170227346,주소
서울특별시 동작구 양녕로20길 20,37.493532631943,126.944055659373,주소
서울특별시 동작구 여의대방로 202,37.5047826119312,126.922544281479,주소
서울특별시 동작구 여의대방로 208,37.5053469467303,126.922735738274,주소
서울특별시 동작구 여의대방로 250,37.5087434455459,126.924517791265,주소
서울특별시 동작구 여의대방로 286,37.5119948988483,126.925509638464,주소
서울특별시 동작구 여의대방로 30,37.4946606629676,126.911447301832,주소
서울특별시 동작구 여의대방로 56-7,37.4956604026505,126.91287831815,주소
서울특별시 동작구 여의대방로 88,37.4967757894231,126.916540289046,주소
서울특별시 동작구 여의대방로10길 13,37.4957426504432,126.915211806863,주소
서울특별시 동작구 여의대방로10길 24,37.4954367843295,126.91301619957,주소
서울특별시 동작구 여의대방로10길 38,37.4954099627716,126.912566500917,주소
서울특별시 동작구 여의대방로10길 59,37.4951147341406,126.915079645129,주소
서울특별시 동작구 여의대방로16길 30,37.4958518874539,126.916144507788,주소
서울특별시 동작구 여의대방로22길 121,37.4983519180861,126.925286048904,주소
서울특별시 동작구 여의대방로22나길 40,37.4958609410012,126.922405470441,주소
서울특별시 동작구 여의대방로36길 18,37.5048982038383,126.923780085888,주소
서울특별시 동작구 여의대방로36길 25,37.5055448333444,126.924025868943,주소
서울특별시 동작구 여의대방로36길 36,37.5058197554941,126.925195253725,주소
서울특별시 동작구 여의대방로36길 79,37.507364139341,126.92924328346,주소
서울특별시 동작구 장승배기로 1,37.4989376137563,126.943725707688,주소
서울특별시 동작구 장승배기로 11,37.4995054097351,126.943123535758,주소
서울특별시 동작구 장승배기로 14,37.5008246344742,126.943817704578,주소
서울특별시 동작구 장승배기로 160,37.5117195690698,126.940827465638,주소
서울특별시 동작구 장승배기로 34,37.5011509657145,126.941562079427,주소
서울특별시 동작구 장승배기로 38,37.5015012734284,126.941192222181,주소
서울특별시 동작구 장승배기로 42,37.5017154628445,126.941052272242,주소
서울특별시 동작구 장승배기로 5,37.4991933349751,126.943569679982,주소
서울특별시 동작구 장승배기로 6,37.4994123588921,126.943736207936,주소
서울특별시 동작구 장승배기로 7,37.4993136232124,126.943389552456,주소
서울특별시 동작구 장승배기로 8,37.4994889804061,126.943622722343,주소
서울특별시 동작구 장승배기로 96-2,37.5062383166083,126.940308483079,주소
서울특별시 동작구 장승배기로10가길 25,37.5031485833795,126.940834004372,주소
서울특별시 동작구 장승배기로10길 130,37.5020189232317,126.944784995917,주소
서울특별시 동작구 장승배기로4길 9,37.5014493001475,126.943814183056,주소
서울특별시 동작구 현충로 104,37.5074916015731,126.965004991922,주소
서울특별시 동작구 현충로 111,37.5076231830183,126.966050211003,주소
서울특별시 동작구 현충로 114-1,37.5069743255346,126.966211672543,주소
서울특별시 동작구 현충로 153,37.5060289106334,126.970629508082,주소
서울특별시 동작구 현충로 75,37.5097590855867,126.963859317475,주소
서울특별시 동작구 현충로 87,37.5082970524535,126.965149160443,주소
서울특별시 동작구 흑석로 120,37.5089531042295,126.962031733423,주소
서울특별시 동작구 흑석로 77,37.5069826807571,126.958246364678,주소
서울특별시 동작구 흑석로11길 4,37.5078928510826,126.96053277047,주소
서울특별시 동작구 흑석로13길 9,37.5091041889773,126.960613906428,주소
서울특별시 동작구 흑석로9길 94,37.5102231403469,126.957477481379,주소
서울특별시 동작구 흑석한강로 2,37.5065990536717,126.966516645021,주소
서울특별시 동작구 흑석한강로 27,37.5040994188129,126.966284444741,주소
서울특별시 마포구 광성로 17,37.5503208717883,126.935286024774,주소
서울특별시 마포구 광성로 37,37.5499517563894,126.937334291469,주소
서울특별시 마포구 광성로 41-1,37.5499725948129,126.937552229935,주소
서울특별시 마포구 광성로 41-3,37.5500412050395,126.93746560134,주소
서울특별시 마포구 광성로 42,37.549682204664,126.937555301322,주소
서울특별시 마포구 굴레방로 17,37.555642341891,126.9555481061,주소
서울특별시 마포구 굴레방로 6,37.5558159936174,126.956596106511,주소
서울특별시 마포구 굴레방로7길 28,37.5563267511929,126.953933036399,주소
서울특별시 마포구 대흥로 171,37.5542664592528,126.945709900899,주소
서울특별시 마포구 대흥로 183,37.5557612664392,126.945627444506,주소
서울특별시 마포구 대흥로 33,37.5445357278463,126.937779457981,주소
서울특별시 마포구 대흥로 51,37.5453387932227,126.939347387549,주소
서울특별시 마포구 대흥로 54,37.5450001607276,126.939803234187,주소
서울특별시 마포구 대흥로 80-34,37.5468289412756,126.942009521325,주소
서울특별시 마포구 대흥로 84,37.5474105279001,126.941809907086,주소
서울특별시 마포구 대흥로 84-6,37.547325815685,126.941955724387,주소
서울특별시 마포구 대흥로24길 24,37.5539607082089,126.947610265434,주소
서울특별시 마포구 대흥로24바길 27,37.5536478329572,126.949778833645,주소
서울특별시 마포구 도화2길 55,37.538556164681,126.95035809053,주소
서울특별시 마포구 도화2길 63,37.53823052204,126.950307729557,주소
서울특별시 마포구 도화2길 64,37.5386376331175,126.949973786127,주소
서울특별시 마포구 도화4길 33,37.540526268092,126.951604611332,주소
서울특별시 마포구 도화4길 80,37.5388951447207,126.950845761388,주소
서울특별시 마포구 도화4길 82,37.5387814029499,126.950760409195,주소
서울특별시 마포구 도화길 32,37.5408411321685,126.949581942072,주소
서울특별시 마포구 독막로 113,37.5481050750929,126.927430860042,주소
서울특별시 마포구 독막로 147-20,37.5483320774629,126.930647286248,주소
서울특별시 마포구 독막로 176,37.5472535249257,126.933045939688,주소
서울특별시 마포구 독막로 230,37.5469733973917,126.939020613483,주소
서울특별시 마포구 독막로 257,37.5463678975618,126.942187991711,주소
서울특별시 마포구 독막로 257-1,37.5462971516119,126.942336398462,주소
서울특별시 마포구 독막로 267,37.5460890008239,126.943224745318,주소
서울특별시 마포구 독막로 268,37.5456782525152,126.942886599534,주소
서울특별시 마포구 독막로 272,37.5455771839134,126.943497279484,주소
서울특별시 마포구 독막로 275,37.5456346522842,126.944032589014,주소
서울특별시 마포구 독막로 278-4,37.5451997049762,126.943769143228,주소
서울특별시 마포구 독막로 282,37.5450446456544,126.944345231966,주소
서울특별시 마포구 독막로 308,37.5436457563793,126.946893289111,주소
서울특별시 마포구 독막로 310,37.5435530271001,126.94705731701,주소
서울특별시 마포구 독막로 320,37.5429651275759,126.947873237042,주소
서울특별시 마포구 독막로20나길 21,37.5468678155672,126.926979191702,주소
서울특별시 마포구 독막로20나길 22,37.5460936124582,126.924865001583,주소
서울특별시 마포구 독막로22길 20,37.5470710920554,126.928618352054,주소
서울특별시 마포구 독막로34길 14,37.5463284808095,126.939758599642,주소
서울특별시 마포구 동교로 188-1,37.5569749004745,126.922395902532,주소
서울특별시 마포구 동교로 72-1,37.553606235696,126.910174374122,주소
서울특별시 마포구 동교로 75,37.5540041417383,126.910445167763,주소
서울특별시 마포구 마포대로 143,37.5474542024771,126.953094314075,주소
서울특별시 마포구 마포대로 173,37.5499015773045,126.954455626109,주소
서울특별시 마포구 마포대로 195,37.5524339233654,126.95422378666,주소
서울특별시 마포구 마포대로 231,37.5544939950533,126.956447146807,주소
서울특별시 마포구 마포대로 247,37.5564007056196,126.9565000215,주소
서울특별시 마포구 마포대로11길 23,37.5488421673926,126.952809064815,주소
서울특별시 마포구 마포대로11길 41,37.5490513025598,126.951948662689,주소
서울특별시 마포구 마포대로11길 43,37.5491092781139,126.951829011373,주소
서울특별시 마포구 마포대로11길 44-19,37.5497866161199,126.952415108571,주소
서울특별시 마포구 마포대로11길 7-14,37.5483159665554,126.953217573928,주소
서울특별시 마포구 마포대로24길 17,37.5540538586989,126.959225530637,주소
서울특별시 마포구 마포대로24길 25-1,37.5536291859501,126.96018646725,주소
서울특별시 마포구 마포대로24길 4,37.5541536723523,126.957893788452,주소
서울특별시 마포구 마포대로24길 42,37.552781864533,126.960655552156,주소
서울특별시 마포구 마포대로7길 12,37.5471966815362,126.952380317161,주소
서울특별시 마포구 만리재로 133,37.5516706026731,126.962122449453,주소
서울특별시 마포구 만리재옛길 101-1,37.5513994085428,126.961584250177,주소
서울특별시 마포구 만리재옛길 12-2,37.5453084696347,126.95493538162,주소
서울특별시 마포구 만리재옛길 13,37.5458033455121,126.954823056539,주소
서울특별시 마포구 만리재옛길 20,37.5456796450108,126.955552890883,주소
서울특별시 마포구 만리재옛길 60,37.5487948497539,126.957765646797,주소
서울특별시 마포구 만리재옛길 88,37.5503804978593,126.960307698313,주소
서울특별시 마포구 망원로 39,37.556778532919,126.901339042455,주소
서울특별시 마포구 망원로 52,37.5567171286206,126.902585295939,주소
서울특별시 마포구 망원로 60,37.5569231367425,126.903512048681,주소
서울특별시 마포구 망원로 62-3,37.5568783932111,126.903887622621,주소
서울특별시 마포구 망원로1길 22,37.557392719844,126.900026633035,주소
서울특별시 마포구 모래내로7길 38,37.567459634237,126.910934800779,주소
서울특별시 마포구 모래내로9길 16,37.5680910963856,126.912682985472,주소
서울특별시 마포구 방울내로 40,37.5587388154098,126.900353730704,주소
서울특별시 마포구 방울내로 54-1,37.5592743355915,126.901496352844,주소
서울특별시 마포구 방울내로5길 27,37.560446583768,126.900697450315,주소
서울특별시 마포구 방울내로5길 28,37.5610439363669,126.901117241,주소
서울특별시 마포구 백범로 102,37.5473952561776,126.94245380601,주소
서울특별시 마포구 백범로 110,37.5470314483184,126.943417987841,주소
서울특별시 마포구 백범로 119,37.546939856101,126.944641548201,주소
서울특별시 마포구 백범로 123,37.5468204326392,126.944939021788,주소
서울특별시 마포구 백범로 133,37.54632292717,126.945970837011,주소
서울특별시 마포구 백범로 134-1,37.5458880459597,126.945841810262,주소
서울특별시 마포구 백범로 138-1,37.5458282927496,126.946198869512,주소
서울특별시 마포구 백범로 139,37.5466750773343,126.948479002412,주소
서울특별시 마포구 백범로 157,,,실패
서울특별시 마포구 백범로 67,37.5491463318877,126.939538604727,주소
서울특별시 마포구 백범로 71,37.5491010350612,126.939760668586,주소
서울특별시 마포구 백범로 77,37.5487882182159,126.940490823447,주소
서울특별시 마포구 백범로 91,37.5482161980568,126.941804075317,주소
서울특별시 마포구 백범로 99-12,37.548168619091,126.94271257956,주소
서울특별시 마포구 백범로17길 1,37.5473409751364,126.943677005935,주소
서울특별시 마포구 백범로17길 9,37.549112429713,126.944058506049,주소
서울특별시 마포구 백범로1길 56,37.5549178201995,126.939295148137,주소
서울특별시 마포구 백범로25길 34,37.5478000312208,126.94902525222,주소
서울특별시 마포구 백범로31길 8,37.5449942729365,126.949333367033,주소
서울특별시 마포구 백범로37길 16,37.5435716713624,126.954851334203,주소
서울특별시 마포구 삼개로 35,37.5370695025411,126.947619369299,주소
서울특별시 마포구 상암산로1길 26,37.5790569198061,126.887550793573,주소
서울특별시 마포구 상암산로1길 69,37.580143784782,126.883459876317,주소
서울특별시 마포구 상암산로1길 73,37.5801632645329,126.88320489546,주소
서울특별시 마포구 상암산로1길 77,37.5802681727004,126.882964837777,주소
서울특별시 마포구 새터산16길 15,37.5675260696588,126.908502460693,주소
서울특별시 마포구 서강대길 3,37.5494698710378,126.939344606101,주소
서울특별시 마포구 서강로 69,37.5494286610068,126.931692020954,주소
서울특별시 마포구 서강로 82,37.5503475308323,126.932688624232,주소
서울특별시 마포구 서강로3길 5,37.5492259035026,126.931479797287,주소
서울특별시 마포구 성미산로 111,37.563510635781,126.919166278819,주소
서울특별시 마포구 성미산로 121,37.5629617646657,126.920249370284,주소
서울특별시 마포구 성미산로 39,37.5590482171589,126.912397123849,주소
서울특별시 마포구 성미산로 51,37.559665162458,126.912928685692,주소
서울특별시 마포구 성미산로5안길 15,37.5607556168495,126.910370989502,주소
서울특별시 마포구 성미산로7길 24,37.5610150373718,126.910759005302,주소
서울특별시 마포구 성미산로7길 9,37.5594040430317,126.912305711095,주소
서울특별시 마포구 성산로4길 42,37.5627873046831,126.907952181324,주소
서울특별시 마포구 성지1길 32-13,37.5473163695853,126.916562846457,주소
서울특별시 마포구 숭문길 58,37.5491059448178,126.94580213806,주소
서울특별시 마포구 숭문길 98,37.5502789649035,126.946615741024,주소
서울특별시 마포구 숭문길 99,37.5508909515504,126.945886852057,주소
서울특별시 마포구 신수로 28,37.5440322053495,126.934369238973,주소
서울특별시 마포구 신수로 49,37.5459230000416,126.934131984442,주소
서울특별시 마포구 신수로 56,37.5466009761823,126.934572259123,주소
서울특별시 마포구 신촌로 120,37.5554718694508,126.939170321163,주소
서울특별시 마포구 신촌로 174,37.5564869081135,126.944997098851,주소
서울특별시 마포구 신촌로 254,37.5570042267641,126.953973136243,주소
서울특별시 마포구 신촌로 94,37.5549939272318,126.936001762116,주소
서울특별시 마포구 신촌로16길 30,37.5544148008909,126.934261335891,주소
서울특별시 마포구 신촌로30길 6,37.5567265410382,126.951942037049,주소
서울특별시 마포구 신촌로4길 20,37.5570790935291,126.928149991765,주소
서울특별시 마포구 양화로 113,37.5539417872173,126.919311062413,주소
서울특별시 마포구 양화로 164,37.5565331423821,126.924060032781,주소
서울특별시 마포구 양화로 176,37.5572467836494,126.924986220455,주소
서울특별시 마포구 양화로12길 16-9,37.5516359324413,126.918623792034,주소
서울특별시 마포구 양화로3길 94,37.5534453328883,126.910669687285,주소
서울특별시 마포구 양화로6길 33,37.5491292880159,126.916081577079,주소
서울특별시 마포구 연남로 63,37.564750160524,126.919730310583,주소
서울특별시 마포구 연남로 97-1,37.5668970182017,126.917329157497,주소
서울특별시 마포구 와우산로 128-1,37.5533448024947,126.92782696789,주소
서울특별시 마포구 와우산로23길 20-27,37.554881730967,126.924382439365,주소
서울특별시 마포구 와우산로25길 19,37.5541981847584,126.925867373528,주소
서울특별시 마포구 월드컵로 125,37.5592631960214,126.90675161215,주소
서울특별시 마포구 월드컵로25길 58,37.5579535116605,126.904280437588,주소
서울특별시 마포구 월드컵로25길 69,37.5576096651349,126.903915543401,주소
서울특별시 마포구 월드컵로25길 83,37.5574637356534,126.903182687452,주소
서울특별시 마포구 월드컵로25길 86,37.5583376929114,126.902078300574,주소
서울특별시 마포구 월드컵로25길 98,37.5574656877397,126.902380151293,주소
서울특별시 마포구 월드컵로26길 6,37.5588377837933,126.908180227963,주소
서울특별시 마포구 월드컵로36길 34,37.5669324413569,126.905013630897,주소
서울특별시 마포구 월드컵로36길 34-7,37.5676322356778,126.905114614861,주소
서울특별시 마포구 월드컵로36길 50,37.5682848870009,126.905639567246,주소
서울특별시 마포구 월드컵로42길 30,37.5797510164641,126.882073551893,주소
서울특별시 마포구 월드컵로42길 40,37.5802612554278,126.880734708155,주소
서울특별시 마포구 월드컵로7길 27,,,실패
서울특별시 마포구 월드컵북로 152,37.5664458381853,126.911780404952,주소
서울특별시 마포구 월드컵북로 19,37.5563809603233,126.919696961326,주소
서울특별시 마포구 월드컵북로 203,37.568586507253,126.906163384443,주소
서울특별시 마포구 월드컵북로 206,37.5690602687236,126.906186221241,주소
서울특별시 마포구 월드컵북로 207,37.5687954893124,126.905649902888,주소
서울특별시 마포구 월드컵북로 224,37.5698020382057,126.904699040069,주소
서울특별시 마포구 월드컵북로 230,37.5701416409399,126.903831982249,주소
서울특별시 마포구 월드컵북로 353,37.5763095825917,126.891959952963,주소
서울특별시 마포구 월드컵북로 402,37.580189157859,126.888935582716,주소
서울특별시 마포구 월드컵북로 434,37.5816223202625,126.886049581236,주소
서울특별시 마포구 월드컵북로 497,37.5844435036744,126.879511177994,주소
서울특별시 마포구 월드컵북로 501,37.584799731744,126.878170672181,주소
서울특별시 마포구 월드컵북로 502,37.5850443805494,126.879869563728,주소
서울특별시 마포구 월드컵북로 502-14,37.5858060895514,126.880857196502,주소
서울특별시 마포구 월드컵북로 98,37.5623662881206,126.914820012527,주소
서울특별시 마포구 월드컵북로 99,37.5621908854804,126.914227243731,주소
서울특별시 마포구 월드컵북로27길 5,37.5671307748217,126.909400661994,주소
서울특별시 마포구 월드컵북로2길 11,37.5561262285386,126.921543674318,주소
서울특별시 마포구 월드컵북로2길 57,37.5574938764992,126.923364041362,주소
서울특별시 마포구 월드컵북로38가길 22,37.5708472810794,126.905481708022,주소
서울특별시 마포구 월드컵북로38길 25,37.5724113191677,126.903368570397,주소
서울특별시 마포구 월드컵북로38길 26,37.5715459609872,126.904868991641,주소
서울특별시 마포구 월드컵북로38길 48,37.5718164774992,126.905139983363,주소
서울특별시 마포구 월드컵북로44길 26,37.576299699739,126.895901986874,주소
서울특별시 마포구 월드컵북로47길 42,37.5744924524579,126.89107201713,주소
서울특별시 마포구 월드컵북로5길 59,37.5559645949347,126.915922485652,주소
서울특별시 마포구 창전로 32,37.5451542706426,126.931913297335,주소
서울특별시 마포구 창전로 37,37.5459052290248,126.93187119818,주소
서울특별시 마포구 창전로 51,37.5471480859103,126.932217470688,주소
서울특별시 마포구 큰우물로 39,37.5431452188863,126.943334474757,주소
서울특별시 마포구 큰우물로 39-4,37.5434436835247,126.943258548032,주소
서울특별시 마포구 큰우물로 49,37.5425902336753,126.944154921165,주소
서울특별시 마포구 큰우물로 52,37.5420918931585,126.944350708366,주소
서울특별시 마포구 큰우물로 53,37.5422938477871,126.944628802617,주소
서울특별시 마포구 큰우물로 64,37.5415366387988,126.944995297191,주소
서울특별시 마포구 토정로 235,37.5440620286543,126.936848124109,주소
서울특별시 마포구 토정로18길 11,37.5438480395093,126.934854499348,주소
서울특별시 마포구 토정로31길 24,37.5423425578858,126.943794032979,주소
서울특별시 마포구 토정로31길 57-11,37.5436247308559,126.943900794425,주소
서울특별시 마포구 토정로31길 63,37.543455208128,126.944186638367,주소
서울특별시 마포구 토정로31길 67,37.5436135328657,126.944418262707,주소
서울특별시 마포구 토정로37길 37,37.5425709323083,126.946247603396,주소
서울특별시 마포구 토정로37길 46,37.5425353700491,126.947307540814,주소
서울특별시 마포구 포은로 128,37.5582835822223,126.904101986988,주소
서울특별시 마포구 포은로 134-1,37.5588255639882,126.903698716719,주소
서울특별시 마포구 환일길 72,37.552042583108,126.961992683608,주소
서울특별시 마포구 효창원로 253,37.5497748737268,126.963461695423,주소
서울특별시 서대문구 가재울로 43,37.5748922004571,126.921452672994,주소
서울특별시 서대문구 가재울미래로 15,37.5706052473425,126.91707580077,주소
서울특별시 서대문구 가재울미래로 17,37.5707775765229,126.916903324604,주소
서울특별시 서대문구 가재울미래로 2,37.5744019902031,126.917907814167,주소
서울특별시 서대문구 가좌로 110,37.5824825947261,126.926298306929,주소
서울특별시 서대문구 가좌로 144,37.5849110659096,126.923922525415,주소
서울특별시 서대문구 가좌로 146,37.5850409072828,126.923795702201,주소
서울특별시 서대문구 가좌로 84,37.5806146409632,126.928175608675,주소
서울특별시 서대문구 가좌로 84-1,37.5807069278173,126.928068874731,주소
서울특별시 서대문구 가좌로 86,37.5807898367142,126.927949809486,주소
서울특별시 서대문구 가좌로 87,37.580784520743,126.927361566735,주소
서울특별시 서대문구 가좌로 90,37.5811159665152,126.927606462301,주소
서울특별시 서대문구 가좌로 94,37.581318596941,126.927454787793,주소
서울특별시 서대문구 가좌로 99,37.5815985096182,126.926538623756,주소
서울특별시 서대문구 간호대로 3,37.5964121678526,126.948891782414,주소
서울특별시 서대문구 거북골로 120,37.5754832622486,126.916097519773,주소
서울특별시 서대문구 거북골로 178,37.5771716791779,126.910871046145,주소
서울특별시 서대문구 거북골로 206,37.5788852026681,126.908416448462,주소
서울특별시 서대문구 거북골로 55,37.5782383781011,126.922231876932,주소
서울특별시 서대문구 거북골로 69,37.5773173786757,126.921005563956,주소
서울특별시 서대문구 거북골로14길 32,37.576951075894,126.914595329134,주소
서울특별시 서대문구 거북골로14길 49,37.5774674504397,126.913748293278,주소
서울특별시 서대문구 거북골로19길 20,37.5772202096676,126.907778193085,주소
서울특별시 서대문구 거북골로20길 6,37.5784097313964,126.909563262516,주소
서울특별시 서대문구 경기대로 65,37.564885131451,126.964023197643,주소
서울특별시 서대문구 경기대로9길 10,37.5651102907996,126.962860648912,주소
서울특별시 서대문구 독립문공원길 13,37.5719339049306,126.95831483956,주소
서울특별시 서대문구 독립문공원길 17,37.5723811886189,126.955198449007,주소
서울특별시 서대문구 독립문로 15,37.5703712542569,126.960245927466,주소
서울특별시 서대문구 독립문로 49,37.5686154223912,126.962252871841,주소
서울특별시 서대문구 명지2길 32-20,37.5836299393884,126.928231470941,주소
서울특별시 서대문구 명지2길 56,37.5849113531243,126.927090249447,주소
서울특별시 서대문구 모래내로 309,37.578896435345,126.931492692669,주소
서울특별시 서대문구 모래내로 343,37.5809189939341,126.93452299336,주소
서울특별시 서대문구 모래내로 408,37.582676783216,126.940382004992,주소
서울특별시 서대문구 모래내로 411,37.5850572917686,126.940908608914,주소
서울특별시 서대문구 모래내로 434,37.5842111624098,126.943470356652,주소
서울특별시 서대문구 모래내로 441,37.585001844196,126.943974937789,주소
서울특별시 서대문구 모래내로15길 32,37.5733427423979,126.920350483229,주소
서울특별시 서대문구 모래내로15길 42,37.5737109982499,126.919846573143,주소
서울특별시 서대문구 모래내로15길 48,37.5738112447844,126.919663759102,주소
서울특별시 서대문구 모래내로15길 50,37.5738767528213,126.919672178823,주소
서울특별시 서대문구 모래내로15길 58,37.574170719454,126.919235131071,주소
서울특별시 서대문구 모래내로15길 60,37.5742241992886,126.919177793234,주소
서울특별시 서대문구 모래내로15길 61,37.5737644190198,126.918388033648,주소
서울특별시 서대문구 모래내로15길 68,37.5745292056515,126.918812612908,주소
서울특별시 서대문구 모래내로24길 13,37.5838606979016,126.944083688167,주소
서울특별시 서대문구 백련사길 36,37.5812098189418,126.932416876219,주소
서울특별시 서대문구 백련사길 55,37.582118713581,126.93066044978,주소
서울특별시 서대문구 백련사길 7,37.5802967580284,126.93321900859,주소
서울특별시 서대문구 북아현로 65,37.5629483147267,126.954989273749,주소
서울특별시 서대문구 북아현로11가길 7,37.5631767195176,126.954059321222,주소
서울특별시 서대문구 북아현로1길 24,37.559096439531,126.954456481223,주소
서울특별시 서대문구 북아현로1길 50,37.559690000903,126.952811165218,주소
서울특별시 서대문구 북아현로1나길 22,37.55963212308,126.951834913817,주소
서울특별시 서대문구 성산로 309-14,37.5666854598936,126.924448723552,주소
서울특별시 서대문구 성산로 512-39,37.5611502235257,126.942775077877,주소
서울특별시 서대문구 성산로 520,37.5626393076934,126.944488566727,주소
서울특별시 서대문구 성산로 533,37.564145990654,126.944567132066,주소
서울특별시 서대문구 세검정로 105,37.5975402724558,126.949457988833,주소
서울특별시 서대문구 세검정로 56,37.5926237376811,126.947386041512,주소
서울특별시 서대문구 세검정로 64,37.5932996911579,126.947858416798,주소
서울특별시 서대문구 세검정로 89,37.5957672273102,126.948658960687,주소
서울특별시 서대문구 세검정로1길 113,37.595373186708,126.946149517777,주소
서울특별시 서대문구 세검정로1길 35,37.5936393558826,126.943908224087,주소
서울특별시 서대문구 세검정로1길 51,37.5933247855506,126.944216447645,주소
서울특별시 서대문구 세검정로1길 65,37.5935992994597,126.944945111306,주소
서울특별시 서대문구 세검정로1길 75,37.5938070774119,126.945352817782,주소
서울특별시 서대문구 세검정로1길 83-1,37.5941258978987,126.945655479963,주소
서울특별시 서대문구 세검정로1길 93,37.5944921897087,126.945544019326,주소
서울특별시 서대문구 세검정로4길,37.5921766077533,126.951676034823,주소
서울특별시 서대문구 세무서8길 30,37.5906020621487,126.946917348053,주소
서울특별시 서대문구 세무서길 33-4,37.5896783701061,126.945544243236,주소
서울특별시 서대문구 세무서길 33-9,37.5902198832433,126.944804483066,주소
서울특별시 서대문구 수색로 100,37.5747334832097,126.907916083955,주소
서울특별시 서대문구 수색로 100-75,37.5750983516219,126.909974232219,주소
서울특별시 서대문구 수색로 100-95,37.5760749796304,126.910739224773,주소
서울특별시 서대문구 수색로 144,37.5753161142479,126.905244332721,주소
서울특별시 서대문구 수색로 48,37.5703970583853,126.913601142508,주소
서울특별시 서대문구 수색로 56,37.5708154693004,126.912242300278,주소
서울특별시 서대문구 수색로2길 39,37.5713138623931,126.915904667901,주소
서울특별시 서대문구 수색로4나길 11,37.5710887052509,126.914154216412,주소
서울특별시 서대문구 수색로6길 17-14,37.5709501487496,126.912580600622,주소
서울특별시 서대문구 수색로6길 8,37.5707797425516,126.913644281109,주소
서울특별시 서대문구 신촌로 113,37.5559736844642,126.938569863979,주소
서울특별시 서대문구 신촌로 121,37.5562057965146,126.939295914138,주소
서울특별시 서대문구 신촌로35길 10,37.558621696785,126.955860405605,주소
서울특별시 서대문구 신촌로35길 3,37.5576807115477,126.955185861488,주소
서울특별시 서대문구 연세로5나길 30-3,37.5581430512569,126.933480871339,주소
서울특별시 서대문구 연희로 113,37.5680426311844,126.931542251768,주소
서울특별시 서대문구 연희로 114,37.567836879517,126.93191563436,주소
서울특별시 서대문구 연희로 130,37.569065967809,126.932930544428,주소
서울특별시 서대문구 연희로 132,37.5692132601538,126.933053341217,주소
서울특별시 서대문구 연희로 136,37.5690459271047,126.934142303217,주소
서울특별시 서대문구 연희로 191,37.574119891264,126.935302226767,주소
서울특별시 서대문구 연희로 192,37.5742005537795,126.935840544336,주소
서울특별시 서대문구 연희로 197,37.574517206207,126.935094949431,주소
서울특별시 서대문구 연희로11마길 9-6,37.5682162296874,126.927137653568,주소
서울특별시 서대문구 연희로12길 4,37.5666508484578,126.931206897566,주소
서울특별시 서대문구 연희로36길 10,37.5786172421861,126.936701666925,주소
서울특별시 서대문구 연희로36길 26,37.5775360791539,126.936421829378,주소
서울특별시 서대문구 연희로36길 32,37.5775532912341,126.938295387125,주소
서울특별시 서대문구 연희로37안길 51,37.585375236102,126.933430493203,주소
서울특별시 서대문구 연희로41길 94,37.5918915088396,126.935752441047,주소
서울특별시 서대문구 응암로 43,37.577447593934,126.909021147647,주소
서울특별시 서대문구 응암로 47,37.5777657815782,126.909316004607,주소
서울특별시 서대문구 응암로 53,37.5782043803412,126.909779737699,주소
서울특별시 서대문구 응암로 54,37.5778922395463,126.910204528429,주소
서울특별시 서대문구 응암로 62,37.5785852383996,126.910619284001,주소
서울특별시 서대문구 응암로 76,37.5795967400729,126.911397524788,주소
서울특별시 서대문구 응암로 87,37.5807945676973,126.911700418318,주소
서울특별시 서대문구 이화여대2길 27,37.5579475491997,126.948057240166,주소
서울특별시 서대문구 이화여대8길 123,37.5632226783936,126.950297699069,주소
서울특별시 서대문구 이화여대길 50-12,37.5594539604684,126.946519557644,주소
서울특별시 서대문구 증가로 142,37.5777706824803,126.921838289401,주소
서울특별시 서대문구 증가로 144,37.5777587342985,126.921619359375,주소
서울특별시 서대문구 증가로 150,37.5780547612815,126.92101916232,주소
서울특별시 서대문구 증가로 170,37.5795872821657,126.918791837695,주소
서울특별시 서대문구 증가로 191,37.5784968293823,126.917392296871,주소
서울특별시 서대문구 증가로 193,37.5794736478913,126.916440822373,주소
서울특별시 서대문구 증가로 201,37.579974942209,126.91590715417,주소
서울특별시 서대문구 증가로 204,37.5803854951059,126.915991713926,주소
서울특별시 서대문구 증가로12가길 49-50,37.5795632014616,126.917329192961,주소
서울특별시 서대문구 증가로8길 8-2,37.5775825971141,126.924252621567,주소
서울특별시 서대문구 충정로 52,37.5633505669619,126.965886060285,주소
서울특별시 서대문구 통일로 165,37.5688275546965,126.962941434617,주소
서울특별시 서대문구 통일로 173-4,37.5692202837915,126.962894151259,주소
서울특별시 서대문구 통일로 197,37.5709009395015,126.961300865861,주소
서울특별시 서대문구 통일로 203,37.5711638645722,126.960799153339,주소
서울특별시 서대문구 통일로 321,37.5791690097819,126.952209733658,주소
서울특별시 서대문구 통일로 339,37.5816007242803,126.950300428316,주소
서울특별시 서대문구 통일로 365,37.5828332389647,126.949769876971,주소
서울특별시 서대문구 통일로 385,37.5842823352838,126.948581370365,주소
서울특별시 서대문구 통일로 410,37.5862086436661,126.947322172257,주소
서울특별시 서대문구 통일로 420,37.5869721444379,126.94651957623,주소
서울특별시 서대문구 통일로 467,37.5898766526065,126.942451232196,주소
서울특별시 서대문구 통일로 510,37.594570187466,126.941167410528,주소
서울특별시 서대문구 통일로34길 21,37.5859333276662,126.949026319529,주소
서울특별시 서대문구 통일로34길 35,37.5863090730038,126.949729612731,주소
서울특별시 서대문구 통일로34길 7,37.5854001924932,126.948570185355,주소
서울특별시 서대문구 통일로37길 22,37.5872851639262,126.944024855488,주소
서울특별시 서대문구 통일로39가길 30,37.5893092167582,126.942840822033,주소
서울특별시 서대문구 통일로39가길 57,37.5899000753645,126.940985283729,주소
서울특별시 서대문구 통일로9길 12,37.5672716927969,126.964330722367,주소
서울특별시 서대문구 홍은중앙로 116,37.6007196427834,126.9491405727,주소
서울특별시 서대문구 홍은중앙로 13,37.5934809108736,126.945336524574,주소
서울특별시 서대문구 홍은중앙로 98,37.5991537411441,126.94815181201,주소
서울특별시 서초구 강남대로 399,37.4982667167977,127.026842105662,주소
서울특별시 서초구 강남대로 419,37.4998007315864,127.026210824749,주소
서울특별시 서초구 강남대로27길 7-19,37.47846309705,127.038027904941,주소
서울특별시 서초구 강남대로61길 13,37.4988914895844,127.02555561464,주소
서울특별시 서초구 강남대로61길 19,37.4985260392275,127.024719095721,주소
서울특별시 서초구 강남대로61길 23,37.4982153593758,127.024347163495,주소
서울특별시 서초구 고무래로 10-5,37.5032959923073,127.009677164995,주소
서울특별시 서초구 고무래로 10-6,37.5035565602928,127.009711692597,주소
서울특별시 서초구 고무래로 10-7,37.5033969308636,127.00935531038,주소
서울특별시 서초구 고무래로 14,37.5032682259853,127.009862749569,주소
서울특별시 서초구 고무래로 18-4,37.5029725833055,127.010131309177,주소
서울특별시 서초구 고무래로 32,37.5024216076756,127.012154473385,주소
서울특별시 서초구 고무래로 6-10,37.5038865589545,127.009077608969,주소
서울특별시 서초구 고무래로 63,37.5024388979462,127.014619457733,주소
서울특별시 서초구 고무래로 90-6,37.5007499044884,127.017066977739,주소
서울특별시 서초구 고무래로 90-7,37.4999223644377,127.01745084134,주소
서울특별시 서초구 고무래로10길 10,37.5019008082159,127.010461168238,주소
서울특별시 서초구 고무래로10길 12,37.5017275548045,127.010347486378,주소
서울특별시 서초구 고무래로10길 19,37.5009956757076,127.01025566848,주소
서울특별시 서초구 고무래로10길 23,37.5006255478412,127.010193304956,주소
서울특별시 서초구 고무래로10길 26,37.5008609507807,127.009470346709,주소
서울특별시 서초구 고무래로10길 27,37.5003676747857,127.010252529153,주소
서울특별시 서초구 고무래로10길 42,37.4989335897577,127.009701933723,주소
서울특별시 서초구 고무래로10길 8,37.5020883863095,127.01058819759,주소
서울특별시 서초구 고무래로8길 5,37.5022994123256,127.010470836763,주소
서울특별시 서초구 고무래로8길 8,37.5023942233019,127.010182914635,주소
서울특별시 서초구 나루터로 15,37.5171300437436,127.011390388152,주소
서울특별시 서초구 나루터로 27,37.5169158985011,127.012915373961,주소
서울특별시 서초구 나루터로 43,37.515258662363,127.014633043159,주소
서울특별시 서초구 남부순환로317길 15,37.4801578791721,127.009343254537,주소
서울특별시 서초구 남부순환로339길 38,37.4852977769965,127.02215975144,주소
서울특별시 서초구 남부순환로339길 47-1,37.4848865537235,127.021690628752,주소
서울특별시 서초구 남부순환로339길 63,37.4857203301079,127.021287329787,주소
서울특별시 서초구 도구로 112,37.4863907942657,126.986143155238,주소
서울특별시 서초구 도구로 120-1,37.4872764848424,126.986139599534,주소
서울특별시 서초구 동광로 1,37.4910714836313,126.983025685547,주소
서울특별시 서초구 동광로 144,37.494868265986,126.997827018537,주소
서울특별시 서초구 동광로 17-1,37.4909932675254,126.984956589703,주소
서울특별시 서초구 동광로 19,37.4910117614756,126.985140673833,주소
서울특별시 서초구 동광로 41,37.4917284903035,126.987261519923,주소
서울특별시 서초구 동광로 55,37.4922687877254,126.988670492664,주소
서울특별시 서초구 동광로 56-12,37.4916184739539,126.98902361723,주소
서울특별시 서초구 동광로 7-4,37.4910216029174,126.983920694028,주소
서울특별시 서초구 동광로 88,37.4932607199159,126.992168003576,주소
서울특별시 서초구 동광로 95-2,37.4938024553073,126.992961092061,주소
서울특별시 서초구 동광로12가길 25,37.4872533512569,126.983507664045,주소
서울특별시 서초구 동광로12가길 42,37.4875183878328,126.982600664877,주소
서울특별시 서초구 동광로12길 84,37.4889197255873,126.984545759343,주소
서울특별시 서초구 동광로19길 1,37.4925882688141,126.989470474405,주소
서울특별시 서초구 동광로19길 19,37.4933561485567,126.988937648599,주소
서울특별시 서초구 동광로33길 10-6,37.4951183671461,126.996990315648,주소
서울특별시 서초구 동산로 55,37.4723026220168,127.043757102066,주소
서울특별시 서초구 동산로 60,37.4716967865343,127.045418313074,주소
서울특별시 서초구 동산로 69,37.4722862180559,127.046140367164,주소
서울특별시 서초구 동산로 71,37.4723517426379,127.046316649185,주소
서울특별시 서초구 동산로 73-1,37.4725192921388,127.046643348807,주소
서울특별시 서초구 동산로13길 42,37.4735096923699,127.044034664435,주소
서울특별시 서초구 동작대로 214,37.4956171832747,126.983225605282,주소
서울특별시 서초구 동작대로 222,37.4963677265398,126.983258457978,주소
서울특별시 서초구 명달로 26,37.4800580857193,127.005970562355,주소
서울특별시 서초구 명달로 43,37.4812763032791,127.004801717508,주소
서울특별시 서초구 명달로 51,37.4819170165356,127.004656812561,주소
서울특별시 서초구 명달로 52-7,37.4823468631044,127.0052474804,주소
서울특별시 서초구 명달로 58,37.4825306878643,127.004801571654,주소
서울특별시 서초구 명달로9길 5,37.4818835957155,127.004485973334,주소
서울특별시 서초구 바우뫼로 101,37.4749962132377,127.032196060267,주소
서울특별시 서초구 바우뫼로 20,37.46994898856,127.025305086983,주소
서울특별시 서초구 바우뫼로 89,37.4743540657932,127.031179343593,주소
서울특별시 서초구 바우뫼로18길 14,37.4741653841614,127.03189250195,주소
서울특별시 서초구 바우뫼로7길 16,37.4710777318816,127.025083105947,주소
서울특별시 서초구 바우뫼로7길 38,37.4723005921488,127.023731348976,주소
서울특별시 서초구 바우뫼로7길 8,37.4708545781298,127.025380680694,주소
서울특별시 서초구 반포대로 287,37.5043279449175,127.001088324244,주소
서울특별시 서초구 반포대로 291,37.5049020694443,126.999480997797,주소
서울특별시 서초구 반포대로 300,37.5059297520655,127.001104294395,주소
서울특별시 서초구 반포대로 300-3,37.5057814452923,127.001236730369,주소
서울특별시 서초구 반포대로13길 48,37.4854679830791,127.009230848074,주소
서울특별시 서초구 반포대로30길 66,37.4923434841206,127.01220508216,주소
서울특별시 서초구 반포대로4길 58,37.4819531499502,127.015974701815,주소
서울특별시 서초구 방배로 100,37.483272361489,126.996766923362,주소
서울특별시 서초구 방배로 189,37.4902887138253,126.991681639183,주소
서울특별시 서초구 방배로 196,37.491057918019,126.991883620941,주소
서울특별시 서초구 방배로 248,37.4951245899235,126.989317118019,주소
서울특별시 서초구 방배로 260,37.4964040023549,126.990156472861,주소
서울특별시 서초구 방배로 269,37.4966548872032,126.987743441241,주소
서울특별시 서초구 방배로 285,37.498010158954,126.98670440605,주소
서울특별시 서초구 방배로 37,37.4780435789433,126.999573889954,주소
서울특별시 서초구 방배로13길 19,37.4827114382902,126.995401139741,주소
서울특별시 서초구 방배로18길 52,37.4852056040312,126.998848974708,주소
서울특별시 서초구 방배로28길 53,37.4913472191647,126.994879892705,주소
서울특별시 서초구 방배로31길 36,37.4904394660406,126.989581250519,주소
서울특별시 서초구 방배로37길 27,37.4931957965572,126.988285882813,주소
서울특별시 서초구 방배로42길 11,37.495377510729,126.989408000444,주소
서울특별시 서초구 방배로42길 18,37.4950123306756,126.989386001008,주소
서울특별시 서초구 방배로42길 19,37.495154533353,126.989654212132,주소
서울특별시 서초구 방배로42길 23-3,37.495028856293,126.989808360405,주소
서울특별시 서초구 방배로42길 29,37.4947590288074,126.990091440611,주소
서울특별시 서초구 방배로42길 3,37.4956200452851,126.989225789452,주소
서울특별시 서초구 방배로42길 7,37.4955079628315,126.989256451005,주소
서울특별시 서초구 방배로43길 21,37.4951909318796,126.986907662536,주소
서울특별시 서초구 방배로43길 5,37.4957432600831,126.987854411764,주소
서울특별시 서초구 방배로6길 10-21,37.4783141507518,127.000704683867,주소
서울특별시 서초구 방배로8길 10-19,37.4796014246747,126.999768455428,주소
서울특별시 서초구 방배로8길 4,37.479727563019,126.999133741459,주소
서울특별시 서초구 방배중앙로 212,37.4979932374941,126.985329502238,주소
서울특별시 서초구 방배중앙로13길 26,37.4867641043401,126.987137986274,주소
서울특별시 서초구 방배중앙로3길 32,37.4806300322796,126.989859045395,주소
서울특별시 서초구 방배천로 158,37.4892182854701,126.987282638623,주소
서울특별시 서초구 방배천로4길 23,37.4781887381851,126.984058772938,주소
서울특별시 서초구 방배천로6길 42,37.4791882626438,126.985012772238,주소
서울특별시 서초구 사임당로 139,37.4917293509297,127.024877425245,주소
서울특별시 서초구 사임당로 143,37.4918506404669,127.025236485997,주소
서울특별시 서초구 사임당로 151,37.4920676848724,127.025692827371,주소
서울특별시 서초구 사임당로 158,37.4918503001644,127.027176779785,주소
서울특별시 서초구 사임당로 173,37.4928116227692,127.028544137454,주소
서울특별시 서초구 사임당로 174,37.4923165838485,127.028649677024,주소
서울특별시 서초구 사평대로 122,37.4996190946145,126.997899257864,주소
서울특별시 서초구 사평대로 18,37.4981898766621,126.986413740877,주소
서울특별시 서초구 사평대로22길 37,37.4979440316223,126.997781242461,주소
서울특별시 서초구 사평대로22길 5,37.499342482747,126.997738792848,주소
서울특별시 서초구 사평대로28길 31,37.4989786738327,127.000999698637,주소
서울특별시 서초구 사평대로2길 20,37.4977465171173,126.985865013764,주소
서울특별시 서초구 사평대로45길 10,37.5063251046839,127.014699724248,주소
서울특별시 서초구 사평대로45길 10-25,37.5066316270124,127.013953666134,주소
서울특별시 서초구 사평대로45길 26,37.5062446440008,127.012346682947,주소
서울특별시 서초구 사평대로55길 26,37.5052376834808,127.022663159807,주소
서울특별시 서초구 서래로 17,37.4966667687424,126.998004848494,주소
서울특별시 서초구 서래로5길 61,37.4978061698543,126.994703828707,주소
서울특별시 서초구 서운로 115,37.4939485124964,127.024538241332,주소
서울특별시 서초구 서운로 142-4,37.4961174271855,127.024916311484,주소
서울특별시 서초구 서운로 178,37.4990487668755,127.024891501335,주소
서울특별시 서초구 서운로 207,37.5015195846305,127.021753455557,주소
서울특별시 서초구 서운로 26,37.4863158467761,127.029486131067,주소
서울특별시 서초구 서운로 35,37.491564668711,127.025618024318,주소
서울특별시 서초구 서운로11길 34,37.4875928119614,127.026590321558,주소
서울특별시 서초구 서운로21길 2,37.4985298571843,127.023220688907,주소
서울특별시 서초구 서초대로 141-19,37.4893985268601,126.998186411935,주소
서울특별시 서초구 서초대로 224,37.4910425075511,127.006734361114,주소
서울특별시 서초구 서초대로 25,37.4860210855592,126.985194013083,주소
서울특별시 서초구 서초대로 30,37.4855355127529,126.985769058743,주소
서울특별시 서초구 서초대로 35,37.4861064473758,126.986239881474,주소
서울특별시 서초구 서초대로 389,37.4970811308117,127.023665230654,주소
서울특별시 서초구 서초대로 49-9,37.4865818035065,126.987732423316,주소
서울특별시 서초구 서초대로 59,37.4864914482292,126.98879913344,주소
서울특별시 서초구 서초대로16길 49-66,37.485633415531,126.992114074979,주소
서울특별시 서초구 서초대로19길 77,37.4912989217014,126.987559323302,주소
서울특별시 서초구 서초대로1길 14,37.4874906411578,126.983254446447,주소
서울특별시 서초구 서초대로1길 30,37.4892328804823,126.983614309346,주소
서울특별시 서초구 서초대로22길 51,37.4851066050609,126.993775652387,주소
서울특별시 서초구 서초대로34가길 52,37.4863329317817,126.997856550654,주소
서울특별시 서초구 서초대로34길 19,37.4886249229289,126.998278019339,주소
서울특별시 서초구 서초대로42길 69,37.4890704226438,127.009981079349,주소
서울특별시 서초구 서초대로50길 62-11,37.4903060486695,127.012932727524,주소
서울특별시 서초구 서초대로53길 27,37.4965922449003,127.014074042311,주소
서울특별시 서초구 서초대로56길 28,37.4932814378417,127.0172266426,주소
서울특별시 서초구 서초대로64길 47,37.493633041773,127.021441894142,주소
서울특별시 서초구 서초대로65길 13-10,37.4974284760361,127.019150618212,주소
서울특별시 서초구 서초대로70길 32,37.4939058491626,127.023431961533,주소
서울특별시 서초구 서초대로73길 12,37.4985502394657,127.025735420451,주소
서울특별시 서초구 서초대로73길 40,37.5009272542176,127.024557940948,주소
서울특별시 서초구 서초대로73길 42,37.5012257817168,127.024441102142,주소
서울특별시 서초구 서초대로77길 24,37.5000209859136,127.025991620906,주소
서울특별시 서초구 서초대로77길 27,37.5001249784617,127.025502769716,주소
서울특별시 서초구 서초대로78길 30,37.4951181640471,127.027943870008,주소
서울특별시 서초구 서초대로78길 36,37.4947119400032,127.028155068247,주소
서울특별시 서초구 서초대로78길 48,37.4934898858962,127.028606363309,주소
서울특별시 서초구 서초대로7길 9,37.4865165013932,126.987083868532,주소
서울특별시 서초구 서초중앙로 110,37.4915904303325,127.014522584596,주소
서울특별시 서초구 서초중앙로 209,37.5003183328671,127.011825492621,주소
서울특별시 서초구 서초중앙로 217,37.501053933323,127.011632675025,주소
서울특별시 서초구 서초중앙로 225,37.5016638320186,127.011553265877,주소
서울특별시 서초구 서초중앙로 238,37.5029619493601,127.012070984447,주소
서울특별시 서초구 서초중앙로 253,37.5039601457465,127.010472878222,주소
서울특별시 서초구 서초중앙로 96,37.4907404857731,127.015424537648,주소
서울특별시 서초구 서초중앙로18길 29,37.4916371107516,127.015859955438,주소
서울특별시 서초구 서초중앙로20길 23,37.4924816801041,127.015443440543,주소
서울특별시 서초구 서초중앙로24길 27,37.4954109950647,127.016402306519,주소
서울특별시 서초구 서초중앙로24길 55,37.4961281003888,127.019413545194,주소
서울특별시 서초구 서초중앙로29길 10,37.4990062595087,127.011189730461,주소
서울특별시 서초구 서초중앙로29길 16,37.4989399887639,127.010722667041,주소
서울특별시 서초구 서초중앙로29길 23,37.4985519341691,127.009570929094,주소
서울특별시 서초구 서초중앙로29길 28,37.4999733384409,127.008705635951,주소
서울특별시 서초구 서초중앙로31길 14-11,37.5004732570117,127.010431678679,주소
서울특별시 서초구 서초중앙로31길 14-4,37.4999272015127,127.010938130635,주소
서울특별시 서초구 서초중앙로31길 14-9,37.5003550446587,127.010435733479,주소
서울특별시 서초구 서초중앙로31길 20,37.4996727393595,127.010129732435,주소
서울특별시 서초구 서초중앙로31길 6-3,37.5000580848817,127.011287031477,주소
서울특별시 서초구 서초중앙로31길 6-9,37.5004807553731,127.011197301364,주소
서울특별시 서초구 서초중앙로33길 1,37.501288472736,127.011555582965,주소
서울특별시 서초구 서초중앙로33길 14,37.5010788048655,127.010636684264,주소
서울특별시 서초구 서초중앙로33길 15,37.5008056574859,127.010210179975,주소
서울특별시 서초구 서초중앙로33길 20,37.5010250774878,127.009916172818,주소
서울특별시 서초구 서초중앙로33길 6-6,37.5017571219267,127.01118120668,주소
서울특별시 서초구 서초중앙로33길 7,37.5010538834495,127.011216725546,주소
서울특별시 서초구 서초중앙로33길 8,37.5013132049356,127.011089875562,주소
서울특별시 서초구 성촌1길 12,37.4656623427545,127.022142311822,주소
서울특별시 서초구 성촌1길 20,37.4655111453997,127.021697803193,주소
서울특별시 서초구 성촌길 14,37.465986287158,127.025140749981,주소
서울특별시 서초구 신반포로 100,37.5030849342672,126.995693596225,주소
서울특별시 서초구 신반포로 165,37.5057251189753,127.002171712729,주소
서울특별시 서초구 신반포로 177,37.5060995475667,127.003407328203,주소
서울특별시 서초구 신반포로 195,37.5067411635893,127.005520174535,주소
서울특별시 서초구 신반포로 213,37.5072710399738,127.007270897569,주소
서울특별시 서초구 신반포로 219,37.5075121874388,127.008065342049,주소
서울특별시 서초구 신반포로 23,37.5017471400893,126.987231771183,주소
서울특별시 서초구 신반포로 55-4,37.5024848344961,126.991741582915,주소
서울특별시 서초구 신반포로 56-7,37.5019964569165,126.994230013893,주소
서울특별시 서초구 신반포로 67,37.5030523682879,126.991603997827,주소
서울특별시 서초구 신반포로16길 15-25,37.5018590933365,126.9983875282,주소
서울특별시 서초구 신반포로19길 23,37.5049357208076,126.996654362592,주소
서울특별시 서초구 신반포로19길 26,37.5062653180781,126.996124207907,주소
서울특별시 서초구 신반포로23길 41,37.5116583511688,127.00446943136,주소
서울특별시 서초구 신반포로23길 78-15,37.5114762011406,127.005783836178,주소
서울특별시 서초구 신반포로33길 39,37.5115815961934,127.009018254738,주소
서울특별시 서초구 신반포로3길 8,37.5021389516353,126.986903961393,주소
서울특별시 서초구 양재대로2길 100-11,37.4564477478347,127.016254660862,주소
서울특별시 서초구 양재대로2길 100-48,37.4568496287696,127.015362418521,주소
서울특별시 서초구 양재대로2길 116-6,37.4564802019441,127.015451405913,주소
서울특별시 서초구 양재대로2길 33,37.4582049982978,127.024131981599,주소
서울특별시 서초구 양재대로2길 34,37.4575822429655,127.02216682945,주소
서울특별시 서초구 양재대로2길 74,37.4570942208519,127.019275619438,주소
서울특별시 서초구 언남11길 7-9,37.4742587270912,127.043480363528,주소
서울특별시 서초구 언남길 8,37.4712624819608,127.042057861972,주소
서울특별시 서초구 잠원로 148,37.5162644800171,127.010063540612,주소
서울특별시 서초구 잠원로 204,37.5197884939794,127.014332690543,주소
서울특별시 서초구 잠원로 24,37.5071156980651,127.009873208557,주소
서울특별시 서초구 잠원로3길 28,37.5103872227025,127.004236132457,주소
서울특별시 서초구 잠원로3길 40,37.5082128473478,127.003658736923,주소
서울특별시 서초구 잠원로4길 38,37.5124909051932,127.010965526367,주소
서울특별시 서초구 잠원로4길 50,37.512777866474,127.011981173143,주소
서울특별시 서초구 잠원로8길 13,37.515205692824,127.010269489525,주소
서울특별시 서초구 잠원로8길 25,37.51445739077,127.01144913923,주소
서울특별시 서초구 중앙로 582,37.4571440849623,127.015322015783,주소
서울특별시 서초구 청계산로7길 9-20,37.4520032504691,127.054444623274,주소
서울특별시 서초구 청계산로9길 70,37.4534623774845,127.059796702239,주소
서울특별시 서초구 청두곶2길 3,37.478727544521,126.98547764386,주소
서울특별시 서초구 청두곶길 29,37.4793706502495,126.985197812617,주소
서울특별시 서초구 태봉로,37.4653655626944,127.026054562784,주소
서울특별시 서초구 태봉로 70,37.4645381767935,127.025583027818,주소
서울특별시 서초구 태봉로2길 5,37.4629803452747,127.024216596126,주소
서울특별시 서초구 태봉로2길 60,37.4656521008404,127.027181197541,주소
서울특별시 서초구 태봉로2길 65,37.4641257392669,127.0257879338,주소
서울특별시 서초구 헌릉로8길 22,37.4552690388771,127.05917968299,주소
서울특별시 서초구 헌릉로8길 42,37.4541133292306,127.061436582525,주소
서울특별시 서초구 헌릉로8길 60,37.454339212446,127.063651297207,주소
서울특별시 서초구 효령로 181,37.4828623829091,127.003884306381,주소
서울특별시 서초구 효령로 183,37.4829098585411,127.004106931575,주소
서울특별시 서초구 효령로 186,37.4824821410078,127.004349202631,주소
서울특별시 서초구 효령로 222,37.4832479630489,127.008358283355,주소
서울특별시 서초구 효령로 230,37.4834479086989,127.009399857353,주소
서울특별시 서초구 효령로 36,37.4781207138635,126.988778449939,주소
서울특별시 서초구 효령로 394,37.487857639773,127.026893107325,주소
서울특별시 서초구 효령로 396,37.4878981090423,127.027225325525,주소
서울특별시 서초구 효령로 398,37.4880141198593,127.027394070375,주소
서울특별시 서초구 효령로 403,37.4889155854441,127.027749222342,주소
서울특별시 서초구 효령로 49,37.4790883056954,126.989746195641,주소
서울특별시 서초구 효령로2길 123-5,37.4758460567445,126.992615816174,주소
서울특별시 서초구 효령로33길 70,37.4843927603574,126.996577941643,주소
서울특별시 서초구 효령로34길 72,37.4786384237574,127.000750701283,주소
서울특별시 서초구 효령로46길 5,37.4833308929846,127.009076139053,주소
서울특별시 서초구 효령로4길 58,37.4765029769283,126.990073388581,주소
서울특별시 서초구 효령로74길 4,37.4877618565239,127.026521521134,주소
서울특별시 성동구 고산자로 130,37.5517053873696,127.03553918408,주소
서울특별시 성동구 고산자로 132,37.551893821661,127.03542078668,주소
서울특별시 성동구 고산자로 194,37.5575119543959,127.03433106651,주소
서울특별시 성동구 고산자로 211,37.5589039900428,127.033723143948,주소
서울특별시 성동구 고산자로 284,37.5649128994423,127.036797652702,주소
서울특별시 성동구 고산자로2길 6-6,37.5520300134561,127.03584896638,주소
서울특별시 성동구 고산자로2길 71,37.557651506893,127.037622987644,주소
서울특별시 성동구 고산자로6가길 20,37.5574345592443,127.035547224155,주소
서울특별시 성동구 고산자로6길 27,37.5576531708291,127.034843255819,주소
서울특별시 성동구 고산자로6길 40,37.5582206987955,127.035482520519,주소
서울특별시 성동구 고산자로8길 6,37.5570191301189,127.034873404864,주소
서울특별시 성동구 고산자로8길 7,37.5575609890303,127.034876373626,주소
서울특별시 성동구 금호로 102,37.5516094238096,127.026272753093,주소
서울특별시 성동구 금호로 127,37.5531814766938,127.022378335469,주소
서울특별시 성동구 금호로 143,37.5538891618956,127.020668193746,주소
서울특별시 성동구 금호로 15,37.5438475070221,127.022764235413,주소
서울특별시 성동구 금호로 17,37.5468826236179,127.024072726848,주소
서울특별시 성동구 금호로 40,37.5467055409212,127.025532888335,주소
서울특별시 성동구 금호로 86,37.5512121044209,127.025769360191,주소
서울특별시 성동구 금호로1길 25,37.5455293912538,127.021869551034,주소
서울특별시 성동구 금호산8길 14,37.5506990854402,127.022172196646,주소
서울특별시 성동구 난계로 35,37.5555256358422,127.024481346904,주소
서울특별시 성동구 독서당로 188,37.5422707022943,127.012178138793,주소
서울특별시 성동구 독서당로 191,37.5445928680771,127.011984339203,주소
서울특별시 성동구 독서당로 194-1,37.5427749301007,127.012762209634,주소
서울특별시 성동구 독서당로 210,37.5433744707895,127.014203794726,주소
서울특별시 성동구 독서당로 223,37.5442707521164,127.015191933825,주소
서울특별시 성동구 독서당로 251,37.5463023672303,127.017491634615,주소
서울특별시 성동구 독서당로 272,37.5453300340479,127.017925368592,주소
서울특별시 성동구 독서당로 282-1,37.5474160335633,127.02064354781,주소
서울특별시 성동구 독서당로 381,37.5501947813107,127.030692950226,주소
서울특별시 성동구 독서당로 384,37.5499279766093,127.031110080208,주소
서울특별시 성동구 독서당로 434,37.5538617325525,127.034055857783,주소
서울특별시 성동구 독서당로59길 84,37.555165788988,127.033593347592,주소
서울특별시 성동구 독서당로62길 28,37.5502533901839,127.033829695602,주소
서울특별시 성동구 독서당로62길 46,37.5511545255411,127.033980048989,주소
서울특별시 성동구 동일로 89,37.5407866916563,127.062858427901,주소
서울특별시 성동구 동일로43길 9,37.5541592708709,127.069526172922,주소
서울특별시 성동구 뚝섬로 332,37.5409410878081,127.046604922429,주소
서울특별시 성동구 뚝섬로 389,37.5392478323455,127.054021341977,주소
서울특별시 성동구 뚝섬로13길 14,37.5395077771664,127.059267581283,주소
서울특별시 성동구 뚝섬로13길 22,37.5404366739206,127.058066769768,주소
서울특별시 성동구 마장로 137,37.5678250213489,127.025053595952,주소
서울특별시 성동구 마장로 161,37.5676883077439,127.028005141452,주소
서울특별시 성동구 마장로29길 29,37.5681230316305,127.035108248651,주소
서울특별시 성동구 마장로35길 76,37.5702626286176,127.041996762487,주소
서울특별시 성동구 마장로35나길 31,37.5683388716972,127.041605053834,주소
서울특별시 성동구 마장로35나길 40,37.5671883517622,127.043217160881,주소
서울특별시 성동구 마조로 42,37.5619188387132,127.042324044658,주소
서울특별시 성동구 마조로11길 18,37.5628039441746,127.040361360585,주소
서울특별시 성동구 매봉길 49-35,37.5462920770572,127.009879731064,주소
서울특별시 성동구 무수막길 61,37.551495723521,127.021327524968,주소
서울특별시 성동구 무수막길 69,37.5518979414195,127.020752859362,주소
서울특별시 성동구 무수막길 74,37.5523973638852,127.020757411423,주소
서울특별시 성동구 무수막길 76,37.5525634142412,127.020777827896,주소
서울특별시 성동구 무학로 33,37.5691641596929,127.02634785313,주소
서울특별시 성동구 무학로14길 41,37.5690387460099,127.034385369341,주소
서울특별시 성동구 무학로6길 50,37.5645961982208,127.035023853624,주소
서울특별시 성동구 무학봉15길 21,37.5632612152138,127.029678058836,주소
서울특별시 성동구 무학봉15길 24,37.5632457753019,127.030513925049,주소
서울특별시 성동구 무학봉길 36,37.5601890352677,127.026884563445,주소
서울특별시 성동구 사근동11길 16,37.5626751242374,127.047560151027,주소
서울특별시 성동구 살곶이길 208,37.5576210338606,127.050263444631,주소
서울특별시 성동구 상원길 36,37.5472488391521,127.048748722841,주소
서울특별시 성동구 상원길 60,37.5493568947722,127.048116376537,주소
서울특별시 성동구 상원길 65,37.5498291725387,127.047735540904,주소
서울특별시 성동구 서울숲길 18,37.5473418143935,127.038253431317,주소
서울특별시 성동구 서울숲길 45,37.5481755241136,127.042677600203,주소
서울특별시 성동구 성덕정3길 10,37.5397401746097,127.047659634467,주소
서울특별시 성동구 성덕정7길 13,37.539142682544,127.049720823501,주소
서울특별시 성동구 성덕정9가길 13,37.5394518246786,127.051383529488,주소
서울특별시 성동구 성덕정길 33,37.5390448551242,127.047480077747,주소
서울특별시 성동구 성수일로 27,37.5438083798316,127.047853796815,주소
서울특별시 성동구 성수일로 34,37.543825479341,127.050073697789,주소
서울특별시 성동구 아차산로17길 21,37.5443378762671,127.062886077541,주소
서울특별시 성동구 왕십리로 137,37.5501670203702,127.04361144463,주소
서울특별시 성동구 왕십리로 189,37.5545540364985,127.041963387397,주소
서울특별시 성동구 왕십리로 278-17,37.5592483612854,127.037851167361,주소
서울특별시 성동구 왕십리로 280,37.5602047159985,127.038017800199,주소
서울특별시 성동구 왕십리로 38,37.5410082218104,127.044237721239,주소
서울특별시 성동구 왕십리로 410,37.5666029325047,127.024082467223,주소
서울특별시 성동구 용답15길 14,37.5642917351454,127.051947277565,주소
서울특별시 성동구 용답25길 1,37.5607483738375,127.053786164972,주소
서울특별시 성동구 용답중앙3길 12,37.5668916017733,127.05143825352,주소
서울특별시 성동구 용답중앙길 91,37.5621814522914,127.055253261477,주소
서울특별시 성동구 장터길 21-1,37.5485367149914,127.018344499741,주소
서울특별시 성동구 한림말3길 10,37.5420674777015,127.016319170852,주소
서울특별시 성동구 한림말3길 12,37.5422435561336,127.016151176437,주소
서울특별시 성동구 한림말3길 16,37.5425622736019,127.015901401428,주소
서울특별시 성동구 한림말길 11,37.5416703705205,127.012983234555,주소
서울특별시 성동구 한림말길 18,37.5406731354383,127.013060117482,주소
서울특별시 성동구 한림말길 39,37.5411010287318,127.01524492456,주소
서울특별시 성동구 한림말길 43,37.5423097389598,127.015785478614,주소
서울특별시 성동구 한림말길 48,37.5410102614044,127.016196963074,주소
서울특별시 성동구 한림말길 53,37.5415059922122,127.016836041246,주소
서울특별시 성동구 한림말길 6,37.5410351079181,127.011817097466,주소
서울특별시 성동구 행당로 100-6,37.5574555716865,127.029956207229,주소
서울특별시 성동구 행당로 103,37.5579339148743,127.030294685122,주소
서울특별시 성동구 행당로 104-1,37.5575136567358,127.030423083462,주소
서울특별시 성동구 행당로 108-1,37.557795347484,127.030966220782,주소
서울특별시 성동구 행당로 109,37.5580800454621,127.031031528744,주소
서울특별시 성동구 행당로 120,37.557701190017,127.031992242352,주소
서울특별시 성동구 행당로 121,37.5583378188492,127.032380714137,주소
서울특별시 성동구 행당로 35,37.5558871392738,127.023479875076,주소
서울특별시 성동구 행당로 41,37.5557811836754,127.023920201326,주소
서울특별시 성동구 행당로 75,37.556602469483,127.027520677046,주소
서울특별시 성동구 행당로 84,37.556567759443,127.028745897371,주소
서울특별시 성동구 행당로 87,37.5572921201611,127.028544269386,주소
서울특별시 성동구 행당로 95,37.5577430881265,127.029566201807,주소
서울특별시 성동구 행당로17길 7,37.5590657135709,127.033425443342,주소
서울특별시 성동구 행당로1길 13,37.5574476886561,127.023369904581,주소
서울특별시 성동구 행당로1길 7,37.5562271513968,127.023601983908,주소
서울특별시 성동구 행당로8길 8-1,37.5572135152606,127.030497770789,주소
서울특별시 성북구 고려대로17가길 46,37.5886903262008,127.024660795253,주소
서울특별시 성북구 고려대로7가길 39,37.5871586956296,127.022098883314,주소
서울특별시 성북구 길음로 10,37.6043820614822,127.023881509363,주소
서울특별시 성북구 길음로 103,37.6108648284908,127.01797449683,주소
서울특별시 성북구 길음로 142,37.6136049157335,127.016752046083,주소
서울특별시 성북구 길음로 144,37.6140334599191,127.017752359697,주소
서울특별시 성북구 길음로 20,37.6047525393951,127.02302105616,주소
서울특별시 성북구 길음로13길 22,37.6094680215088,127.019141594884,주소
서울특별시 성북구 길음로15길 55,37.6090646447836,127.01679961391,주소
서울특별시 성북구 길음로9길 40,37.6058494237907,127.020985165043,주소
서울특별시 성북구 도봉로3길 13,37.6103347387447,127.02938790382,주소
서울특별시 성북구 돌곶이로 19,37.6061776298926,127.061522474843,주소
서울특별시 성북구 돌곶이로 191,37.6172288752587,127.048178088964,주소
서울특별시 성북구 돌곶이로 197,37.6175995472605,127.047721067292,주소
서울특별시 성북구 돌곶이로 74,37.6101655861802,127.057969401598,주소
서울특별시 성북구 돌곶이로22길 21,37.610999723005,127.058332812717,주소
서울특별시 성북구 돌곶이로25길 59-4,37.6100033844123,127.053438470957,주소
서울특별시 성북구 돌곶이로37길 14,37.6170128144015,127.047521116564,주소
서울특별시 성북구 돌곶이로40길 46,37.6198223851288,127.049660439134,주소
서울특별시 성북구 돌곶이로8가길 2,37.6070215587858,127.061748880045,주소
서울특별시 성북구 돌곶이로8길 22,37.6065244839458,127.062261154976,주소
서울특별시 성북구 동소문로 16-1,37.5890786091259,127.008106970359,주소
서울특별시 성북구 동소문로 24,37.5893807537221,127.008781822457,주소
서울특별시 성북구 동소문로 248,37.6034576002933,127.024541211803,주소
서울특별시 성북구 동소문로 40,37.5900682539204,127.010464664488,주소
서울특별시 성북구 동소문로 43,37.5906277076958,127.010147934769,주소
서울특별시 성북구 동소문로 48,37.5903365197632,127.011010678624,주소
서울특별시 성북구 동소문로 51,37.5910682848096,127.011232032524,주소
서울특별시 성북구 동소문로 51-1,37.5911055778936,127.011315713127,주소
서울특별시 성북구 동소문로 57,37.591351772647,127.011789834802,주소
서울특별시 성북구 동소문로 60,37.5910682683331,127.012301124455,주소
서울특별시 성북구 동소문로 63,37.5916727536385,127.012207923918,주소
서울특별시 성북구 동소문로 71,37.5920844922334,127.013183004498,주소
서울특별시 성북구 동소문로 75,37.5923524797629,127.013688959927,주소
서울특별시 성북구 동소문로 94,37.5922742016373,127.015713934848,주소
서울특별시 성북구 동소문로13길 13,37.5924073852034,127.012563810391,주소
서울특별시 성북구 동소문로13길 38,37.5937262094153,127.013004275409,주소
서울특별시 성북구 동소문로13길 39-2,37.5934995726941,127.011635047218,주소
서울특별시 성북구 동소문로13나길 15-17,37.5925268313224,127.012800366865,주소
서울특별시 성북구 동소문로15길 1,37.5923643490703,127.013892548272,주소
서울특별시 성북구 동소문로23길 28,37.5945884254749,127.01682998912,주소
서울특별시 성북구 동소문로23길 45,37.5953128956891,127.016310183105,주소
서울특별시 성북구 동소문로3길 4,37.5891024881788,127.006618413108,주소
서울특별시 성북구 동소문로3길 69,37.5917443908697,127.007872876935,주소
서울특별시 성북구 동소문로47길 22,37.6092309613391,127.028923691108,주소
서울특별시 성북구 보국문로 164,37.6170029672632,127.003232515252,주소
서울특별시 성북구 보국문로 21,37.6065077161625,127.010700150271,주소
서울특별시 성북구 보문로 183,37.5901744692124,127.014785833413,주소
서울특별시 성북구 보문로 90-2,37.5834116228384,127.020734998539,주소
서울특별시 성북구 보문로 99,37.5839929200316,127.019823992916,주소
서울특별시 성북구 보문로29길 106,37.5871415236472,127.012671844176,주소
서울특별시 성북구 보문로29길 111,37.5854213261614,127.012873308336,주소
서울특별시 성북구 보문로29길 119,37.5853302078027,127.012290330158,주소
서울특별시 성북구 보문로29다길 7,37.5855410166354,127.013337186792,주소
서울특별시 성북구 보문사길 50,37.5832878743837,127.017057951549,주소
서울특별시 성북구 북악산로 844,37.5973870636459,127.019322962491,주소
서울특별시 성북구 북악산로 850,37.5989743083452,127.018391074187,주소
서울특별시 성북구 북악산로 851,37.6002510241824,127.018315403612,주소
서울특별시 성북구 북악산로 852,37.5989138246929,127.018564541697,주소
서울특별시 성북구 북악산로 870,37.597674141541,127.019187491701,주소
서울특별시 성북구 북악산로 918,37.5946226781717,127.023128563512,주소
서울특별시 성북구 북악산로 935,37.5946266547149,127.024842114657,주소
서울특별시 성북구 삼선교로16길 118,37.5819996035219,127.011312749775,주소
서울특별시 성북구 삼양로 35,37.6062310049289,127.023773153729,주소
서울특별시 성북구 삼양로 41,37.6067768624463,127.0235843114,주소
서울특별시 성북구 삼양로 49,37.6075533073059,127.023271867072,주소
서울특별시 성북구 삼양로 65,37.6087990879726,127.022901234635,주소
서울특별시 성북구 삼양로 66,37.6090022787768,127.023271412495,주소
서울특별시 성북구 삼양로 74,37.6098063072863,127.022884328607,주소
서울특별시 성북구 삼양로 77,37.6105849033293,127.021657995431,주소
서울특별시 성북구 삼양로 82-1,37.6107655541762,127.022605443702,주소
서울특별시 성북구 삼양로 88,37.6112246431128,127.022422104981,주소
서울특별시 성북구 삼양로13길 45,37.6107267990851,127.019656444371,주소
서울특별시 성북구 삼양로9길 10-1,37.6085658342112,127.022366718466,주소
서울특별시 성북구 삼양로9길 10-26,37.6096141697162,127.022184917746,주소
서울특별시 성북구 삼양로9길 10-27,37.6096485436469,127.021937578086,주소
서울특별시 성북구 서경로 30,37.6062774694578,127.015204082726,주소
서울특별시 성북구 서경로 4,37.6040873810083,127.014905344367,주소
서울특별시 성북구 서경로 60,37.6099259937222,127.015458405282,주소
서울특별시 성북구 서경로18길 6,37.6103641959766,127.015062664436,주소
서울특별시 성북구 서경로6길 13,37.607129288632,127.016375844082,주소
서울특별시 성북구 성북로 102-10,37.5940538893567,126.99877539809,주소
서울특별시 성북구 성북로14가길 23,37.5936666161184,127.002804963597,주소
서울특별시 성북구 성북로4길 52,37.5944725333435,127.012706037821,주소
서울특별시 성북구 성북로4길 52-1,37.5956408923336,127.011400646113,주소
서울특별시 성북구 성북로8길 71,37.5941065881018,127.008215538987,주소
서울특별시 성북구 솔샘로25가길 8,37.6197915298294,127.005532713286,주소
서울특별시 성북구 솔샘로25길 20,37.6169493934888,127.00812256797,주소
서울특별시 성북구 숭인로 50,37.6120057743675,127.028773678213,주소
서울특별시 성북구 숭인로2길 56,37.6090839372749,127.023579943411,주소
서울특별시 성북구 숭인로2길 61,37.6093541279794,127.024971819263,주소
서울특별시 성북구 숭인로2길 64,37.6086465800208,127.023664745774,주소
서울특별시 성북구 아리랑로 21,37.5946464922167,127.0158700154,주소
서울특별시 성북구 아리랑로 22,37.5947204962601,127.016291823327,주소
서울특별시 성북구 아리랑로 28,37.5951925407724,127.016182655889,주소
서울특별시 성북구 아리랑로 48,37.5970206883472,127.015235264021,주소
서울특별시 성북구 아리랑로 63,37.5982399496277,127.013421324355,주소
서울특별시 성북구 아리랑로19가길 21,37.6019047085525,127.011941547844,주소
서울특별시 성북구 아리랑로5길 24,37.5968432533366,127.014022017071,주소
서울특별시 성북구 아리랑로5길 25,37.5960628966291,127.014089924778,주소
서울특별시 성북구 아리랑로5길 26,37.5968967947587,127.013830997807,주소
서울특별시 성북구 아리랑로5길 45,37.5969445828634,127.012713478803,주소
서울특별시 성북구 아리랑로5길 92,37.598460801081,127.011542058265,주소
서울특별시 성북구 아리랑로7길 5,37.5973462374438,127.0143491393,주소
서울특별시 성북구 안암로 5,37.5791510372431,127.023445857158,주소
서울특별시 성북구 오패산로 39,37.6056801465557,127.036747964044,주소
서울특별시 성북구 오패산로 46,37.6074621211761,127.038729506968,주소
서울특별시 성북구 오패산로 84,37.6096118511154,127.035980781154,주소
서울특별시 성북구 오패산로 98,37.6108634286384,127.035639686915,주소
서울특별시 성북구 오패산로16가길 76,37.6114677504282,127.038142754784,주소
서울특별시 성북구 오패산로16길 37,37.6090977872099,127.038146527662,주소
서울특별시 성북구 오패산로3길 17,37.6045941277759,127.034545440189,주소
서울특별시 성북구 월계로 124,37.6162471048919,127.041180709736,주소
서울특별시 성북구 월계로 52,37.6114796332605,127.035579387829,주소
서울특별시 성북구 월계로40길 7,37.6229729783825,127.048309344122,주소
서울특별시 성북구 월곡로 36,37.5958358987959,127.039066241267,주소
서울특별시 성북구 월곡로 74,37.5989819527133,127.040219755884,주소
서울특별시 성북구 월곡로 83,37.5998380800319,127.039937341826,주소
서울특별시 성북구 월곡로14길 24,37.5999046713794,127.041481074075,주소
서울특별시 성북구 월곡로5길 34,37.5984048310929,127.037598656027,주소
서울특별시 성북구 장월로 118-1,37.6162179313453,127.048920570915,주소
서울특별시 성북구 장월로 6,37.6069823458659,127.048259362361,주소
서울특별시 성북구 장월로1길 28,37.6087723133633,127.045612298275,주소
서울특별시 성북구 장월로23길 15-3,37.6163414066337,127.047722981593,주소
서울특별시 성북구 장월로23길 16,37.6168600216765,127.048151233375,주소
서울특별시 성북구 장월로23길 25-2,37.6166497524074,127.047206345696,주소
서울특별시 성북구 장월로3길 1,37.6079081554189,127.047037736428,주소
서울특별시 성북구 장월로3길 42,37.6100238748815,127.046083188246,주소
서울특별시 성북구 장월로8가길 41,37.6114414258051,127.050005965999,주소
서울특별시 성북구 장위로 159,37.6147016116536,127.053986288555,주소
서울특별시 성북구 장위로48길 21,37.6146787297403,127.055914348956,주소
서울특별시 성북구 장위로4길 70,37.6112817727174,127.040874553779,주소
서울특별시 성북구 정릉로 161,37.6080476933587,127.002616144531,주소
서울특별시 성북구 정릉로 250,37.6042686933031,127.011370819691,주소
서울특별시 성북구 정릉로 251,37.6047223777771,127.0119196884,주소
서울특별시 성북구 정릉로 279,37.6038254756354,127.013292433921,주소
서울특별시 성북구 정릉로 292,37.603010288164,127.015969296225,주소
서울특별시 성북구 정릉로 305,37.6048471448085,127.017803289788,주소
서울특별시 성북구 정릉로 326,37.6020693327301,127.019324173459,주소
서울특별시 성북구 정릉로 330,37.6018415136301,127.019619340596,주소
서울특별시 성북구 정릉로 376,37.6020159406626,127.025322800344,주소
서울특별시 성북구 정릉로 448-11,37.6031016089759,127.031083514347,주소
서울특별시 성북구 정릉로12길 41,37.6070090504822,127.001609529397,주소
서울특별시 성북구 정릉로24길 58,37.6037748856219,127.007718883621,주소
서울특별시 성북구 정릉로26길 21,37.6040391022345,127.01156398401,주소
서울특별시 성북구 정릉로26길 8,37.6038670811154,127.010847672186,주소
서울특별시 성북구 정릉로31길 32,37.6039106531879,127.01524697451,주소
서울특별시 성북구 정릉로48길 52,37.6018109508131,127.027404487079,주소
서울특별시 성북구 정릉로9라길 11,37.6120328876191,127.000333434653,주소
서울특별시 성북구 종암로 120,37.6010208311524,127.034438925479,주소
서울특별시 성북구 종암로 132,37.6019090131896,127.033550711598,주소
서울특별시 성북구 종암로 167,37.6050371568783,127.030928150119,주소
서울특별시 성북구 종암로 208,37.6085534574833,127.03124026118,주소
서울특별시 성북구 종암로 71,37.596610906952,127.035131480515,주소
서울특별시 성북구 종암로19길 50,37.5980474744753,127.031861054284,주소
서울특별시 성북구 종암로21가길 14,37.5989253266186,127.033429791209,주소
서울특별시 성북구 종암로21길 128,37.6035091946959,127.030478043659,주소
서울특별시 성북구 종암로21길 97,37.6023208353812,127.031330968073,주소
서울특별시 성북구 종암로23길 17,37.5994941513348,127.033006075009,주소
서울특별시 성북구 종암로24가길 53,37.6008413496899,127.037976638554,주소
서울특별시 성북구 종암로25길 22-28,37.6016144937773,127.031873446766,주소
서울특별시 성북구 종암로27길 13,37.6026385846379,127.031444006401,주소
서울특별시 성북구 종암로27길 18,37.6028672748644,127.031710228763,주소
서울특별시 성북구 종암로27길 25-4,37.6025186786172,127.031043975924,주소
서울특별시 성북구 종암로27길 26,37.6027494602703,127.030899118257,주소
서울특별시 성북구 종암로36나길 2,37.6061028733386,127.034105481953,주소
서울특별시 성북구 종암로40길 30,37.6086454014288,127.032743405553,주소
서울특별시 성북구 종암로5길 14,37.5945203773277,127.035296496549,주소
서울특별시 성북구 종암로5길 80-17,37.5929705982623,127.031747584508,주소
서울특별시 성북구 종암로5길 9-3,37.5943881061861,127.035315117404,주소
서울특별시 성북구 종암로9길 8,37.5957426172747,127.035145905997,주소
서울특별시 성북구 지봉로 180,37.584963004661,127.018812986753,주소
서울특별시 성북구 지봉로 181,37.5853080793294,127.01884862422,주소
서울특별시 성북구 한천로 526,37.608121575175,127.06671820308,주소
서울특별시 성북구 한천로 660-30,37.6185360086599,127.055981121102,주소
서울특별시 성북구 한천로 694,37.6189751371516,127.055243952183,주소
서울특별시 성북구 한천로 713,37.6212990641092,127.051847478882,주소
서울특별시 성북구 한천로101길 36,37.6225368642775,127.048835224172,주소
서울특별시 성북구 한천로101길 66,37.6219292248912,127.047320465849,주소
서울특별시 성북구 한천로58길 273,37.6089438673379,127.069749623952,주소
서울특별시 성북구 화랑로 210-6,37.6084555549136,127.053283338623,주소
서울특별시 성북구 화랑로19길 70-14,37.6090283868005,127.051080721032,주소
서울특별시 성북구 화랑로37길 42,37.6134198408766,127.057656948394,주소
서울특별시 성북구 화랑로48길 16,37.6137702863968,127.068980441185,주소
서울특별시 송파구 가락로 139-1,37.5025856078288,127.111378100245,주소
서울특별시 송파구 가락로 140,37.5022414085538,127.111489777158,주소
서울특별시 송파구 가락로 164,37.5033761523503,127.113645804601,주소
서울특별시 송파구 가락로 209,37.5071999252324,127.116148519048,주소
서울특별시 송파구 가락로 74,37.499981558058,127.104433587879,주소
서울특별시 송파구 가락로 94-8,37.5005775968415,127.106925234989,주소
서울특별시 송파구 가락로 95,37.5010061961458,127.106636219888,주소
서울특별시 송파구 가락로 98,37.5008437605004,127.107017444296,주소
서울특별시 송파구 가락로11길 21,37.5022499747956,127.103973857788,주소
서울특별시 송파구 가락로11길 26,37.5026527756676,127.105238463221,주소
서울특별시 송파구 가락로11길 33,37.5031365415682,127.103486406723,주소
서울특별시 송파구 가락로11길 35,37.5033400215904,127.103448687785,주소
서울특별시 송파구 가락로11길 8,37.5010541860792,127.104862114003,주소
서울특별시 송파구 가락로12길 4,37.4997944818033,127.105074204186,주소
서울특별시 송파구 가락로16길 2-26,37.5007211290851,127.107121878133,주소
서울특별시 송파구 가락로16길 2-3,37.5008706279134,127.108283648159,주소
서울특별시 송파구 가락로36길 6,37.5097244560781,127.118500248235,주소
서울특별시 송파구 강동대로 232,37.5223411062511,127.129820534956,주소
서울특별시 송파구 강동대로2길 13,37.5263118815737,127.113492681415,주소
서울특별시 송파구 강동대로2길 27,37.5252777887983,127.113130689958,주소
서울특별시 송파구 강동대로9길 13,37.5276997798608,127.116276005605,주소
서울특별시 송파구 강동대로9길 8,37.5271172638056,127.116203376712,주소
서울특별시 송파구 거마로 28,37.4954101353037,127.145700119839,주소
서울특별시 송파구 거마로 51,37.4976504915651,127.146060806375,주소
서울특별시 송파구 거마로 56,37.4970454816341,127.147282077623,주소
서울특별시 송파구 거마로 73,37.4995503644836,127.146995001919,주소
서울특별시 송파구 거마로7길 14-1,37.4959732847295,127.143993088309,주소
서울특별시 송파구 거마로9길 24,37.4972021207846,127.14358664434,주소
서울특별시 송파구 동남로 189,37.4946614092198,127.129853687565,주소
서울특별시 송파구 동남로 198,37.4950190985121,127.130842870003,주소
서울특별시 송파구 동남로 202,37.4953927630443,127.131071157165,주소
서울특별시 송파구 동남로 203,37.4959246234885,127.129932432189,주소
서울특별시 송파구 동남로 209,37.496200793204,127.131064088063,주소
서울특별시 송파구 동남로 211,37.4963479098063,127.131242339439,주소
서울특별시 송파구 동남로 217,37.4967647925274,127.131739510668,주소
서울특별시 송파구 동남로 227,37.4974462196768,127.132387557873,주소
서울특별시 송파구 동남로 281,37.5014842537875,127.136506477956,주소
서울특별시 송파구 동남로 286,37.5009819430204,127.13743924294,주소
서울특별시 송파구 동남로18길 14,37.4947560674892,127.131920644526,주소
서울특별시 송파구 동남로18길 39-1,37.4932008462247,127.13431428539,주소
서울특별시 송파구 동남로18길 4,37.4952677572159,127.131266118935,주소
서울특별시 송파구 동남로18길 45,37.4928435624626,127.134819333753,주소
서울특별시 송파구 동남로23길 54,37.504098419356,127.134473139444,주소
서울특별시 송파구 동남로23나길 6,37.5023710549257,127.133003223687,주소
서울특별시 송파구 동남로30길 16,37.5041517374484,127.140529175787,주소
서울특별시 송파구 마천로 1,37.510501289806,127.122312788909,주소
서울특별시 송파구 마천로 10,37.5100101997982,127.122005700171,주소
서울특별시 송파구 마천로 14,37.509923497882,127.122378577772,주소
서울특별시 송파구 마천로 20,37.5096538133054,127.123085829942,주소
서울특별시 송파구 마천로 26,37.5094329073665,127.123756285744,주소
서울특별시 송파구 마천로 28,37.5093591414355,127.123903085628,주소
서울특별시 송파구 마천로 30,37.5092192490953,127.124042763378,주소
서울특별시 송파구 마천로 35,37.5093225310059,127.124872436196,주소
서울특별시 송파구 마천로 61,37.5082226417972,127.127434625285,주소
서울특별시 송파구 마천로25길 18,37.5050261154817,127.140946785902,주소
서울특별시 송파구 마천로25길 6,37.5033668401321,127.140024999093,주소
서울특별시 송파구 마천로26길 6,37.5026817935203,127.139043990065,주소
서울특별시 송파구 마천로57길 10,37.4946471895895,127.152462265341,주소
서울특별시 송파구 마천로57길 22-1,37.4953735124809,127.153627700427,주소
서울특별시 송파구 마천로57길 7,37.4946515873808,127.151986088287,주소
서울특별시 송파구 마천로5길 16,37.5095262801553,127.127206675006,주소
서울특별시 송파구 마천로61다길 24,37.495437509372,127.152704624882,주소
서울특별시 송파구 마천로8길 5,37.5073035597642,127.127654853131,주소
서울특별시 송파구 문정로 211,37.4973626123965,127.139888149341,주소
서울특별시 송파구 문정로 33,37.4864685595227,127.126525901156,주소
서울특별시 송파구 문정로 73,37.4883919978179,127.130286303121,주소
서울특별시 송파구 문정로 83,37.4892043157404,127.130231968818,주소
서울특별시 송파구 문정로5길 20,37.4890774089099,127.129206175689,주소
서울특별시 송파구 문정로5길 9,37.4876897553343,127.128887413071,주소
서울특별시 송파구 백제고분로 11,37.5162500127349,127.079283389854,주소
서울특별시 송파구 백제고분로 127,37.5064213469749,127.081492567661,주소
서울특별시 송파구 백제고분로 162,37.5049982850135,127.084715193777,주소
서울특별시 송파구 백제고분로 209,37.5040538996963,127.090010398394,주소
서울특별시 송파구 백제고분로 216,37.5033659538082,127.090519177046,주소
서울특별시 송파구 백제고분로 365,37.5052665438398,127.106298010481,주소
서울특별시 송파구 백제고분로 400,37.5069549745149,127.111247174893,주소
서울특별시 송파구 백제고분로 409,37.5077603606656,127.110019864048,주소
서울특별시 송파구 백제고분로18길 26,37.503107913259,127.083919475308,주소
서울특별시 송파구 백제고분로21길 19,37.5056467991845,127.090347985975,주소
서울특별시 송파구 백제고분로21길 20,37.5055951351683,127.090630781872,주소
서울특별시 송파구 백제고분로21길 21,37.5058622919873,127.090501720235,주소
서울특별시 송파구 백제고분로21길 38,37.5067919626305,127.091768429619,주소
서울특별시 송파구 백제고분로23길 34,37.5067288107569,127.092335547475,주소
서울특별시 송파구 백제고분로28길 10,37.5021940011399,127.091938548209,주소
서울특별시 송파구 백제고분로28길 12,37.5020430605917,127.091851168686,주소
서울특별시 송파구 백제고분로28길 19,37.5017012801562,127.093268133907,주소
서울특별시 송파구 백제고분로28길 20,37.5013376493914,127.091520868737,주소
서울특별시 송파구 백제고분로28길 22,37.5011527998239,127.091473370945,주소
서울특별시 송파구 백제고분로28길 6,37.5025404107891,127.092088821746,주소
서울특별시 송파구 백제고분로29길 19,37.5048848783142,127.09441991519,주소
서울특별시 송파구 백제고분로42길 15,37.5052609757665,127.110307422198,주소
서울특별시 송파구 백제고분로42길 8,37.5055969541384,127.109539641758,주소
서울특별시 송파구 백제고분로50길 17,37.5139024783582,127.116895254896,주소
서울특별시 송파구 삼전로 100,37.5069630013895,127.090682086454,주소
서울특별시 송파구 삼전로 38,37.5023559179901,127.086686814478,주소
서울특별시 송파구 삼전로 84,37.5058441397049,127.089730141038,주소
서울특별시 송파구 삼전로 85,37.5062511439144,127.089346770122,주소
서울특별시 송파구 삼전로12길 6,37.5063601603768,127.09065432655,주소
서울특별시 송파구 삼전로9길 6,37.5063433050781,127.088764645515,주소
서울특별시 송파구 삼전로9길 8,37.5063888624645,127.0885691509,주소
서울특별시 송파구 삼학사로 11,37.4976894981876,127.095811765574,주소
서울특별시 송파구 새말로 133,37.4833868527342,127.128933274619,주소
서울특별시 송파구 새말로 138,37.4832219642725,127.129266756951,주소
서울특별시 송파구 새말로 138-1,37.4833357765893,127.129417667909,주소
서울특별시 송파구 새말로 142,37.4835370129283,127.129626619435,주소
서울특별시 송파구 새말로 142-6,37.4834163013993,127.129769324473,주소
서울특별시 송파구 새말로11길 5,37.4835051786472,127.127249379527,주소
서울특별시 송파구 새말로6길 46,37.4832540728201,127.129894206074,주소
서울특별시 송파구 석촌호수로 106,37.507681649089,127.088655956552,주소
서울특별시 송파구 석촌호수로 108,37.5076326729391,127.088844551265,주소
서울특별시 송파구 석촌호수로 110,37.5075925002353,127.089067765105,주소
서울특별시 송파구 석촌호수로 112,37.5075650936592,127.089327638634,주소
서울특별시 송파구 석촌호수로 118,37.5074377854011,127.090034819367,주소
서울특별시 송파구 석촌호수로 134,37.5070750637579,127.091877352413,주소
서울특별시 송파구 석촌호수로 135,37.5075719318771,127.09238555868,주소
서울특별시 송파구 석촌호수로 144,37.5069430948791,127.092992583428,주소
서울특별시 송파구 석촌호수로 150,37.5068461441992,127.093566332104,주소
서울특별시 송파구 석촌호수로 152,37.5068659244289,127.093846279139,주소
서울특별시 송파구 석촌호수로 159,37.5088312569718,127.095121373383,주소
서울특별시 송파구 석촌호수로 61,37.5106960472158,127.086224807954,주소
서울특별시 송파구 석촌호수로 81,37.5102185018601,127.089274587416,주소
서울특별시 송파구 성내천로 207,37.5013291325477,127.151063224565,주소
서울특별시 송파구 성내천로 228-1,37.4992401111402,127.152776376139,주소
서울특별시 송파구 성내천로 6,37.5083372409238,127.134828192603,주소
서울특별시 송파구 성내천로47길 31,37.4956265089458,127.157667088137,주소
서울특별시 송파구 송이로 157,37.4931918951358,127.125238187143,주소
서울특별시 송파구 송이로 18,37.5033608950522,127.115810752001,주소
서울특별시 송파구 송이로 202,37.4898945959034,127.128155087554,주소
서울특별시 송파구 송이로 239,37.4880493688611,127.131727143881,주소
서울특별시 송파구 송이로 24,37.502854956612,127.11629378609,주소
서울특별시 송파구 송이로 29,37.5027062150228,127.116918171571,주소
서울특별시 송파구 송이로 45,37.5023397085349,127.11897125744,주소
서울특별시 송파구 송이로 75,37.5003207198096,127.119700425145,주소
서울특별시 송파구 송이로14길 12,37.498999931312,127.118183389298,주소
서울특별시 송파구 송이로15길 10,37.4995115435868,127.120834319035,주소
서울특별시 송파구 송이로15길 13,37.5014549929626,127.121117352937,주소
서울특별시 송파구 송이로17길 40,37.5005657590808,127.124270799682,주소
서울특별시 송파구 송이로23길 52-40,37.4973338606082,127.127892436097,주소
서울특별시 송파구 송이로32길 32,37.4873132674257,127.126933474741,주소
서울특별시 송파구 송이로32길 4,37.4897674804847,127.128056608977,주소
서울특별시 송파구 송이로32길 4-5,37.4896762757847,127.127828043838,주소
서울특별시 송파구 송이로33길 6,37.4876797268193,127.132977172791,주소
서울특별시 송파구 송이로34길 57,37.4844179456033,127.127374056517,주소
서울특별시 송파구 송이로34길 60,37.4850521596354,127.127962742492,주소
서울특별시 송파구 송이로36길 52,37.4835807330859,127.12845217789,주소
서울특별시 송파구 송파대로 111,37.4796870553794,127.124979804141,주소
서울특별시 송파구 송파대로 345,37.4976145695004,127.102531804188,주소
서울특별시 송파구 송파대로 369,37.5006438690951,127.11087999255,주소
서울특별시 송파구 송파대로18길 19,37.4852138474753,127.125906211785,주소
서울특별시 송파구 송파대로26길 22,37.4916183368483,127.122700488472,주소
서울특별시 송파구 송파대로27길 26,37.4911528676317,127.116112585096,주소
서울특별시 송파구 송파대로36가길 1,37.5010193001259,127.114581114731,주소
서울특별시 송파구 송파대로36길 8,37.4998119038214,127.113605457993,주소
서울특별시 송파구 송파대로37길 44,37.5004577018235,127.107489158239,주소
서울특별시 송파구 송파대로37길 44-1,37.5004141374034,127.107341399997,주소
서울특별시 송파구 송파대로37길 45,37.4998746399971,127.107214872322,주소
서울특별시 송파구 송파대로37길 50,37.5002447307264,127.106664540387,주소
서울특별시 송파구 송파대로37길 52,37.5001728660817,127.106525224579,주소
서울특별시 송파구 송파대로37길 56,37.5000690147917,127.106186486562,주소
서울특별시 송파구 송파대로37길 74,37.4994505455995,127.104081594706,주소
서울특별시 송파구 송파대로37길 78,37.4993965569825,127.103897750693,주소
서울특별시 송파구 송파대로37길 95,37.4984115921213,127.102124196858,주소
서울특별시 송파구 송파대로38길 4,37.5005934340495,127.112193463669,주소
서울특별시 송파구 송파대로38길 8,37.5017941334924,127.114241325581,주소
서울특별시 송파구 송파대로42길 22,37.505653849478,127.110172734926,주소
서울특별시 송파구 양산로 12,37.489911262721,127.143590440057,주소
서울특별시 송파구 양산로 14,37.4903423891766,127.14366894783,주소
서울특별시 송파구 양산로2길 26,37.4876385082093,127.144815961872,주소
서울특별시 송파구 양산로2길 30,37.4876964764281,127.146542554504,주소
서울특별시 송파구 양산로2길 38,37.4884840675042,127.146089316776,주소
서울특별시 송파구 양산로4길 16,37.4892025652308,127.144963941113,주소
서울특별시 송파구 양재대로 1196,37.5124274792928,127.134396802963,주소
서울특별시 송파구 양재대로 1222,37.5157274562262,127.131062938211,주소
서울특별시 송파구 양재대로 1242,37.5162947747499,127.13852222328,주소
서울특별시 송파구 양재대로 1264,37.5185748448001,127.134157724554,주소
서울특별시 송파구 양재대로 1278,37.5200898870034,127.135729296295,주소
서울특별시 송파구 양재대로71길 1-18,37.5094606710777,127.125875897217,주소
서울특별시 송파구 양재대로71길 1-20,37.5093566159107,127.125781167821,주소
서울특별시 송파구 양재대로71길 14,37.5107041542413,127.125445356089,주소
서울특별시 송파구 양재대로71길 4-16,37.5109160423485,127.126485494318,주소
서울특별시 송파구 양재대로71길 5-14,37.5098615406374,127.125525154925,주소
서울특별시 송파구 양재대로71길 8,37.5105520421649,127.125890058433,주소
서울특별시 송파구 양재대로72길 17,37.5092546717859,127.12882845771,주소
서울특별시 송파구 양재대로72길 41,37.5089331446047,127.131246387027,주소
서울특별시 송파구 오금로 229,37.5070600255693,127.119197257716,주소
서울특별시 송파구 오금로 233,37.5068972110123,127.119556882917,주소
서울특별시 송파구 오금로 251,37.5061013149196,127.121537217013,주소
서울특별시 송파구 오금로 400,37.4978635493487,127.134713236243,주소
서울특별시 송파구 오금로 407,37.4986413987929,127.136586683882,주소
서울특별시 송파구 오금로 473,37.4945759901058,127.141920112252,주소
서울특별시 송파구 오금로 478,37.4939642960015,127.142070821807,주소
서울특별시 송파구 오금로 551,37.4931824051771,127.150367774224,주소
서울특별시 송파구 오금로11길 64,37.5149508047144,127.113373673739,주소
서울특별시 송파구 오금로27길 41-1,37.5096859931613,127.120361768942,주소
서울특별시 송파구 오금로27길 42,37.5095379215333,127.121190696197,주소
서울특별시 송파구 오금로27길 53,37.5104861309502,127.120846013689,주소
서울특별시 송파구 오금로29길 10,37.5074413454323,127.121394620489,주소
서울특별시 송파구 오금로29길 31,37.5093439082296,127.121567809411,주소
서울특별시 송파구 오금로31길 15,37.507298997834,127.121734030977,주소
서울특별시 송파구 오금로31길 27,37.509011455707,127.122596508904,주소
서울특별시 송파구 오금로31길 3,37.5064714803482,127.121154523531,주소
서울특별시 송파구 오금로31길 39,37.5093274261402,127.123041070493,주소
서울특별시 송파구 오금로31길 42,37.5092838539739,127.123351694446,주소
서울특별시 송파구 오금로31길 7,37.506770097375,127.12139432523,주소
서울특별시 송파구 오금로32길 14,37.5052537370259,127.117804530879,주소
서울특별시 송파구 오금로32길 28,37.5039476303006,127.119251232146,주소
서울특별시 송파구 오금로32길 30,37.5037526096939,127.119025975571,주소
서울특별시 송파구 오금로32길 31,37.5029836751039,127.119488892903,주소
서울특별시 송파구 오금로32길 44,37.5029703985517,127.117996709007,주소
서울특별시 송파구 오금로35길 20,37.5052111047982,127.129112056324,주소
서울특별시 송파구 오금로40길 37,37.4965672156015,127.129280370183,주소
서울특별시 송파구 오금로40길 40,37.4971899312652,127.128757519431,주소
서울특별시 송파구 오금로44길 48,37.4942971926041,127.132477439534,주소
서울특별시 송파구 오금로46길 18-1,37.495859578759,127.135066753587,주소
서울특별시 송파구 오금로49길 18,37.4975692004431,127.139517839227,주소
서울특별시 송파구 오금로57길 15,37.4961862376383,127.143214689204,주소
서울특별시 송파구 오금로57길 8,37.494705019881,127.142738049066,주소
서울특별시 송파구 올림픽로 111,37.5121612739032,127.083062185894,주소
서울특별시 송파구 올림픽로 119,37.5120843432468,127.084186279267,주소
서울특별시 송파구 올림픽로 130,37.5113721649145,127.084975756199,주소
서울특별시 송파구 올림픽로 145,37.5119804600106,127.087041904838,주소
서울특별시 송파구 올림픽로 203,37.5124860835366,127.093322610898,주소
서울특별시 송파구 올림픽로 215,37.5140077737504,127.095036549398,주소
서울특별시 송파구 올림픽로 329,37.5161588169493,127.106659247528,주소
서울특별시 송파구 올림픽로 435,37.5213592954462,127.104971745978,주소
서울특별시 송파구 올림픽로 565,37.5327371486645,127.119740221132,주소
서울특별시 송파구 올림픽로 95,37.5147416618092,127.081636216984,주소
서울특별시 송파구 올림픽로12길 51,37.5073349275982,127.083864376692,주소
서울특별시 송파구 올림픽로12길 60,37.5064255135701,127.083013757547,주소
서울특별시 송파구 올림픽로35길 10,37.5203136784994,127.113265160573,주소
서울특별시 송파구 올림픽로35길 104,37.5198173607856,127.099297662181,주소
서울특별시 송파구 올림픽로35길 112,37.5178866228576,127.101917258808,주소
서울특별시 송파구 올림픽로35길 122,37.518364083155,127.099997855402,주소
서울특별시 송파구 올림픽로35길 124,37.5173394829102,127.10071613049,주소
서울특별시 송파구 올림픽로35길 130,37.5173471687295,127.09972830098,주소
서울특별시 송파구 올림픽로35길 20,37.5201410422976,127.110799789543,주소
서울특별시 송파구 올림픽로37길 109,37.5225858707847,127.104722782408,주소
서울특별시 송파구 올림픽로43길 20,37.5253505135011,127.115628322635,주소
서울특별시 송파구 올림픽로4길 16,37.5094538398143,127.073847329188,주소
서울특별시 송파구 올림픽로4길 42,37.5083255540399,127.072027874321,주소
서울특별시 송파구 올림픽로4길 59,37.50578969665,127.075317277909,주소
서울특별시 송파구 올림픽로4길 69,37.5052044945698,127.076298941322,주소
서울특별시 송파구 올림픽로51길 13,37.5316305083613,127.11923680118,주소
서울특별시 송파구 위례광장로 136,37.4771958181254,127.142374845651,주소
서울특별시 송파구 위례광장로 188,37.481085538274,127.142394775398,주소
서울특별시 송파구 위례광장로 193,37.4817394651186,127.142191034933,주소
서울특별시 송파구 위례광장로 199,37.4816895827721,127.142760998646,주소
서울특별시 송파구 위례광장로 200,37.4812117770773,127.142910913246,주소
서울특별시 송파구 위례광장로 215,37.4817120824503,127.144854722824,주소
서울특별시 송파구 위례광장로 230,37.478619812243,127.143533445087,주소
서울특별시 송파구 위례광장로 243,37.4790497618126,127.145018831355,주소
서울특별시 송파구 위례광장로 270,37.4770954347659,127.14372351448,주소
서울특별시 송파구 위례북로2길 10,37.4872591125777,127.150354996473,주소
서울특별시 송파구 위례북로2길 12,37.486734037842,127.150753871028,주소
서울특별시 송파구 위례서로 234,37.4855446186705,127.141802056959,주소
서울특별시 송파구 위례성대로 122,37.5125416704754,127.125011832737,주소
서울특별시 송파구 위례성대로 126,37.5122707307298,127.12569851232,주소
서울특별시 송파구 위례성대로 128,37.5122191440553,127.125829404853,주소
서울특별시 송파구 위례성대로 132,37.512120563691,127.126092780614,주소
서울특별시 송파구 위례성대로 158,37.5109025358756,127.128646700882,주소
서울특별시 송파구 위례성대로 180,37.510129171453,127.130972166064,주소
서울특별시 송파구 위례성대로10길 4,37.513512293639,127.120531131015,주소
서울특별시 송파구 위례성대로12길 13,37.5124537594018,127.12249219783,주소
서울특별시 송파구 위례성대로12길 18,37.5120742266297,127.121824241736,주소
서울특별시 송파구 위례성대로16길 12,37.5118285956629,127.124519418004,주소
서울특별시 송파구 위례성대로16길 25,37.5105367110136,127.124201142164,주소
서울특별시 송파구 위례성대로16길 27,37.5103852678545,127.124100566901,주소
서울특별시 송파구 위례성대로18길 23,37.5101823383607,127.125487236462,주소
서울특별시 송파구 위례성대로18길 31-14,37.5091998617665,127.125592474483,주소
서울특별시 송파구 위례성대로18길 31-7,37.5095412021713,127.125385161335,주소
서울특별시 송파구 위례성대로18길 31-9,37.5094412589826,127.125575347844,주소
서울특별시 송파구 위례성대로18길 33,37.5094684847186,127.124966103099,주소
서울특별시 송파구 위례성대로20길 24,37.509265386705,127.127255658515,주소
서울특별시 송파구 위례성대로20길 25,37.5090819338037,127.127430657117,주소
서울특별시 송파구 위례성대로20길 32,37.508796819971,127.126962152977,주소
서울특별시 송파구 위례성대로20길 8,37.5107268572642,127.128216597598,주소
서울특별시 송파구 위례성대로22길 11,37.5093704878322,127.131977915625,주소
서울특별시 송파구 위례성대로22길 14,37.5091086114816,127.130721555695,주소
서울특별시 송파구 위례성대로22길 24,37.5083699157704,127.130279734585,주소
서울특별시 송파구 위례송파로 123,37.4845693184807,127.147797361338,주소
서울특별시 송파구 위례송파로 77,37.4854429227354,127.142453020964,주소
서울특별시 송파구 위례순환로 387,37.4778495594572,127.14388775956,주소
서울특별시 송파구 위례순환로 429,37.4778330100686,127.13973449828,주소
서울특별시 송파구 위례순환로 439,37.4778940251025,127.13849585496,주소
서울특별시 송파구 위례순환로 478,37.4775608508793,127.134184877915,주소
서울특별시 송파구 잠실로 12,37.5160817484345,127.088243186371,주소
서울특별시 송파구 잠실로 32,37.5141697474146,127.08797670792,주소
서울특별시 송파구 중대로 180,37.4979231124615,127.125800211439,주소
서울특별시 송파구 중대로 24,37.4881292540693,127.111066039437,주소
서울특별시 송파구 중대로 310,37.5078370187545,127.133465891825,주소
서울특별시 송파구 중대로 317,37.5087688960645,127.133334089696,주소
서울특별시 송파구 중대로10길 40-18,37.4909683312292,127.122978948911,주소
서울특별시 송파구 중대로20길 30,37.4972810186141,127.128596076718,주소
서울특별시 송파구 중대로20길 47,37.4972559260218,127.129790328684,주소
서울특별시 송파구 중대로20길 49,37.4962431607717,127.130557546327,주소
서울특별시 송파구 중대로20길 51,37.4961503228963,127.130670016114,주소
서울특별시 송파구 중대로38길 16,37.5066079986626,127.134305051003,주소
서울특별시 송파구 중대로4길 8,37.4894427777046,127.111028747643,주소
서울특별시 송파구 중대로9길 45,37.4972322777007,127.118782443984,주소
서울특별시 송파구 충민로 137,37.482790915501,127.130257129876,주소
서울특별시 송파구 충민로 99,37.4805587972062,127.128244061598,주소
서울특별시 송파구 충민로2길 24,37.4776438114231,127.127283305984,주소
서울특별시 송파구 충민로2길 34,37.4768338451182,127.127496170789,주소
서울특별시 송파구 충민로2길 36,37.4766016170669,127.127531388371,주소
서울특별시 송파구 토성로 23,37.5307088943578,127.113173172619,주소
서울특별시 송파구 토성로 32,37.5301702249715,127.113788831885,주소
서울특별시 송파구 토성로 33,37.5303022019383,127.114089406591,주소
서울특별시 송파구 토성로 36,37.5299536665885,127.114211740085,주소
서울특별시 송파구 토성로 65,37.5289079557842,127.117345632021,주소
서울특별시 송파구 풍성로 43,37.5352940632209,127.117532366819,주소
서울특별시 송파구 풍성로10길 5,37.5339972145568,127.116114373549,주소
서울특별시 송파구 풍성로20길 44,37.5318963267968,127.115772382237,주소
서울특별시 송파구 풍성로20길 5,37.5336603329121,127.11765946181,주소
서울특별시 송파구 풍성로20길 50,37.5311189018961,127.114428136843,주소
서울특별시 송파구 한가람로16길 7,37.5370479077108,127.115658827837,주소
서울특별시 양천구 가로공원로55길 19,37.5370924963028,126.82484194889,주소
서울특별시 양천구 곰달래로13길 49,37.5339592016822,126.834927176339,주소
서울특별시 양천구 곰달래로5길 78-1,37.5354080092106,126.830036207785,주소
서울특별시 양천구 남부순환로 380,37.5326758132812,126.828972567552,주소
서울특별시 양천구 남부순환로 425,37.5298985810067,126.832691421404,주소
서울특별시 양천구 남부순환로 589,37.5163925332014,126.840081921869,주소
서울특별시 양천구 남부순환로 604,37.5151371613165,126.838160107241,주소
서울특별시 양천구 남부순환로 609,37.5145460326738,126.840960326595,주소
서울특별시 양천구 남부순환로29길 25,37.5404619448842,126.828389031623,주소
서울특별시 양천구 남부순환로29길 35,37.5406111025313,126.829600421672,주소
서울특별시 양천구 남부순환로58길 32,37.5295155831457,126.829865622881,주소
서울특별시 양천구 남부순환로61길 13,37.5313988872066,126.833172861723,주소
서울특별시 양천구 남부순환로79길 7,37.5168938121368,126.840653100935,주소
서울특별시 양천구 남부순환로83길,37.5164578282463,126.843152158167,주소
서울특별시 양천구 남부순환로83길 17,37.5165341872468,126.84089468628,주소
서울특별시 양천구 남부순환로83길 47,37.5188460168384,126.844576857258,주소
서울특별시 양천구 남부순환로85길 12,37.5146359802858,126.842122583528,주소
서울특별시 양천구 남부순환로86길 22,37.5125072743566,126.839850082787,주소
서울특별시 양천구 등촌로 142,37.5427304553085,126.863137393899,주소
서울특별시 양천구 등촌로 184,37.5461009670101,126.862874926606,주소
서울특별시 양천구 등촌로 60,37.535282250652,126.863758809846,주소
서울특별시 양천구 목동남로 85,37.5111416389366,126.867180395408,주소
서울특별시 양천구 목동남로2길 29,37.5073200406408,126.864649641886,주소
서울특별시 양천구 목동남로4길 51,37.5092978709565,126.867061510518,주소
서울특별시 양천구 목동남로4길 6-23,37.5076005082727,126.865109117285,주소
서울특별시 양천구 목동남로4길 60,37.5092299063118,126.867597289062,주소
서울특별시 양천구 목동동로 100,37.5149820078935,126.865132254851,주소
서울특별시 양천구 목동동로 130,37.5149990018814,126.871236888208,주소
서울특별시 양천구 목동동로 150,37.5189418545223,126.870471203827,주소
서울특별시 양천구 목동동로 172,37.5209571978324,126.871443390095,주소
서울특별시 양천구 목동동로 177,37.5216245595859,126.870444168108,주소
서울특별시 양천구 목동동로 180,37.5213687714172,126.872854443912,주소
서울특별시 양천구 목동동로 189,37.5229412924858,126.870123673009,주소
서울특별시 양천구 목동동로 202,37.5235382282147,126.871544280942,주소
서울특별시 양천구 목동동로 206,37.5239804972926,126.871762873452,주소
서울특별시 양천구 목동동로 233,37.526981693329,126.871394248566,주소
서울특별시 양천구 목동동로 233-1,37.5274862615567,126.871566699077,주소
서울특별시 양천구 목동동로 233-3,37.5278464870359,126.871654324102,주소
서울특별시 양천구 목동동로 235,37.527009517428,126.873044206364,주소
서울특별시 양천구 목동동로 258,37.5253413877993,126.875142725618,주소
서울특별시 양천구 목동동로 339,37.5321753616364,126.876743891714,주소
서울특별시 양천구 목동동로 350,37.5351566093996,126.881874415824,주소
서울특별시 양천구 목동동로 377,37.5353386148924,126.878853892182,주소
서울특별시 양천구 목동동로 379,37.5356098520363,126.878713495139,주소
서울특별시 양천구 목동동로 385,37.5359018594421,126.879499031842,주소
서울특별시 양천구 목동동로 387,37.5356746225965,126.879848218603,주소
서울특별시 양천구 목동동로 391,37.5358735419191,126.880270604347,주소
서울특별시 양천구 목동동로 393,37.5361847049944,126.880051286025,주소
서울특별시 양천구 목동동로 411,37.5367262201569,126.882213637856,주소
서울특별시 양천구 목동동로 423,37.5369038356952,126.883605384709,주소
서울특별시 양천구 목동동로 430,37.5352204167488,126.884440957872,주소
서울특별시 양천구 목동동로 431,37.5371633445804,126.884360341781,주소
서울특별시 양천구 목동동로 435,37.5373858477879,126.884868815732,주소
서울특별시 양천구 목동동로 50,37.5120947920338,126.860291121004,주소
서울특별시 양천구 목동동로 59,37.5150507442326,126.861618186165,주소
서울특별시 양천구 목동동로 63,37.5153165387272,126.86231084967,주소
서울특별시 양천구 목동동로 65,37.5155950877917,126.862198355976,주소
서울특별시 양천구 목동동로 73,37.5157733856226,126.862808387683,주소
서울특별시 양천구 목동동로10길 16-5,37.5188940325299,126.871895103449,주소
서울특별시 양천구 목동동로10길 24,37.519353947573,126.872351203822,주소
서울특별시 양천구 목동동로12길 12,37.5228087705411,126.872119522597,주소
서울특별시 양천구 목동동로12길 13,37.5230076833711,126.872760597684,주소
서울특별시 양천구 목동동로12길 20,37.5226821759954,126.873286384168,주소
서울특별시 양천구 목동동로12길 26,37.5225786074401,126.874088266424,주소
서울특별시 양천구 목동동로12길 50-1,37.5222409897678,126.87681080213,주소
서울특별시 양천구 목동동로12길 60,37.5221332556567,126.87778960592,주소
서울특별시 양천구 목동동로14길 4,37.524254933847,126.871921006575,주소
서울특별시 양천구 목동동로2길 54,37.5101677598408,126.86001590922,주소
서울특별시 양천구 목동동로2길 68,37.5092159752312,126.86019842592,주소
서울특별시 양천구 목동동로8길 11,37.5177453753972,126.870848252556,주소
서울특별시 양천구 목동동로8길 23,37.5168554302245,126.871486510512,주소
서울특별시 양천구 목동동로8길 25,37.5165924031004,126.871629825286,주소
서울특별시 양천구 목동동로8길 5,37.5181288414886,126.870600657471,주소
서울특별시 양천구 목동동로8길 70,37.5135084946262,126.874268759045,주소
서울특별시 양천구 목동동로8길 9,37.517925649406,126.87075066159,주소
서울특별시 양천구 목동로 31,37.5123715649068,126.870229875385,주소
서울특별시 양천구 목동로11길 30,37.5238792766238,126.861669190913,주소
서울특별시 양천구 목동로17길 30,37.524324988961,126.860737904616,주소
서울특별시 양천구 목동로19길 11,37.5248480370974,126.863141560573,주소
서울특별시 양천구 목동로8길 19,37.523450121384,126.867236182114,주소
서울특별시 양천구 목동서로 100,37.5342244045517,126.874169046113,주소
서울특별시 양천구 목동서로 133-2,37.5316029751694,126.875987719154,주소
서울특별시 양천구 목동서로 213,37.5280169945095,126.870615708032,주소
서울특별시 양천구 목동서로 246,37.5257513119758,126.869528837,주소
서울특별시 양천구 목동서로 250,37.5249700318131,126.869346252755,주소
서울특별시 양천구 목동서로 260,37.5241970153983,126.869222370287,주소
서울특별시 양천구 목동서로 280,37.5223402739432,126.867563264965,주소
서울특별시 양천구 목동서로 285,37.5218566614959,126.869139916545,주소
서울특별시 양천구 목동서로 287,37.5215174537183,126.869076255667,주소
서울특별시 양천구 목동서로 291,37.5216326682883,126.869543475225,주소
서울특별시 양천구 목동서로 299,37.5205726607303,126.868830851142,주소
서울특별시 양천구 목동서로 31,37.5370651782493,126.88275880551,주소
서울특별시 양천구 목동서로 340,37.5194246797911,126.864038205091,주소
서울특별시 양천구 목동서로 349,37.517406535882,126.865306840725,주소
서울특별시 양천구 목동서로 35,37.5376381109502,126.882112068994,주소
서울특별시 양천구 목동서로 37,37.5374776528581,126.88167161741,주소
서울특별시 양천구 목동서로 375,37.5165496071336,126.862427467528,주소
서울특별시 양천구 목동서로 377,37.5161146511839,126.862314247228,주소
서울특별시 양천구 목동서로 38,37.5413002644165,126.878507506792,주소
서울특별시 양천구 목동서로 383,37.5158920877714,126.861530100802,주소
서울특별시 양천구 목동서로 389,37.5157806966376,126.861199902538,주소
서울특별시 양천구 목동서로 400,37.5150078728547,126.857838508873,주소
서울특별시 양천구 목동서로 401,37.5154102156469,126.859608639376,주소
서울특별시 양천구 목동서로 49,37.5370742706805,126.880503914142,주소
서울특별시 양천구 목동서로 57,37.5366321308561,126.879863427781,주소
서울특별시 양천구 목동서로 63,37.5362743708291,126.879183438673,주소
서울특별시 양천구 목동서로 67,37.5363966169946,126.878549519127,주소
서울특별시 양천구 목동서로 70,37.5370480806872,126.876417593769,주소
서울특별시 양천구 목동서로 77,37.5359631978743,126.877988123429,주소
서울특별시 양천구 목동서로10길 35,37.5205352530134,126.862325015812,주소
서울특별시 양천구 목동서로2길 20,37.5398953957579,126.881941958711,주소
서울특별시 양천구 목동서로2길 22,37.5416266579488,126.882656954639,주소
서울특별시 양천구 목동중앙남로 100,37.5427783749441,126.863749017486,주소
서울특별시 양천구 목동중앙남로 27,37.5362985438349,126.865774098095,주소
서울특별시 양천구 목동중앙남로 28,37.5364764239853,126.867389257907,주소
서울특별시 양천구 목동중앙남로 7-1,37.5352152095904,126.868927516501,주소
서울특별시 양천구 목동중앙남로13길 1,37.5402394047765,126.865438671783,주소
서울특별시 양천구 목동중앙남로2길 23,37.5366660669303,126.868987998833,주소
서울특별시 양천구 목동중앙로 103-1,37.5383437512415,126.872883445177,주소
서울특별시 양천구 목동중앙로 132,37.5406955206336,126.876258141153,주소
서울특별시 양천구 목동중앙로 135,37.5403965480922,126.875125545765,주소
서울특별시 양천구 목동중앙로 204,37.5429349691333,126.882445908007,주소
서울특별시 양천구 목동중앙로 70,37.5359499494616,126.871942644571,주소
서울특별시 양천구 목동중앙로 71,37.5360244453731,126.870194217249,주소
서울특별시 양천구 목동중앙로 73,37.5361436600289,126.870533782357,주소
서울특별시 양천구 목동중앙로 81,37.5368128505366,126.871291942314,주소
서울특별시 양천구 목동중앙로 85,37.5370101136194,126.871488815731,주소
서울특별시 양천구 목동중앙로 88,37.5370249801402,126.873071694902,주소
서울특별시 양천구 목동중앙로 89,37.5373158948544,126.871969839829,주소
서울특별시 양천구 목동중앙로 95,37.5376395363687,126.872221602892,주소
서울특별시 양천구 목동중앙로 97,37.5378165389603,126.872597966008,주소
서울특별시 양천구 목동중앙로3길 30-10,37.5364966477301,126.870019721738,주소
서울특별시 양천구 목동중앙로3길 53,37.5372937201387,126.868112622844,주소
서울특별시 양천구 목동중앙본로 24,37.5389367722899,126.870381294716,주소
서울특별시 양천구 목동중앙본로 64,37.5415613750951,126.869229613272,주소
서울특별시 양천구 목동중앙본로 70,37.5420944628301,126.869362202842,주소
서울특별시 양천구 목동중앙본로18길 5,37.5417329203564,126.869469423366,주소
서울특별시 양천구 목동중앙북로 49,37.5483684817936,126.868717090987,주소
서울특별시 양천구 목동중앙북로 63,37.5470153820543,126.87044776486,주소
서울특별시 양천구 목동중앙북로10길 7-7,37.5466225965608,126.870083051172,주소
서울특별시 양천구 목동중앙북로16길 43,37.5441753851541,126.873982249071,주소
서울특별시 양천구 목동중앙북로16길 46-6,37.5441573957834,126.873589400961,주소
서울특별시 양천구 목동중앙북로16길 50,37.5439803038117,126.873799377955,주소
서울특별시 양천구 목동중앙북로16길 57,37.5436739208888,126.874011947797,주소
서울특별시 양천구 목동중앙북로7가길 27,37.5490357274944,126.865881286076,주소
서울특별시 양천구 목동중앙서로 50,37.5329969720344,126.869356802587,주소
서울특별시 양천구 신목로 34,37.5186598291782,126.873958318272,주소
서울특별시 양천구 신목로 38,37.5190295132533,126.873623545107,주소
서울특별시 양천구 신목로 40,37.51915341654,126.873385561163,주소
서울특별시 양천구 신목로 53,37.5202676266091,126.872409035405,주소
서울특별시 양천구 신목로 58-9,37.5203887308614,126.873759485735,주소
서울특별시 양천구 신목로 77-2,37.5221254878055,126.873745360407,주소
서울특별시 양천구 신목로 85,37.5224748121544,126.874257560432,주소
서울특별시 양천구 신목로2길 29,37.5203999055427,126.876574805754,주소
서울특별시 양천구 신목로2길 66,37.5234323977973,126.877342679678,주소
서울특별시 양천구 신목로5길 11-6,37.5166109770006,126.872640811853,주소
서울특별시 양천구 신목로5길 15,37.5175661485796,126.872240680683,주소
서울특별시 양천구 신목로5길 23-2,37.5171549526494,126.871678971787,주소
서울특별시 양천구 신목로5길 5,37.5179767363534,126.87349704626,주소
서울특별시 양천구 신목로5길 9,37.5178823225128,126.87367592976,주소
서울특별시 양천구 신목로6길 6-15,37.5187259982111,126.874329798964,주소
서울특별시 양천구 신월로 97,37.516341716111,126.833431935892,주소
서울특별시 양천구 신월로 99,37.5184159016956,126.835157228112,주소
서울특별시 양천구 신월로12길 5,37.517171249122,126.841604490347,주소
서울특별시 양천구 신월로16길 8,37.5175965358101,126.842422891044,주소
서울특별시 양천구 신월로20길 7,37.5192826202131,126.846073415825,주소
서울특별시 양천구 신월로38길 13,37.5207650553494,126.861363631798,주소
서울특별시 양천구 신정로 213,37.5109653172242,126.843971681779,주소
서울특별시 양천구 신정로 260,37.5111930401972,126.851983099791,주소
서울특별시 양천구 신정로 290,37.5123242828723,126.853454551475,주소
서울특별시 양천구 신정로 292,37.5113123131977,126.854212986887,주소
서울특별시 양천구 신정로11길 20,37.5119633992891,126.838702750777,주소
서울특별시 양천구 신정로11길 50-15,37.5122704830499,126.838323291194,주소
서울특별시 양천구 신정로11길 60,37.511806471474,126.837735681617,주소
서울특별시 양천구 신정로11길 62,37.5120359325249,126.837652276948,주소
서울특별시 양천구 신정로11길 74,37.5128376807713,126.837023804089,주소
서울특별시 양천구 신정로13가길 30,37.5129972017178,126.845159735242,주소
서울특별시 양천구 신정로13길 38,37.5129186373597,126.842301746203,주소
서울특별시 양천구 신정로7길 60-14,37.5125642983739,126.839312356431,주소
서울특별시 양천구 신정로7길 60-2,37.5122385833128,126.837728864531,주소
서울특별시 양천구 신정로7길 60-5,37.5126354452046,126.838100924263,주소
서울특별시 양천구 신정이펜2로 14,37.5124916756793,126.832437560682,주소
서울특별시 양천구 신정이펜2로 20,37.5127382500234,126.832289289459,주소
서울특별시 양천구 신정이펜2로 22,37.5128956855906,126.8325646968,주소
서울특별시 양천구 신정이펜2로 30,37.5139128078247,126.832169591843,주소
서울특별시 양천구 안양천로 1009,37.5328710177851,126.885695675904,주소
서울특별시 양천구 안양천로 1039,37.5353922607054,126.887734285049,주소
서울특별시 양천구 오목로 101,37.5241103465762,126.847375305566,주소
서울특별시 양천구 오목로 102-1,37.5234297255841,126.84891360661,주소
서울특별시 양천구 오목로 19,37.5216325881156,126.839687367645,주소
서울특별시 양천구 오목로 202,37.5253721738231,126.859858312394,주소
서울특별시 양천구 오목로 22,37.5213486586755,126.840401660064,주소
서울특별시 양천구 오목로 279,37.5259285397106,126.868392603335,주소
서울특별시 양천구 오목로 299,37.5260837006075,126.87035534357,주소
서울특별시 양천구 오목로 300,37.5248304019543,126.87002254331,주소
서울특별시 양천구 오목로 31,37.5224127216539,126.840987861073,주소
서울특별시 양천구 오목로 312,37.5246909382695,126.872013025181,주소
서울특별시 양천구 오목로 313-3,37.5254219222185,126.872347200648,주소
서울특별시 양천구 오목로 32,37.5215810262103,126.841337250261,주소
서울특별시 양천구 오목로 320-2,37.5244021735705,126.872685828518,주소
서울특별시 양천구 오목로 321-1,37.5252739014686,126.873112535425,주소
서울특별시 양천구 오목로 337-10,37.5252109797259,126.875367274981,주소
서울특별시 양천구 오목로 34,37.5216975548336,126.841493112207,주소
서울특별시 양천구 오목로 39,37.5221078102111,126.841716453834,주소
서울특별시 양천구 오목로 55,37.5229582194078,126.844530543737,주소
서울특별시 양천구 오목로 67,37.5228700570398,126.845182660428,주소
서울특별시 양천구 오목로 76,37.5227687357473,126.846110598668,주소
서울특별시 양천구 오목로13길 36,37.5260210637859,126.844995029712,주소
서울특별시 양천구 오목로15길 14,37.5242908721305,126.846029301989,주소
서울특별시 양천구 오목로15길 28,37.5254292896845,126.845754776614,주소
서울특별시 양천구 오목로23길 24,37.5258482641162,126.851240194989,주소
서울특별시 양천구 오목로3길 11,37.5224834268622,126.839240067089,주소
서울특별시 양천구 오목로3길 24,37.5234662794391,126.839137050786,주소
서울특별시 양천구 오목로42길 5,37.524983205158,126.860385534155,주소
서울특별시 양천구 오목로46길 1,37.5253486908357,126.861721005349,주소
서울특별시 양천구 오목로54길 6,37.5242313902189,126.87323172599,주소
서울특별시 양천구 오목로54길 9,37.5237952631538,126.873444461036,주소
서울특별시 양천구 오목로56길 2,37.5241947609737,126.873775245563,주소
서울특별시 양천구 오목로5길 4,37.5223399566045,126.841416639376,주소
서울특별시 양천구 오목로7길 14,37.5233147779932,126.84190768659,주소
서울특별시 양천구 월정로 149,37.532134485695,126.836799558983,주소
서울특별시 양천구 월정로 177,37.5344246148128,126.835477149426,주소
서울특별시 양천구 월정로 279,37.5418692644218,126.829231169847,주소
서울특별시 양천구 월정로 280,37.5421368264529,126.829581447367,주소
서울특별시 양천구 월정로 47,37.5240222972424,126.841812525514,주소
서울특별시 양천구 월정로 66,37.5254314747172,126.841283618523,주소
서울특별시 양천구 월정로50길 10,37.5416715041993,126.831053940358,주소
서울특별시 양천구 월정로50길 14,37.5416900058312,126.831643535941,주소
서울특별시 양천구 은행정로 5,37.5201952169014,126.859571734011,주소
서울특별시 양천구 은행정로5길 38,37.5209556628136,126.855684936663,주소
서울특별시 양천구 중앙로 204,37.516374951495,126.856634868655,주소
서울특별시 양천구 중앙로 206,37.5159664434699,126.855016428706,주소
서울특별시 양천구 중앙로 237,37.5177429690532,126.853643266456,주소
서울특별시 양천구 중앙로 319,37.5249101622153,126.849620267451,주소
서울특별시 양천구 중앙로23길 3,37.5156885267235,126.854099844566,주소
서울특별시 양천구 중앙로29길 109,37.520773887801,126.847826214409,주소
서울특별시 양천구 중앙로29길 61,37.5195419716155,126.848124974896,주소
서울특별시 양천구 중앙로32길 61,37.5200828278632,126.860302811899,주소
서울특별시 양천구 중앙로32길 67,37.5204658133251,126.860964078548,주소
서울특별시 양천구 중앙로36길 15,37.5207753299155,126.855945462003,주소
서울특별시 양천구 중앙로43길 14,37.5204176021651,126.851340568488,주소
서울특별시 양천구 중앙로51길 65,37.5236472295838,126.843110410902,주소
서울특별시 양천구 중앙로55길 72,37.5258441852217,126.842263907731,주소
서울특별시 양천구 지양로7길 32,37.5190011611899,126.830550787,주소
서울특별시 양천구 화곡로 16,37.5382284100068,126.823105084888,주소
서울특별시 양천구 화곡로3길 25,37.5416409273445,126.827355737751,주소
서울특별시 양천구 화곡로3길 4,37.5398050769703,126.827003323257,주소
서울특별시 양천구 화곡로3길 43,37.5436039696813,126.828060242315,주소
서울특별시 영등포구 가마산로 433-1,37.5051383554847,126.904712874537,주소
서울특별시 영등포구 가마산로 442,37.5049819420382,126.909527051265,주소
서울특별시 영등포구 가마산로 466,37.5056326804231,126.908052258697,주소
서울특별시 영등포구 가마산로 483,37.5064917904964,126.909807751431,주소
서울특별시 영등포구 가마산로 511,37.505312882615,126.913375250121,주소
서울특별시 영등포구 가마산로 540,37.5027504603139,126.91579344049,주소
서울특별시 영등포구 가마산로 575,37.5048413546279,126.919573843923,주소
서울특별시 영등포구 가마산로65길 22,37.5086786949617,126.907115425568,주소
서울특별시 영등포구 가마산로79길 7,37.505139698634,126.914597806278,주소
서울특별시 영등포구 가마산로88길 7,37.5033622709404,126.920649377461,주소
서울특별시 영등포구 경인로 756,37.5129480156762,126.898260025571,주소
서울특별시 영등포구 국제금융로 112,37.5183968410658,126.933905858565,주소
서울특별시 영등포구 국제금융로 78,37.5208724804701,126.931298156696,주소
서울특별시 영등포구 국제금융로 79,37.5221737411899,126.932448216929,주소
서울특별시 영등포구 국제금융로6길 26,37.5219546930167,126.92697361375,주소
서울특별시 영등포구 국제금융로7길 22,37.5232504350637,126.933074070061,주소
서울특별시 영등포구 국제금융로7길 27,37.5242533651817,126.933117180249,주소
서울특별시 영등포구 국제금융로7길 46,37.5239802029958,126.935753141866,주소
서울특별시 영등포구 국회대로 661,37.5255508119619,126.907601890595,주소
서울특별시 영등포구 국회대로37길 23,37.5288608461703,126.900426071992,주소
서울특별시 영등포구 국회대로53길 17-1,37.5270642134589,126.906443152233,주소
서울특별시 영등포구 국회대로53길 20,37.5270069102324,126.907703382657,주소
서울특별시 영등포구 국회대로54길 10,37.5236586861947,126.906430209934,주소
서울특별시 영등포구 국회대로70길 18,37.5288920000623,126.920347540815,주소
서울특별시 영등포구 당산로 187,37.5320274377069,126.89981419859,주소
서울특별시 영등포구 당산로 26,37.5168690843772,126.894855482888,주소
서울특별시 영등포구 당산로 56,37.5195479164417,126.895940834494,주소
서울특별시 영등포구 당산로16길 25,37.5225351942169,126.898744186749,주소
서울특별시 영등포구 당산로36길 11,37.5280490465965,126.899049543848,주소
서울특별시 영등포구 당산로38길 13,37.5286848161791,126.899817198624,주소
서울특별시 영등포구 당산로40길 14,37.5293036176178,126.900235531759,주소
서울특별시 영등포구 당산로41길 12,37.5324839425003,126.898825095957,주소
서울특별시 영등포구 당산로41길 25,37.5320514336574,126.896607610672,주소
서울특별시 영등포구 당산로44길 3,37.5319143458605,126.901077532801,주소
서울특별시 영등포구 대림로 247,37.5025239950179,126.896258960777,주소
서울특별시 영등포구 대림로21길 6,37.4937093653318,126.900450594121,주소
서울특별시 영등포구 대림로31나길 17,37.4978721812656,126.895836459703,주소
서울특별시 영등포구 대림로8길 17,37.4911959332465,126.905631015426,주소
서울특별시 영등포구 대림로8길 25,37.4921487438027,126.90607771762,주소
서울특별시 영등포구 대방천로 180,37.4971007008112,126.91171774768,주소
서울특별시 영등포구 대방천로 206,37.4982314495379,126.913035010017,주소
서울특별시 영등포구 도림로 144,37.493350148563,126.898142325755,주소
서울특별시 영등포구 도림로 280,37.5029405804778,126.904213869543,주소
서울특별시 영등포구 도림로112길 31-19,37.5102257035132,126.903058807243,주소
서울특별시 영등포구 도림로53길 32-9,37.4992678949668,126.900714062322,주소
서울특별시 영등포구 도림로80가길 14,37.5034378363342,126.905208015838,주소
서울특별시 영등포구 도신로29길 15,37.5097856464562,126.904488562808,주소
서울특별시 영등포구 도신로4길 27,37.5011487936643,126.8965709598,주소
서울특별시 영등포구 도신로4길 32,37.5010060169412,126.896094817069,주소
서울특별시 영등포구 도신로58길 25,37.509754745781,126.917014790368,주소
서울특별시 영등포구 도신로60길 23,37.5101719627186,126.918122078214,주소
서울특별시 영등포구 도신로60길 26,37.5097689756715,126.917263151717,주소
서울특별시 영등포구 도영로 20,37.5081663225208,126.895706906665,주소
서울특별시 영등포구 도영로 22길 31,37.5107193620837,126.902182504089,주소
서울특별시 영등포구 도영로22길 38,37.5102033849059,126.90342088512,주소
서울특별시 영등포구 디지털로69길 12?,37.4951962024245,126.904595236741,주소
서울특별시 영등포구 문래로 104,37.5191403848287,126.893605730635,주소
서울특별시 영등포구 문래로 56,37.5198074103506,126.887589090951,주소
서울특별시 영등포구 문래로 79-4,37.5198097653579,126.890966268804,주소
서울특별시 영등포구 문래로 84,37.5194379130898,126.891250285838,주소
서울특별시 영등포구 문래로 84?,37.5194379130898,126.891250285838,주소
서울특별시 영등포구 문래로 98,37.5192524813198,126.892722228176,주소
서울특별시 영등포구 문래로20길 14,37.5171335926412,126.89331900434,주소
서울특별시 영등포구 문래로4길 4,37.5203840863949,126.883532975468,주소
서울특별시 영등포구 버드나루로 135,37.5301672344392,126.907092518769,주소
서울특별시 영등포구 버드나루로 160,37.5320330761599,126.907614032983,주소
서울특별시 영등포구 버드나루로 88,37.5260672872371,126.909255877212,주소
서울특별시 영등포구 선유동2로 13,37.5303902134529,126.894822363819,주소
서울특별시 영등포구 선유로 131,37.52628923031,126.889413529916,주소
서울특별시 영등포구 선유로 213,37.5332864654562,126.894300682029,주소
서울특별시 영등포구 선유로 52,37.5184817195394,126.889353902008,주소
서울특별시 영등포구 선유로 63,37.5196525574619,126.889049579249,주소
서울특별시 영등포구 선유로 88,37.5217524425245,126.890215815996,주소
서울특별시 영등포구 선유로13길 25,37.5189822790873,126.886278723171,주소
서울특별시 영등포구 선유로3길 10,37.5161003058556,126.886815410375,주소
서울특별시 영등포구 선유로43가길 14,37.532879190933,126.892776819259,주소
서울특별시 영등포구 선유로43가길 24,37.5314273419218,126.892011715654,주소
서울특별시 영등포구 선유로55길 32,37.5401191186811,126.896241067017,주소
서울특별시 영등포구 선유로9길 10,37.517867225916,126.887153335542,주소
서울특별시 영등포구 선유로9나길 12,37.5165701607515,126.886140198604,주소
서울특별시 영등포구 선유서로 40,37.5189942661867,126.884795046378,주소
서울특별시 영등포구 선유서로13길 6,37.520362407627,126.884670886121,주소
서울특별시 영등포구 시흥대로173길 14,37.4873460122893,126.902516130281,주소
서울특별시 영등포구 시흥대로185길 6,37.4921386164499,126.906943001077,주소
서울특별시 영등포구 신길로 167,37.507058335897,126.910748289958,주소
서울특별시 영등포구 신길로 190,37.5098647213535,126.911863664868,주소
서울특별시 영등포구 신길로 38,37.4959902779434,126.908607448184,주소
서울특별시 영등포구 신길로23길 43,37.5026541997676,126.906524398043,주소
서울특별시 영등포구 신길로28길 43,37.5020345359595,126.915435514602,주소
서울특별시 영등포구 신길로28길 9,37.5033192540847,126.910985829062,주소
서울특별시 영등포구 신길로29길 17,37.5037202920866,126.908277627757,주소
서울특별시 영등포구 신길로42라길 1,37.5076528189377,126.912799236686,주소
서울특별시 영등포구 신길로60다길 1-1,37.5143654797802,126.913288211763,주소
서울특별시 영등포구 신풍로 113,37.5001399657337,126.918867891098,주소
서울특별시 영등포구 신풍로 60-1,37.4998866950463,126.912800578551,주소
서울특별시 영등포구 신풍로 77,37.5004196071802,126.911544544308,주소
서울특별시 영등포구 신풍로 93,37.5002672614192,126.916644177905,주소
서울특별시 영등포구 신풍로25길 10,37.5009076038776,126.920162743662,주소
서울특별시 영등포구 신풍로25길 15-17,37.5012029214733,126.91905639527,주소
서울특별시 영등포구 신풍로25길 16-1,37.5013306530084,126.920336115013,주소
서울특별시 영등포구 양산로 121,37.5242204723625,126.896610612932,주소
서울특별시 영등포구 양산로 177,37.524463518615,126.903148310077,주소
서울특별시 영등포구 양산로 185,37.5241432995791,126.903695688306,주소
서울특별시 영등포구 양산로7길 3,37.5258156794269,126.887144078858,주소
서울특별시 영등포구 양평로 127,37.5377817354409,126.893497671952,주소
서울특별시 영등포구 양평로22길 13,37.5389354910509,126.894529754291,주소
서울특별시 영등포구 양평로22길 7,37.5385059154312,126.894150522524,주소
서울특별시 영등포구 양평로24길 9,37.5402803267019,126.891745831623,주소
서울특별시 영등포구 여의나루로2길 14,37.5196416407122,126.92259080096,주소
서울특별시 영등포구 여의대방로 165-2,37.5021520992481,126.920737061118,주소
서울특별시 영등포구 여의대방로 183-1,37.5034966580031,126.921393738745,주소
서울특별시 영등포구 여의대방로 185,37.5036444622736,126.921452958707,주소
서울특별시 영등포구 여의대방로 207,37.5054815700354,126.92220664083,주소
서울특별시 영등포구 여의대방로 25,37.4947116756868,126.90897844388,주소
서울특별시 영등포구 여의대방로 376,37.5181886056247,126.931354574177,주소
서울특별시 영등포구 여의대방로 439,37.5232048215986,126.93679444014,주소
서울특별시 영등포구 여의대방로 65,37.497326163309,126.913095882091,주소
서울특별시 영등포구 여의대방로 77,37.4969966060313,126.915246576384,주소
서울특별시 영등포구 여의대방로35가길 19,37.5037353406458,126.917440584163,주소
서울특별시 영등포구 여의대방로35길 14,37.5029001208602,126.919020182507,주소
서울특별시 영등포구 여의대방로35길 15,37.5014936049842,126.919084241345,주소
서울특별시 영등포구 여의대방로35길 17,37.5015302189989,126.918869892684,주소
서울특별시 영등포구 여의대방로35길 21,37.5015160011273,126.918503377291,주소
서울특별시 영등포구 여의대방로35길 23-6,37.5014364134974,126.918200943341,주소
서울특별시 영등포구 여의대방로35길 5-1,37.5014963806562,126.919984562561,주소
서울특별시 영등포구 여의대방로35길 6,37.5017660947147,126.920048171864,주소
서울특별시 영등포구 여의대방로35길 7,37.5015817398292,126.919901688143,주소
서울특별시 영등포구 여의대방로35길 9,37.5015946497737,126.919806563982,주소
서울특별시 영등포구 여의대방로43라길 20,37.5089943773929,126.920269610028,주소
서울특별시 영등포구 여의대방로43라길 9,37.5084489081927,126.919207254425,주소
서울특별시 영등포구 여의대방로47길 14,37.5090382845691,126.922203741622,주소
서울특별시 영등포구 여의대방로65길 24,37.5204421498979,126.929293717613,주소
서울특별시 영등포구 여의대방로7길 9,37.4973215789908,126.912743852092,주소
서울특별시 영등포구 여의동로3길 3,37.518930212016,126.924123155746,주소
서울특별시 영등포구 영등포로 106,37.5208860332921,126.892859141484,주소
서울특별시 영등포구 영등포로 33,37.5232920131718,126.885222271529,주소
서울특별시 영등포구 영등포로 55,37.522895786187,126.8876941879,주소
서울특별시 영등포구 영등포로62길 31,37.5149741902707,126.913646864883,주소
서울특별시 영등포구 영신로 237,37.5287757033687,126.902807748097,주소
서울특별시 영등포구 영신로 247,37.5304831048862,126.902812773342,주소
서울특별시 영등포구 영신로19길 26-1,37.5136961559148,126.905124462287,주소
서울특별시 영등포구 영신로9라길 16,37.5133591292895,126.905397596488,주소
서울특별시 영등포구 영중로 145,37.5299598453919,126.905079994793,주소
서울특별시 영등포구 의사당대로 97,37.522516139033,126.924586046016,주소
서울특별시 용산구 녹사평대로 73,37.5236119183008,126.992790867047,주소
서울특별시 용산구 녹사평대로11길 44,37.5214098161969,126.993452842201,주소
서울특별시 용산구 녹사평대로26길 8,37.5301909505678,126.991520065146,주소
서울특별시 용산구 녹사평대로40길 19,37.5364777066784,126.987672660332,주소
서울특별시 용산구 녹사평대로60길 39,37.5453029008824,126.989434775031,주소
서울특별시 용산구 독서당로 121,37.5370677963998,127.012090396824,주소
서울특별시 용산구 독서당로35길 12,37.5384158305418,127.011616978568,주소
서울특별시 용산구 독서당로35길 23,37.5382609102536,127.011078373013,주소
서울특별시 용산구 두텁바위로 140,37.5513654103686,126.981724291635,주소
서울특별시 용산구 두텁바위로 59,37.5461310188259,126.978791462831,주소
서울특별시 용산구 두텁바위로 74,37.5460125390171,126.9809128899,주소
서울특별시 용산구 두텁바위로1나길 19,37.5477523117279,126.976594308147,주소
서울특별시 용산구 백범로 341,37.5379811146025,126.967987897826,주소
서울특별시 용산구 보광로7길 17,37.5235805097988,127.000887240982,주소
서울특별시 용산구 새창로 70,37.5386030532321,126.954943490673,주소
서울특별시 용산구 서빙고로 38,37.524113021636,126.968432526981,주소
서울특별시 용산구 서빙고로51길 14,37.5220689203394,126.992300401397,주소
서울특별시 용산구 서빙고로57길 24,37.5204207015698,126.992085415699,주소
서울특별시 용산구 서빙고로91나길 116,37.5257114195177,126.996419032912,주소
서울특별시 용산구 신흥로3가길 66,37.5430815444968,126.984284175086,주소
서울특별시 용산구 우사단로 20,37.5325404707342,126.996391100579,주소
서울특별시 용산구 원효로 51,37.533863362459,126.950070316419,주소
서울특별시 용산구 원효로19길 49,37.534209370461,126.95459335968,주소
서울특별시 용산구 원효로64길 17-10,37.5356738275449,126.964803669293,주소
서울특별시 용산구 원효로97길 29,37.541936135098,126.968625747257,주소
서울특별시 용산구 원효로97길 33-4,37.5427676844581,126.966079429641,주소
서울특별시 용산구 이촌로 192,37.5211245635258,126.968385483185,주소
서울특별시 용산구 이촌로 255,37.5206295929735,126.975366260146,주소
서울특별시 용산구 이촌로 264,37.5190291185881,126.976133728575,주소
서울특별시 용산구 이촌로 280,37.5184498411597,126.977869361091,주소
서울특별시 용산구 이촌로18길 21-6,37.5257086820877,126.95480270922,주소
서울특별시 용산구 이촌로65가길 91,37.5215769321647,126.975485292591,주소
서울특별시 용산구 이촌로84길 9,37.5184256285681,126.977052886702,주소
서울특별시 용산구 장문로 27,37.5291071806126,126.993672893038,주소
서울특별시 용산구 장문로6길 12,37.5276127199018,126.992651330552,주소
서울특별시 용산구 장문로9길 42,37.5274901583863,126.995828177235,주소
서울특별시 용산구 청파로 263,37.5428998795519,126.969447523164,주소
서울특별시 용산구 청파로43다길 30,37.5422348785302,126.96920372269,주소
서울특별시 용산구 한강대로 321,37.5469020018555,126.971505070262,주소
서울특별시 용산구 한강대로14길 24,37.5245865309289,126.965335257279,주소
서울특별시 용산구 한강대로14길 9,37.5252261730909,126.965099429477,주소
서울특별시 용산구 한남대로 112,37.5392036532348,127.005599847436,주소
서울특별시 용산구 한남대로20길 47-5,37.5351415994734,127.009553766716,주소
서울특별시 용산구 회나무로13길 20-4,37.5403540192509,126.989876760479,주소
서울특별시 용산구 효창원로 12,37.5342003357993,126.950927815455,주소
서울특별시 용산구 효창원로 136,37.5399506073694,126.96190569987,주소
서울특별시 용산구 효창원로 137,37.5409423141075,126.961831873199,주소
서울특별시 용산구 효창원로 144,37.5408267379867,126.962180777418,주소
서울특별시 용산구 효창원로 20,37.5345060417376,126.951794054249,주소
서울특별시 용산구 효창원로 228,37.5473049014312,126.963543924367,주소
서울특별시 용산구 효창원로 258,37.5499187190496,126.963904100329,주소
서울특별시 용산구 효창원로 30-1,37.5348291985752,126.952830115504,주소
서울특별시 용산구 효창원로13길 38,37.5361612583146,126.951545316146,주소
서울특별시 용산구 효창원로70길 11,37.5417157507008,126.962735794452,주소
서울특별시 용산구 효창원로94길 27,37.5482300331806,126.964986973903,주소
서울특별시 용산구 효창원로94길 3,37.5484472993629,126.963613981565,주소
서울특별시 용산구 후암로 25,37.5480916649319,126.977717337218,주소
서울특별시 용산구 후암로 33,37.5487441293903,126.977512657052,주소
서울특별시 용산구 후암로 42-2,37.5498171390527,126.977567672301,주소
서울특별시 용산구 후암로28길 43,37.5494658781476,126.979775613308,주소
서울특별시 용산구 후암로35길 47,37.5494321501984,126.976226112198,주소
서울특별시 은평구 가좌로 204,37.5888635747313,126.919096409582,주소
서울특별시 은평구 가좌로 275-2,37.5928348327068,126.911983196588,주소
서울특별시 은평구 가좌로 280,37.5935498363788,126.91316822277,주소
서울특별시 은평구 가좌로 342,37.5977476546821,126.90795012317,주소
서울특별시 은평구 가좌로 361,37.5975537179419,126.904604886275,주소
서울특별시 은평구 가좌로 400,37.6022573973254,126.904677132229,주소
서울특별시 은평구 가좌로5길 5,37.5846402882465,126.921809482886,주소
서울특별시 은평구 가좌로6길 17-1,37.5878379488118,126.920918927694,주소
서울특별시 은평구 가좌로6길 20,37.5887531914177,126.921616096958,주소
서울특별시 은평구 가좌로7길 18,37.5863021935387,126.919433520574,주소
서울특별시 은평구 갈현로 128,37.6092890729602,126.911252456237,주소
서울특별시 은평구 갈현로 136,37.6100555462312,126.911254943163,주소
서울특별시 은평구 갈현로 169-4,37.6134657976308,126.91114714345,주소
서울특별시 은평구 갈현로 209,37.616087268367,126.913635404844,주소
서울특별시 은평구 갈현로 249,37.6192844022277,126.915346388315,주소
서울특별시 은평구 갈현로 250,37.6191535242315,126.915647607893,주소
서울특별시 은평구 갈현로 251-1,37.6195214837026,126.915516251618,주소
서울특별시 은평구 갈현로 258,37.6199107828924,126.91612317005,주소
서울특별시 은평구 갈현로 259,37.6201474341482,126.915942916042,주소
서울특별시 은평구 갈현로 270,37.621016473697,126.916757953768,주소
서울특별시 은평구 갈현로 271,37.6210376126716,126.916327380736,주소
서울특별시 은평구 갈현로11길 21(역촌동) 2층전부,37.6049469885047,126.908143740516,주소
서울특별시 은평구 갈현로11길 6,37.605553947925,126.90984796075,주소
서울특별시 은평구 갈현로15길 20-23,37.6098720248468,126.90948871144,주소
서울특별시 은평구 갈현로15길 51,37.6097895968758,126.905707319658,주소
서울특별시 은평구 갈현로15길 8,37.6077002557643,126.909809469296,주소
서울특별시 은평구 갈현로16길 16,37.6079558645654,126.912682271845,주소
서울특별시 은평구 갈현로17나길 12-1,37.6106351824588,126.908347176378,주소
서울특별시 은평구 갈현로1길 12-1,37.5994389477928,126.908818514834,주소
서울특별시 은평구 갈현로1길 16-1,37.5995149121359,126.908367160579,주소
서울특별시 은평구 갈현로29길 27,37.6203042094228,126.911993073275,주소
서울특별시 은평구 갈현로29길 5,37.6192634238514,126.914740984012,주소
서울특별시 은평구 갈현로29길 51-24,37.6231422778381,126.909790703133,주소
서울특별시 은평구 갈현로29길 7,37.6193338388119,126.9145579724,주소
서울특별시 은평구 갈현로33길 21,37.6211393280316,126.914062263137,주소
서울특별시 은평구 갈현로33길 24,37.6219704228009,126.913971706642,주소
서울특별시 은평구 갈현로33길 40,37.6219001253518,126.91235230945,주소
서울특별시 은평구 갈현로3길 35,37.6005126007678,126.90632906123,주소
서울특별시 은평구 갈현로7길 26,37.6045040812333,126.907937268517,주소
서울특별시 은평구 녹번로 10,37.6031489518711,126.927233036333,주소
서울특별시 은평구 녹번로1길 1,37.6045833930687,126.925746281804,주소
서울특별시 은평구 대서문길 42-3,37.6536320835839,126.950462446061,주소
서울특별시 은평구 백련산로 134-6,37.5969602955013,126.925180316438,주소
서울특별시 은평구 백련산로 159,37.5992035310194,126.925955573121,주소
서울특별시 은평구 백련산로 168,37.5997031167785,126.926800417135,주소
서울특별시 은평구 백련산로 36,37.5884566532295,126.924767525406,주소
서울특별시 은평구 백련산로 38,37.5892706101884,126.923090643465,주소
서울특별시 은평구 백련산로 84,37.5930097247289,126.92364241621,주소
서울특별시 은평구 백련산로2길 19,37.5924768384074,126.925269500776,주소
서울특별시 은평구 백련산로2길 35,37.5905122161631,126.925112608529,주소
서울특별시 은평구 불광로 131,37.6185407837313,126.932798117548,주소
서울특별시 은평구 불광로 180,37.6231798247545,126.932389206759,주소
서울특별시 은평구 불광로 51,37.6134294463781,126.930718712253,주소
서울특별시 은평구 불광로 60,37.6122935940935,126.932156008786,주소
서울특별시 은평구 불광로 64,37.6131320544168,126.932470564865,주소
서울특별시 은평구 불광로 90,37.6150686709961,126.933000699618,주소
서울특별시 은평구 불광로14길 10-10,37.6203073698534,126.934110930932,주소
서울특별시 은평구 서오릉로 139,37.6108381553336,126.917477157083,주소
서울특별시 은평구 서오릉로 150,37.611948526415,126.916569405965,주소
서울특별시 은평구 서오릉로 21,37.6030269052655,126.925559615072,주소
서울특별시 은평구 서오릉로11길 3,37.6119845992526,126.915225434984,주소
서울특별시 은평구 서오릉로15길 16,37.6127509583582,126.909376492632,주소
서울특별시 은평구 서오릉로15길 16-4,37.6131273418817,126.90942938167,주소
서울특별시 은평구 서오릉로15길 5,37.6138258740285,126.910012738515,주소
서울특별시 은평구 서오릉로15길 6,37.6138832739246,126.909785805915,주소
서울특별시 은평구 서오릉로17길 18-5,37.6135588098219,126.9078960928,주소
서울특별시 은평구 서오릉로17길18,37.6135517325652,126.908179368088,주소
서울특별시 은평구 서오릉로20길 19,37.6187045126614,126.909031611714,주소
서울특별시 은평구 수색로 285,37.5832874025311,126.892734565915,주소
서울특별시 은평구 수색로 300,37.5850903459468,126.890441915048,주소
서울특별시 은평구 수색로 322,37.5873678307971,126.892550386685,주소
서울특별시 은평구 수색로16길 21,37.5851721490482,126.896012135221,주소
서울특별시 은평구 연서로 117,37.6109458980893,126.914792838283,주소
서울특별시 은평구 연서로 130,37.610282699939,126.917226001911,주소
서울특별시 은평구 연서로 149,37.6122113176376,126.916913986936,주소
서울특별시 은평구 연서로 159,37.6130554046084,126.917228478538,주소
서울특별시 은평구 연서로 161,37.6132712264623,126.917150089307,주소
서울특별시 은평구 연서로 178,37.6146231090703,126.918110305178,주소
서울특별시 은평구 연서로 187,37.6155585480496,126.917898381083,주소
서울특별시 은평구 연서로 19,37.6008756801519,126.915745819235,주소
서울특별시 은평구 연서로 347,37.6260599638981,126.927751281025,주소
서울특별시 은평구 연서로 518,37.6402225383528,126.937163146042,주소
서울특별시 은평구 연서로 64,37.6048507751029,126.915895353485,주소
서울특별시 은평구 연서로 99,37.6081169449171,126.915129709148,주소
서울특별시 은평구 연서로18길 12,37.6121391302693,126.918829846349,주소
서울특별시 은평구 연서로18길 16,37.6120660062163,126.919276732874,주소
서울특별시 은평구 연서로18길 17,37.613579143925,126.919302166743,주소
서울특별시 은평구 연서로18길 28,37.6119569421586,126.92067276682,주소
서울특별시 은평구 연서로18길 3-1,37.6124242052527,126.918050763379,주소
서울특별시 은평구 연서로18길 3-25,37.6133713139919,126.918165476868,주소
서울특별시 은평구 연서로18길 35,37.6120109597766,126.921553864402,주소
서울특별시 은평구 연서로18길 9-1,37.6123158601707,126.918765775933,주소
서울특별시 은평구 연서로21길 23,37.615093344844,126.915315914706,주소
서울특별시 은평구 연서로21길 3,37.6142117371155,126.917233992611,주소
서울특별시 은평구 연서로21길 36,37.6158571844366,126.914044556959,주소
서울특별시 은평구 연서로25길 20-11,37.6177151916989,126.917051826023,주소
서울특별시 은평구 연서로25길 20-6,37.6174946446985,126.917201244073,주소
서울특별시 은평구 연서로27길 20-3,37.6185432035548,126.917314369613,주소
서울특별시 은평구 연서로27길 27-4,37.6184628085243,126.916381123937,주소
서울특별시 은평구 연서로29길 25-5,37.6192718642128,126.917488678085,주소
서울특별시 은평구 연서로29길 31,37.6197796356231,126.916683441356,주소
서울특별시 은평구 연서로33길 16-32,37.62353926398,126.924287913377,주소
서울특별시 은평구 연서로34길 16,37.621204311117,126.927958512297,주소
서울특별시 은평구 연서로34길 22,37.6213492886599,126.929917884841,주소
서울특별시 은평구 연서로34길 30,37.6217741346102,126.92951513746,주소
서울특별시 은평구 연서로35길 37,37.6236487604699,126.923909005211,주소
서울특별시 은평구 연서로38길 3,37.6221064950452,126.927265422393,주소
서울특별시 은평구 연서로3가길 5,37.602840549835,126.914728361142,주소
서울특별시 은평구 연서로3길 20,37.6023444079495,126.913535898412,주소
서울특별시 은평구 연서로3길 23,37.6021733553934,126.912984824243,주소
서울특별시 은평구 연서로3나길 1,37.6023760240603,126.913033623004,주소
서울특별시 은평구 연서로40길 2,37.6230274459349,126.927937382818,주소
서울특별시 은평구 연서로41길 13,37.6258707053636,126.927374128453,주소
서울특별시 은평구 연서로41길 30,37.6275452130621,126.925819848355,주소
서울특별시 은평구 연서로46길 7,37.6339652491329,126.932682946126,주소
서울특별시 은평구 연서로6길 17-1,37.6043997980454,126.917768294538,주소
서울특별시 은평구 은평로 170,37.6010893852841,126.926662375326,주소
서울특별시 은평구 은평로 186,37.6013178166808,126.928176773332,주소
서울특별시 은평구 은평로 217,37.601430872655,126.931946975662,주소
서울특별시 은평구 은평로 220,37.6005343844723,126.932098856535,주소
서울특별시 은평구 은평로 223-1,37.6013160439564,126.932658244944,주소
서울특별시 은평구 은평로 231,37.6012500514027,126.933381472213,주소
서울특별시 은평구 은평로 239,37.6023040358796,126.934033612153,주소
서울특별시 은평구 은평로 240,37.6004214734002,126.934948113512,주소
서울특별시 은평구 은평로 92-1,37.5992968252833,126.918108194733,주소
서울특별시 은평구 은평로10길 10,37.5996854082624,126.923179009424,주소
서울특별시 은평구 은평로16길 9-1,37.6002580875299,126.930307292442,주소
서울특별시 은평구 은평로3길 18,37.6004009116287,126.91519147184,주소
서울특별시 은평구 은평로3길 20,37.600631249431,126.915253606575,주소
서울특별시 은평구 은평로3길 25,37.6015841686977,126.913928033442,주소
서울특별시 은평구 은평로3길 26,37.6012362986298,126.915175688774,주소
서울특별시 은평구 은평로4길 21-9,37.5976791222992,126.918275747068,주소
서울특별시 은평구 은평로8길 15-1,37.5988985507852,126.920425616717,주소
서울특별시 은평구 은평로8길 22,37.5985452938759,126.919791970139,주소
서울특별시 은평구 은평로8길 31,37.5975705383489,126.919434054876,주소
서울특별시 은평구 은평로8길 33,37.5974885023748,126.919366993802,주소
서울특별시 은평구 은평로9길 10,37.6011163943598,126.921585009131,주소
서울특별시 은평구 은평터널로 148,37.5921917013959,126.906700012239,주소
서울특별시 은평구 은평터널로 15,37.5846837509466,126.894019845962,주소
서울특별시 은평구 은평터널로 150,37.5922940508202,126.907382316218,주소
서울특별시 은평구 은평터널로7길 2,37.5925615004272,126.906172127572,주소
서울특별시 은평구 은평터널로7길 6,37.5932748232178,126.902403937432,주소
서울특별시 은평구 응암로 275,37.5963970478506,126.919112486218,주소
서울특별시 은평구 응암로 288,37.597174195561,126.920234611317,주소
서울특별시 은평구 응암로 301-1,37.5985645488474,126.920686421221,주소
서울특별시 은평구 응암로 302-1,37.5983100949703,126.921068643841,주소
서울특별시 은평구 응암로 307-1,37.5990995089929,126.92088311642,주소
서울특별시 은평구 응암로 331-15,37.601511425556,126.921776541525,주소
서울특별시 은평구 응암로14길 20,37.589830783622,126.919350572643,주소
서울특별시 은평구 응암로21가길 24,37.5957052709238,126.918073404716,주소
서울특별시 은평구 응암로22길 28-6,37.5932805752432,126.921059123007,주소
서울특별시 은평구 응암로30길 15,37.5959775729359,126.921690274973,주소
서울특별시 은평구 응암로34가길 2,37.5982794481557,126.922270699445,주소
서울특별시 은평구 증산로 375,37.5898500936518,126.912923651704,주소
서울특별시 은평구 증산로15길 61,37.5897854748773,126.906424934661,주소
서울특별시 은평구 증산로15길 70,37.590780601266,126.90583423004,주소
서울특별시 은평구 증산로17길 62,37.5920684832676,126.906975878076,주소
서울특별시 은평구 증산로3길 26-1,37.5814851103662,126.902347326188,주소
서울특별시 은평구 증산로5길 15,37.5831421415539,126.90636860463,주소
서울특별시 은평구 증산로5길 27-30,37.5838153929282,126.904939878075,주소
서울특별시 은평구 증산서길 125-6,37.587027156188,126.909283597865,주소
서울특별시 은평구 증산서길 61,37.5825652695002,126.904276446505,주소
서울특별시 은평구 증산서길 63-6,37.5825549051696,126.905278067048,주소
서울특별시 은평구 증산서길 64-14,37.581882997661,126.906021031665,주소
서울특별시 은평구 증산서길 64-8,37.582023291013,126.905805862808,주소
서울특별시 은평구 증산서길 67,37.5827479135861,126.905635127892,주소
서울특별시 은평구 증산서길 78,37.5833817968708,126.906584885911,주소
서울특별시 은평구 진관1로 21-10,37.6342707354029,126.919398866427,주소
서울특별시 은평구 진관1로 21-10.은평뉴타운박석고개상가1동 108호,37.6342707354029,126.919398866427,주소
서울특별시 은평구 진관1로 21-20,37.6330440427703,126.920996007067,주소
서울특별시 은평구 진관1로 21-35,37.6335642024009,126.918640008744,주소
서울특별시 은평구 진관1로 21-9,37.6329244639,126.919502961914,주소
서울특별시 은평구 진관1로 55,37.6315663816842,126.927817322461,주소
서울특별시 은평구 진관1로 77-23,37.6329384289784,126.929198935551,주소
서울특별시 은평구 진관1로 77-30,37.6329931167171,126.930713128967,주소
서울특별시 은평구 진관2로 15-46,37.6386515578411,126.919081540985,주소
서울특별시 은평구 진관2로 19,37.6348535294175,126.919584718281,주소
서울특별시 은평구 진관2로 29-21,37.635741734904,126.919341649662,주소
서울특별시 은평구 진관2로 77,37.634569572388,126.926834884276,주소
서울특별시 은평구 진관2로 90,37.6338060816554,126.925688437384,주소
서울특별시 은평구 진관3로 15-35,37.6424906932298,126.917321258805,주소
서울특별시 은평구 진관3로 21,37.6396025010646,126.919014455213,주소
서울특별시 은평구 진관3로 22,37.6389439926912,126.919176848907,주소
서울특별시 은평구 진관3로 33,37.6397528801196,126.919945513653,주소
서울특별시 은평구 진관3로 37,37.6403916511066,126.920438372018,주소
서울특별시 은평구 진관3로 67,37.6427644551257,126.920932686788,주소
서울특별시 은평구 진관3로 70,37.6422598317106,126.923141080933,주소
서울특별시 은평구 진관3로 73-17,37.6426828611882,126.918730453447,주소
서울특별시 은평구 진관4로 36,37.6442556363265,126.925727657672,주소
서울특별시 은평구 진관4로 37,37.644469386862,126.925073996113,주소
서울특별시 은평구 진관4로 47,37.645686478376,126.927010489747,주소
서울특별시 은평구 진관4로 48-17,37.6451329256381,126.926883785097,주소
서울특별시 은평구 진관4로 77,37.646668707628,126.928443600221,주소
서울특별시 은평구 진관4로 78-16,37.6454198616021,126.929052478211,주소
서울특별시 은평구 진관4로 78-8,37.6460949791009,126.928324494486,주소
서울특별시 은평구 진흥로1길 11,37.6013270236087,126.918493373052,주소
서울특별시 은평구 진흥로1길 29,37.6030664106232,126.918399633333,주소
서울특별시 은평구 통일로 1010,37.6327971461007,126.918571397928,주소
서울특별시 은평구 통일로 1022,37.633802248678,126.917738964075,주소
서울특별시 은평구 통일로 610,37.6019824456298,126.935947829509,주소
서울특별시 은평구 통일로 630,37.6028959898733,126.936003442364,주소
서울특별시 은평구 통일로 630-1,37.6031576200927,126.937484017426,주소
서울특별시 은평구 통일로 636,37.603517115574,126.935311316206,주소
서울특별시 은평구 통일로 649,37.6046732274645,126.934425169687,주소
서울특별시 은평구 통일로 650,37.6065633137733,126.935058620612,주소
서울특별시 은평구 통일로 660,37.6059008670873,126.936142883261,주소
서울특별시 은평구 통일로 780,37.6158621924384,126.928432696242,주소
서울특별시 은평구 통일로 796,37.616343199117,126.925757582129,주소
서울특별시 은평구 통일로69길 12-15,37.6123671176016,126.925869811138,주소
서울특별시 종로구 낙산길 250,37.5813606333694,127.013724533725,주소
서울특별시 종로구 대학로 12,37.5727179599562,127.003515410111,주소
서울특별시 종로구 대학로 156,37.5849699592551,127.003097645534,주소
서울특별시 종로구 대학로 64,37.577618353105,127.004315334067,주소
서울특별시 종로구 돈화문로11가길 59,37.5751118972517,126.990057597088,주소
서울특별시 종로구 북촌로4길 7,37.5799415657652,126.9855017071,주소
서울특별시 종로구 사직로 9,37.573123769216,126.96125454884,주소
서울특별시 종로구 사직로 97,37.5763042919088,126.969600744363,주소
서울특별시 종로구 사직로9길 19,37.5775391376934,126.966716978826,주소
서울특별시 종로구 삼봉로 57,37.5725615164337,126.980473808393,주소
서울특별시 종로구 삼일대로 394,37.5697299794152,126.988067892251,주소
서울특별시 종로구 삼일대로 446,37.5749936834295,126.988075995471,주소
서울특별시 종로구 삼일대로 460,37.5766672930696,126.988198556535,주소
서울특별시 종로구 삼일대로20길 6,37.5695289878587,126.988272806652,주소
서울특별시 종로구 성균관로 90,37.5898250812056,126.998603364783,주소
서울특별시 종로구 세검정로 265,37.6021964617073,126.960986602044,주소
서울특별시 종로구 세검정로9길 1,37.6034986015128,126.961073121539,주소
서울특별시 종로구 세검정로9길 19,37.6039872305834,126.961140135552,주소
서울특별시 종로구 세검정로9길 45,37.6048864435953,126.960401855695,주소
서울특별시 종로구 송월길 136,37.5717489616929,126.96271800582,주소
서울특별시 종로구 송월길 155,37.5717267174551,126.961625543187,주소
서울특별시 종로구 송월길 99,37.5708610950823,126.962352257162,주소
서울특별시 종로구 옥인길 22-1,37.5808124709587,126.96744256751,주소
서울특별시 종로구 우정국로2길 21,37.5697034972222,126.984281413033,주소
서울특별시 종로구 율곡로3길 49,37.5777859821946,126.981909156246,주소
서울특별시 종로구 이화장길 36-2,37.5767550101286,127.004586411654,주소
서울특별시 종로구 인사동길 12,37.5718961547884,126.987230558854,주소
서울특별시 종로구 자하문로 105,37.585805731799,126.969294698603,주소
서울특별시 종로구 자하문로9길 11,37.5793234975949,126.970565307009,주소
서울특별시 종로구 종로 104,37.5699634381006,126.989111515848,주소
서울특별시 종로구 종로 19,37.5708444878121,126.979923668151,주소
서울특별시 종로구 종로 65,37.5704847180157,126.984721581713,주소
서울특별시 종로구 종로12길 18,37.5692537941409,126.985565356658,주소
서울특별시 종로구 지봉로 64,37.5757294269114,127.015830340656,주소
서울특별시 종로구 지봉로 73,37.5762114748296,127.014293687874,주소
서울특별시 종로구 지봉로5길 4,37.5743796091161,127.015434866731,주소
서울특별시 종로구 진흥로 443,37.6079304642039,126.957876402784,주소
서울특별시 종로구 창경궁로 251,37.5840054857035,126.999520641009,주소
서울특별시 종로구 창덕궁길 164,37.5837882231459,126.987472622092,주소
서울특별시 종로구 창의문로 51,37.5891709420972,126.971088602259,주소
서울특별시 종로구 통일로 224,37.5728417650151,126.959926636423,주소
서울특별시 종로구 통일로 246-10,37.5743447023263,126.959103079359,주소
서울특별시 종로구 통일로 266,37.5758473655224,126.956783269179,주소
서울특별시 종로구 통일로12길 23,37.5740826001873,126.960148752178,주소
서울특별시 종로구 통일로16길 8-3,37.5763236628263,126.957365886143,주소
서울특별시 종로구 평창12길 18,37.6070258941575,126.966689574833,주소
서울특별시 종로구 평창12길 3,37.606177671919,126.96722438064,주소
서울특별시 종로구 평창길 2,37.6051404251162,126.965239927583,주소
서울특별시 종로구 평창문화로 139,37.6100165563307,126.97512762453,주소
서울특별시 종로구 평창문화로 6-1,37.6036216567907,126.962684891911,주소
서울특별시 종로구 평창문화로 6-3,37.6034039431237,126.962576171288,주소
서울특별시 종로구 평창문화로 75,37.606862635259,126.96900620111,주소
서울특별시 종로구 필운대로1길 34,37.5795440101952,126.967291871532,주소
서울특별시 종로구 혜화로 14-1,37.5869052423373,127.000301167779,주소
서울특별시 종로구 혜화로 32,37.5891727709231,126.999927989279,주소
서울특별시 종로구 혜화로 74,37.5922022663657,126.999531005507,주소
서울특별시 종로구 홍지문2길 1,37.6007485057551,126.956425519955,주소
서울특별시 종로구 홍지문2길 20,37.604108905882,126.955159496571,주소
서울특별시 중구 난계로 141,37.5636896515896,127.023636595929,주소
서울특별시 중구 남대문로 109,37.5669858059331,126.982247152887,주소
서울특별시 중구 남대문로 120,37.5679275647765,126.983120773451,주소
서울특별시 중구 남대문로 90,37.5650919219854,126.982923560746,주소
서울특별시 중구 다산로 151,37.5572503861174,127.011753902368,주소
서울특별시 중구 다산로 162,37.5578960353456,127.01267741543,주소
서울특별시 중구 다산로 170,37.5591166793514,127.013724413955,주소
서울특별시 중구 다산로 269,37.5672992845452,127.015687859678,주소
서울특별시 중구 다산로 32,37.5471505540187,127.005706247221,주소
서울특별시 중구 다산로22길 14,37.5574085513517,127.013084880786,주소
서울특별시 중구 다산로36길 109,37.5605041293678,127.022970424804,주소
서울특별시 중구 덕수궁길 140,37.5690888764456,126.974657902016,주소
서울특별시 중구 동호로10길 30,37.5551915990934,127.016359379417,주소
서울특별시 중구 동호로15길 93,37.5535149002283,127.006414953028,주소
서울특별시 중구 동호로15길 93-34,37.5539645178112,127.006042884936,주소
서울특별시 중구 동호로7길 26,37.5526713516479,127.010633487531,주소
서울특별시 중구 만리재로35길 47-1,37.5572542135158,126.967707126705,주소
서울특별시 중구 매봉18길 109,37.5562046295135,127.016725380867,주소
서울특별시 중구 매봉18길 111,37.5563732600255,127.016979156363,주소
서울특별시 중구 명동2길 57,37.5609973269071,126.98343947228,주소
서울특별시 중구 명동길 26,37.5634574532023,126.983764788709,주소
서울특별시 중구 서소문로11길 19,37.5637878280982,126.972089131199,주소
서울특별시 중구 세종대로21길 52,37.5687255404927,126.976125238528,주소
서울특별시 중구 소파로2길 10,37.5578530747432,126.987481605528,주소
서울특별시 중구 소파로2길 7,37.5578196996083,126.987980721445,주소
서울특별시 중구 손기정로 73,37.5564123449189,126.965250577981,주소
서울특별시 중구 을지로 299,37.5658716036039,127.011443307588,주소
서울특별시 중구 을지로 6,37.5653821677485,126.979208538495,주소
서울특별시 중구 정동길 22,37.5664327974417,126.96921017611,주소
서울특별시 중구 중림로 10,37.5589266608979,126.964320892997,주소
서울특별시 중구 청구로 6,37.558394748875,127.020846448277,주소
서울특별시 중구 청구로17길 40,37.559971222213,127.01170475684,주소
서울특별시 중구 청구로1길 23,37.5585358838305,127.01844745293,주소
서울특별시 중구 청구로4길 1,37.560054204063,127.014902906289,주소
서울특별시 중구 청구로6길 11,37.5609374871352,127.014616166709,주소
서울특별시 중구 충무로 24,37.5634061273569,126.993402762749,주소
서울특별시 중구 통일로4길 16,37.5641524008777,126.968959953769,주소
서울특별시 중구 퇴계로20나길 10,37.5587327660941,126.98553433842,주소
서울특별시 중구 퇴계로22길 17,37.5597837446411,126.986776737543,주소
서울특별시 중구 퇴계로50길 12-5,37.562056796372,127.000798848127,주소
서울특별시 중구 퇴계로90길 74,37.5610379790132,127.020985832433,주소
서울특별시 중구 환일길 47,37.5537559309443,126.962588449936,주소
서울특별시 중랑구 겸재로3길 52,37.5882796969462,127.076773827983,주소
서울특별시 중랑구 공릉로 65,37.6164615283138,127.079320691885,주소
서울특별시 중랑구 공릉로12가길 55,37.6177502147967,127.082341098041,주소
서울특별시 중랑구 공릉로18길 59,37.6187220377937,127.081537279057,주소
서울특별시 중랑구 공릉로2길 13,37.6122111433458,127.078740933301,주소
서울특별시 중랑구 공릉로2길 60-25,37.6125319131001,127.083435549639,주소
서울특별시 중랑구 답십리로81길 138,37.5773178619421,127.085291996572,주소
서울특별시 중랑구 동일로 490,37.5740018184807,127.080316635371,주소
서울특별시 중랑구 동일로 665,37.5900368304084,127.079200700601,주소
서울특별시 중랑구 동일로 675,37.5906368074662,127.079726481324,주소
서울특별시 중랑구 동일로 752,37.5970090851956,127.082070702444,주소
서울특별시 중랑구 동일로 780,37.6005073021727,127.081376524078,주소
서울특별시 중랑구 동일로101길 32,37.5890782029547,127.078076387186,주소
서울특별시 중랑구 동일로101길 63,37.5885435363865,127.076312487076,주소
서울특별시 중랑구 동일로126가길 11,37.5979789522459,127.083171419175,주소
서울특별시 중랑구 동일로126길 5,37.5989044096042,127.080500912013,주소
서울특별시 중랑구 동일로130길 57,37.6003882917958,127.082914891689,주소
서울특별시 중랑구 동일로138길 27,37.603359494137,127.080827217486,주소
서울특별시 중랑구 동일로140길 33,37.6053543032855,127.080801743129,주소
서울특별시 중랑구 동일로149길 46,37.6065228487307,127.075835832737,주소
서울특별시 중랑구 동일로157길 32,37.6098318249462,127.075831717555,주소
서울특별시 중랑구 동일로157길 75,37.609044756978,127.073928695922,주소
서울특별시 중랑구 동일로92길 40,37.58188308245,127.080449862319,주소
서울특별시 중랑구 망우로68길 30,37.5985558537681,127.100962635488,주소
서울특별시 중랑구 망우로70길 89,37.5958275306695,127.104315557629,주소
서울특별시 중랑구 망우로72길 49,37.5987369776708,127.103841751495,주소
서울특별시 중랑구 망우로73길 56,37.6031323992803,127.105332396209,주소
서울특별시 중랑구 면목로 305,37.5796950058533,127.087437887012,주소
서울특별시 중랑구 면목로 376,37.5855097326288,127.088543363345,주소
서울특별시 중랑구 면목로 434,37.5906774945638,127.087293348704,주소
서울특별시 중랑구 면목로23길 20,37.5748916374118,127.083439043619,주소
서울특별시 중랑구 면목로23길 28,37.5735036860149,127.082755461165,주소
서울특별시 중랑구 면목로27길 24,37.575290479097,127.083987506054,주소
서울특별시 중랑구 면목로27길 36,37.5750821178703,127.083296959932,주소
서울특별시 중랑구 면목로27길 70,37.5745232410642,127.081605549512,주소
서울특별시 중랑구 면목로27다길 24,37.5737202838037,127.082885768764,주소
서울특별시 중랑구 면목로28길 18,37.5745091144718,127.086267425784,주소
서울특별시 중랑구 면목로30나길 38,37.5772597202709,127.087666433029,주소
서울특별시 중랑구 면목로40길 17,37.5790302189483,127.088209874304,주소
서울특별시 중랑구 면목로40길 39,37.5783162431522,127.089087412337,주소
서울특별시 중랑구 면목로48길 25,37.5822754474265,127.090079015676,주소
서울특별시 중랑구 면목로57길 15,37.5846371728899,127.087507295467,주소
서울특별시 중랑구 면목로57길 32,37.5852407128388,127.085961098757,주소
서울특별시 중랑구 면목로57길 35,37.5847140615299,127.086360151355,주소
서울특별시 중랑구 면목로57길 41,37.5847768981198,127.086062234925,주소
서울특별시 중랑구 면목로57길 43,37.5847107409514,127.085971924325,주소
서울특별시 중랑구 봉우재로 205,37.5949122862531,127.095724193951,주소
서울특별시 중랑구 봉우재로32길 30,37.5914543358692,127.084938664313,주소
서울특별시 중랑구 봉우재로58길 39,37.5932798745236,127.097042711299,주소
서울특별시 중랑구 봉우재로65길 46,37.5970246139301,127.097650104526,주소
서울특별시 중랑구 봉우재로6길 26,37.5889223067352,127.075482375754,주소
서울특별시 중랑구 봉화산로 117,37.6031651842705,127.087233649249,주소
서울특별시 중랑구 봉화산로 162,37.6044645795756,127.091532797561,주소
서울특별시 중랑구 봉화산로 188,37.6058145949305,127.093521755522,주소
서울특별시 중랑구 봉화산로 194,37.6064526315197,127.094707041869,주소
서울특별시 중랑구 봉화산로 209,37.6074427014318,127.096078533768,주소
서울특별시 중랑구 봉화산로 211,37.6075450531768,127.096300413242,주소
서울특별시 중랑구 봉화산로 218,37.6073860355769,127.097061714442,주소
서울특별시 중랑구 봉화산로 221,37.6080276018454,127.097205473343,주소
서울특별시 중랑구 봉화산로 301,37.610012572607,127.104986588195,주소
서울특별시 중랑구 봉화산로 55,37.60178015533,127.080685426616,주소
서울특별시 중랑구 봉화산로 82,37.6014097153165,127.083849146888,주소
서울특별시 중랑구 봉화산로 83,37.6020651092272,127.083703118352,주소
서울특별시 중랑구 봉화산로30길 74,37.5989513208588,127.085040834933,주소
서울특별시 중랑구 봉화산로48길 62,37.6034753401116,127.093654269252,주소
서울특별시 중랑구 봉화산로56길 106,37.6042277898809,127.097288861534,주소
서울특별시 중랑구 봉화산로56길 120,37.6034547963042,127.097111757318,주소
서울특별시 중랑구 봉화산로56길 123,37.6035495340772,127.098903547774,주소
서울특별시 중랑구 봉화산로56길 141,37.6024346874872,127.097011795359,주소
서울특별시 중랑구 사가정로46길 21-1,37.580102972658,127.084723912704,주소
서울특별시 중랑구 상봉중앙로1길 54,37.5986685341724,127.088065573282,주소
서울특별시 중랑구 상봉중앙로8나길 28,37.601527985138,127.090124645592,주소
서울특별시 중랑구 상봉중앙로8나길 38-11,37.6006024999431,127.090814076997,주소
서울특별시 중랑구 송림길 114,37.604668339535,127.104292115551,주소
서울특별시 중랑구 숙선옹주로 109,37.6177488108138,127.08681415088,주소
서울특별시 중랑구 숙선옹주로9길 45-8,37.617112520609,127.083459696612,주소
서울특별시 중랑구 신내로 126,37.610185758581,127.096415262131,주소
서울특별시 중랑구 신내로 135,37.6113848049141,127.095849500583,주소
서울특별시 중랑구 신내로 45,37.6031407236909,127.095551052144,주소
서울특별시 중랑구 신내로 47-1,37.6033239905221,127.095432944678,주소
서울특별시 중랑구 신내로 49-2,37.603530801637,127.095502402251,주소
서울특별시 중랑구 신내로 50,37.6035175568825,127.095946989512,주소
서울특별시 중랑구 신내로 50-3,37.6037240392537,127.095977151761,주소
서울특별시 중랑구 신내로 51,37.6059761741832,127.09472455776,주소
서울특별시 중랑구 신내로 62,37.6047516184082,127.095755033732,주소
서울특별시 중랑구 신내로 80,37.6063065294009,127.095553629347,주소
서울특별시 중랑구 신내로14길 10,37.6054853517217,127.096127771013,주소
서울특별시 중랑구 신내로15길 110,37.6135762310839,127.092408488473,주소
서울특별시 중랑구 신내로17길 13,37.6146053187764,127.0951561611,주소
서울특별시 중랑구 신내로17길 39,37.6151331460647,127.093770032768,주소
서울특별시 중랑구 신내로17길 41,37.614694452091,127.093773559363,주소
서울특별시 중랑구 신내로17길 83,37.6161503233743,127.091639657907,주소
서울특별시 중랑구 신내로21길 55,37.6153151256555,127.089858462734,주소
서울특별시 중랑구 신내로23길 57,37.6178416319695,127.084553885966,주소
서울특별시 중랑구 신내로25가길 2,37.6194780819731,127.08419542632,주소
서울특별시 중랑구 신내로7가길 22,37.602996935344,127.094419547563,주소
서울특별시 중랑구 신내로7가길 73,37.6020672034977,127.092024283138,주소
서울특별시 중랑구 신내로7가길 75,37.6019481289515,127.09174612312,주소
서울특별시 중랑구 신내로7길 16,37.6022814507164,127.095771798579,주소
서울특별시 중랑구 신내로7다길 3,37.6017443950924,127.094848742511,주소
서울특별시 중랑구 신내역로 213,37.6197954466611,127.106556117209,주소
서울특별시 중랑구 신내역로1길 164,37.6178712681978,127.11146466539,주소
서울특별시 중랑구 신내역로3길 4,37.6195146472678,127.106713048974,주소
서울특별시 중랑구 신내역로3길 40-36,37.6176037664034,127.104063484063,주소
서울특별시 중랑구 양원역로 18,37.6027743133849,127.108648043621,주소
서울특별시 중랑구 양원역로 32,37.6038226403943,127.109498124672,주소
서울특별시 중랑구 양원역로 67,37.6065806263938,127.10537791548,주소
서울특별시 중랑구 양원역로 7,37.6012891595813,127.108115794682,주소
서울특별시 중랑구 양원역로 95,37.6089592464942,127.105469269915,주소
서울특별시 중랑구 양원역로10길 3,37.6066433737247,127.106339503555,주소
서울특별시 중랑구 용마공원로5길 32,37.5943801760294,127.10349951062,주소
서울특별시 중랑구 용마산로 334,37.5817164932488,127.093639912313,주소
서울특별시 중랑구 용마산로 364,37.5844483836252,127.094557676333,주소
서울특별시 중랑구 용마산로 384,37.5858710589445,127.095220563756,주소
서울특별시 중랑구 용마산로 446,37.5910204394399,127.09793744246,주소
서울특별시 중랑구 용마산로 450,37.5912888896037,127.098100615479,주소
서울특별시 중랑구 용마산로 456,37.5917542226475,127.098352253356,주소
서울특별시 중랑구 용마산로 669,37.6097690028367,127.098976905071,주소
서울특별시 중랑구 용마산로 670,37.6119441454331,127.102489000658,주소
서울특별시 중랑구 용마산로100길 13,37.5920415995378,127.099794712349,주소
서울특별시 중랑구 용마산로113길 18,37.598292300004,127.098527092355,주소
서울특별시 중랑구 용마산로115길 108,37.5980674793635,127.094140301694,주소
서울특별시 중랑구 용마산로125길 2,37.6054778509721,127.100587283267,주소
서울특별시 중랑구 용마산로125나길 22,37.6049342235675,127.100128462105,주소
서울특별시 중랑구 용마산로129가길 74,37.6044939329362,127.099247825026,주소
서울특별시 중랑구 용마산로70길 37,37.5830114568554,127.096589314058,주소
서울특별시 중랑구 용마산로70길 43,37.5824414299403,127.096550877288,주소
평택시 고덕국제5로 165,37.0357544035802,127.023711257062,주소
