시도,구시,동,지번,거래수,제곱미터당,금액중간,면적중간,건축년도,용도,용도지역,최근연
경기,가평군,가평읍 금대리,1**,3,2244215,1475100000,657.3,2012,숙박,계획관리,2025
경기,가평군,가평읍 금대리,2**,1,3308049,477550000,144.4,2010,제2종근린생활,계획관리,2024
경기,가평군,가평읍 금대리,6**,2,2364156,100000000,44.1,2008,제2종근린생활,계획관리,2026
경기,가평군,가평읍 달전리,1**,1,4282735,1150000000,268.5,2022,숙박,자연녹지,2025
경기,가평군,가평읍 달전리,2**,3,1441208,189000000,131.1,2003,제2종근린생활,제2종일반주거,2026
경기,가평군,가평읍 대곡리,1**,1,1117880,400000000,357.8,1989,제1종근린생활,일반상업,2025
경기,가평군,가평읍 대곡리,185,1,1596639,57000000,35.7,2017,제1종근린생활,제2종일반주거,2025
경기,가평군,가평읍 대곡리,2**,1,1056567,650000000,615.2,1989,제1종근린생활,일반상업,2026
경기,가평군,가평읍 대곡리,3**,1,2425577,1155860000,476.5,2011,제2종근린생활,자연녹지,2024
경기,가평군,가평읍 두밀리,1**,1,837240,50000000,59.7,2020,제2종근린생활,계획관리,2026
경기,가평군,가평읍 두밀리,4**,1,2407019,321000000,133.4,,업무,계획관리,2026
경기,가평군,가평읍 두밀리,6*,1,1217285,160000000,131.4,2006,제2종근린생활,계획관리,2024
경기,가평군,가평읍 복장리,4**,1,2447765,280930000,114.8,2016,제2종근린생활,계획관리,2025
경기,가평군,가평읍 산유리,1**,1,1089753,216000000,198.2,1996,제2종근린생활,계획관리,2025
경기,가평군,가평읍 산유리,3**,8,2063204,133705000,63.5,2022,숙박,계획관리,2026
경기,가평군,가평읍 상색리,4**,2,3022568,198885000,65.8,2006,제2종근린생활,계획관리,2025
경기,가평군,가평읍 승안리,1*,1,400080,80000000,200.0,1975,제2종근린생활,제2종일반주거,2024
경기,가평군,가평읍 승안리,4**,1,4761905,250000000,52.5,,제2종근린생활,자연환경보전,2024
경기,가평군,가평읍 승안리,5*,1,1030715,100000000,97.0,2014,제2종근린생활,제2종일반주거,2026
경기,가평군,가평읍 읍내리,4**,7,2958580,277410000,100.8,1999,제1종근린생활,일반상업,2026
경기,가평군,가평읍 읍내리,575-6,3,2009511,213000000,105.8,2021,제2종근린생활,제2종일반주거,2025
경기,가평군,가평읍 하색리,6**,3,361009,98180000,272.0,2000,기타,계획관리,2025
경기,가평군,가평읍 하색리,7**,1,1075847,400000000,371.8,2017,제1종근린생활,계획관리,2024
경기,가평군,북면 도대리,3**,1,935126,32000000,34.2,,제2종근린생활,계획관리,2025
경기,가평군,북면 도대리,7*,2,916742,80000000,109.4,2009,제1종근린생활,계획관리,2025
경기,가평군,북면 목동리,4**,1,2712639,967490000,356.7,2018,숙박,계획관리,2024
경기,가평군,북면 목동리,5**,1,3753049,800000000,213.2,2022,숙박,계획관리,2026
경기,가평군,북면 목동리,6**,1,2542299,586610000,230.7,2019,제2종근린생활,생산관리,2024
경기,가평군,북면 목동리,7**,1,2261307,297000000,131.3,2011,제2종근린생활,자연녹지,2026
경기,가평군,북면 백둔리,1**,4,1131546,1209330000,366.8,1994,숙박,계획관리,2025
경기,가평군,북면 백둔리,2**,1,1463415,120000000,82.0,2011,제2종근린생활,보전관리,2025
경기,가평군,북면 백둔리,3**,1,976143,250000000,256.1,2006,숙박,계획관리,2024
경기,가평군,북면 백둔리,4**,1,939650,264690000,281.7,,숙박,계획관리,2026
경기,가평군,북면 백둔리,5**,1,1377991,220010000,159.7,2004,제1종근린생활,계획관리,2026
경기,가평군,북면 백둔리,7**,1,1058177,208990000,197.5,2003,제2종근린생활,보전관리,2024
경기,가평군,북면 백둔리,9*,1,1124797,602700000,535.8,2009,숙박,계획관리,2025
경기,가평군,북면 이곡리,4**,1,2363636,260000000,110.0,2017,제2종근린생활,계획관리,2026
경기,가평군,북면 제령리,1**,1,1655226,340000000,205.4,2013,숙박,계획관리,2026
경기,가평군,북면 제령리,9*,1,1729560,66000000,38.2,2013,제1종근린생활,보전관리,2024
경기,가평군,북면 화악리,4**,1,2520479,120000000,47.6,2022,제2종근린생활,보전관리,2024
경기,가평군,북면 화악리,7**,2,5215964,695500000,160.9,2014,숙박,계획관리,2024
경기,가평군,북면 화악리,9*,1,4490000,121230000,27.0,2023,제1종근린생활,보전관리,2026
경기,가평군,상면 덕현리,2*,1,1568830,4696120000,2993.4,1990,숙박,자연녹지,2025
경기,가평군,상면 덕현리,4**,1,3619442,385000000,106.4,2017,숙박,자연녹지,2024
경기,가평군,상면 덕현리,402-10,12,313333,7250000,9.0,1992,숙박,자연녹지,2026
경기,가평군,상면 덕현리,5**,3,2565588,310000000,120.8,2005,제2종근린생활,계획관리,2026
경기,가평군,상면 봉수리,*,1,800256,150000000,187.4,1997,교육연구,계획관리,2025
경기,가평군,상면 봉수리,2**,2,909112,395000000,434.5,1996,제2종근린생활,계획관리,2025
경기,가평군,상면 상동리,2**,1,588176,58700000,99.8,2001,제1종근린생활,계획관리,2026
경기,가평군,상면 연하리,2**,1,4620979,2300000000,497.7,2024,제2종근린생활,생산녹지,2026
경기,가평군,상면 연하리,3**,2,3548094,197345000,55.6,2025,제2종근린생활,계획관리,2025
경기,가평군,상면 원흥리,4**,1,1745407,1330000000,762.0,2024,숙박,계획관리,2025
경기,가평군,상면 율길리,4**,1,1341907,48000000,35.8,2025,제2종근린생활,계획관리,2025
경기,가평군,상면 임초리,2**,3,3740424,206600000,51.4,2025,제2종근린생활,보전관리,2026
경기,가평군,상면 임초리,4**,1,1758972,849900000,483.2,2006,제2종근린생활,계획관리,2024
경기,가평군,상면 태봉리,3**,1,927464,181820000,196.0,1995,제2종근린생활,계획관리,2025
경기,가평군,상면 항사리,1**,4,473363,325000000,743.0,1992,교육연구,계획관리,2025
경기,가평군,상면 항사리,2*,1,1623377,250000000,154.0,2022,제2종근린생활,계획관리,2025
경기,가평군,상면 항사리,5**,1,1894896,225000000,118.7,2009,제2종근린생활,계획관리,2025
경기,가평군,상면 항사리,7*,1,3054101,140000000,45.8,2025,제2종근린생활,계획관리,2026
경기,가평군,상면 행현리,1**,5,3502900,157000000,44.8,2024,제2종근린생활,계획관리,2026
경기,가평군,상면 행현리,3**,2,1958770,735845000,391.5,2019,제2종근린생활,계획관리,2025
경기,가평군,상면 행현리,5**,1,1596554,991460000,621.0,2014,숙박,계획관리,2025
경기,가평군,상면 행현리,6**,2,639503,70000000,109.5,2019,숙박,계획관리,2024
경기,가평군,상면 행현리,7**,2,2744182,400925000,146.1,2021,제2종근린생활,계획관리,2024
경기,가평군,상면 행현리,8*,1,1777778,80000000,45.0,,기타,계획관리,2026
경기,가평군,설악면 가일리,1**,1,3787879,60000000,15.8,2019,제1종근린생활,계획관리,2025
경기,가평군,설악면 가일리,2**,1,1780899,350000000,196.5,2003,제2종근린생활,보전관리,2026
경기,가평군,설악면 묵안리,2**,1,3024691,98000000,32.4,2026,제2종근린생활,생산관리,2026
경기,가평군,설악면 미사리,4*,12,43755144,212650000,4.9,2025,기타,보전관리,2026
경기,가평군,설악면 방일리,3**,1,3935185,340000000,86.4,2023,제2종근린생활,보전관리,2025
경기,가평군,설악면 방일리,715,2,7963320,82500000,10.4,2016,숙박,계획관리,2025
경기,가평군,설악면 방일리,717,43,6621881,175000000,10.4,2016,숙박,계획관리,2026
경기,가평군,설악면 방일리,718,6,687760,203000000,307.5,2016,숙박,계획관리,2026
경기,가평군,설악면 방일리,8*,2,2736100,496540000,181.2,2024,제2종근린생활,보전관리,2025
경기,가평군,설악면 사룡리,7**,1,3068661,560000000,182.5,2011,제2종근린생활,자연녹지,2025
경기,가평군,설악면 선촌리,2**,2,4791141,3550140000,741.0,2023,제1종근린생활,자연녹지,2025
경기,가평군,설악면 설곡리,5**,3,3015873,95000000,31.8,2026,제2종근린생활,생산관리,2026
경기,가평군,설악면 신천리,3**,2,10278916,1090000000,106.0,2013,제2종근린생활,자연녹지,2024
경기,가평군,설악면 신천리,4**,1,2303882,600000000,260.4,2011,제2종근린생활,제2종일반주거,2025
경기,가평군,설악면 신천리,5**,1,3090553,300000000,97.1,2007,제2종근린생활,제2종일반주거,2025
경기,가평군,설악면 위곡리,1*,1,725903,182100000,250.9,2012,제2종근린생활,계획관리,2025
경기,가평군,설악면 위곡리,1**,5,3273918,95530000,27.5,2021,숙박,계획관리,2026
경기,가평군,설악면 위곡리,3**,3,2007869,148000000,72.0,2023,제2종근린생활,보전관리,2025
경기,가평군,설악면 위곡리,8**,1,700117,60000000,85.7,1995,제2종근린생활,계획관리,2026
경기,가평군,설악면 이천리,1**,2,3243655,178585000,56.0,2022,제2종근린생활,계획관리,2026
경기,가평군,설악면 이천리,2**,3,2439346,185000000,75.8,2025,숙박,계획관리,2026
경기,가평군,설악면 이천리,3**,1,3741581,750000000,200.4,2012,기타,계획관리,2025
경기,가평군,설악면 창의리,4**,6,2028946,839925000,431.8,2014,제1종근린생활,자연녹지,2025
경기,가평군,설악면 회곡리,2*,2,1529495,370000000,248.8,2011,제1종근린생활,계획관리,2025
경기,가평군,설악면 회곡리,9*,1,1563083,545000000,348.7,2009,제2종근린생활,계획관리,2025
경기,가평군,조종면 대보리,1**,1,4118426,444790000,108.0,2024,제2종근린생활,계획관리,2025
경기,가평군,조종면 대보리,2*,1,2445272,420000000,171.8,2023,제2종근린생활,보전관리,2026
경기,가평군,조종면 대보리,2**,1,2536025,180920000,71.3,2025,제2종근린생활,생산관리,2025
경기,가평군,조종면 대보리,7*,1,2000800,150000000,75.0,2021,제2종근린생활,계획관리,2025
경기,가평군,조종면 상판리,2**,1,1010101,200000000,198.0,2016,제2종근린생활,계획관리,2025
경기,가평군,조종면 상판리,3**,2,3649590,712400000,195.2,2023,기타,계획관리,2025
경기,가평군,조종면 신상리,1**,3,2424242,260000000,99.0,2025,제2종근린생활,계획관리,2026
경기,가평군,조종면 신상리,2**,5,1004596,190000000,189.3,2013,숙박,계획관리,2026
경기,가평군,조종면 신상리,3**,1,1800310,348000000,193.3,1990,제2종근린생활,계획관리,2025
경기,가평군,조종면 신상리,5**,1,1696052,265500000,156.5,2019,기타,계획관리,2026
경기,가평군,조종면 운악리,2**,1,2187615,298500000,136.4,1996,제2종근린생활,계획관리,2024
경기,가평군,조종면 운악리,4**,18,1502851,224000000,149.0,2018,숙박,계획관리,2026
경기,가평군,조종면 현리,2**,4,1183696,362500000,194.6,1988,제2종근린생활,일반상업,2025
경기,가평군,조종면 현리,324-8,4,499445,44875000,89.8,1995,제2종근린생활,준주거,2024
경기,가평군,조종면 현리,4**,2,3128665,492500000,149.2,1996,제2종근린생활,자연녹지,2025
경기,가평군,청평면 고성리,1**,1,1348108,3460000000,2566.6,2013,기타,계획관리,2025
경기,가평군,청평면 고성리,2*,2,12157962,1890320000,155.5,2019,기타,보전관리,2025
경기,가평군,청평면 고성리,2**,8,7203452,393000000,115.8,2022,제2종근린생활,계획관리,2025
경기,가평군,청평면 고성리,7**,1,5396825,170000000,31.5,2023,제2종근린생활,계획관리,2026
경기,가평군,청평면 대성리,1**,1,3422552,378500000,110.6,2023,제2종근린생활,자연녹지,2026
경기,가평군,청평면 대성리,4*,1,1281118,4788000000,3737.4,2003,제2종근린생활,계획관리,2025
경기,가평군,청평면 대성리,4**,6,889846,214505000,318.6,2025,제2종근린생활,계획관리,2025
경기,가평군,청평면 대성리,5**,2,1861709,418750000,238.2,2015,제2종근린생활,계획관리,2026
경기,가평군,청평면 삼회리,2**,1,799539,250000000,312.7,1999,제1종근린생활,계획관리,2025
경기,가평군,청평면 삼회리,4**,1,926805,332000000,358.2,2002,기타,계획관리,2026
경기,가평군,청평면 삼회리,5**,1,1581739,510000000,322.4,2002,제2종근린생활,계획관리,2026
경기,가평군,청평면 상천리,1***,2,860466,161105000,187.2,1997,제2종근린생활,계획관리,2025
경기,가평군,청평면 상천리,6**,3,3676471,155000000,42.2,2025,제2종근린생활,보전관리,2026
경기,가평군,청평면 상천리,9**,1,1829268,300000000,164.0,1999,제2종근린생활,계획관리,2026
경기,가평군,청평면 청평리,4**,2,2144369,745000000,619.1,2000,제2종근린생활,일반상업,2026
경기,가평군,청평면 청평리,413-7,2,1657825,150000000,90.5,1992,제1종근린생활,일반상업,2026
경기,가평군,청평면 청평리,6**,2,1473920,1278070000,828.7,1994,제2종근린생활,제2종일반주거,2026
경기,가평군,청평면 하천리,3**,1,5594136,145000000,25.9,,제2종근린생활,자연녹지,2025
경기,과천시,갈현동,*,6,6916299,900000000,126.6,2024,제2종근린생활,일반상업,2026
경기,과천시,갈현동,1*,1,16456583,2820000000,171.4,2008,제2종근린생활,제1종일반주거,2025
경기,과천시,갈현동,3**,1,10803092,5296000000,490.2,2003,제2종근린생활,제1종일반주거,2025
경기,과천시,갈현동,815,2,16466491,537500000,32.6,2023,제2종근린생활,제3종일반주거,2025
경기,과천시,갈현동,826,1,18039591,565000000,31.3,,제1종근린생활,제3종일반주거,2026
경기,과천시,갈현동,828,1,25585200,1130610000,44.2,2023,제2종근린생활,준주거,2026
경기,과천시,갈현동,860-1,2,7109623,429990000,60.5,2023,제1종근린생활,준주거,2026
경기,과천시,과천동,1**,1,12033259,2330000000,193.6,2002,제2종근린생활,제1종일반주거,2024
경기,과천시,과천동,3**,1,8253147,4400000000,533.1,2012,제2종근린생활,제1종일반주거,2025
경기,과천시,과천동,555-69,2,8099223,277950000,34.3,2011,제2종근린생활,제1종일반주거,2026
경기,과천시,문원동,15-104,1,5540780,250000000,45.1,2013,제2종근린생활,제1종일반주거,2025
경기,과천시,문원동,4**,1,16356202,1800000000,110.0,2000,제2종근린생활,개발제한구역,2025
경기,과천시,문원동,98-2,4,1455328,347500000,235.7,2003,제2종근린생활,제1종일반주거,2024
경기,과천시,별양동,1-10,2,8343428,387500000,46.5,2007,제1종근린생활,일반상업,2025
경기,과천시,별양동,1-11,2,2339899,62250000,26.9,1985,제1종근린생활,일반상업,2026
경기,과천시,별양동,1-13,18,6803990,130000000,20.0,1984,판매,일반상업,2026
경기,과천시,별양동,1-14,3,5328005,289000000,59.3,1995,제1종근린생활,일반상업,2026
경기,과천시,별양동,1-17,2,5576692,120000000,22.0,1997,제1종근린생활,일반상업,2025
경기,과천시,별양동,1-18,63,7861635,120000000,12.5,1985,판매,일반상업,2026
경기,과천시,별양동,1-19,21,7598520,3477070000,457.0,1992,판매,일반상업,2024
경기,과천시,별양동,1-21,2,14722657,551500000,38.0,2025,제2종근린생활,일반상업,2026
경기,과천시,별양동,1-4,1,27152318,410000000,15.1,1986,제1종근린생활,일반상업,2024
경기,과천시,별양동,1-5,3,5271628,480000000,91.2,1984,제2종근린생활,일반상업,2026
경기,과천시,별양동,13,1,2443696,370000000,151.4,1982,제2종근린생활,제2종일반주거,2025
경기,과천시,별양동,14,2,2983182,272500000,91.3,1983,제2종근린생활,제2종일반주거,2025
경기,과천시,별양동,17,1,20134228,600000000,29.8,2008,제2종근린생활,제2종일반주거,2026
경기,과천시,부림동,46,2,5955926,200000000,33.6,1984,제1종근린생활,제3종일반주거,2026
경기,과천시,원문동,4,7,12820513,315000000,28.8,2008,제2종근린생활,개발제한구역,2026
경기,과천시,주암동,4**,1,16658590,1375000000,82.5,2007,제2종근린생활,제1종일반주거,2026
경기,과천시,주암동,99,7,9887529,800000000,80.9,2013,제2종근린생활,제1종일반주거,2026
경기,과천시,중앙동,13-7,2,20580366,1000000000,48.6,1981,제1종근린생활,제2종전용주거,2024
경기,과천시,중앙동,36,5,7386563,220000000,28.4,1981,제1종근린생활,제2종일반주거,2026
경기,과천시,중앙동,38,28,7286996,327500000,44.6,2022,제2종근린생활,일반상업,2026
경기,과천시,중앙동,4*,1,3789529,14700000000,3879.1,1987,교육연구,일반상업,2024
경기,과천시,중앙동,40-13,1,10108303,420000000,41.6,1986,제1종근린생활,일반상업,2025
경기,광명시,광명동,1**,8,10965809,1307500000,188.6,1977,제1종근린생활,일반상업,2026
경기,광명시,광명동,100-13,1,7768362,330000000,42.5,2006,제2종근린생활,일반상업,2026
경기,광명시,광명동,150-19,28,5936025,32500000,5.0,2004,판매,일반상업,2026
경기,광명시,광명동,158-122,1,7996237,340000000,42.5,2014,제2종근린생활,일반상업,2026
경기,광명시,광명동,158-195,1,4253057,400000000,94.0,2004,제1종근린생활,일반상업,2025
경기,광명시,광명동,158-81,1,4268032,100000000,23.4,2004,업무,일반상업,2025
경기,광명시,광명동,159-2,2,4159352,102000000,24.2,2002,업무,준주거,2025
경기,광명시,광명동,200-6,1,4466632,170000000,38.1,1997,제2종근린생활,제3종일반주거,2025
경기,광명시,광명동,290-14,1,624220,20000000,32.0,1996,기타,일반상업,2024
경기,광명시,광명동,290-52,2,11998737,380000000,31.7,1978,제1종근린생활,일반상업,2024
경기,광명시,광명동,3*,1,5726920,2831790000,494.5,1992,제2종근린생활,준주거,2026
경기,광명시,광명동,3**,6,7457734,6057500000,625.8,1987,제1종근린생활,일반상업,2026
경기,광명시,광명동,342-5,1,11206134,380000000,33.9,,제2종근린생활,일반상업,2025
경기,광명시,광명동,346-2,1,4112839,875500000,212.9,2019,제1종근린생활,일반상업,2025
경기,광명시,광명동,352-14,1,3346160,200000000,59.8,2004,교육연구,제2종일반주거,2025
경기,광명시,광명동,4**,1,8152174,300000000,36.8,1985,제2종근린생활,제2종일반주거,2025
경기,광명시,광명동,58-9,2,4698567,267500000,56.9,2016,제2종근린생활,일반상업,2025
경기,광명시,광명동,6**,1,14981158,2289870000,152.8,,업무,제3종일반주거,2024
경기,광명시,광명동,726-12,2,10475271,190000000,18.1,1995,제1종근린생활,제2종일반주거,2026
경기,광명시,광명동,752,2,4655172,202500000,43.5,2015,제2종근린생활,제2종일반주거,2026
경기,광명시,광명동,753,1,2187631,520000000,237.7,2023,제1종근린생활,제2종일반주거,2025
경기,광명시,광명동,787-4,3,9137636,160000000,17.5,2021,제2종근린생활,제1종일반주거,2026
경기,광명시,광명동,9*,2,3337224,1660000000,497.2,1988,숙박,일반상업,2026
경기,광명시,광명동,92-2,1,22914521,890000000,38.8,2019,제1종근린생활,일반상업,2026
경기,광명시,광명동,94-1,1,3601170,160000000,44.4,2017,제2종근린생활,일반상업,2024
경기,광명시,노온사동,7**,1,7573713,601580000,79.4,2019,제2종근린생활,제2종일반주거,2025
경기,광명시,소하동,1284,1,9934641,380000000,38.2,2009,제2종근린생활,제2종일반주거,2025
경기,광명시,소하동,1335,1,19236250,1350000000,70.2,2017,제1종근린생활,일반상업,2025
경기,광명시,소하동,1338-3,4,3806439,1111000000,296.4,2012,제1종근린생활,일반상업,2025
경기,광명시,소하동,1339,3,3397594,426500000,125.5,2011,교육연구,일반상업,2025
경기,광명시,소하동,1339-1,10,3195839,562080000,143.2,2011,제1종근린생활,일반상업,2026
경기,광명시,소하동,1340-5,1,2578383,250000000,97.0,2012,제1종근린생활,일반상업,2025
경기,광명시,소하동,1341,2,2964999,634705000,214.1,2011,기타,일반상업,2025
경기,광명시,소하동,1341-1,2,3496929,490000000,140.1,2010,제1종근린생활,일반상업,2025
경기,광명시,소하동,1341-2,1,15503876,800000000,51.6,2010,제1종근린생활,일반상업,2025
경기,광명시,소하동,1341-3,2,6847362,537500000,104.6,2011,제2종근린생활,일반상업,2026
경기,광명시,소하동,1343-6,1,3095975,300000000,96.9,2015,제1종근린생활,일반상업,2025
경기,광명시,소하동,1344,2,18561994,1238085000,66.7,2022,제1종근린생활,준주거,2026
경기,광명시,소하동,1345,6,4122011,372500000,124.0,2010,제2종근린생활,준주거,2026
경기,광명시,소하동,1348,1,6064356,245000000,40.4,2010,제2종근린생활,제2종일반주거,2025
경기,광명시,소하동,1364,5,2572016,125000000,48.6,2011,제2종근린생활,제2종일반주거,2026
경기,광명시,소하동,1365,1,8137571,530000000,65.1,2011,제2종근린생활,준주거,2026
경기,광명시,소하동,1410-1,1,5641695,218390000,38.7,2026,제1종근린생활,제2종일반주거,2026
경기,광명시,소하동,2*,2,6469017,1225970000,215.3,2008,제2종근린생활,제2종일반주거,2025
경기,광명시,소하동,3*,1,2242152,1650000000,735.9,1988,제2종근린생활,제2종일반주거,2025
경기,광명시,소하동,36-52,4,9782609,450000000,46.0,2019,제1종근린생활,제2종일반주거,2025
경기,광명시,소하동,896,1,1851852,300000000,162.0,,제2종근린생활,제3종일반주거,2025
경기,광명시,소하동,9**,5,3021878,3000000000,959.6,1991,제2종근린생활,제2종일반주거,2026
경기,광명시,소하동,927-19,1,4518873,85000000,18.8,2016,제1종근린생활,제2종일반주거,2024
경기,광명시,옥길동,4*,1,3812164,880000000,230.8,2018,제1종근린생활,제1종일반주거,2024
경기,광명시,일직동,501-4,4,17036278,1354930000,79.5,2020,제2종근린생활,준주거,2026
경기,광명시,일직동,506,4,3233179,222500000,68.4,2014,제1종근린생활,제2종일반주거,2025
경기,광명시,일직동,509-1,1,4428978,140000000,31.6,2017,제2종근린생활,일반상업,2025
경기,광명시,일직동,509-2,1,4661280,150000000,32.2,2018,제2종근린생활,일반상업,2025
경기,광명시,일직동,510-10,1,15873016,500000000,31.5,2015,제1종근린생활,일반상업,2025
경기,광명시,일직동,510-7,1,6044047,365000000,60.4,2017,제2종근린생활,일반상업,2026
경기,광명시,일직동,510-8,1,23783100,1221500000,51.4,2016,제2종근린생활,일반상업,2026
경기,광명시,일직동,510-9,1,2376889,390000000,164.1,2016,제1종근린생활,일반상업,2024
경기,광명시,일직동,511-3,2,8253943,497500000,96.7,2016,제1종근린생활,일반상업,2025
경기,광명시,일직동,512,13,6295788,220000000,47.6,2021,업무,일반상업,2026
경기,광명시,일직동,512-3,49,5190216,2601960000,501.4,,숙박,일반상업,2026
경기,광명시,일직동,514,8,20923812,897795000,46.9,2021,제2종근린생활,준주거,2026
경기,광명시,일직동,515,17,3508255,119000000,33.8,2019,업무,준주거,2026
경기,광명시,일직동,515-1,7,8319468,400000000,38.9,2019,제2종근린생활,준주거,2026
경기,광명시,일직동,517,5,21221730,721940000,34.0,2018,제1종근린생활,일반상업,2026
경기,광명시,일직동,518,6,22869006,1096450000,44.3,2017,제1종근린생활,일반상업,2025
경기,광명시,철산동,1**,1,3963439,980000000,247.3,1992,제2종근린생활,제2종일반주거,2026
경기,광명시,철산동,2**,1,6163747,2796800000,453.8,2025,제2종근린생활,제2종일반주거,2025
경기,광명시,철산동,219-1,2,1829167,69750000,38.6,1999,업무,일반상업,2026
경기,광명시,철산동,220-2,1,2285366,300000000,131.3,1991,제1종근린생활,일반상업,2026
경기,광명시,철산동,240,6,22219065,522500000,19.8,1986,판매,제3종일반주거,2026
경기,광명시,철산동,241-2,2,24695084,585000000,28.2,1986,판매,제3종일반주거,2025
경기,광명시,철산동,261,184,6326613,31380000,5.0,1996,판매,일반상업,2026
경기,광명시,철산동,272,2,2652793,330000000,124.4,2005,제2종근린생활,일반상업,2024
경기,광명시,철산동,4**,2,9739901,12525000000,3115.1,1998,숙박,일반상업,2026
경기,광명시,철산동,437,2,19572503,460000000,23.5,1986,제2종근린생활,일반상업,2025
경기,광명시,철산동,440,12,10093771,109000000,10.6,1987,판매,일반상업,2026
경기,광명시,철산동,441,2,2886631,93500000,38.4,1991,제2종근린생활,일반상업,2025
경기,광명시,철산동,447-1,3,679348,6000000,12.0,1992,제2종근린생활,일반상업,2026
경기,광명시,철산동,449-2,8,36539535,340000000,10.5,1986,판매,제3종일반주거,2026
경기,광명시,철산동,463-92,2,1937477,89000000,46.8,1988,제2종근린생활,제2종일반주거,2025
경기,광명시,철산동,467-264,1,2713987,130000000,47.9,,제2종근린생활,제2종일반주거,2026
경기,광명시,철산동,467-58,1,14904735,531950000,35.7,2003,제1종근린생활,제3종일반주거,2024
경기,광명시,철산동,58,2,18849206,285000000,15.1,1990,제2종근린생활,제2종일반주거,2026
경기,광명시,철산동,617,6,4584182,235000000,42.2,2001,제2종근린생활,제3종일반주거,2026
경기,광명시,철산동,625-2,1,4464286,270000000,60.5,2003,제2종근린생활,제2종일반주거,2025
경기,광명시,철산동,631,1,3687492,278000000,75.4,2007,제2종근린생활,제2종일반주거,2026
경기,광명시,철산동,634,2,7149758,340000000,47.5,2009,제1종근린생활,제1종일반주거,2025
경기,광명시,철산동,637,9,8045977,203000000,22.6,2010,제1종근린생활,제3종일반주거,2026
경기,광명시,철산동,639-1,3,2512156,310000000,123.4,2022,제2종근린생활,제3종일반주거,2025
경기,광명시,하안동,13-2,2,5739948,200000000,43.2,1990,판매,제2종일반주거,2025
경기,광명시,하안동,2**,4,3622897,4500000000,1242.1,2016,제1종근린생활,제1종일반주거,2026
경기,광명시,하안동,200-1,1,2163472,500000000,231.1,1991,제1종근린생활,제2종일반주거,2025
경기,광명시,하안동,260-2,2,9145712,242500000,27.4,1990,제2종근린생활,제2종일반주거,2026
경기,광명시,하안동,260-4,6,3157994,175000000,53.0,1990,제2종근린생활,제2종일반주거,2026
경기,광명시,하안동,3**,4,4454833,10400000000,2810.1,1999,숙박,일반상업,2026
경기,광명시,하안동,301-4,1,2143981,54500000,25.4,1995,제2종근린생활,일반상업,2025
경기,광명시,하안동,302-5,2,2827621,101000000,36.2,1998,제2종근린생활,일반상업,2026
경기,광명시,하안동,303,2,4814014,289900000,62.5,2023,제2종근린생활,일반상업,2026
경기,광명시,하안동,304,68,3187194,220515000,49.6,2023,제1종근린생활,일반상업,2025
경기,광명시,하안동,305-1,1,3925121,65000000,16.6,1997,제1종근린생활,일반상업,2026
경기,광명시,하안동,33-1,1,1768868,180000000,101.8,,제1종근린생활,일반상업,2025
경기,광명시,하안동,33-3,2,2414124,235000000,107.3,1991,제2종근린생활,일반상업,2026
경기,광명시,하안동,34-2,9,6196416,217270000,22.4,1990,제1종근린생활,일반상업,2026
경기,광명시,하안동,34-7,2,949005,35000000,43.2,1990,업무,일반상업,2026
경기,광명시,하안동,36,3,3000000,210000000,70.0,1990,제2종근린생활,일반상업,2025
경기,광명시,하안동,36-1,1,4444444,360000000,81.0,1991,제1종근린생활,일반상업,2025
경기,광명시,하안동,36-4,2,20071162,485000000,34.0,1991,제1종근린생활,일반상업,2026
경기,광명시,하안동,37-2,1,1451941,300000000,206.6,1991,제2종근린생활,일반상업,2026
경기,광명시,하안동,5*,1,3098503,5200000000,1678.2,1991,제2종근린생활,일반상업,2026
경기,광명시,하안동,53-1,12,7737098,52500000,8.7,1992,판매,일반상업,2026
경기,광명시,하안동,6**,2,2078565,1436995000,691.3,2012,제1종근린생활,개발제한구역,2025
경기,광명시,하안동,62,1,2247709,390000000,173.5,1990,제1종근린생활,일반상업,2025
경기,광명시,하안동,62-4,1,14501332,490000000,33.8,1991,제1종근린생활,일반상업,2024
경기,광명시,하안동,682-1,2,18945869,332500000,17.6,1989,제2종근린생활,제2종일반주거,2025
경기,광명시,하안동,7**,1,11232626,2820400000,251.1,1983,제1종근린생활,제3종일반주거,2025
경기,광명시,하안동,702-1,1,10835913,70000000,6.5,1990,제2종근린생활,제2종일반주거,2025
경기,광명시,하안동,707-9,1,2222222,55000000,24.8,1995,제2종근린생활,제3종일반주거,2025
경기,광명시,하안동,8**,1,1103223,690000000,625.4,2017,제2종근린생활,제1종일반주거,2024
경기,광명시,하안동,863,1,7469803,235000000,31.5,2009,제1종근린생활,제3종일반주거,2025
경기,광주시,경안동,1*,1,4782892,13494500000,2821.4,2008,제2종근린생활,준주거,2025
경기,광주시,경안동,163-23,1,1956908,99000000,50.6,2004,제2종근린생활,제1종일반주거,2024
경기,광주시,경안동,20-16,31,5981940,713500000,112.9,2023,제2종근린생활,일반상업,2025
경기,광주시,경안동,25-3,10,1758930,25000000,10.8,2009,판매,준주거,2026
경기,광주시,경안동,30-3,3,2244830,168250000,75.0,2013,제2종근린생활,일반상업,2026
경기,광주시,경안동,447,1,4168597,90000000,21.6,2021,제2종근린생활,제2종일반주거,2025
경기,광주시,경안동,5*,1,6821756,1475000000,216.2,1978,제1종근린생활,일반상업,2025
경기,광주시,경안동,63-2,8,2281668,217000000,94.9,2022,제2종근린생활,일반상업,2024
경기,광주시,경안동,7*,2,1867800,1490000000,797.7,1995,제2종근린생활,제1종일반주거,2026
경기,광주시,고산동,390-13,6,5145856,632400000,90.5,2025,제1종근린생활,제2종일반주거,2026
경기,광주시,고산동,390-16,3,4620329,523000000,118.7,2025,제2종근린생활,제2종일반주거,2026
경기,광주시,고산동,391-8,11,7267442,600000000,82.6,2024,제1종근린생활,제2종일반주거,2026
경기,광주시,고산동,654,2,14737661,462500000,30.3,2022,제2종근린생활,제2종일반주거,2026
경기,광주시,곤지암읍 건업리,1**,2,3860884,1508060000,397.0,2022,제2종근린생활,계획관리,2024
경기,광주시,곤지암읍 건업리,2**,3,4041667,777000000,192.0,2024,제1종근린생활,생산관리,2025
경기,광주시,곤지암읍 건업리,3**,2,5188131,1027250000,198.0,2022,제2종근린생활,계획관리,2026
경기,광주시,곤지암읍 건업리,4**,1,4787234,900000000,188.0,2021,제2종근린생활,보전관리,2026
경기,광주시,곤지암읍 건업리,5**,2,3654293,1644500000,445.5,2023,제2종근린생활,계획관리,2026
경기,광주시,곤지암읍 곤지암리,2**,1,2680186,830000000,309.7,2003,제2종근린생활,계획관리,2025
경기,광주시,곤지암읍 곤지암리,4**,1,1650698,1287000000,779.7,1993,제2종근린생활,준주거,2026
경기,광주시,곤지암읍 곤지암리,405-2,1,1548737,160000000,103.3,2020,제2종근린생활,제1종일반주거,2025
경기,광주시,곤지암읍 곤지암리,7*,1,2872128,345000000,120.1,2015,제1종근린생활,생산관리,2025
경기,광주시,곤지암읍 만선리,2**,1,2696573,535000000,198.4,1995,제2종근린생활,계획관리,2025
경기,광주시,곤지암읍 만선리,3**,1,7192572,1423410000,197.9,2025,제1종근린생활,보전관리,2025
경기,광주시,곤지암읍 만선리,4**,1,2335510,930000000,398.2,2001,제2종근린생활,계획관리,2026
경기,광주시,곤지암읍 만선리,8*,1,1958065,801240000,409.2,2007,제2종근린생활,계획관리,2025
경기,광주시,곤지암읍 봉현리,1**,1,3587916,715000000,199.3,2022,제1종근린생활,계획관리,2025
경기,광주시,곤지암읍 봉현리,4**,1,3876786,651300000,168.0,2018,제1종근린생활,보전관리,2025
경기,광주시,곤지암읍 봉현리,6**,8,3598889,696870000,198.0,2025,제2종근린생활,생산관리,2026
경기,광주시,곤지암읍 부항리,1**,1,3636364,720000000,198.0,2023,제2종근린생활,계획관리,2024
경기,광주시,곤지암읍 부항리,2**,2,3033612,1750000000,576.9,2018,제2종근린생활,계획관리,2025
경기,광주시,곤지암읍 부항리,3**,3,3475844,1571640000,464.1,2018,제2종근린생활,생산관리,2026
경기,광주시,곤지암읍 부항리,4**,1,3442736,1200000000,348.6,2022,제2종근린생활,계획관리,2025
경기,광주시,곤지암읍 부항리,8*,1,1383310,2800000000,2024.1,2008,기타,계획관리,2025
경기,광주시,곤지암읍 삼리,3**,1,1120792,1416210000,1263.6,2001,제1종근린생활,제1종일반주거,2025
경기,광주시,곤지암읍 삼리,4**,3,6239943,569270000,91.2,2024,제1종근린생활,보전녹지,2025
경기,광주시,곤지암읍 삼리,5**,2,2607576,516300000,198.0,1996,제2종근린생활,자연녹지,2026
경기,광주시,곤지암읍 삼리,6**,1,15076923,4900000000,325.0,2007,제2종근린생활,자연녹지,2025
경기,광주시,곤지암읍 삼합리,2*,1,3180407,1564760000,492.0,2021,제2종근린생활,계획관리,2024
경기,광주시,곤지암읍 삼합리,4**,2,1984258,892565000,444.0,2017,제2종근린생활,계획관리,2026
경기,광주시,곤지암읍 삼합리,5**,1,3672652,969580000,264.0,2017,제2종근린생활,계획관리,2026
경기,광주시,곤지암읍 삼합리,7*,1,3990486,755000000,189.2,2022,제1종근린생활,생산관리,2025
경기,광주시,곤지암읍 수양리,2**,1,2979261,985480000,330.8,2018,제2종근린생활,계획관리,2024
경기,광주시,곤지암읍 수양리,3**,2,2705909,1098500000,386.2,2020,제2종근린생활,농림,2026
경기,광주시,곤지암읍 수양리,4*,2,2817212,743195000,298.3,2002,제2종근린생활,계획관리,2025
경기,광주시,곤지암읍 수양리,4**,1,3513022,1160000000,330.2,,제2종근린생활,계획관리,2025
경기,광주시,곤지암읍 신대리,5*,1,3212974,630000000,196.1,2011,제2종근린생활,준주거,2025
경기,광주시,곤지암읍 신촌리,2**,3,4444444,880000000,198.0,2018,제2종근린생활,계획관리,2026
경기,광주시,곤지암읍 연곡리,1**,3,3608611,649550000,180.0,2021,제2종근린생활,생산관리,2026
경기,광주시,곤지암읍 연곡리,3**,2,4154154,830000000,199.8,2025,제2종근린생활,계획관리,2025
경기,광주시,곤지암읍 연곡리,5*,1,6101990,3016580000,494.4,2015,제2종근린생활,계획관리,2025
경기,광주시,곤지암읍 열미리,3**,1,2192460,884000000,403.2,1997,제2종근린생활,계획관리,2024
경기,광주시,곤지암읍 열미리,5**,2,3289698,1023500000,380.3,1994,제2종근린생활,계획관리,2025
경기,광주시,곤지암읍 오향리,1**,2,1802885,900000000,499.2,2004,제2종근린생활,계획관리,2025
경기,광주시,곤지암읍 오향리,2**,1,5183026,160000000,30.9,2022,제2종근린생활,계획관리,2025
경기,광주시,곤지암읍 오향리,3**,1,3446878,1700000000,493.2,2019,제2종근린생활,계획관리,2025
경기,광주시,곤지암읍 오향리,7*,1,1752768,570000000,325.2,2008,제2종근린생활,계획관리,2026
경기,광주시,곤지암읍 오향리,8*,1,6176722,1111810000,180.0,2009,제1종근린생활,계획관리,2025
경기,광주시,곤지암읍 이선리,1**,1,4075397,513500000,126.0,2021,제2종근린생활,생산관리,2025
경기,광주시,곤지암읍 이선리,3**,1,2972222,1177000000,396.0,2023,제2종근린생활,계획관리,2024
경기,광주시,곤지암읍 이선리,9*,1,3166667,399000000,126.0,2025,제2종근린생활,생산관리,2026
경기,광주시,남종면 분원리,6*,1,2656691,490000000,184.4,1989,제1종근린생활,제1종일반주거,2025
경기,광주시,남종면 삼성리,2**,1,20016340,980000000,49.0,,제1종근린생활,제1종일반주거,2026
경기,광주시,남한산성면 광지원리,1**,1,2056380,792570000,385.4,2022,제2종근린생활,제1종일반주거,2024
경기,광주시,남한산성면 불당리,241-6,1,1588422,135000000,85.0,2015,제2종근린생활,제1종일반주거,2024
경기,광주시,남한산성면 불당리,241-7,2,1799226,140000000,78.0,2016,제2종근린생활,제1종일반주거,2024
경기,광주시,남한산성면 산성리,5**,4,14089086,1300000000,92.3,1994,제2종근린생활,용도미지정,2026
경기,광주시,남한산성면 산성리,9**,1,3778718,750000000,198.5,1993,제2종근린생활,용도미지정,2026
경기,광주시,남한산성면 엄미리,2**,1,10264968,1015000000,98.9,1996,제1종근린생활,제1종일반주거,2025
경기,광주시,남한산성면 엄미리,6**,1,3532434,550000000,155.7,2023,제1종근린생활,제1종일반주거,2025
경기,광주시,남한산성면 오전리,2**,3,2163849,322500000,149.0,,제1종근린생활,제1종일반주거,2026
경기,광주시,능평동,1**,1,3211594,22160000,6.9,2017,제2종근린생활,계획관리,2025
경기,광주시,능평동,141-2,1,2167183,63000000,29.1,2001,제1종근린생활,계획관리,2026
경기,광주시,능평동,2**,2,3613286,253000000,74.7,2014,기타,보전관리,2026
경기,광주시,능평동,3**,1,9264600,1819660000,196.4,2006,제2종근린생활,계획관리,2024
경기,광주시,능평동,315-27,1,1524927,130000000,85.2,2017,제2종근린생활,계획관리,2025
경기,광주시,능평동,319-1,1,1302083,100000000,76.8,2011,제1종근린생활,계획관리,2026
경기,광주시,능평동,338-47,1,995326,115000000,115.5,2013,제2종근린생활,계획관리,2025
경기,광주시,능평동,463-1,1,4549114,113000000,24.8,2001,제1종근린생활,계획관리,2025
경기,광주시,능평동,602-10,1,624376,25000000,40.0,2018,제2종근린생활,계획관리,2025
경기,광주시,능평동,602-11,1,564516,35000000,62.0,2018,제2종근린생활,계획관리,2025
경기,광주시,능평동,8*,2,6168945,2640000000,399.9,2015,제1종근린생활,계획관리,2026
경기,광주시,도척면 궁평리,1*,1,3385417,650000000,192.0,2023,제1종근린생활,생산관리,2026
경기,광주시,도척면 궁평리,3**,2,8514560,1109500000,131.5,2019,제1종근린생활,자연녹지,2026
경기,광주시,도척면 궁평리,6*,3,5576923,870000000,156.0,2019,제1종근린생활,생산관리,2025
경기,광주시,도척면 궁평리,6**,2,2943248,1103250000,374.8,2024,제2종근린생활,계획관리,2025
경기,광주시,도척면 궁평리,7*,1,5227273,1150000000,220.0,2008,제1종근린생활,보전녹지,2026
경기,광주시,도척면 노곡리,1**,2,3417626,676690000,198.0,2024,제1종근린생활,생산관리,2026
경기,광주시,도척면 도웅리,2*,2,3787902,1485450000,399.2,2024,제2종근린생활,계획관리,2025
경기,광주시,도척면 방도리,*,3,4577235,910000000,198.8,2022,제2종근린생활,계획관리,2025
경기,광주시,도척면 방도리,2**,2,5085501,2029115000,399.0,2020,제2종근린생활,계획관리,2025
경기,광주시,도척면 상림리,1*,1,3348105,1652290000,493.5,2012,제2종근린생활,계획관리,2025
경기,광주시,도척면 상림리,1**,4,3111714,139860000,61.5,2023,제2종근린생활,계획관리,2026
경기,광주시,도척면 상림리,3*,2,1484380,650000000,399.8,2011,제2종근린생활,계획관리,2025
경기,광주시,도척면 상림리,4*,2,4080808,808000000,198.0,2021,제2종근린생활,계획관리,2025
경기,광주시,도척면 유정리,2**,1,2950334,398000000,134.9,2022,제1종근린생활,계획관리,2025
경기,광주시,도척면 유정리,3**,1,2917097,2893760000,992.0,2025,제2종근린생활,계획관리,2026
경기,광주시,도척면 유정리,4**,1,3405923,586500000,172.2,2019,제2종근린생활,생산관리,2026
경기,광주시,도척면 유정리,6**,4,2348516,970000000,501.6,2022,제2종근린생활,생산관리,2025
경기,광주시,도척면 유정리,9*,2,3306601,1380455000,418.0,2024,제2종근린생활,계획관리,2026
경기,광주시,도척면 진우리,*,1,1205678,220000000,182.5,1995,제2종근린생활,생산관리,2025
경기,광주시,도척면 진우리,1**,1,3706566,733900000,198.0,2022,제1종근린생활,계획관리,2025
경기,광주시,도척면 진우리,2**,1,2373626,432000000,182.0,2022,제2종근린생활,계획관리,2026
경기,광주시,도척면 진우리,3**,2,2800533,2341500000,762.5,2020,제1종근린생활,계획관리,2025
경기,광주시,도척면 진우리,5**,5,3539840,920200000,262.3,2023,제2종근린생활,계획관리,2026
경기,광주시,도척면 진우리,7**,1,3337558,666310000,199.6,2025,제2종근린생활,계획관리,2025
경기,광주시,도척면 진우리,8**,1,3070835,1507780000,491.0,2023,제2종근린생활,계획관리,2025
경기,광주시,도척면 추곡리,1**,1,1046900,251570000,240.3,2002,제2종근린생활,계획관리,2025
경기,광주시,도척면 추곡리,2**,1,3005747,523000000,174.0,2018,제1종근린생활,생산관리,2026
경기,광주시,매산동,1**,1,3344854,1626870000,486.4,2013,제2종근린생활,계획관리,2025
경기,광주시,매산동,2**,2,4262997,1141065000,301.5,2014,제1종근린생활,보전관리,2024
경기,광주시,매산동,6**,2,8544396,1998275000,331.6,2016,제1종근린생활,자연녹지,2026
경기,광주시,매산동,7**,2,3390368,1875000000,572.0,2001,제2종근린생활,농림,2026
경기,광주시,목동,1**,2,3060013,810000000,372.4,2002,제2종근린생활,계획관리,2026
경기,광주시,목동,2**,4,3638116,2472000000,682.9,2018,제1종근린생활,계획관리,2025
경기,광주시,목동,3**,2,3000164,1520000000,546.0,2007,기타,계획관리,2026
경기,광주시,목현동,4**,1,2987848,595000000,199.1,1996,제2종근린생활,계획관리,2026
경기,광주시,목현동,6**,2,2615098,322860000,123.5,2025,제1종근린생활,계획관리,2025
경기,광주시,문형동,1**,3,2656410,1976000000,760.9,2015,제1종근린생활,계획관리,2026
경기,광주시,문형동,3*,3,3102069,1400000000,273.0,2026,제1종근린생활,보전관리,2026
경기,광주시,문형동,4**,4,3599279,1294500000,365.5,2009,제1종근린생활,계획관리,2025
경기,광주시,문형동,5**,1,5792929,2294000000,396.0,2009,제2종근린생활,계획관리,2025
경기,광주시,삼동,1**,1,2366043,688140000,290.8,2005,제2종근린생활,계획관리,2024
경기,광주시,삼동,2**,1,5531466,944000000,170.7,2004,제1종근린생활,계획관리,2026
경기,광주시,삼동,505,1,4562044,250000000,54.8,2023,제1종근린생활,계획관리,2024
경기,광주시,송정동,1*,1,10101010,1000000000,99.0,1997,제2종근린생활,계획관리,2025
경기,광주시,송정동,3**,5,2707618,1191000000,439.9,2019,제2종근린생활,준주거,2026
경기,광주시,송정동,350-45,1,2242871,210000000,93.6,2016,제1종근린생활,용도미지정,2024
경기,광주시,송정동,390-2,1,3056546,180000000,58.9,2014,제2종근린생활,준주거,2025
경기,광주시,송정동,394-2,1,3846602,330000000,85.8,2015,제2종근린생활,제1종일반주거,2026
경기,광주시,송정동,398-16,1,2531646,200000000,79.0,2014,제2종근린생활,준주거,2026
경기,광주시,송정동,4**,2,4348318,1760500000,412.8,2011,제2종근린생활,용도미지정,2026
경기,광주시,송정동,560,1,8282828,164000000,19.8,2004,제2종근린생활,계획관리,2025
경기,광주시,송정동,6**,1,16645859,2400000000,144.2,2022,제2종근린생활,일반상업,2025
경기,광주시,신현동,1**,1,3888088,2400000000,617.3,2025,제1종근린생활,계획관리,2025
경기,광주시,신현동,3**,1,7555658,1310000000,173.4,1999,제1종근린생활,계획관리,2025
경기,광주시,신현동,398-73,1,1639344,162000000,98.8,2019,제2종근린생활,계획관리,2026
경기,광주시,신현동,5**,1,3402245,3400000000,999.3,2015,제2종근린생활,계획관리,2024
경기,광주시,신현동,570-20,2,3663410,330000000,90.1,2012,제1종근린생활,계획관리,2026
경기,광주시,신현동,6**,2,7394869,2491930000,383.7,2021,제2종근린생활,계획관리,2026
경기,광주시,신현동,806-1,1,1228501,115000000,93.6,2011,제2종근린생활,계획관리,2025
경기,광주시,쌍령동,1**,2,9809420,7193150000,696.1,2024,제2종근린생활,자연녹지,2025
경기,광주시,쌍령동,254-5,2,3042527,145000000,49.8,2013,제2종근린생활,제1종일반주거,2026
경기,광주시,쌍령동,353-9,1,2418380,80000000,33.1,2000,제2종근린생활,제3종일반주거,2025
경기,광주시,쌍령동,360-1,1,4040404,80000000,19.8,2003,제1종근린생활,제3종일반주거,2026
경기,광주시,쌍령동,368-9,1,10040161,300000000,29.9,2002,제1종근린생활,제1종일반주거,2025
경기,광주시,쌍령동,4*,3,15042065,3335420000,221.6,2013,제2종근린생활,자연녹지,2026
경기,광주시,쌍령동,503,1,6797853,190000000,28.0,2018,제2종근린생활,제2종일반주거,2026
경기,광주시,양벌동,1111,1,8933263,340000000,38.1,2018,제2종근린생활,제2종일반주거,2025
경기,광주시,양벌동,2**,1,4017194,4000000000,995.7,2018,기타,자연녹지,2026
경기,광주시,양벌동,3**,1,6984848,1383000000,198.0,2022,제2종근린생활,농림,2026
경기,광주시,양벌동,326,1,3295979,300000000,91.0,2018,교육연구,제1종일반주거,2026
경기,광주시,양벌동,347,1,1317523,40000000,30.4,2002,제1종근린생활,자연녹지,2025
경기,광주시,양벌동,6**,2,11095419,2179950000,342.5,2014,제1종근린생활,자연녹지,2025
경기,광주시,양벌동,630-2,1,3043615,97000000,31.9,,제2종근린생활,제1종일반주거,2026
경기,광주시,양벌동,7**,2,2930311,785000000,295.4,1997,제2종근린생활,제1종일반주거,2026
경기,광주시,양벌동,9**,1,1337839,764120000,571.2,2000,제2종근린생활,자연녹지,2026
경기,광주시,역동,2**,3,5308959,5210000000,981.4,2019,제1종근린생활,생산녹지,2026
경기,광주시,역동,22-40,1,4760368,295000000,62.0,2003,제1종근린생활,일반상업,2025
경기,광주시,역동,246,1,12686778,450000000,35.5,2016,제2종근린생활,제2종일반주거,2025
경기,광주시,역동,3**,2,3970788,2750000000,692.7,2024,제2종근린생활,준주거,2026
경기,광주시,장지동,3**,6,16431388,3585000000,199.7,2010,제2종근린생활,제1종일반주거,2026
경기,광주시,장지동,589-1,1,986193,70000000,71.0,2010,제1종근린생활,자연녹지,2026
경기,광주시,중대동,1**,1,3041979,3000000000,986.2,2002,제1종근린생활,계획관리,2024
경기,광주시,직동,1**,1,4711834,950000000,201.6,1998,제2종근린생활,계획관리,2026
경기,광주시,직동,2*,2,4947363,977500000,197.6,1994,제1종근린생활,계획관리,2025
경기,광주시,초월읍 늑현리,9*,2,4204227,832500000,198.0,2025,제2종근린생활,계획관리,2025
경기,광주시,초월읍 대쌍령리,1**,3,2829778,1050000000,459.4,2012,제2종근린생활,계획관리,2026
경기,광주시,초월읍 대쌍령리,124-4,1,2854938,55500000,19.4,2002,제1종근린생활,계획관리,2024
경기,광주시,초월읍 대쌍령리,3**,3,3943415,630000000,159.8,2015,제2종근린생활,계획관리,2026
경기,광주시,초월읍 대쌍령리,373-29,1,1099868,100000000,90.9,2018,제2종근린생활,계획관리,2024
경기,광주시,초월읍 대쌍령리,6*,1,3059509,1029800000,336.6,2010,제2종근린생활,계획관리,2025
경기,광주시,초월읍 도평리,1**,1,354251,140000000,395.2,2020,제2종근린생활,계획관리,2025
경기,광주시,초월읍 무갑리,2**,2,2582419,1276095000,494.2,2008,제2종근린생활,계획관리,2025
경기,광주시,초월읍 무갑리,5**,4,3789032,1040730000,272.5,2026,제1종근린생활,생산관리,2026
경기,광주시,초월읍 무갑리,6**,1,2033237,1615000000,794.3,2018,제1종근린생활,계획관리,2025
경기,광주시,초월읍 무갑리,7**,3,4626623,2220000000,452.4,2018,제2종근린생활,계획관리,2025
경기,광주시,초월읍 무갑리,8**,1,8715030,1437980000,165.0,2020,제1종근린생활,보전관리,2025
경기,광주시,초월읍 선동리,1*,1,2419843,400000000,165.3,2001,제2종근린생활,계획관리,2025
경기,광주시,초월읍 선동리,1**,1,2269364,681490000,300.3,2003,제2종근린생활,계획관리,2026
경기,광주시,초월읍 선동리,4**,1,4459181,390000000,87.5,2007,제2종근린생활,계획관리,2024
경기,광주시,초월읍 신월리,1**,3,3220455,1062750000,330.0,2020,제2종근린생활,계획관리,2026
경기,광주시,초월읍 신월리,2**,2,5928919,2328755000,413.3,2025,제2종근린생활,계획관리,2026
경기,광주시,초월읍 신월리,3**,1,7606616,1506110000,198.0,2016,제2종근린생활,계획관리,2025
경기,광주시,초월읍 신월리,4**,3,6076389,360000000,51.8,2023,제2종근린생활,계획관리,2026
경기,광주시,초월읍 신월리,5**,1,4324980,3060010000,707.5,2003,제2종근린생활,계획관리,2025
경기,광주시,초월읍 신월리,6**,2,3078590,1165000000,378.4,2012,제2종근린생활,계획관리,2025
경기,광주시,초월읍 쌍동리,2*,1,4556234,1499730000,329.2,2014,제2종근린생활,계획관리,2025
경기,광주시,초월읍 쌍동리,393,1,4498387,265000000,58.9,2007,제2종근린생활,계획관리,2026
경기,광주시,초월읍 쌍동리,5*,1,3772121,746880000,198.0,1997,제2종근린생활,계획관리,2025
경기,광주시,초월읍 용수리,1**,4,2851608,1230000000,436.8,2002,제2종근린생활,계획관리,2026
경기,광주시,초월읍 용수리,4**,2,1976768,122800000,61.9,1991,제2종근린생활,계획관리,2025
경기,광주시,초월읍 지월리,1**,4,4856322,886000000,178.5,2018,제1종근린생활,생산관리,2026
경기,광주시,초월읍 지월리,2**,2,4652968,864000000,184.1,2011,제2종근린생활,계획관리,2026
경기,광주시,초월읍 지월리,5**,2,4643128,1326060000,292.9,2023,제2종근린생활,계획관리,2026
경기,광주시,초월읍 지월리,565-1,1,1442308,45000000,31.2,2017,기타,계획관리,2025
경기,광주시,초월읍 지월리,6*,1,6627784,1000000000,150.9,2012,제2종근린생활,보전관리,2025
경기,광주시,초월읍 지월리,6**,4,3879714,1325000000,341.5,2021,제2종근린생활,계획관리,2025
경기,광주시,초월읍 지월리,7**,3,3039514,1300000000,493.5,1994,제2종근린생활,계획관리,2026
경기,광주시,초월읍 지월리,765-7,1,2560819,120000000,46.9,2022,제1종근린생활,계획관리,2025
경기,광주시,초월읍 학동리,1**,1,2304785,84770000,36.8,2021,제2종근린생활,계획관리,2025
경기,광주시,초월읍 학동리,3*,1,4652627,923500000,198.5,2024,제2종근린생활,계획관리,2026
경기,광주시,초월읍 학동리,3**,4,3023562,576865000,196.0,2008,제2종근린생활,계획관리,2025
경기,광주시,초월읍 학동리,4**,2,3764161,747125000,197.7,2025,제2종근린생활,계획관리,2026
경기,광주시,추자동,1**,2,4299878,2115540000,492.0,2015,제2종근린생활,농림,2025
경기,광주시,추자동,2*,1,8377425,475000000,56.7,2011,제1종근린생활,자연녹지,2025
경기,광주시,추자동,4**,1,2261356,1600000000,707.5,2021,제1종근린생활,계획관리,2026
경기,광주시,탄벌동,2*,1,3208502,317000000,98.8,2010,제2종근린생활,제1종일반주거,2025
경기,광주시,탄벌동,2**,1,2231602,443330000,198.7,1985,제2종근린생활,제1종일반주거,2025
경기,광주시,탄벌동,37,3,4687819,82740000,17.6,1994,제1종근린생활,제3종일반주거,2025
경기,광주시,태전동,122,4,7491563,593005000,80.5,2024,제1종근린생활,일반상업,2026
경기,광주시,태전동,2**,1,3046967,6250000000,2051.2,2009,교육연구,제1종일반주거,2026
경기,광주시,태전동,245-113,1,2533125,195000000,77.0,2012,제2종근린생활,자연녹지,2024
경기,광주시,태전동,261-14,1,2761341,140000000,50.7,2001,제1종근린생활,제2종일반주거,2025
경기,광주시,태전동,4**,1,3399385,2810000000,826.6,2010,기타,계획관리,2026
경기,광주시,태전동,5**,1,3801020,1490000000,392.0,2007,제2종근린생활,계획관리,2025
경기,광주시,태전동,628,4,5242855,81000000,12.9,2001,판매,제3종일반주거,2025
경기,광주시,태전동,688-1,1,9642356,275000000,28.5,,제2종근린생활,제2종일반주거,2025
경기,광주시,태전동,698,1,10972461,382500000,34.9,2017,제1종근린생활,제2종일반주거,2026
경기,광주시,태전동,7**,1,3293232,9800000000,2975.8,2025,제2종근린생활,자연녹지,2026
경기,광주시,태전동,702,1,8547009,270000000,31.6,2017,제1종근린생활,제2종일반주거,2026
경기,광주시,태전동,84-33,10,5496766,439500000,83.7,2023,제1종근린생활,일반상업,2025
경기,광주시,태전동,87-94,2,5824536,160000000,27.5,2022,제2종근린생활,일반상업,2026
경기,광주시,퇴촌면 관음리,1**,1,2719336,380000000,139.7,2004,제1종근린생활,생산관리,2025
경기,광주시,퇴촌면 관음리,3**,1,5079221,670000000,131.9,2015,제2종근린생활,계획관리,2024
경기,광주시,퇴촌면 관음리,5**,1,3062787,300000000,98.0,1997,제2종근린생활,계획관리,2025
경기,광주시,퇴촌면 광동리,1**,1,3542331,2800000000,790.4,1998,제2종근린생활,자연녹지,2025
경기,광주시,퇴촌면 영동리,2**,3,1209647,160000000,132.3,2009,제2종근린생활,계획관리,2026
경기,광주시,퇴촌면 영동리,3**,3,3648069,320000000,76.0,2012,제2종근린생활,계획관리,2025
경기,광주시,퇴촌면 우산리,3**,1,3013618,296540000,98.4,1991,기타,계획관리,2026
경기,광주시,퇴촌면 우산리,4*,1,2709813,2400000000,885.7,2004,제1종근린생활,계획관리,2024
경기,광주시,퇴촌면 원당리,1**,1,2589915,3882050000,1498.9,2013,기타,계획관리,2025
경기,광주시,회덕동,1**,3,2122092,979770000,461.7,2016,제1종근린생활,계획관리,2025
경기,구리시,갈매동,4*,1,8049840,1608680000,199.8,2024,제2종근린생활,개발제한구역,2026
경기,구리시,갈매동,510,1,5874891,268600000,45.7,2018,제2종근린생활,근린상업,2025
경기,구리시,갈매동,512,1,15262246,757160000,49.6,2023,제1종근린생활,근린상업,2025
경기,구리시,갈매동,516,11,16123588,485320000,30.1,2023,제1종근린생활,근린상업,2026
경기,구리시,갈매동,528,2,2417922,258500000,106.9,2016,제1종근린생활,준주거,2026
경기,구리시,갈매동,532,1,5925926,320000000,54.0,2016,제2종근린생활,제1종일반주거,2024
경기,구리시,갈매동,545,1,3988831,100000000,25.1,2024,숙박,준주거,2025
경기,구리시,갈매동,552-1,14,20303272,799650000,40.3,2023,제2종근린생활,준주거,2026
경기,구리시,갈매동,552-17,2,5596888,474840000,84.8,2023,제1종근린생활,준주거,2024
경기,구리시,갈매동,552-4,2,10313557,6678000000,653.5,2023,기타,준주거,2026
경기,구리시,갈매동,552-6,2,10261647,510000000,49.4,2022,제1종근린생활,준주거,2026
경기,구리시,갈매동,573,1,4119464,280000000,68.0,2016,제2종근린생활,제3종일반주거,2026
경기,구리시,갈매동,596,1,6364922,630000000,99.0,2018,판매,일반상업,2024
경기,구리시,갈매동,603,3,3242346,283640000,85.3,2017,제2종근린생활,일반상업,2024
경기,구리시,갈매동,604-1,4,2803419,250000000,90.9,2018,제2종근린생활,일반상업,2025
경기,구리시,갈매동,604-4,2,1749522,173780000,99.3,2017,제2종근린생활,일반상업,2025
경기,구리시,갈매동,605-3,3,4507937,99400000,22.0,2017,제2종근린생활,일반상업,2024
경기,구리시,갈매동,607,1,13619575,590000000,43.3,2018,제2종근린생활,일반상업,2026
경기,구리시,갈매동,636-2,2,2783964,275000000,98.8,2018,제2종근린생활,준주거,2025
경기,구리시,갈매동,646,1,3404698,3400000000,998.6,2017,판매,준주거,2026
경기,구리시,교문동,2**,4,7527792,8821190000,1196.9,1988,제2종근린생활,일반상업,2026
경기,구리시,교문동,281-4,20,2750538,127900000,46.5,2006,제1종근린생활,제1종일반주거,2026
경기,구리시,교문동,3**,4,3026658,718795000,188.4,2002,기타,제1종일반주거,2026
경기,구리시,교문동,305-9,1,3996004,200000000,50.0,2017,제1종근린생활,제1종일반주거,2025
경기,구리시,교문동,318-1,1,4208110,165000000,39.2,2008,제1종근린생활,제1종일반주거,2024
경기,구리시,교문동,4**,1,8089438,1780000000,220.0,2011,제2종근린생활,제1종일반주거,2025
경기,구리시,교문동,6**,1,7396162,1900000000,256.9,1997,제2종근린생활,제1종일반주거,2024
경기,구리시,교문동,7**,1,6113605,1185000000,193.8,1991,제1종근린생활,제1종일반주거,2026
경기,구리시,교문동,735-6,1,3394433,600000000,176.8,2005,업무,일반상업,2025
경기,구리시,교문동,766,2,3952835,147500000,42.2,1991,제2종근린생활,제2종일반주거,2026
경기,구리시,교문동,766-1,3,3645833,175000000,48.0,1990,제1종근린생활,제2종일반주거,2026
경기,구리시,교문동,8**,1,3237556,1200000000,370.6,1994,제1종근린생활,제1종일반주거,2025
경기,구리시,교문동,809-2,1,7432181,200000000,26.9,1994,제1종근린생활,제3종일반주거,2026
경기,구리시,교문동,826,2,3064175,515000000,244.3,2001,제1종근린생활,제3종일반주거,2026
경기,구리시,교문동,830,2,3659721,339000000,92.6,2017,제2종근린생활,일반상업,2025
경기,구리시,사노동,2**,1,6234940,1035000000,166.0,2007,제2종근린생활,제1종일반주거,2025
경기,구리시,사노동,3**,2,5990598,892000000,148.9,1998,제1종근린생활,제1종일반주거,2025
경기,구리시,수택동,2**,2,2325555,835000000,357.4,1990,제2종근린생활,제1종일반주거,2026
경기,구리시,수택동,3**,3,4051112,1450000000,486.9,2000,숙박,일반상업,2025
경기,구리시,수택동,379,11,5296804,150000000,31.4,2022,숙박,일반상업,2026
경기,구리시,수택동,382-5,2,3585964,270000000,75.1,1991,판매,일반상업,2024
경기,구리시,수택동,4**,6,3013831,1875000000,526.6,1992,제1종근린생활,일반상업,2025
경기,구리시,수택동,409-25,3,11825342,882880000,74.7,2024,제2종근린생활,일반상업,2026
경기,구리시,수택동,418-2,13,7500000,30000000,4.6,1998,판매,일반상업,2026
경기,구리시,수택동,433-44,2,2738487,66600000,24.3,2021,제2종근린생활,일반상업,2025
경기,구리시,수택동,448-6,1,16143771,530000000,32.8,2007,제2종근린생활,제2종일반주거,2025
경기,구리시,수택동,454-14,1,2895078,580000000,200.3,1984,제1종근린생활,제3종일반주거,2025
경기,구리시,수택동,481,4,3559689,193500000,54.4,2022,판매,일반상업,2025
경기,구리시,수택동,482-2,1,3401361,100000000,29.4,2006,제1종근린생활,일반상업,2025
경기,구리시,수택동,5**,6,3062869,1630000000,444.3,2000,제2종근린생활,제1종일반주거,2026
경기,구리시,수택동,518-8,1,2633745,160000000,60.8,1994,제2종근린생활,제2종일반주거,2025
경기,구리시,수택동,8**,1,3178890,4920000000,1547.7,2004,제2종근린생활,준주거,2026
경기,구리시,수택동,847,1,3414834,1000000000,292.8,2007,기타,준주거,2026
경기,구리시,수택동,847-2,2,5005840,1650000000,329.6,2007,교육연구,준주거,2025
경기,구리시,수택동,847-9,2,7832903,722000000,151.8,2007,기타,준주거,2026
경기,구리시,수택동,874,2,5088236,637500000,124.8,2001,제1종근린생활,준주거,2026
경기,구리시,수택동,875,3,6415506,470000000,73.3,2002,제2종근린생활,준주거,2026
경기,구리시,수택동,890,2,8986968,166000000,19.3,2024,제2종근린생활,제2종일반주거,2026
경기,구리시,아천동,2**,2,5996751,985000000,164.2,1995,제2종근린생활,개발제한구역,2025
경기,구리시,인창동,2**,1,7010026,5300000000,756.1,1985,제1종근린생활,일반상업,2026
경기,구리시,인창동,280-7,3,4721159,1098000000,232.6,2023,제1종근린생활,일반상업,2026
경기,구리시,인창동,29,1,5555556,150000000,27.0,2002,제1종근린생활,제3종일반주거,2025
경기,구리시,인창동,3**,1,3268287,9200000000,2814.9,1999,제1종근린생활,제2종일반주거,2026
경기,구리시,인창동,309-6,1,2247191,80000000,35.6,2004,제1종근린생활,제3종일반주거,2025
경기,구리시,인창동,383-8,1,7857143,220000000,28.0,2003,제1종근린생활,제1종일반주거,2025
경기,구리시,인창동,412-15,1,28053517,1300000000,46.3,2012,제1종근린생활,제2종일반주거,2024
경기,구리시,인창동,469-1,3,5813953,175000000,30.1,2002,제2종근린생활,제2종일반주거,2026
경기,구리시,인창동,5**,2,7963158,1105000000,153.3,2002,제1종근린생활,제2종일반주거,2025
경기,구리시,인창동,580-14,1,7773632,250000000,32.2,1994,제1종근린생활,제2종일반주거,2026
경기,구리시,인창동,6**,1,385677,3748070000,9718.2,2002,업무,일반상업,2024
경기,구리시,인창동,610,6,4716180,905060000,191.9,1989,기타,제2종일반주거,2024
경기,구리시,인창동,636,1,6714322,263000000,39.2,2023,제1종근린생활,제2종일반주거,2025
경기,구리시,인창동,664-7,1,8985399,240000000,26.7,1997,제1종근린생활,제3종일반주거,2025
경기,구리시,인창동,665-1,1,5412371,420000000,77.6,1996,제2종근린생활,제3종일반주거,2026
경기,구리시,인창동,667-1,2,7407407,50000000,6.8,1996,제1종근린생활,제3종일반주거,2025
경기,구리시,인창동,670-1,1,14488936,1100000000,75.9,2008,제1종근린생활,준주거,2025
경기,구리시,인창동,670-5,4,12015657,329500000,25.9,1996,제1종근린생활,준주거,2026
경기,구리시,인창동,670-7,7,1135015,15300000,15.2,1997,기타,준주거,2026
경기,구리시,인창동,670-8,1,9912497,725000000,73.1,2006,제2종근린생활,준주거,2025
경기,구리시,인창동,670-9,7,1173021,22000000,20.9,1997,제2종근린생활,준주거,2026
경기,구리시,인창동,672-2,8,1935081,31000000,16.0,1997,제2종근린생활,준주거,2026
경기,구리시,인창동,672-3,2,13455719,250000000,53.9,1997,제1종근린생활,준주거,2025
경기,구리시,인창동,672-4,2,1569276,29155000,21.0,1997,제2종근린생활,준주거,2026
경기,구리시,인창동,676-1,10,4192160,52500000,11.9,1999,판매,준주거,2026
경기,구리시,인창동,676-6,4,5159766,625050000,121.1,2004,제1종근린생활,준주거,2025
경기,구리시,인창동,7**,1,13767018,19800000000,1438.2,2002,판매,준주거,2026
경기,구리시,인창동,701,32,11944133,455050000,40.0,2002,제1종근린생활,준주거,2026
경기,구리시,인창동,701-1,30,14298288,421350000,40.0,2002,제1종근린생활,준주거,2026
경기,구리시,인창동,716,1,13986014,480000000,34.3,2021,제2종근린생활,제2종일반주거,2025
경기,구리시,토평동,2**,1,14606061,4820000000,330.0,2008,제2종근린생활,제1종일반주거,2025
경기,구리시,토평동,9**,1,2279600,980000000,429.9,2002,제1종근린생활,제1종일반주거,2025
경기,구리시,토평동,964-3,4,3438134,252500000,73.4,2002,기타,제2종일반주거,2026
경기,군포시,금정동,1-40,1,4415461,650000000,147.2,2004,제1종근린생활,일반공업,2025
경기,군포시,금정동,44-5,1,4385965,110000000,25.1,2001,업무,일반상업,2025
경기,군포시,금정동,7**,3,2557915,1590000000,621.6,1984,제2종근린생활,제3종일반주거,2026
경기,군포시,금정동,711-14,2,2030591,115500000,56.9,1989,제1종근린생활,제2종일반주거,2026
경기,군포시,금정동,721-22,1,1633987,60000000,36.7,2002,제2종근린생활,준주거,2024
경기,군포시,금정동,730-7,2,3443453,195000000,59.3,2014,제2종근린생활,제3종일반주거,2026
경기,군포시,금정동,744-1,1,7349666,198000000,26.9,,판매,제3종일반주거,2025
경기,군포시,금정동,768-15,1,6950236,250000000,36.0,2000,제2종근린생활,제3종일반주거,2026
경기,군포시,금정동,847-2,4,2949853,150000000,50.8,2005,업무,일반상업,2026
경기,군포시,금정동,850,1,3271605,159000000,48.6,1992,제2종근린생활,제3종일반주거,2025
경기,군포시,금정동,871-7,1,2500000,70000000,28.0,1993,판매,제3종일반주거,2025
경기,군포시,금정동,872-6,1,2113101,105000000,49.7,1993,제1종근린생활,제3종일반주거,2025
경기,군포시,금정동,873-1,4,1541648,27500000,18.0,1994,제1종근린생활,일반상업,2026
경기,군포시,금정동,873-3,6,2696987,525000000,179.1,1993,숙박,일반상업,2025
경기,군포시,금정동,874,1,7705479,360000000,46.7,1993,제1종근린생활,일반상업,2024
경기,군포시,금정동,874-1,1,2840909,100000000,35.2,1993,제1종근린생활,일반상업,2025
경기,군포시,금정동,874-2,3,3157895,149000000,28.5,1994,제1종근린생활,일반상업,2026
경기,군포시,금정동,875-2,1,25513514,472000000,18.5,1993,제2종근린생활,제3종일반주거,2025
경기,군포시,금정동,908-2,2,3406855,166500000,49.7,2015,제2종근린생활,제2종일반주거,2024
경기,군포시,당동,7**,5,3492647,2100000000,431.7,1994,제2종근린생활,일반상업,2025
경기,군포시,당동,760-7,1,2275770,170000000,74.7,,제2종근린생활,제2종일반주거,2025
경기,군포시,당동,777-15,1,3427298,400000000,116.7,2020,숙박,일반상업,2026
경기,군포시,당동,780-2,2,5509868,335000000,60.8,,제1종근린생활,일반상업,2025
경기,군포시,당동,781,1,8600583,118000000,13.7,1982,판매,일반상업,2026
경기,군포시,당동,8**,2,2078382,532000000,258.1,1984,제2종근린생활,제1종일반주거,2026
경기,군포시,당동,872-5,3,3230438,225000000,69.6,1999,제2종근린생활,준주거,2026
경기,군포시,당동,898-13,3,2256245,140000000,62.0,1992,제1종근린생활,제2종일반주거,2026
경기,군포시,당동,9**,1,3216380,1750000000,544.1,1996,제1종근린생활,제2종일반주거,2025
경기,군포시,당동,901,1,4958456,185000000,37.3,2002,제1종근린생활,제2종일반주거,2025
경기,군포시,당동,905-1,1,2061469,165000000,80.0,2006,교육연구,제2종일반주거,2025
경기,군포시,당동,917-4,1,2860061,140000000,49.0,2002,제1종근린생활,제2종일반주거,2024
경기,군포시,당동,921-5,4,14839448,614500000,44.2,2004,제1종근린생활,제2종일반주거,2025
경기,군포시,당동,922-14,1,2736963,95000000,34.7,2003,제2종근린생활,제2종일반주거,2025
경기,군포시,당동,951-2,6,1901392,170000000,81.1,2004,제1종근린생활,제2종일반주거,2026
경기,군포시,당동,952-6,1,2260928,270000000,119.4,2014,제2종근린생활,제2종일반주거,2024
경기,군포시,당동,960-3,1,2150538,180000000,83.7,2003,제2종근린생활,제2종일반주거,2024
경기,군포시,당동,961-4,1,1999625,320000000,160.0,2007,제2종근린생활,제2종일반주거,2025
경기,군포시,당정동,1004-2,1,2800075,2100000000,750.0,2004,기타,제2종일반주거,2025
경기,군포시,당정동,1011-1,1,2318296,185000000,79.8,2004,제2종근린생활,제2종일반주거,2025
경기,군포시,당정동,1013-6,2,1373856,177505000,129.2,2004,기타,제2종일반주거,2025
경기,군포시,당정동,1054,1,5082700,240920000,47.4,2020,제2종근린생활,일반공업,2024
경기,군포시,당정동,181-43,1,11176569,1004550000,89.9,2019,제1종근린생활,일반공업,2025
경기,군포시,당정동,181-7,5,3484321,420000000,116.9,2020,제1종근린생활,일반공업,2026
경기,군포시,당정동,2-3,2,2977040,275000000,94.0,2011,제2종근린생활,일반공업,2025
경기,군포시,당정동,4**,2,9975910,7725030000,2309.5,2013,제1종근린생활,자연녹지,2025
경기,군포시,당정동,522,2,4023835,517500000,127.6,2004,제2종근린생활,일반공업,2026
경기,군포시,당정동,545-6,1,3706564,480000000,129.5,2004,제1종근린생활,일반공업,2025
경기,군포시,당정동,9**,1,2287178,500000000,218.6,2011,제1종근린생활,제2종일반주거,2025
경기,군포시,당정동,970-7,3,5755948,150000000,26.1,2003,제2종근린생활,제2종일반주거,2024
경기,군포시,당정동,970-9,1,1923077,150000000,78.0,2003,제1종근린생활,제2종일반주거,2025
경기,군포시,당정동,973-1,1,3814935,94000000,24.6,2003,제1종근린생활,제3종일반주거,2025
경기,군포시,당정동,985-2,3,2447481,120000000,49.0,2004,제2종근린생활,제2종일반주거,2025
경기,군포시,대야미동,6**,1,8858065,2580000000,291.3,2009,제2종근린생활,제2종일반주거,2025
경기,군포시,대야미동,636-3,1,3315650,150000000,45.2,2007,제1종근린생활,제2종일반주거,2024
경기,군포시,대야미동,653-2,3,2526920,467000000,184.8,2004,기타,일반상업,2026
경기,군포시,도마교동,478-3,3,2891840,331000000,114.5,2019,제1종근린생활,준주거,2025
경기,군포시,도마교동,488-4,1,1462786,61320000,41.9,2018,제1종근린생활,준주거,2025
경기,군포시,도마교동,493-2,6,4394284,428750000,97.6,2021,제2종근린생활,준주거,2026
경기,군포시,부곡동,1120-1,3,2559892,402720000,157.3,2010,제2종근린생활,제2종일반주거,2024
경기,군포시,부곡동,1140-2,1,1944685,270000000,138.8,2012,교육연구,준주거,2024
경기,군포시,부곡동,1140-5,12,1916381,132800000,58.0,2011,제2종근린생활,준주거,2025
경기,군포시,부곡동,1195,1,2331565,290000000,124.4,2015,제1종근린생활,준주거,2024
경기,군포시,부곡동,1218-2,2,3891387,675000000,173.5,2014,제2종근린생활,준주거,2024
경기,군포시,부곡동,1219,1,9831461,350000000,35.6,2014,제1종근린생활,준주거,2025
경기,군포시,부곡동,1244-2,5,3387037,300000000,66.2,2017,제1종근린생활,준공업,2026
경기,군포시,부곡동,1248,2,2020202,260000000,128.7,2019,제2종근린생활,준공업,2024
경기,군포시,산본동,1***,2,1514802,852000000,922.4,1993,제2종근린생활,제3종일반주거,2026
경기,군포시,산본동,1026-10,2,4069767,180000000,44.2,2010,제1종근린생활,준공업,2025
경기,군포시,산본동,1026-9,4,4610656,295000000,73.2,2010,제1종근린생활,준공업,2026
경기,군포시,산본동,1028,1,7792208,180000000,23.1,1987,제1종근린생활,제3종일반주거,2025
경기,군포시,산본동,1059,2,1587302,11000000,6.9,1993,제1종근린생활,제3종일반주거,2025
경기,군포시,산본동,1060,3,2567394,20000000,7.8,1996,기타,일반상업,2026
경기,군포시,산본동,1060-1,4,5707491,399000000,69.0,2002,제1종근린생활,일반상업,2025
경기,군포시,산본동,1061-1,3,3916647,320000000,88.5,2003,기타,일반상업,2026
경기,군포시,산본동,1061-2,2,2814487,890000000,313.9,2002,기타,일반상업,2025
경기,군포시,산본동,1061-3,7,9129968,220000000,33.2,1996,제1종근린생활,일반상업,2026
경기,군포시,산본동,1065-4,6,396825,4650000,11.9,1994,제1종근린생활,제3종일반주거,2026
경기,군포시,산본동,1088,4,1675154,50000000,27.5,1994,제2종근린생활,제3종일반주거,2026
경기,군포시,산본동,1091-1,1,10879630,235000000,21.6,1994,제1종근린생활,제3종일반주거,2026
경기,군포시,산본동,1094-1,1,724332,240000000,331.3,2002,제2종근린생활,일반상업,2026
경기,군포시,산본동,1095,2,1759783,175000000,96.8,2002,교육연구,일반상업,2026
경기,군포시,산본동,1096-2,10,4528783,59500000,26.1,2002,제1종근린생활,근린상업,2026
경기,군포시,산본동,1097,3,3244792,1300000000,398.7,2001,제2종근린생활,일반상업,2024
경기,군포시,산본동,1097-1,12,2137123,98500000,46.1,2001,업무,일반상업,2026
경기,군포시,산본동,1099-2,2,7715587,762500000,192.6,2005,교육연구,일반상업,2026
경기,군포시,산본동,1119-3,2,6123341,956000000,160.8,1993,제1종근린생활,제3종일반주거,2026
경기,군포시,산본동,1121,1,5628518,180000000,32.0,2002,제1종근린생활,제3종일반주거,2025
경기,군포시,산본동,1123-2,4,5218576,109500000,23.6,2003,제1종근린생활,중심상업,2026
경기,군포시,산본동,1123-3,3,7525454,1360000000,180.7,2018,제1종근린생활,중심상업,2026
경기,군포시,산본동,1123-5,12,3106422,295000000,92.2,1996,숙박,중심상업,2026
경기,군포시,산본동,1125,3,2487415,70000000,27.5,1998,업무,중심상업,2026
경기,군포시,산본동,1125-2,3,2789011,120000000,45.1,1998,업무,중심상업,2026
경기,군포시,산본동,1126,4,2860146,206000000,67.5,1996,교육연구,중심상업,2025
경기,군포시,산본동,1128-1,4,10314452,320000000,40.2,1996,제2종근린생활,중심상업,2025
경기,군포시,산본동,1130-3,2,4543228,196000000,36.8,1994,제1종근린생활,중심상업,2026
경기,군포시,산본동,1131,2,2631588,310000000,118.6,1994,기타,중심상업,2025
경기,군포시,산본동,1132-2,1,708561,122000000,172.2,1996,제1종근린생활,중심상업,2024
경기,군포시,산본동,1134,3,3174675,231910000,73.0,,제2종근린생활,중심상업,2025
경기,군포시,산본동,1134-1,1,1942795,180000000,92.6,,제1종근린생활,중심상업,2026
경기,군포시,산본동,1135,2,4640844,235000000,52.6,1994,제1종근린생활,중심상업,2025
경기,군포시,산본동,1135-1,2,2971361,216500000,74.1,1995,제1종근린생활,중심상업,2026
경기,군포시,산본동,1136,3,2469136,160000000,64.8,1995,제2종근린생활,중심상업,2024
경기,군포시,산본동,1136-1,5,14880952,300000000,24.3,1996,제1종근린생활,중심상업,2026
경기,군포시,산본동,1136-2,6,4495764,404055000,89.9,1995,제1종근린생활,중심상업,2026
경기,군포시,산본동,1137-2,1,3135543,790000000,252.0,2004,제2종근린생활,중심상업,2025
경기,군포시,산본동,1139,3,3304229,175000000,51.5,1995,제1종근린생활,중심상업,2025
경기,군포시,산본동,1139-3,3,3421279,390000000,97.3,1994,기타,중심상업,2025
경기,군포시,산본동,1140-1,4,2782246,212500000,76.3,1996,제1종근린생활,중심상업,2025
경기,군포시,산본동,1141,1,20289855,700000000,34.5,,제1종근린생활,중심상업,2024
경기,군포시,산본동,1142-1,6,1561991,214680000,137.4,1996,기타,중심상업,2026
경기,군포시,산본동,1142-10,2,20979770,995000000,73.9,,제1종근린생활,중심상업,2026
경기,군포시,산본동,1142-2,13,3368845,115000000,34.0,2002,업무,중심상업,2026
경기,군포시,산본동,1142-5,1,1649560,90000000,54.6,1997,제1종근린생활,중심상업,2025
경기,군포시,산본동,1142-7,1,2463054,200000000,81.2,1996,제2종근린생활,중심상업,2026
경기,군포시,산본동,1143-2,1,5884826,140000000,23.8,1995,제1종근린생활,중심상업,2026
경기,군포시,산본동,1144-1,1,3237198,110000000,34.0,1996,교육연구,중심상업,2025
경기,군포시,산본동,1145-14,1,143936,3240000,22.5,1993,제2종근린생활,제3종일반주거,2026
경기,군포시,산본동,1146-4,1,16309413,350000000,21.5,1994,제2종근린생활,제3종일반주거,2026
경기,군포시,산본동,1147,2,3482869,213750000,51.0,1996,제2종근린생활,일반상업,2026
경기,군포시,산본동,1151-5,2,17178195,375000000,21.8,1994,제2종근린생활,제3종일반주거,2026
경기,군포시,산본동,1155-1,2,5905629,120000000,19.6,1993,제1종근린생활,제3종일반주거,2026
경기,군포시,산본동,1156-8,2,4879955,151500000,34.1,1992,제2종근린생활,근린상업,2025
경기,군포시,산본동,1240,1,5561735,200000000,36.0,2010,제2종근린생활,제3종일반주거,2025
경기,군포시,산본동,2**,1,573412,467600000,815.5,2003,숙박,일반상업,2025
경기,군포시,산본동,207-12,2,12437811,600000000,48.2,2003,제2종근린생활,준주거,2025
경기,군포시,산본동,4*,1,1693251,1000000000,590.6,1988,숙박,제2종일반주거,2026
경기,군포시,산본동,7*,1,1701131,770000000,452.6,1988,숙박,제3종일반주거,2024
경기,군포시,산본동,74,1,8808652,505000000,57.3,2013,제1종근린생활,제3종일반주거,2026
경기,군포시,산본동,9*,3,600824,299000000,497.6,1996,제2종근린생활,제2종일반주거,2026
경기,군포시,산본동,97-10,1,1298926,150000000,115.5,1996,제2종근린생활,제2종일반주거,2024
경기,김포시,감정동,2**,2,9224444,1345400000,139.5,2016,제2종근린생활,제1종일반주거,2026
경기,김포시,감정동,3**,1,1775388,350000000,197.1,,제2종근린생활,자연녹지,2024
경기,김포시,감정동,4**,1,6506045,295960000,45.5,1991,제2종근린생활,자연녹지,2026
경기,김포시,감정동,5**,3,2300042,2530000000,1100.0,1998,제2종근린생활,제1종일반주거,2026
경기,김포시,감정동,550-1,1,7551020,222000000,29.4,1992,제2종근린생활,제2종일반주거,2025
경기,김포시,감정동,551-6,2,4075783,227500000,87.2,2003,제2종근린생활,제1종일반주거,2025
경기,김포시,감정동,551-8,1,5273070,700000000,132.8,2003,제2종근린생활,제1종일반주거,2026
경기,김포시,감정동,6**,1,1354026,650000000,480.0,,제1종근린생활,제1종일반주거,2024
경기,김포시,감정동,659,4,1582716,41500000,24.8,1995,제1종근린생활,제2종일반주거,2026
경기,김포시,감정동,685,1,6252842,275000000,44.0,2001,제1종근린생활,제2종일반주거,2025
경기,김포시,감정동,696,2,7766284,304050000,39.2,2012,제1종근린생활,제1종일반주거,2026
경기,김포시,걸포동,1-24,13,2666667,60000000,22.5,2004,판매,자연녹지,2026
경기,김포시,걸포동,1558,2,13221448,458500000,34.7,2010,제1종근린생활,제2종일반주거,2025
경기,김포시,걸포동,1591,3,21259843,585000000,25.4,2020,제2종근린생활,제2종일반주거,2025
경기,김포시,걸포동,3**,1,2567568,950000000,370.0,1997,제2종근린생활,자연녹지,2024
경기,김포시,걸포동,5**,1,3157736,1049000000,332.2,2018,제2종근린생활,농림,2026
경기,김포시,고촌읍 신곡리,*,2,8017616,455000000,73.2,2020,제2종근린생활,용도미지정,2026
경기,김포시,고촌읍 신곡리,1256,1,4290876,95000000,22.1,,제2종근린생활,제2종일반주거,2024
경기,김포시,고촌읍 신곡리,1291,3,10868175,647000000,51.4,2017,제2종근린생활,제2종일반주거,2025
경기,김포시,고촌읍 신곡리,1296,1,8888889,320000000,36.0,2024,제1종근린생활,제1종일반주거,2026
경기,김포시,고촌읍 신곡리,3**,1,8500436,1950000000,229.4,2010,제2종근린생활,개발제한구역,2025
경기,김포시,고촌읍 신곡리,4**,1,5484784,1085000000,197.8,2004,제2종근린생활,개발제한구역,2026
경기,김포시,고촌읍 신곡리,5*,2,5458381,1075000000,181.3,1986,제2종근린생활,자연녹지,2025
경기,김포시,고촌읍 신곡리,532-124,1,4667864,130000000,27.8,2021,제2종근린생활,일반상업,2026
경기,김포시,고촌읍 신곡리,6**,1,742482,240000000,323.2,2008,제2종근린생활,제1종일반주거,2024
경기,김포시,고촌읍 신곡리,S2-3,1,4645761,640000000,137.8,2021,제1종근린생활,용도미지정,2026
경기,김포시,고촌읍 전호리,5**,1,6098639,1380000000,226.3,2018,제1종근린생활,제1종일반주거,2026
경기,김포시,고촌읍 전호리,634,2,8755760,190000000,21.7,2019,숙박,유통상업,2024
경기,김포시,고촌읍 전호리,646-1,16,3264277,72850000,22.9,2018,숙박,유통상업,2026
경기,김포시,고촌읍 태리,1***,1,5491702,542690000,98.8,2021,제1종근린생활,제1종일반주거,2026
경기,김포시,고촌읍 태리,2**,6,4915137,940350000,245.2,2008,제2종근린생활,제1종일반주거,2026
경기,김포시,고촌읍 태리,9**,1,2661784,974000000,365.9,2013,제1종근린생활,제1종일반주거,2025
경기,김포시,고촌읍 풍곡리,2**,4,3103694,603975000,197.7,2008,제2종근린생활,제1종일반주거,2026
경기,김포시,고촌읍 향산리,4**,2,5803509,2445000000,423.9,,제2종근린생활,농림,2025
경기,김포시,고촌읍 향산리,S1-1,2,20470242,187000000,9.1,2021,제1종근린생활,용도미지정,2025
경기,김포시,구래동,6871-41,2,15866406,895000000,55.2,2020,제2종근린생활,준주거,2025
경기,김포시,구래동,6871-46,4,15882353,540000000,34.0,,제2종근린생활,준주거,2024
경기,김포시,구래동,6871-53,1,3252033,84000000,25.8,,업무,준주거,2026
경기,김포시,구래동,6871-55,3,17236586,620000000,36.0,2024,제1종근린생활,준주거,2024
경기,김포시,구래동,6874-23,1,2460457,350000000,142.2,2018,제1종근린생활,준주거,2026
경기,김포시,구래동,6878-7,2,3448276,120000000,34.8,2021,제2종근린생활,일반상업,2025
경기,김포시,구래동,6879-2,1,2288522,260800000,114.0,2018,제1종근린생활,일반상업,2026
경기,김포시,구래동,6879-3,1,7407502,347560000,46.9,2019,제1종근린생활,일반상업,2024
경기,김포시,구래동,6880-2,6,4442205,813235000,247.0,2016,제1종근린생활,일반상업,2026
경기,김포시,구래동,6880-3,3,2570939,280000000,109.6,2020,제2종근린생활,일반상업,2024
경기,김포시,구래동,6880-5,2,9995920,490000000,49.0,2016,제1종근린생활,일반상업,2026
경기,김포시,구래동,6881-10,1,14957265,700000000,46.8,,제1종근린생활,일반상업,2024
경기,김포시,구래동,6881-17,3,1903045,190000000,99.8,2020,제2종근린생활,일반상업,2024
경기,김포시,구래동,6881-3,3,3021978,57750000,19.1,2018,제2종근린생활,일반상업,2026
경기,김포시,구래동,6882-1,2,7616717,517500000,71.1,2018,제2종근린생활,일반상업,2026
경기,김포시,구래동,6882-11,1,1794341,130000000,72.4,2017,제2종근린생활,일반상업,2024
경기,김포시,구래동,6882-17,9,2810109,120300000,42.8,2018,제2종근린생활,일반상업,2026
경기,김포시,구래동,6882-4,3,15253123,800000000,51.4,2018,제1종근린생활,일반상업,2026
경기,김포시,구래동,6882-5,4,2182716,200000000,91.6,2017,제2종근린생활,일반상업,2024
경기,김포시,구래동,6882-8,2,11690882,553465000,33.8,2020,제2종근린생활,일반상업,2025
경기,김포시,구래동,6883-10,2,1477249,175000000,118.5,2016,제1종근린생활,일반상업,2026
경기,김포시,구래동,6883-15,2,2130875,280000000,128.1,2014,제1종근린생활,일반상업,2025
경기,김포시,구래동,6883-2,2,4077978,385000000,94.4,2016,제1종근린생활,일반상업,2026
경기,김포시,구래동,6883-4,3,2137714,182000000,88.9,2016,제2종근린생활,일반상업,2026
경기,김포시,구래동,6883-6,6,1950807,320000000,117.1,2015,제1종근린생활,일반상업,2026
경기,김포시,구래동,6884-2,4,2410695,248395000,129.4,2018,제2종근린생활,일반상업,2024
경기,김포시,구래동,6884-3,1,2315485,160000000,69.1,2017,제1종근린생활,일반상업,2025
경기,김포시,구래동,6884-6,1,2681159,185000000,69.0,2016,제1종근린생활,일반상업,2026
경기,김포시,구래동,6884-7,1,12777778,230000000,18.0,2017,제1종근린생활,일반상업,2024
경기,김포시,구래동,6884-8,2,2064453,285080000,138.6,2014,교육연구,일반상업,2025
경기,김포시,구래동,6885-1,8,3141789,400000000,109.9,2016,기타,일반상업,2025
경기,김포시,구래동,6885-2,1,8351648,380000000,45.5,2018,제1종근린생활,일반상업,2025
경기,김포시,구래동,6885-3,2,11437855,887500000,156.4,2013,제2종근린생활,일반상업,2026
경기,김포시,구래동,6886-4,3,5231950,300000000,47.1,2021,판매,일반상업,2025
경기,김포시,구래동,6886-6,3,4629630,225000000,48.6,2018,제1종근린생활,일반상업,2026
경기,김포시,구래동,6888-2,4,4055313,123940000,30.6,2012,제1종근린생활,제3종일반주거,2026
경기,김포시,구래동,6895-2,1,8899436,300000000,33.7,2017,제2종근린생활,제3종일반주거,2024
경기,김포시,구래동,6917,1,3261905,137000000,42.0,2016,제2종근린생활,준주거,2025
경기,김포시,구래동,6917-4,6,7409797,252870000,36.1,2019,제1종근린생활,준주거,2025
경기,김포시,대곶면 거물대리,2**,6,3063258,1025550000,357.6,2021,제2종근린생활,계획관리,2025
경기,김포시,대곶면 대능리,1**,1,4780115,1600000000,334.7,,제2종근린생활,계획관리,2026
경기,김포시,대곶면 대능리,2**,3,1832402,760000000,447.5,2012,제2종근린생활,계획관리,2025
경기,김포시,대곶면 대능리,3**,2,3028912,755000000,259.5,2007,제2종근린생활,계획관리,2025
경기,김포시,대곶면 대능리,4*,2,1000291,279200000,240.3,2010,제2종근린생활,계획관리,2025
경기,김포시,대곶면 대능리,4**,1,1650641,515000000,312.0,1995,제2종근린생활,계획관리,2026
경기,김포시,대곶면 대능리,5**,3,2787746,1375000000,493.2,2017,제2종근린생활,계획관리,2025
경기,김포시,대곶면 대명리,1**,1,7828283,1550000000,198.0,2017,제1종근린생활,생산관리,2026
경기,김포시,대곶면 대명리,3*,2,2578030,425375000,165.0,2022,제2종근린생활,계획관리,2026
경기,김포시,대곶면 대명리,3**,1,2799552,300000000,107.2,2011,제2종근린생활,계획관리,2024
경기,김포시,대곶면 대명리,4**,2,3100949,780000000,205.2,2014,제1종근린생활,계획관리,2025
경기,김포시,대곶면 대명리,5*,2,3550000,355000000,100.0,2024,제2종근린생활,계획관리,2025
경기,김포시,대곶면 대명리,5**,1,6097561,100000000,16.4,2026,제1종근린생활,계획관리,2026
경기,김포시,대곶면 대명리,6*,2,3894344,295350000,78.0,2023,제1종근린생활,생산관리,2026
경기,김포시,대곶면 대벽리,1***,1,2216738,516500000,233.0,,제2종근린생활,생산관리,2026
경기,김포시,대곶면 대벽리,2**,3,3204167,860000000,306.7,2025,제2종근린생활,계획관리,2026
경기,김포시,대곶면 대벽리,3**,1,6646465,658000000,99.0,2022,제1종근린생활,계획관리,2024
경기,김포시,대곶면 대벽리,5**,1,3010581,765350000,254.2,2010,제2종근린생활,계획관리,2025
경기,김포시,대곶면 대벽리,6**,6,3033552,1029000000,348.9,2020,제2종근린생활,계획관리,2026
경기,김포시,대곶면 상마리,*,1,3208156,904700000,282.0,2024,제2종근린생활,계획관리,2024
경기,김포시,대곶면 상마리,2**,1,4703462,611450000,130.0,2021,제2종근린생활,계획관리,2026
경기,김포시,대곶면 상마리,5*,1,3119288,3093710000,991.8,2025,제2종근린생활,계획관리,2025
경기,김포시,대곶면 석정리,*,2,5831956,664000000,110.0,2020,제2종근린생활,계획관리,2025
경기,김포시,대곶면 석정리,1**,2,3100112,594525000,192.3,2022,제2종근린생활,계획관리,2025
경기,김포시,대곶면 석정리,2**,1,2462810,2975000000,1208.0,2026,제2종근린생활,계획관리,2026
경기,김포시,대곶면 석정리,3*,1,5962929,1180660000,198.0,2023,제2종근린생활,계획관리,2025
경기,김포시,대곶면 석정리,4**,3,2149495,834000000,396.0,2016,제2종근린생활,계획관리,2026
경기,김포시,대곶면 석정리,5*,3,2538586,936690000,198.0,2021,제2종근린생활,계획관리,2026
경기,김포시,대곶면 석정리,7*,1,2062545,397700000,192.8,2011,제2종근린생활,계획관리,2026
경기,김포시,대곶면 송마리,*,1,2141667,270000000,126.1,2011,제1종근린생활,계획관리,2025
경기,김포시,대곶면 송마리,1**,4,2185327,496745000,223.6,1996,제2종근린생활,계획관리,2026
경기,김포시,대곶면 송마리,2**,5,3395300,366000000,100.0,2025,제2종근린생활,계획관리,2026
경기,김포시,대곶면 송마리,3**,1,1578781,950000000,601.7,,제2종근린생활,계획관리,2024
경기,김포시,대곶면 송마리,4*,1,1973684,405000000,205.2,2007,제2종근린생활,계획관리,2025
경기,김포시,대곶면 송마리,4**,1,3548111,704300000,198.5,2023,제1종근린생활,계획관리,2025
경기,김포시,대곶면 송마리,7**,2,2214321,428700000,192.6,2018,제2종근린생활,계획관리,2025
경기,김포시,대곶면 송마리,8**,1,2419257,400000000,165.3,2003,제2종근린생활,계획관리,2026
경기,김포시,대곶면 송마리,9*,2,1608672,595000000,373.5,2003,제2종근린생활,계획관리,2025
경기,김포시,대곶면 쇄암리,3**,1,2663317,530000000,199.0,2021,제1종근린생활,생산관리,2024
경기,김포시,대곶면 쇄암리,4**,8,2941766,796980000,198.5,2024,제2종근린생활,계획관리,2025
경기,김포시,대곶면 신안리,*,1,3336856,884000000,264.9,2024,제1종근린생활,보전관리,2025
경기,김포시,대곶면 약암리,1**,1,3008299,580000000,192.8,2010,제1종근린생활,생산관리,2025
경기,김포시,대곶면 약암리,2**,4,3240343,1024900000,361.6,2017,제2종근린생활,계획관리,2025
경기,김포시,대곶면 약암리,4**,1,2750302,364800000,132.6,2008,제2종근린생활,계획관리,2024
경기,김포시,대곶면 약암리,5**,1,2666162,352200000,132.1,,제2종근린생활,보전관리,2024
경기,김포시,대곶면 약암리,6**,1,2165013,275000000,127.0,2020,제2종근린생활,계획관리,2025
경기,김포시,대곶면 오니산리,2**,1,2451395,232000000,94.6,2022,제1종근린생활,계획관리,2026
경기,김포시,대곶면 율생리,1**,2,5236641,1615500000,344.2,2024,기타,자연녹지,2026
경기,김포시,대곶면 율생리,2**,2,4882323,483350000,99.0,2023,제2종근린생활,자연녹지,2026
경기,김포시,대곶면 율생리,3*,2,5273226,938500000,276.0,2011,제1종근린생활,생산녹지,2025
경기,김포시,대곶면 율생리,3**,5,4169933,1225000000,303.7,2014,제2종근린생활,자연녹지,2026
경기,김포시,대곶면 율생리,4**,3,3234811,985000000,304.5,2010,제1종근린생활,자연녹지,2026
경기,김포시,대곶면 율생리,5**,3,5397576,1200000000,264.0,2023,제2종근린생활,자연녹지,2026
경기,김포시,대곶면 율생리,6*,1,3937457,681180000,173.0,2020,제2종근린생활,생산녹지,2026
경기,김포시,대곶면 율생리,6**,2,4714344,768500000,163.0,,제2종근린생활,자연녹지,2024
경기,김포시,대곶면 율생리,7**,6,4772469,494950000,99.0,2024,제2종근린생활,자연녹지,2026
경기,김포시,대곶면 율생리,8**,1,3524416,830000000,235.5,2014,제2종근린생활,일반공업,2025
경기,김포시,대곶면 율생리,9*,4,4851575,583000000,120.9,2018,제2종근린생활,생산녹지,2026
경기,김포시,대곶면 초원지리,1**,1,4044357,310000000,76.6,2021,제2종근린생활,자연녹지,2026
경기,김포시,대곶면 초원지리,2**,2,4693507,1002000000,233.9,2020,제2종근린생활,자연녹지,2026
경기,김포시,대곶면 초원지리,3**,2,3162588,831125000,300.7,1996,제2종근린생활,자연녹지,2025
경기,김포시,대곶면 초원지리,395,2,2660296,87500000,32.9,2003,제1종근린생활,자연녹지,2025
경기,김포시,대곶면 초원지리,4**,1,8723286,865350000,99.2,2026,제2종근린생활,자연녹지,2026
경기,김포시,대곶면 초원지리,5**,3,3731156,742500000,199.0,2002,제2종근린생활,자연녹지,2026
경기,김포시,대곶면 초원지리,6**,4,2160650,424835000,248.0,2011,제2종근린생활,자연녹지,2025
경기,김포시,마산동,614-10,1,5611111,202000000,36.0,2012,제2종근린생활,제3종일반주거,2024
경기,김포시,마산동,626-12,2,11904762,500000000,42.0,2018,제1종근린생활,준주거,2026
경기,김포시,마산동,638-4,2,4010352,205000000,51.1,2020,제2종근린생활,제3종일반주거,2025
경기,김포시,마산동,646-1,3,8092252,882800000,49.4,2022,제1종근린생활,준주거,2025
경기,김포시,마산동,648-1,1,2492877,350000000,140.4,2018,제2종근린생활,근린상업,2025
경기,김포시,마산동,648-2,1,2806122,330000000,117.6,2018,제2종근린생활,근린상업,2024
경기,김포시,마산동,648-4,1,3435319,320000000,93.2,2017,제2종근린생활,근린상업,2024
경기,김포시,마산동,648-5,2,3522758,500000000,142.9,2016,제1종근린생활,근린상업,2026
경기,김포시,북변동,2**,3,5441377,1507760000,299.9,1992,제2종근린생활,제1종일반주거,2024
경기,김포시,북변동,230-6,1,4063171,265000000,65.2,2016,제1종근린생활,제1종일반주거,2025
경기,김포시,북변동,281-5,3,12622721,178000000,13.8,2009,제1종근린생활,일반상업,2026
경기,김포시,북변동,4**,2,5431648,1117930000,176.3,2006,제2종근린생활,제1종일반주거,2025
경기,김포시,북변동,690,2,1206897,168000000,139.2,1995,제2종근린생활,제2종일반주거,2026
경기,김포시,북변동,7**,1,2049431,1840000000,897.8,1995,교육연구,제1종일반주거,2024
경기,김포시,북변동,8**,1,40478125,7771800000,192.0,2007,제1종근린생활,자연녹지,2025
경기,김포시,북변동,821,1,2536232,245000000,96.6,2000,제2종근린생활,준주거,2024
경기,김포시,북변동,822,2,1927914,155000000,80.2,2000,제1종근린생활,준주거,2026
경기,김포시,북변동,823,1,2400845,250000000,104.1,2000,제2종근린생활,준주거,2025
경기,김포시,북변동,825,2,2189647,352500000,194.7,2003,제1종근린생활,준주거,2025
경기,김포시,북변동,826,4,11209082,225920000,26.1,2001,제1종근린생활,준주거,2025
경기,김포시,북변동,827,2,2290057,910000000,397.4,2000,제2종근린생활,준주거,2025
경기,김포시,북변동,829,2,2260620,260000000,138.8,2000,제2종근린생활,준주거,2026
경기,김포시,북변동,902,1,1361656,75000000,55.1,2006,제2종근린생활,제1종일반주거,2025
경기,김포시,사우동,1***,1,4718704,387500000,82.1,1983,제2종근린생활,제1종일반주거,2024
경기,김포시,사우동,107-24,1,3731343,215000000,57.6,2020,제1종근린생활,제1종일반주거,2026
경기,김포시,사우동,2**,3,1726727,890000000,97.2,1995,제2종근린생활,제1종일반주거,2025
경기,김포시,사우동,3**,2,6205078,330000000,53.2,2001,제2종근린생활,제1종일반주거,2025
경기,김포시,사우동,407-49,5,2946079,239780000,68.6,2021,제1종근린생활,제1종일반주거,2024
경기,김포시,사우동,6**,1,11867291,5580000000,470.2,,제2종근린생활,생산녹지,2025
경기,김포시,사우동,875,5,2782194,280000000,75.5,2000,제1종근린생활,준주거,2025
경기,김포시,사우동,877,3,3483121,371890000,94.2,2001,제1종근린생활,준주거,2026
경기,김포시,사우동,878,1,2199074,57000000,25.9,2003,업무,준주거,2025
경기,김포시,사우동,881,1,9722222,245000000,25.2,2002,제2종근린생활,준주거,2024
경기,김포시,사우동,923,5,2199662,185000000,81.6,2004,교육연구,준주거,2026
경기,김포시,사우동,924,3,2259436,100000000,45.0,2003,교육연구,준주거,2025
경기,김포시,사우동,928,1,6019262,150000000,24.9,,제2종근린생활,준주거,2026
경기,김포시,사우동,929,1,2164928,550000000,254.0,2003,제2종근린생활,준주거,2025
경기,김포시,사우동,932,1,4460094,190000000,42.6,,제1종근린생활,준주거,2025
경기,김포시,사우동,942,3,2614379,24000000,9.2,2003,제2종근린생활,준주거,2026
경기,김포시,양촌읍 구래리,1**,1,6794613,1009000000,148.5,2022,제2종근린생활,자연녹지,2026
경기,김포시,양촌읍 구래리,6**,1,5084746,360000000,70.8,2021,제2종근린생활,자연녹지,2025
경기,김포시,양촌읍 구래리,7**,11,12660256,1612240000,124.8,2020,제2종근린생활,생산녹지,2026
경기,김포시,양촌읍 구래리,8**,3,5746626,1468000000,264.0,2023,제2종근린생활,자연녹지,2026
경기,김포시,양촌읍 누산리,1**,1,1747830,1087500000,622.2,,제2종근린생활,제1종일반주거,2025
경기,김포시,양촌읍 누산리,1***,4,2450466,385000000,173.2,2010,제1종근린생활,농림,2026
경기,김포시,양촌읍 누산리,6**,1,4213483,900000000,213.6,1995,제1종근린생활,계획관리,2024
경기,김포시,양촌읍 누산리,7**,1,2878788,570000000,198.0,2023,제1종근린생활,농림,2024
경기,김포시,양촌읍 대포리,1*,2,4870094,706000000,142.1,2018,제1종근린생활,보전녹지,2026
경기,김포시,양촌읍 대포리,40,6,1132622,46000000,40.5,2008,제2종근린생활,자연녹지,2026
경기,김포시,양촌읍 대포리,6*,1,3736498,595000000,159.2,1996,제2종근린생활,자연녹지,2026
경기,김포시,양촌읍 대포리,8*,1,4705882,1248000000,265.2,2017,제2종근린생활,자연녹지,2025
경기,김포시,양촌읍 석모리,7**,1,10583878,2137520000,202.0,2018,제2종근린생활,자연녹지,2025
경기,김포시,양촌읍 양곡리,1**,7,5185691,3150000000,302.4,2018,제2종근린생활,제2종일반주거,2025
경기,김포시,양촌읍 양곡리,1238,2,4102564,160000000,39.0,2010,제2종근린생활,제3종일반주거,2025
경기,김포시,양촌읍 양곡리,1241,1,8333333,250000000,30.0,2020,제2종근린생활,제3종일반주거,2024
경기,김포시,양촌읍 양곡리,2**,1,7013878,687360000,98.0,2021,제2종근린생활,자연녹지,2026
경기,김포시,양촌읍 양곡리,409,1,3378378,75000000,22.2,,제2종근린생활,준주거,2026
경기,김포시,양촌읍 양곡리,412-15,2,456488,135000000,301.2,1995,제2종근린생활,제1종일반주거,2026
경기,김포시,양촌읍 양곡리,412-5,1,387497,60000000,154.8,2021,제1종근린생활,일반상업,2026
경기,김포시,양촌읍 양곡리,443,11,1288028,133620000,103.7,2009,제1종근린생활,일반상업,2025
경기,김포시,양촌읍 양곡리,6**,1,6771856,855150000,126.3,2020,제2종근린생활,자연녹지,2025
경기,김포시,양촌읍 유현리,3*,1,7989899,791000000,99.0,2018,제2종근린생활,생산녹지,2026
경기,김포시,양촌읍 유현리,3**,4,4095408,670000000,185.6,2016,제2종근린생활,자연녹지,2026
경기,김포시,양촌읍 유현리,4**,3,5949495,589000000,99.0,2026,제2종근린생활,자연녹지,2026
경기,김포시,양촌읍 유현리,5**,2,5237374,518500000,99.0,2018,제2종근린생활,자연녹지,2026
경기,김포시,양촌읍 학운리,2**,4,5677273,1318055000,250.0,2011,제2종근린생활,자연녹지,2026
경기,김포시,양촌읍 학운리,2***,1,1263754,4500000000,3560.8,2010,제2종근린생활,준공업,2026
경기,김포시,양촌읍 학운리,2981,3,3297130,170000000,51.6,2017,제2종근린생활,준공업,2026
경기,김포시,양촌읍 학운리,3**,5,3394195,760860000,250.8,2022,제2종근린생활,자연녹지,2025
경기,김포시,양촌읍 학운리,3***,1,5440587,1630000000,299.6,2020,제2종근린생활,준공업,2026
경기,김포시,양촌읍 학운리,3560,1,3119913,115000000,36.9,2017,제1종근린생활,준공업,2025
경기,김포시,양촌읍 학운리,3884,5,2421308,150000000,62.0,2021,제2종근린생활,준공업,2026
경기,김포시,양촌읍 흥신리,2**,4,2961734,925975000,317.0,2018,제2종근린생활,계획관리,2026
경기,김포시,양촌읍 흥신리,5**,1,2258540,720000000,318.8,2023,제2종근린생활,계획관리,2025
경기,김포시,운양동,1**,1,4655244,1114000000,239.3,2019,제2종근린생활,자연녹지,2025
경기,김포시,운양동,1***,5,7180650,1900000000,264.6,2021,제1종근린생활,보전녹지,2025
경기,김포시,운양동,1249-1,7,2746294,63110000,23.0,2013,제1종근린생활,제3종일반주거,2026
경기,김포시,운양동,1288-1,4,5725149,275000000,44.8,2017,제1종근린생활,제1종일반주거,2026
경기,김포시,운양동,1296-1,10,15327696,800000000,52.2,2017,제2종근린생활,준주거,2026
경기,김포시,운양동,1296-2,1,6994819,270000000,38.6,2017,제2종근린생활,준주거,2025
경기,김포시,운양동,1296-3,3,21464646,850000000,39.6,2018,제1종근린생활,준주거,2025
경기,김포시,운양동,1296-7,3,3205128,212500000,65.5,2018,제2종근린생활,근린상업,2026
경기,김포시,운양동,1297-1,3,3881318,450000000,115.9,2013,제1종근린생활,준주거,2025
경기,김포시,운양동,1297-7,4,8995228,505650000,72.8,2014,교육연구,근린상업,2025
경기,김포시,운양동,1297-9,6,2926539,200000000,54.2,2014,제2종근린생활,근린상업,2025
경기,김포시,운양동,1298-1,1,5037037,510000000,101.2,2014,제2종근린생활,근린상업,2025
경기,김포시,운양동,1298-3,5,2614462,410000000,156.8,2016,기타,근린상업,2025
경기,김포시,운양동,1299-1,1,13552361,660000000,48.7,2014,판매,근린상업,2026
경기,김포시,운양동,1305-1,1,9580672,345000000,36.0,2017,제2종근린생활,제3종일반주거,2025
경기,김포시,운양동,1306-6,6,3364328,308000000,72.8,2018,제2종근린생활,근린상업,2026
경기,김포시,운양동,1307-3,3,4197649,700000000,165.6,2018,교육연구,근린상업,2025
경기,김포시,운양동,1307-4,1,4166667,200000000,48.0,2017,제2종근린생활,준주거,2025
경기,김포시,운양동,1307-5,2,1591512,90000000,56.6,2019,제1종근린생활,준주거,2025
경기,김포시,운양동,1307-6,1,6802721,200000000,29.4,2018,제1종근린생활,준주거,2026
경기,김포시,운양동,1427-1,1,2861089,290000000,101.4,2014,제2종근린생활,준주거,2026
경기,김포시,운양동,1431-2,2,1832911,230480000,125.3,2015,제1종근린생활,준주거,2024
경기,김포시,운양동,1431-4,1,1312343,125250000,95.4,2014,제2종근린생활,준주거,2025
경기,김포시,운양동,1435-1,1,5851852,237000000,40.5,2000,제2종근린생활,제3종일반주거,2025
경기,김포시,운양동,1437,2,2577557,60000000,23.4,1999,제2종근린생활,제3종일반주거,2026
경기,김포시,운양동,1439-1,1,4691358,190000000,40.5,2000,제2종근린생활,제3종일반주거,2024
경기,김포시,운양동,8**,1,6062243,589250000,97.2,2014,제1종근린생활,자연녹지,2026
경기,김포시,월곶면 갈산리,*,1,2567648,390000000,151.9,2023,제2종근린생활,계획관리,2024
경기,김포시,월곶면 갈산리,1*,1,2590545,427440000,165.0,2017,제2종근린생활,계획관리,2025
경기,김포시,월곶면 갈산리,1**,5,3807500,787000000,190.0,2022,제1종근린생활,생산관리,2026
경기,김포시,월곶면 갈산리,4*,1,4483960,2219560000,495.0,2025,제2종근린생활,계획관리,2026
경기,김포시,월곶면 갈산리,4**,2,3668687,726400000,198.0,2016,제2종근린생활,계획관리,2026
경기,김포시,월곶면 갈산리,5**,1,1537699,2450000000,1593.3,1995,숙박,계획관리,2024
경기,김포시,월곶면 갈산리,6*,1,2164526,411260000,190.0,2023,제2종근린생활,계획관리,2025
경기,김포시,월곶면 개곡리,3*,1,399792,250430000,626.4,2001,제2종근린생활,생산관리,2025
경기,김포시,월곶면 개곡리,3**,1,1598785,400000000,250.2,,제2종근린생활,계획관리,2024
경기,김포시,월곶면 개곡리,5**,1,2567568,798000000,310.8,2016,제1종근린생활,보전관리,2025
경기,김포시,월곶면 개곡리,6**,2,2571854,1420000000,545.0,2018,제2종근린생활,계획관리,2025
경기,김포시,월곶면 개곡리,7**,1,3715278,535000000,144.0,2019,제1종근린생활,생산관리,2025
경기,김포시,월곶면 고막리,1*,5,1590909,315000000,198.0,1995,제2종근린생활,계획관리,2026
경기,김포시,월곶면 고막리,4**,1,910690,580000000,636.9,1987,제2종근린생활,제2종일반주거,2025
경기,김포시,월곶면 고양리,1**,4,3081462,544600000,153.0,2023,제2종근린생활,계획관리,2026
경기,김포시,월곶면 고양리,4**,1,1992478,1131010000,567.6,,제2종근린생활,계획관리,2024
경기,김포시,월곶면 고양리,5**,3,2006843,794710000,396.0,2006,제1종근린생활,계획관리,2026
경기,김포시,월곶면 군하리,2**,3,4288870,1400000000,326.0,2023,제2종근린생활,생산녹지,2025
경기,김포시,월곶면 군하리,3**,1,3166698,1170000000,369.5,2017,제2종근린생활,생산녹지,2026
경기,김포시,월곶면 군하리,412-3,1,1303781,110000000,84.4,2020,제2종근린생활,계획관리,2025
경기,김포시,월곶면 군하리,5*,1,1388889,140000000,100.8,1983,제1종근린생활,제2종일반주거,2026
경기,김포시,월곶면 성동리,1**,1,1757897,650000000,369.8,2008,제2종근린생활,계획관리,2026
경기,김포시,월곶면 포내리,1**,1,644202,550000000,853.8,,제2종근린생활,계획관리,2025
경기,김포시,장기동,1324,2,11497828,885000000,104.1,2001,제1종근린생활,제3종일반주거,2025
경기,김포시,장기동,1339,2,8771930,240000000,27.4,2001,제2종근린생활,제3종일반주거,2026
경기,김포시,장기동,1342,1,13020833,375000000,28.8,2001,제1종근린생활,제3종일반주거,2026
경기,김포시,장기동,1399,1,3808073,500000000,131.3,2008,제2종근린생활,제1종일반주거,2025
경기,김포시,장기동,1600,1,3135976,250000000,79.7,2008,제1종근린생활,일반상업,2026
경기,김포시,장기동,1601,2,3156582,440000000,139.7,2018,제1종근린생활,일반상업,2026
경기,김포시,장기동,1603,1,2955637,517000000,174.9,2012,교육연구,일반상업,2025
경기,김포시,장기동,1607,1,2707930,350000000,129.2,2013,제1종근린생활,일반상업,2026
경기,김포시,장기동,1608,7,3104389,305000000,87.9,2013,업무,일반상업,2026
경기,김포시,장기동,1609,3,3406510,315000000,92.5,2009,제2종근린생활,일반상업,2026
경기,김포시,장기동,1611,1,22857143,480000000,21.0,2009,제2종근린생활,일반상업,2026
경기,김포시,장기동,1622,1,15202703,360000000,23.7,2008,제2종근린생활,일반상업,2026
경기,김포시,장기동,1865-4,1,8144981,400000000,49.1,2020,제2종근린생활,제3종일반주거,2026
경기,김포시,장기동,1868-11,1,3708441,400660000,108.0,2014,제2종근린생활,준주거,2025
경기,김포시,장기동,1868-5,2,3366230,201580000,62.8,2013,제1종근린생활,준주거,2026
경기,김포시,장기동,1868-8,2,7668522,460000000,61.2,2013,제2종근린생활,준주거,2026
경기,김포시,장기동,1885-10,1,9913793,230000000,23.2,,제2종근린생활,제3종일반주거,2024
경기,김포시,장기동,1886-2,1,9208103,100000000,10.9,2011,제2종근린생활,제3종일반주거,2025
경기,김포시,장기동,1886-5,1,3831776,410000000,107.0,2012,제2종근린생활,준주거,2025
경기,김포시,장기동,1894-9,2,4578133,249000000,54.5,2022,제2종근린생활,제1종일반주거,2026
경기,김포시,장기동,2***,1,2503104,7500000000,2996.3,2017,제2종근린생활,일반상업,2025
경기,김포시,장기동,2008-1,7,15298719,883960000,57.8,2020,제1종근린생활,준주거,2026
경기,김포시,장기동,2008-2,1,8236808,320000000,38.8,2019,제1종근린생활,준주거,2024
경기,김포시,장기동,2008-3,2,9434032,350000000,37.1,2019,제1종근린생활,준주거,2025
경기,김포시,장기동,2008-4,3,7164081,401690000,56.1,2020,업무,준주거,2025
경기,김포시,장기동,2011-1,4,5239176,1115150000,275.7,2020,기타,준주거,2024
경기,김포시,장기동,2025-5,1,3171355,310000000,97.8,2017,제1종근린생활,일반상업,2025
경기,김포시,장기동,2026-1,1,5801906,280000000,48.3,2016,제1종근린생활,일반상업,2026
경기,김포시,장기동,2031,1,8820935,600000000,68.0,2017,제2종근린생활,일반상업,2025
경기,김포시,장기동,2039-2,2,2967826,405000000,136.8,2017,제2종근린생활,준주거,2025
경기,김포시,장기동,2039-9,1,2714214,325000000,119.7,2014,제2종근린생활,준주거,2025
경기,김포시,장기동,2055-3,2,2304049,225000000,99.8,2012,교육연구,준주거,2026
경기,김포시,장기동,2077-6,2,12781237,650000000,50.9,2018,제2종근린생활,일반상업,2025
경기,김포시,장기동,2080-2,6,3210138,350145000,68.2,2017,제2종근린생활,일반상업,2025
경기,김포시,장기동,2193,1,7597173,430000000,56.6,2017,제2종근린생활,제2종일반주거,2025
경기,김포시,통진읍 가현리,1**,1,4044229,707740000,175.0,2022,제2종근린생활,자연녹지,2024
경기,김포시,통진읍 가현리,2**,3,5572424,623240000,99.0,2021,제2종근린생활,생산녹지,2026
경기,김포시,통진읍 가현리,3**,9,4363636,864300000,190.0,2019,제2종근린생활,계획관리,2026
경기,김포시,통진읍 가현리,6**,4,2862096,605275000,227.4,2011,제2종근린생활,계획관리,2026
경기,김포시,통진읍 가현리,7**,2,1651209,839755000,543.9,2014,제2종근린생활,계획관리,2025
경기,김포시,통진읍 가현리,8**,2,4318469,770585000,188.4,2016,제2종근린생활,계획관리,2025
경기,김포시,통진읍 가현리,9*,2,4337418,533855000,136.0,2022,제2종근린생활,자연녹지,2025
경기,김포시,통진읍 고정리,1**,4,2596088,288000000,144.5,2022,제2종근린생활,계획관리,2026
경기,김포시,통진읍 고정리,2**,2,1999359,592250000,265.0,2005,기타,계획관리,2026
경기,김포시,통진읍 고정리,3**,7,3184615,639510000,198.0,2022,제2종근린생활,계획관리,2026
경기,김포시,통진읍 고정리,4**,4,2852606,562485000,134.6,2022,제2종근린생활,계획관리,2025
경기,김포시,통진읍 고정리,5**,1,1323811,152000000,114.8,2002,제2종근린생활,생산관리,2025
경기,김포시,통진읍 귀전리,*,2,3008036,1397000000,446.7,2001,제2종근린생활,계획관리,2025
경기,김포시,통진읍 귀전리,1*,1,2525253,500000000,198.0,2008,제2종근린생활,계획관리,2026
경기,김포시,통진읍 귀전리,2*,1,2718769,1060320000,390.0,2022,제2종근린생활,계획관리,2025
경기,김포시,통진읍 귀전리,2**,3,2886667,573000000,198.0,2023,제2종근린생활,계획관리,2025
경기,김포시,통진읍 귀전리,3*,1,1212082,453670000,374.3,2008,제2종근린생활,계획관리,2025
경기,김포시,통진읍 귀전리,3**,6,2963990,586870000,198.0,2025,제2종근린생활,계획관리,2026
경기,김포시,통진읍 귀전리,5*,1,3020113,1446000000,478.8,2019,제2종근린생활,계획관리,2024
경기,김포시,통진읍 귀전리,5**,2,2744381,686375000,253.6,2024,제2종근린생활,계획관리,2026
경기,김포시,통진읍 귀전리,7*,1,3541814,703050000,198.5,2013,제2종근린생활,계획관리,2024
경기,김포시,통진읍 귀전리,8*,1,3094159,1975930000,638.6,,제2종근린생활,계획관리,2024
경기,김포시,통진읍 도사리,1*,1,2155310,1071620000,497.2,2025,제2종근린생활,농림,2025
경기,김포시,통진읍 도사리,1**,2,2609043,4458750000,1709.0,2020,기타,자연녹지,2025
경기,김포시,통진읍 도사리,4**,1,4705882,800000000,170.0,1994,제2종근린생활,자연녹지,2025
경기,김포시,통진읍 도사리,5**,1,1245664,1228000000,985.8,,제2종근린생활,계획관리,2025
경기,김포시,통진읍 도사리,6**,1,1597212,2200000000,1377.4,2004,제2종근린생활,계획관리,2026
경기,김포시,통진읍 도사리,7**,5,3571429,725000000,264.0,2000,제1종근린생활,자연녹지,2026
경기,김포시,통진읍 도사리,8**,1,2855212,1043580000,365.5,2008,제2종근린생활,계획관리,2025
경기,김포시,통진읍 동을산리,*,1,1847134,290000000,157.0,2019,제2종근린생활,계획관리,2025
경기,김포시,통진읍 동을산리,1*,1,2613091,1034000000,395.7,2015,제2종근린생활,계획관리,2024
경기,김포시,통진읍 동을산리,2**,2,2080946,829590000,398.7,,제2종근린생활,계획관리,2025
경기,김포시,통진읍 동을산리,4**,1,1143646,207000000,181.0,2001,제2종근린생활,계획관리,2024
경기,김포시,통진읍 동을산리,8*,1,2803719,678500000,242.0,2024,제2종근린생활,계획관리,2026
경기,김포시,통진읍 동을산리,9*,1,2861879,807050000,282.0,2021,제2종근린생활,계획관리,2025
경기,김포시,통진읍 마송리,1**,9,2547258,3762200000,1478.0,2017,기타,자연녹지,2026
경기,김포시,통진읍 마송리,134,1,3170732,65000000,20.5,1997,제2종근린생활,제2종일반주거,2026
경기,김포시,통진읍 마송리,2**,2,2787708,906625000,332.0,2020,제1종근린생활,자연녹지,2025
경기,김포시,통진읍 마송리,3**,6,3779067,958340000,248.5,2024,제2종근린생활,자연녹지,2026
경기,김포시,통진읍 마송리,4**,11,3857542,840000000,183.0,2024,제2종근린생활,자연녹지,2026
경기,김포시,통진읍 마송리,512,4,3642502,102500000,28.1,2010,제1종근린생활,제2종일반주거,2025
경기,김포시,통진읍 마송리,513,1,9819747,365000000,37.2,2021,제2종근린생활,제2종일반주거,2024
경기,김포시,통진읍 마송리,515-1,1,815217,105000000,128.8,2016,제1종근린생활,준주거,2026
경기,김포시,통진읍 마송리,515-4,1,2567844,440000000,171.4,2015,제2종근린생활,준주거,2026
경기,김포시,통진읍 마송리,521-3,3,5944444,1005800000,35.7,2023,제1종근린생활,준주거,2025
경기,김포시,통진읍 마송리,568,1,4124926,140000000,33.9,2023,제2종근린생활,제2종일반주거,2026
경기,김포시,통진읍 서암리,1**,3,2760033,1327300000,480.9,2024,제2종근린생활,계획관리,2025
경기,김포시,통진읍 서암리,2**,3,5642222,602000000,99.0,2021,제2종근린생활,자연녹지,2025
경기,김포시,통진읍 서암리,3*,3,2937525,581630000,198.0,2023,제2종근린생활,계획관리,2026
경기,김포시,통진읍 서암리,3**,2,5511620,990635000,183.0,2022,제2종근린생활,자연녹지,2026
경기,김포시,통진읍 서암리,4*,1,2754407,1375000000,499.2,,제2종근린생활,계획관리,2024
경기,김포시,통진읍 서암리,726-3,1,333333,4000000,12.0,1995,제1종근린생활,일반상업,2024
경기,김포시,통진읍 수참리,2**,1,3628629,1450000000,399.6,,제2종근린생활,계획관리,2025
경기,김포시,통진읍 옹정리,1**,1,1279403,252810000,197.6,2013,제2종근린생활,계획관리,2024
경기,김포시,통진읍 옹정리,3**,1,3390679,1626000000,479.6,,제2종근린생활,계획관리,2026
경기,김포시,통진읍 옹정리,8*,4,4470808,463805000,99.0,2024,제2종근린생활,계획관리,2026
경기,김포시,풍무동,1***,1,4233138,2550000000,602.4,,제2종근린생활,준주거,2026
경기,김포시,풍무동,1-20,2,1121795,105000000,93.6,1993,제1종근린생활,제2종일반주거,2024
경기,김포시,풍무동,1004,1,5383895,230000000,42.7,2020,제2종근린생활,일반상업,2025
경기,김포시,풍무동,1023,1,4150548,515000000,124.1,2019,제2종근린생활,준주거,2026
경기,김포시,풍무동,1060,2,4951419,1118500000,559.3,2016,교육연구,제2종일반주거,2026
경기,김포시,풍무동,147,1,8214286,207000000,25.2,2000,제1종근린생활,제3종일반주거,2025
경기,김포시,풍무동,421-8,1,9788360,370000000,37.8,2020,판매,제1종일반주거,2025
경기,김포시,풍무동,425,13,4950213,174000000,35.2,2011,제1종근린생활,제1종일반주거,2025
경기,김포시,풍무동,5**,1,2334734,1400000000,599.6,2013,기타,제1종일반주거,2024
경기,김포시,풍무동,532-3,5,2102607,250000000,121.1,2005,교육연구,제1종일반주거,2025
경기,김포시,풍무동,583-6,1,3654971,75000000,20.5,,제1종근린생활,제2종일반주거,2025
경기,김포시,풍무동,6**,5,4850445,600000000,163.6,2002,제2종근린생활,자연녹지,2026
경기,김포시,풍무동,7*,1,14375000,1380000000,96.0,2013,제2종근린생활,자연녹지,2026
경기,김포시,풍무동,748,2,7371307,210000000,28.8,2002,제1종근린생활,제2종일반주거,2026
경기,김포시,풍무동,784,1,4054589,205000000,50.6,2018,제2종근린생활,제2종일반주거,2025
경기,김포시,풍무동,787,1,2783899,758000000,272.3,2018,제2종근린생활,준주거,2025
경기,김포시,풍무동,788,3,3297484,325000000,98.6,2018,제2종근린생활,준주거,2025
경기,김포시,풍무동,894,1,1968814,250000000,127.0,2018,제2종근린생활,준주거,2024
경기,김포시,풍무동,923,1,7625272,350000000,45.9,2018,제1종근린생활,일반상업,2026
경기,김포시,풍무동,924,5,7869124,670000000,85.9,2023,제1종근린생활,일반상업,2025
경기,김포시,풍무동,926,1,3542510,280000000,79.0,2018,제2종근린생활,준주거,2025
경기,김포시,풍무동,936,2,7968583,253500000,32.1,2018,제2종근린생활,제2종일반주거,2024
경기,김포시,풍무동,943,1,5148766,244000000,47.4,2020,제1종근린생활,일반상업,2024
경기,김포시,풍무동,948,3,6813063,363000000,53.3,2018,제1종근린생활,일반상업,2026
경기,김포시,풍무동,962,1,2448646,360000000,147.0,2017,제1종근린생활,준주거,2026
경기,김포시,하성면 가금리,4**,1,2536744,654480000,258.0,2008,제2종근린생활,계획관리,2026
경기,김포시,하성면 마곡리,2**,2,4600725,1602030000,352.4,2022,제2종근린생활,자연녹지,2026
경기,김포시,하성면 마곡리,3**,1,4021033,520000000,129.3,2017,제2종근린생활,자연녹지,2025
경기,김포시,하성면 마곡리,4**,3,4927923,901810000,182.8,2021,제2종근린생활,자연녹지,2025
경기,김포시,하성면 마곡리,5**,1,4276014,949660000,222.1,2020,제1종근린생활,자연녹지,2025
경기,김포시,하성면 봉성리,1**,3,1851852,707670000,396.0,2018,제2종근린생활,농림,2026
경기,김포시,하성면 봉성리,2*,1,1214064,337000000,277.6,2008,제2종근린생활,계획관리,2026
경기,김포시,하성면 봉성리,4*,1,1057245,957240000,905.4,2011,제2종근린생활,계획관리,2025
경기,김포시,하성면 석탄리,1**,1,3666667,330000000,90.0,2020,제1종근린생활,생산관리,2025
경기,김포시,하성면 석탄리,2**,1,3505645,434700000,124.0,2023,제1종근린생활,생산관리,2024
경기,김포시,하성면 석탄리,4**,1,2005013,400000000,199.5,2019,제2종근린생활,계획관리,2026
경기,김포시,하성면 석탄리,6**,1,2094972,750000000,358.0,2008,제1종근린생활,계획관리,2026
경기,김포시,하성면 석탄리,9*,1,2693771,538000000,199.7,2008,제1종근린생활,계획관리,2025
경기,김포시,하성면 양택리,2*,3,3249290,503640000,155.0,2022,제2종근린생활,생산관리,2025
경기,김포시,하성면 양택리,2**,6,3482955,527000000,165.0,2024,제2종근린생활,계획관리,2025
경기,김포시,하성면 양택리,3**,1,3030303,500000000,165.0,2025,제2종근린생활,계획관리,2025
경기,김포시,하성면 양택리,5**,1,1398000,349500000,250.0,2018,제1종근린생활,생산관리,2025
경기,김포시,하성면 양택리,9*,1,1479798,586000000,396.0,2009,제2종근린생활,생산관리,2025
경기,김포시,하성면 원산리,1**,6,2166562,431255000,195.5,2022,제2종근린생활,계획관리,2026
경기,김포시,하성면 원산리,2*,1,1810066,681490000,376.5,1995,제2종근린생활,계획관리,2026
경기,김포시,하성면 원산리,2**,4,2024958,352885000,179.0,2019,제2종근린생활,계획관리,2026
경기,김포시,하성면 원산리,3**,3,3869721,679910000,175.7,2015,제1종근린생활,생산관리,2025
경기,김포시,하성면 원산리,5**,4,2862106,564600000,183.0,2010,제2종근린생활,계획관리,2026
경기,김포시,하성면 원산리,6**,2,1491813,259100000,164.8,2006,제2종근린생활,계획관리,2026
경기,김포시,하성면 전류리,3**,1,2356021,668780000,283.9,2021,제2종근린생활,농림,2024
경기,김포시,하성면 하사리,6*,1,1701111,336820000,198.0,2015,제2종근린생활,계획관리,2026
경기,김포시,하성면 후평리,3**,1,2883793,148400000,51.5,,제2종근린생활,생산관리,2025
경기,김포시,하성면 후평리,9*,1,2025463,280000000,138.2,2011,제2종근린생활,계획관리,2025
경기,남양주시,금곡동,1**,1,16030534,2772000000,172.9,2001,제1종근린생활,제1종일반주거,2026
경기,남양주시,금곡동,152-76,1,3238866,160000000,49.4,1988,제1종근린생활,제1종일반주거,2025
경기,남양주시,금곡동,153-1,1,3755957,1600000000,426.0,2003,기타,준주거,2026
경기,남양주시,금곡동,157-1,1,2780868,200000000,71.9,2011,제1종근린생활,제1종일반주거,2025
경기,남양주시,금곡동,159-66,2,3180556,114500000,36.0,1987,제1종근린생활,제1종일반주거,2025
경기,남양주시,금곡동,2**,1,4381332,395240000,90.2,2016,제2종근린생활,제1종일반주거,2024
경기,남양주시,금곡동,4**,1,4309764,1920000000,445.5,2000,제1종근린생활,준주거,2024
경기,남양주시,금곡동,406-86,1,2587537,1325000000,512.1,,기타,일반상업,2025
경기,남양주시,금곡동,416-1,3,2587537,250000000,56.5,2003,교육연구,일반상업,2026
경기,남양주시,금곡동,5**,2,4447007,1521000000,324.4,2021,제2종근린생활,제1종일반주거,2026
경기,남양주시,금곡동,6**,1,4548470,480000000,105.5,,제2종근린생활,제1종일반주거,2026
경기,남양주시,금곡동,651-10,5,1614231,250000000,152.6,2003,제2종근린생활,일반상업,2025
경기,남양주시,금곡동,678-2,1,1587302,200000000,126.0,,기타,제1종일반주거,2026
경기,남양주시,금곡동,7**,2,6409317,2604445000,414.7,2024,제2종근린생활,제1종일반주거,2025
경기,남양주시,금곡동,776,1,1438021,150000000,104.3,2008,제2종근린생활,제3종일반주거,2025
경기,남양주시,다산동,3***,3,6039457,2482700000,411.1,1979,제2종근린생활,준주거,2025
경기,남양주시,다산동,4***,1,3029677,880000000,290.5,,제2종근린생활,일반상업,2026
경기,남양주시,다산동,4001-29,3,27407987,700000000,25.5,2008,판매,제1종일반주거,2025
경기,남양주시,다산동,4002-32,1,15325670,600000000,39.2,2002,제1종근린생활,제3종일반주거,2025
경기,남양주시,다산동,4026-6,1,3413253,205000000,60.1,1999,제2종근린생활,제2종일반주거,2026
경기,남양주시,다산동,4065,13,4135649,200000000,48.4,2004,제2종근린생활,제1종일반주거,2025
경기,남양주시,다산동,4432-2,1,3019024,73000000,24.2,2005,제2종근린생활,준공업,2025
경기,남양주시,다산동,4438,1,6255585,350000000,56.0,2024,판매,준주거,2025
경기,남양주시,다산동,6014,2,6250000,200000000,32.0,2018,제2종근린생활,제3종일반주거,2025
경기,남양주시,다산동,6020,1,20259532,935180000,46.2,2019,제2종근린생활,준주거,2024
경기,남양주시,다산동,6024,2,13022764,435000000,33.2,2017,제2종근린생활,제2종일반주거,2024
경기,남양주시,다산동,6030-1,1,6818182,210000000,30.8,2018,제1종근린생활,준주거,2025
경기,남양주시,다산동,6030-2,1,10160681,430000000,42.3,2018,제1종근린생활,준주거,2025
경기,남양주시,다산동,6030-3,2,3364480,282500000,84.1,2018,제2종근린생활,준주거,2025
경기,남양주시,다산동,6052,101,4259897,261000000,58.9,2020,기타,일반상업,2025
경기,남양주시,다산동,6053,12,15794454,587000000,40.7,2019,제1종근린생활,일반상업,2025
경기,남양주시,다산동,6053-2,3,3200066,240000000,78.8,2019,제2종근린생활,일반상업,2025
경기,남양주시,다산동,6054-2,1,3215078,290000000,90.2,2018,제1종근린생활,일반상업,2025
경기,남양주시,다산동,6055,1,3914345,170000000,43.4,2019,제2종근린생활,일반상업,2026
경기,남양주시,다산동,6055-2,3,6686567,560000000,83.8,2020,제1종근린생활,일반상업,2024
경기,남양주시,다산동,6055-3,1,3289474,350000000,106.4,2019,교육연구,일반상업,2025
경기,남양주시,다산동,6058,2,8834952,360000000,40.7,2019,제2종근린생활,일반상업,2025
경기,남양주시,다산동,6060,1,4532443,570000000,125.8,2020,제2종근린생활,일반상업,2025
경기,남양주시,다산동,6060-1,1,3846842,215000000,55.9,2019,제2종근린생활,일반상업,2025
경기,남양주시,다산동,6060-4,1,19377990,810000000,41.8,2019,제2종근린생활,일반상업,2024
경기,남양주시,다산동,6061,1,3968254,125000000,31.5,2019,제1종근린생활,일반상업,2025
경기,남양주시,다산동,6061-1,6,14634146,720000000,49.2,2018,제2종근린생활,일반상업,2025
경기,남양주시,다산동,6062,21,3702214,380000000,104.1,2021,기타,일반상업,2025
경기,남양주시,다산동,6063-1,2,4142300,170000000,41.0,2019,제2종근린생활,일반상업,2025
경기,남양주시,다산동,6063-2,7,27647059,940000000,34.0,2021,제1종근린생활,일반상업,2026
경기,남양주시,다산동,6063-3,2,31637679,650000000,20.6,,제2종근린생활,일반상업,2024
경기,남양주시,다산동,6073,5,3686945,205000000,59.7,2022,제2종근린생활,일반상업,2026
경기,남양주시,다산동,6073-2,1,9549795,280000000,29.3,2020,제1종근린생활,일반상업,2025
경기,남양주시,다산동,6079,1,3233720,290000000,89.7,2018,제2종근린생활,준주거,2025
경기,남양주시,다산동,6085,1,2987421,190000000,63.6,2019,제1종근린생활,일반상업,2026
경기,남양주시,다산동,6085-1,2,5626229,324550000,57.5,2023,제2종근린생활,일반상업,2026
경기,남양주시,다산동,6085-2,5,3745569,328350000,76.1,2018,제2종근린생활,일반상업,2026
경기,남양주시,다산동,6087-1,3,3361481,226900000,67.5,2021,제2종근린생활,일반상업,2024
경기,남양주시,다산동,6087-3,2,24222306,1635000000,67.5,2018,제2종근린생활,일반상업,2025
경기,남양주시,다산동,6088,1,2491854,130000000,52.2,2020,업무,일반상업,2025
경기,남양주시,다산동,6088-1,1,23635887,901000000,38.1,2019,제1종근린생활,일반상업,2025
경기,남양주시,다산동,6089-1,11,5920550,310000000,45.3,2019,제1종근린생활,일반상업,2026
경기,남양주시,다산동,6089-2,2,20754717,880000000,42.4,2019,제1종근린생활,일반상업,2026
경기,남양주시,다산동,6124-1,1,5155660,327900000,63.6,2022,제2종근린생활,준주거,2025
경기,남양주시,다산동,6124-2,1,4662005,240000000,51.5,2022,제1종근린생활,준주거,2025
경기,남양주시,다산동,6130-1,1,17117117,570000000,33.3,2019,제1종근린생활,준주거,2025
경기,남양주시,다산동,6143,1,4727273,130000000,27.5,2022,업무,준주거,2026
경기,남양주시,다산동,6147,1,3994732,182000000,45.6,2021,제2종근린생활,준주거,2026
경기,남양주시,다산동,6176,1,5486065,250000000,45.6,2019,제1종근린생활,준주거,2024
경기,남양주시,다산동,6176-1,3,5291005,200000000,37.8,2020,제2종근린생활,준주거,2026
경기,남양주시,다산동,6183,1,15677492,560000000,35.7,2019,제1종근린생활,준주거,2025
경기,남양주시,다산동,6183-1,2,5265822,355000000,69.7,2021,제1종근린생활,준주거,2025
경기,남양주시,다산동,6183-4,1,27897540,1100000000,39.4,2021,제1종근린생활,준주거,2025
경기,남양주시,다산동,6183-5,1,6844292,280000000,40.9,2021,제2종근린생활,준주거,2026
경기,남양주시,다산동,6184-4,2,7025520,175000000,24.9,2022,업무,준주거,2025
경기,남양주시,다산동,6192-1,6,1745546,869575000,598.8,2023,판매,일반상업,2026
경기,남양주시,다산동,6193-1,7,6549447,225170000,34.4,2021,제1종근린생활,일반상업,2026
경기,남양주시,다산동,6193-2,2,4768993,185000000,38.4,2021,제2종근린생활,일반상업,2025
경기,남양주시,다산동,6208,3,11309524,285000000,25.2,2019,제2종근린생활,제3종일반주거,2026
경기,남양주시,다산동,6215,1,9496676,400000000,42.1,2018,제2종근린생활,제3종일반주거,2026
경기,남양주시,다산동,6216-4,5,16078094,560000000,34.8,2019,제1종근린생활,준주거,2024
경기,남양주시,다산동,6217-2,3,23522048,826800000,35.2,2019,제1종근린생활,준주거,2024
경기,남양주시,다산동,6234,2,11469222,390000000,34.0,2019,제2종근린생활,제3종일반주거,2025
경기,남양주시,다산동,666-1,3,3237952,193500000,59.8,2012,업무,준주거,2025
경기,남양주시,다산동,666-3,5,2806961,250000000,85.9,2009,제2종근린생활,준주거,2025
경기,남양주시,다산동,667-1,2,2413444,222500000,90.5,2011,제1종근린생활,준주거,2025
경기,남양주시,다산동,668-3,65,1719062,175860000,91.7,2009,제2종근린생활,준주거,2026
경기,남양주시,다산동,675,1,2541438,222020000,87.4,2013,제1종근린생활,제2종일반주거,2025
경기,남양주시,다산동,679-1,3,2330744,105000000,45.0,2008,제2종근린생활,제2종일반주거,2025
경기,남양주시,다산동,683,1,6245891,190000000,30.4,2008,제1종근린생활,제2종일반주거,2025
경기,남양주시,별내동,1***,3,5047730,2940000000,494.5,2017,제2종근린생활,제2종일반주거,2025
경기,남양주시,별내동,1005,25,7608371,530000000,66.9,2021,숙박,일반상업,2025
경기,남양주시,별내동,1006-1,2,3031801,368000000,121.4,2014,교육연구,일반상업,2025
경기,남양주시,별내동,1006-2,10,3125278,440000000,95.0,2014,제2종근린생활,일반상업,2026
경기,남양주시,별내동,1006-3,6,2653339,431815000,145.7,2015,제1종근린생활,일반상업,2025
경기,남양주시,별내동,1007-4,1,3715745,80000000,21.5,,업무,일반상업,2026
경기,남양주시,별내동,1008,1,2682678,210000000,78.3,2014,제1종근린생활,일반상업,2025
경기,남양주시,별내동,1015,3,6369968,375000000,58.9,2013,제1종근린생활,제2종일반주거,2026
경기,남양주시,별내동,1016,1,4223865,280000000,66.3,2015,제2종근린생활,제2종일반주거,2026
경기,남양주시,별내동,1018,1,16636419,550000000,33.1,2012,제1종근린생활,제2종일반주거,2026
경기,남양주시,별내동,1050,1,3125000,100000000,32.0,2012,제2종근린생활,제3종일반주거,2025
경기,남양주시,별내동,1056,1,13017201,280000000,21.5,2012,제2종근린생활,제3종일반주거,2025
경기,남양주시,별내동,1060,2,10744557,340000000,34.0,2013,제1종근린생활,제3종일반주거,2025
경기,남양주시,별내동,1101,2,8375742,395000000,47.2,2013,제2종근린생활,제1종일반주거,2025
경기,남양주시,별내동,1132,4,3740902,168500000,45.0,2013,제1종근린생활,제2종일반주거,2025
경기,남양주시,별내동,2***,1,4688704,1400000000,298.6,,제2종근린생활,개발제한구역,2025
경기,남양주시,별내동,7*,1,1676053,500000000,298.3,2006,제2종근린생활,개발제한구역,2024
경기,남양주시,별내동,8**,2,2832661,4000000000,1412.1,2013,제1종근린생활,제2종일반주거,2026
경기,남양주시,별내동,816,1,4373178,180000000,41.2,2020,제2종근린생활,준주거,2025
경기,남양주시,별내동,823-1,2,3028701,137500000,46.6,2018,제1종근린생활,준주거,2026
경기,남양주시,별내동,823-7,2,3219995,187500000,58.3,2020,제1종근린생활,준주거,2026
경기,남양주시,별내동,824,3,6428308,976910000,152.0,2022,제1종근린생활,준주거,2025
경기,남양주시,별내동,824-2,2,3797935,215000000,59.9,2016,제2종근린생활,준주거,2026
경기,남양주시,별내동,825,1,6379585,160000000,25.1,,업무,준주거,2026
경기,남양주시,별내동,826-10,3,3778906,1143500000,354.6,2013,제2종근린생활,준주거,2026
경기,남양주시,별내동,826-6,1,2677376,240000000,89.6,2016,제2종근린생활,준주거,2026
경기,남양주시,별내동,826-8,3,3716174,546270000,143.8,2015,기타,준주거,2026
경기,남양주시,별내동,826-9,1,2449944,197000000,80.4,,기타,준주거,2024
경기,남양주시,별내동,852,1,6763681,330000000,48.8,2015,제2종근린생활,제3종일반주거,2025
경기,남양주시,별내동,895,1,7301587,230000000,31.5,2019,제2종근린생활,제3종일반주거,2026
경기,남양주시,별내동,913,1,12428571,435000000,35.0,2014,제2종근린생활,제3종일반주거,2024
경기,남양주시,별내동,930,2,3183594,517500000,166.4,2013,교육연구,준주거,2026
경기,남양주시,별내동,968,2,5052756,475000000,94.3,2016,제1종근린생활,제1종일반주거,2025
경기,남양주시,별내동,975-1,3,3605769,135000000,37.4,2021,업무,준주거,2026
경기,남양주시,별내동,975-3,3,3673219,147700000,41.2,2021,업무,준주거,2026
경기,남양주시,별내동,995,8,8299663,585000000,66.1,2021,숙박,일반상업,2025
경기,남양주시,별내동,998,4,2890275,425000000,139.1,2013,교육연구,일반상업,2026
경기,남양주시,별내면 광전리,1**,1,2374142,415000000,174.8,2007,제1종근린생활,제1종일반주거,2026
경기,남양주시,별내면 용암리,1**,1,3006615,300000000,99.8,,제1종근린생활,개발제한구역,2025
경기,남양주시,별내면 용암리,5**,1,5756802,1684210000,292.6,2023,제1종근린생활,개발제한구역,2024
경기,남양주시,별내면 청학리,3**,2,2522039,1612150000,769.9,2018,제1종근린생활,제1종일반주거,2026
경기,남양주시,별내면 청학리,4**,3,3872054,2300000000,630.0,2000,제2종근린생활,제1종일반주거,2025
경기,남양주시,별내면 청학리,409-3,1,3855072,133000000,34.5,1999,제1종근린생활,제3종일반주거,2025
경기,남양주시,별내면 청학리,411-1,2,2874074,97000000,33.8,1999,제2종근린생활,제3종일반주거,2025
경기,남양주시,별내면 청학리,418,2,2032006,2650000000,1304.1,2004,제1종근린생활,준주거,2025
경기,남양주시,별내면 청학리,418-3,2,1088189,66000000,60.6,1999,제1종근린생활,준주거,2026
경기,남양주시,별내면 청학리,428-1,1,1800412,70000000,38.9,2002,업무,준주거,2026
경기,남양주시,별내면 청학리,488,1,4629630,120000000,25.9,1995,제2종근린생활,제3종일반주거,2026
경기,남양주시,삼패동,2**,1,5644898,2250000000,398.6,2012,제2종근린생활,제1종일반주거,2025
경기,남양주시,삼패동,3**,4,7990986,1308300000,180.5,2013,제1종근린생활,제1종일반주거,2026
경기,남양주시,삼패동,4**,4,8585813,1944395000,227.4,2025,제2종근린생활,개발제한구역,2025
경기,남양주시,수동면 내방리,*,1,1678069,130000000,77.5,2014,제1종근린생활,계획관리,2025
경기,남양주시,수동면 내방리,7*,1,3050046,401020000,131.5,2025,제1종근린생활,계획관리,2025
경기,남양주시,수동면 송천리,1**,1,5762411,650000000,112.8,2022,제1종근린생활,계획관리,2024
경기,남양주시,수동면 송천리,2**,2,2169847,290000000,133.6,2012,제2종근린생활,계획관리,2024
경기,남양주시,수동면 송천리,3**,2,3828007,1940000000,507.1,2024,제1종근린생활,계획관리,2025
경기,남양주시,수동면 송천리,4**,1,5966851,648000000,108.6,1994,제2종근린생활,계획관리,2025
경기,남양주시,수동면 수산리,4**,1,2218483,207650000,93.6,,제2종근린생활,계획관리,2025
경기,남양주시,수동면 수산리,9*,1,1745636,224000000,128.3,,제2종근린생활,계획관리,2025
경기,남양주시,수동면 외방리,2**,1,2865053,445000000,155.3,2022,제1종근린생활,계획관리,2025
경기,남양주시,수동면 외방리,3**,2,2047611,416750000,205.8,2014,제2종근린생활,계획관리,2026
경기,남양주시,수동면 외방리,4**,1,1020312,58770000,57.6,2022,제2종근린생활,계획관리,2025
경기,남양주시,수동면 외방리,5**,2,4145500,207275000,50.0,2011,제1종근린생활,생산관리,2024
경기,남양주시,수동면 운수리,1**,2,3218193,1414500000,426.4,2002,기타,계획관리,2025
경기,남양주시,수동면 운수리,2**,1,3385492,1787540000,528.0,,제2종근린생활,계획관리,2026
경기,남양주시,수동면 운수리,3**,3,2322581,1800000000,775.0,2022,제2종근린생활,제1종일반주거,2025
경기,남양주시,수동면 운수리,6*,2,5719285,5559145000,972.0,,제1종근린생활,계획관리,2025
경기,남양주시,수동면 입석리,1**,1,4797980,950000000,198.0,2018,제2종근린생활,계획관리,2026
경기,남양주시,수동면 입석리,2**,1,3270031,512610000,156.8,2023,제1종근린생활,계획관리,2026
경기,남양주시,수동면 입석리,3*,1,6324373,1047000000,165.6,2017,제1종근린생활,계획관리,2025
경기,남양주시,수동면 입석리,5**,2,3290976,1629125000,490.0,2022,제2종근린생활,계획관리,2026
경기,남양주시,수동면 입석리,7*,1,3335616,487000000,146.0,2020,제2종근린생활,계획관리,2025
경기,남양주시,수동면 입석리,8*,1,4132629,172000000,41.6,2016,제1종근린생활,계획관리,2025
경기,남양주시,수석동,1***,1,4074074,1210000000,297.0,2025,제2종근린생활,개발제한구역,2025
경기,남양주시,수석동,3**,1,5422284,1641000000,302.6,2014,제2종근린생활,제1종일반주거,2026
경기,남양주시,오남읍 양지리,1*,1,3093148,2100000000,678.9,2018,제2종근린생활,제1종일반주거,2024
경기,남양주시,오남읍 양지리,1**,1,1887981,16000000000,8474.7,2007,기타,제3종일반주거,2026
경기,남양주시,오남읍 양지리,106-3,34,1999660,248285000,109.2,2007,기타,제3종일반주거,2026
경기,남양주시,오남읍 양지리,2**,1,1777397,2549000000,1434.1,2023,제2종근린생활,자연녹지,2026
경기,남양주시,오남읍 양지리,361-4,1,1763668,100000000,56.7,2020,제1종근린생활,제1종일반주거,2025
경기,남양주시,오남읍 양지리,4**,4,7885729,2599340000,545.5,2007,제2종근린생활,제1종일반주거,2025
경기,남양주시,오남읍 양지리,5**,5,4649220,1320000000,238.2,2009,제2종근린생활,계획관리,2026
경기,남양주시,오남읍 양지리,6**,1,1347449,14000000,10.4,2017,기타,제1종일반주거,2025
경기,남양주시,오남읍 양지리,7**,1,2922718,1630000000,557.7,2004,제2종근린생활,제1종일반주거,2025
경기,남양주시,오남읍 오남리,1**,3,2988506,593000000,43.5,1996,제1종근린생활,제2종일반주거,2026
경기,남양주시,오남읍 오남리,134-10,2,4052425,387500000,166.3,2004,기타,제1종일반주거,2026
경기,남양주시,오남읍 오남리,362,1,1487663,61500000,41.3,1997,제1종근린생활,제1종일반주거,2025
경기,남양주시,오남읍 오남리,475-8,6,2136752,137500000,101.1,2006,제2종근린생활,제1종일반주거,2026
경기,남양주시,오남읍 오남리,5*,3,1192016,1640000000,1375.8,2008,기타,제2종일반주거,2026
경기,남양주시,오남읍 오남리,683-27,6,1669847,35000000,21.0,1993,제1종근린생활,제2종일반주거,2026
경기,남양주시,오남읍 오남리,683-7,6,1647451,62350000,27.4,1990,제1종근린생활,제2종일반주거,2026
경기,남양주시,오남읍 오남리,7**,1,1250567,800000000,639.7,2017,제2종근린생활,제3종일반주거,2024
경기,남양주시,오남읍 오남리,744,7,1305212,52210000,40.0,1999,교육연구,제1종일반주거,2026
경기,남양주시,오남읍 오남리,8**,1,2094518,955100000,456.0,2014,제2종근린생활,계획관리,2026
경기,남양주시,오남읍 팔현리,2**,1,4193352,550000000,131.2,2023,제1종근린생활,생산관리,2024
경기,남양주시,오남읍 팔현리,3**,1,1880878,600000000,319.0,1996,제2종근린생활,생산관리,2025
경기,남양주시,와부읍 덕소리,1**,2,26696742,38037290000,865.4,2003,제2종근린생활,제1종일반주거,2024
경기,남양주시,와부읍 덕소리,112-3,1,2346194,90000000,38.4,1999,제2종근린생활,준주거,2026
경기,남양주시,와부읍 덕소리,161-11,11,4997937,370600000,69.5,2021,제1종근린생활,제3종일반주거,2026
경기,남양주시,와부읍 덕소리,3*,1,7119850,1901000000,267.0,,제1종근린생활,제1종일반주거,2024
경기,남양주시,와부읍 덕소리,3**,2,2354291,1800000000,701.4,2014,제2종근린생활,자연녹지,2025
경기,남양주시,와부읍 덕소리,4**,1,6891120,350000000,50.8,,제2종근린생활,일반상업,2026
경기,남양주시,와부읍 덕소리,461-3,2,11807732,113000000,9.6,1981,제2종근린생활,일반상업,2025
경기,남양주시,와부읍 덕소리,462-50,4,3406514,246000000,50.0,2007,제2종근린생활,일반상업,2025
경기,남양주시,와부읍 덕소리,462-9,3,8721273,160000000,30.4,2007,제1종근린생활,준주거,2025
경기,남양주시,와부읍 덕소리,476-3,3,17094017,420000000,24.6,1996,제2종근린생활,일반상업,2025
경기,남양주시,와부읍 덕소리,483,27,9375000,85000000,8.2,2003,판매,일반상업,2026
경기,남양주시,와부읍 덕소리,484-1,1,6033413,406290000,67.3,2004,제2종근린생활,일반상업,2026
경기,남양주시,와부읍 덕소리,487-1,4,1902062,332990000,196.3,2005,기타,제2종일반주거,2026
경기,남양주시,와부읍 덕소리,5**,4,10423632,2229000000,265.5,,제2종근린생활,개발제한구역,2026
경기,남양주시,와부읍 덕소리,50,3,3491028,132680000,38.1,2007,제1종근린생활,제2종일반주거,2026
경기,남양주시,와부읍 덕소리,537-3,1,4827237,286400000,59.3,1998,제1종근린생활,제3종일반주거,2025
경기,남양주시,와부읍 덕소리,567-3,2,11647314,540000000,46.4,2006,제2종근린생활,제3종일반주거,2025
경기,남양주시,와부읍 덕소리,606-14,1,7361963,360000000,48.9,1998,제1종근린생활,제3종일반주거,2025
경기,남양주시,와부읍 덕소리,612,3,6997901,200000000,28.6,2007,제2종근린생활,제2종일반주거,2026
경기,남양주시,와부읍 도곡리,1***,3,4444444,1180000000,310.0,2006,제1종근린생활,개발제한구역,2025
경기,남양주시,와부읍 도곡리,1012,23,2096436,30000000,15.4,1998,제1종근린생활,제3종일반주거,2025
경기,남양주시,와부읍 도곡리,1117,5,3086420,70000000,22.7,2002,제1종근린생활,제3종일반주거,2025
경기,남양주시,와부읍 도곡리,1125,3,9150198,463000000,50.6,2026,제2종근린생활,제3종일반주거,2026
경기,남양주시,와부읍 도곡리,4**,1,36864094,3000000000,81.4,1988,제2종근린생활,개발제한구역,2026
경기,남양주시,와부읍 도곡리,5**,1,3231475,3200000000,990.3,2017,제1종근린생활,제1종일반주거,2025
경기,남양주시,와부읍 도곡리,6*,1,1485099,590000000,397.3,2008,제1종근린생활,자연녹지,2025
경기,남양주시,와부읍 도곡리,6**,1,4166667,2475000000,594.0,2021,제1종근린생활,제1종일반주거,2026
경기,남양주시,와부읍 도곡리,9**,1,1472713,3150000000,2138.9,2002,교육연구,제3종일반주거,2024
경기,남양주시,와부읍 도곡리,976-1,1,3052104,280000000,91.7,1999,제2종근린생활,제3종일반주거,2025
경기,남양주시,와부읍 도곡리,985,4,9186291,355000000,38.3,2003,제1종근린생활,제3종일반주거,2026
경기,남양주시,와부읍 도곡리,986-1,5,6172840,125000000,20.2,2002,제2종근린생활,제3종일반주거,2025
경기,남양주시,와부읍 월문리,1**,12,2464914,1175000000,476.7,2022,제2종근린생활,계획관리,2026
경기,남양주시,와부읍 월문리,1***,1,3017319,500000000,165.7,1998,제2종근린생활,제1종일반주거,2026
경기,남양주시,와부읍 월문리,2**,1,6244726,592000000,94.8,1995,제2종근린생활,계획관리,2024
경기,남양주시,와부읍 월문리,4**,1,5589955,1291000000,231.0,2024,제2종근린생활,개발제한구역,2026
경기,남양주시,와부읍 월문리,5**,1,3975946,800000000,201.2,,제2종근린생활,제1종일반주거,2025
경기,남양주시,와부읍 월문리,6*,1,3737049,743000000,198.8,2020,제2종근린생활,계획관리,2024
경기,남양주시,와부읍 월문리,6**,2,3547099,456760000,128.8,2024,제2종근린생활,제1종일반주거,2025
경기,남양주시,와부읍 율석리,3**,1,3740984,3347320000,894.8,2012,제2종근린생활,제1종일반주거,2026
경기,남양주시,와부읍 율석리,4**,1,3545285,682680000,192.6,2023,제2종근린생활,제1종일반주거,2026
경기,남양주시,와부읍 율석리,7**,2,3817980,2379000000,720.8,2023,제2종근린생활,개발제한구역,2026
경기,남양주시,와부읍 팔당리,7**,2,10375675,2746960000,264.8,1998,제2종근린생활,개발제한구역,2025
경기,남양주시,이패동,5**,1,3437319,1720000000,500.4,2012,제2종근린생활,제1종일반주거,2026
경기,남양주시,조안면 능내리,4**,1,9444444,850000000,90.0,,제2종근린생활,자연녹지,2024
경기,남양주시,조안면 삼봉리,1**,1,5050505,1000000000,198.0,1996,제2종근린생활,계획관리,2026
경기,남양주시,조안면 시우리,3**,1,2780115,473120000,170.2,2025,제2종근린생활,생산관리,2025
경기,남양주시,진건읍 배양리,6**,1,3160296,859000000,271.8,2018,제2종근린생활,개발제한구역,2026
경기,남양주시,진건읍 사능리,2**,2,1771885,375000000,214.0,1998,제2종근린생활,제1종일반주거,2025
경기,남양주시,진건읍 사능리,3**,1,6704152,1550000000,231.2,2026,제2종근린생활,개발제한구역,2026
경기,남양주시,진건읍 사능리,5**,1,3562010,1040000000,292.0,2025,제2종근린생활,개발제한구역,2025
경기,남양주시,진건읍 사능리,6**,1,1629963,977000000,599.4,,제1종근린생활,제1종일반주거,2026
경기,남양주시,진건읍 송능리,1*,1,2819419,1388000000,492.3,2022,제1종근린생활,계획관리,2026
경기,남양주시,진건읍 송능리,1**,1,4991101,992730000,198.9,1991,제2종근린생활,계획관리,2025
경기,남양주시,진건읍 송능리,3*,1,8201865,3254500000,396.8,2019,제1종근린생활,보전관리,2025
경기,남양주시,진건읍 신월리,5*,2,3477172,693500000,199.4,2015,제1종근린생활,개발제한구역,2024
경기,남양주시,진건읍 용정리,*,3,3473265,724280000,208.5,2021,제1종근린생활,계획관리,2026
경기,남양주시,진건읍 용정리,1**,1,4853993,1880000000,387.3,2006,제2종근린생활,계획관리,2025
경기,남양주시,진건읍 용정리,5**,4,1835024,541615000,295.1,2007,제2종근린생활,개발제한구역,2025
경기,남양주시,진건읍 용정리,7**,4,3325545,667500000,450.2,1997,제1종근린생활,제1종일반주거,2026
경기,남양주시,진건읍 용정리,780-4,1,1248050,120000000,96.2,2003,제2종근린생활,제1종일반주거,2024
경기,남양주시,진건읍 용정리,8**,1,514042,410000000,797.6,,제2종근린생활,제1종일반주거,2025
경기,남양주시,진건읍 용정리,800-4,4,3606252,175000000,77.1,2001,제2종근린생활,제1종일반주거,2026
경기,남양주시,진접읍 금곡리,1021,2,2959394,705000000,230.4,2010,기타,일반상업,2026
경기,남양주시,진접읍 금곡리,1021-2,10,3330584,168910000,51.5,2010,제1종근린생활,일반상업,2026
경기,남양주시,진접읍 금곡리,1021-3,4,3371086,247000000,73.2,,제2종근린생활,일반상업,2025
경기,남양주시,진접읍 금곡리,1042,2,3430565,500000000,144.7,2010,제2종근린생활,일반상업,2026
경기,남양주시,진접읍 금곡리,1043,1,11069652,445000000,40.2,2019,제1종근린생활,일반상업,2026
경기,남양주시,진접읍 금곡리,1075,2,6670196,202500000,29.2,2009,제2종근린생활,제2종일반주거,2025
경기,남양주시,진접읍 금곡리,1076-4,1,2000400,200000000,100.0,2015,제2종근린생활,제2종일반주거,2026
경기,남양주시,진접읍 금곡리,1081-2,6,3075518,290500000,95.3,2010,기타,일반상업,2026
경기,남양주시,진접읍 금곡리,1083-4,1,1890432,98000000,51.8,2010,제1종근린생활,일반상업,2024
경기,남양주시,진접읍 금곡리,1083-5,1,16175413,450000000,27.8,2014,제1종근린생활,일반상업,2025
경기,남양주시,진접읍 금곡리,1094,5,2009346,247000000,107.0,2010,제2종근린생활,준주거,2025
경기,남양주시,진접읍 금곡리,1095,1,14705882,585000000,39.8,,제2종근린생활,준주거,2026
경기,남양주시,진접읍 금곡리,1095-2,2,2934662,212000000,72.2,2009,교육연구,준주거,2025
경기,남양주시,진접읍 금곡리,1096,3,2661934,300000000,112.7,2010,제2종근린생활,준주거,2026
경기,남양주시,진접읍 금곡리,2**,1,2184257,2822060000,1292.0,,제2종근린생활,제1종일반주거,2025
경기,남양주시,진접읍 금곡리,3**,1,3227809,1040000000,322.2,2013,제2종근린생활,제1종일반주거,2025
경기,남양주시,진접읍 금곡리,3352,1,8680557,772830000,89.0,2023,제1종근린생활,제2종일반주거,2024
경기,남양주시,진접읍 금곡리,5**,3,2318397,3860000000,1673.6,2005,기타,제1종일반주거,2025
경기,남양주시,진접읍 금곡리,7**,1,4058740,995000000,245.2,2018,제2종근린생활,제1종일반주거,2025
경기,남양주시,진접읍 금곡리,8**,2,6931140,1670900000,275.8,2023,제2종근린생활,제1종일반주거,2025
경기,남양주시,진접읍 금곡리,972-2,1,1196581,105000000,87.8,2010,제2종근린생활,준주거,2025
경기,남양주시,진접읍 금곡리,973,1,2052826,150000000,73.1,2011,제2종근린생활,준주거,2024
경기,남양주시,진접읍 내각리,1**,8,3532552,1015870000,301.6,2016,제2종근린생활,계획관리,2026
경기,남양주시,진접읍 내각리,4**,1,2701956,882540000,326.6,2021,제2종근린생활,개발제한구역,2025
경기,남양주시,진접읍 내각리,5**,1,2474778,245300000,99.1,2001,제1종근린생활,개발제한구역,2026
경기,남양주시,진접읍 내각리,6**,1,5550860,1549800000,279.2,2002,제2종근린생활,제1종일반주거,2024
경기,남양주시,진접읍 내각리,7**,2,4268495,1903000000,449.9,1998,기타,제1종일반주거,2025
경기,남양주시,진접읍 내각리,산31-7,3,1451078,35000000,24.2,1986,제1종근린생활,제1종일반주거,2024
경기,남양주시,진접읍 내곡리,1**,1,3808378,1140000000,299.3,2003,제1종근린생활,제1종일반주거,2026
경기,남양주시,진접읍 부평리,2**,1,7036174,815000000,115.8,,제1종근린생활,계획관리,2025
경기,남양주시,진접읍 부평리,3**,1,4981279,984500000,197.6,2016,제2종근린생활,계획관리,2024
경기,남양주시,진접읍 부평리,4**,1,4025222,724540000,180.0,2022,제1종근린생활,계획관리,2025
경기,남양주시,진접읍 부평리,613-4,1,575705,90000000,156.3,1991,제1종근린생활,제1종일반주거,2026
경기,남양주시,진접읍 연평리,1**,4,3711733,3698000000,828.5,2016,제1종근린생활,제1종일반주거,2026
경기,남양주시,진접읍 연평리,3**,2,4835749,4804800000,993.6,2024,제2종근린생활,계획관리,2025
경기,남양주시,진접읍 연평리,6*,1,12962963,3850000000,297.0,2012,제2종근린생활,제1종일반주거,2025
경기,남양주시,진접읍 장현리,2**,4,7428768,3550000000,492.6,2016,제2종근린생활,제1종일반주거,2025
경기,남양주시,진접읍 장현리,3**,2,3357340,1428500000,623.3,2002,제2종근린생활,제1종일반주거,2025
경기,남양주시,진접읍 장현리,349-1,11,5988858,107500000,17.5,2022,숙박,준주거,2026
경기,남양주시,진접읍 장현리,350-1,2,2993523,675000000,225.4,2006,기타,일반상업,2026
경기,남양주시,진접읍 장현리,4**,1,3917379,2200000000,561.6,,제2종근린생활,제1종일반주거,2025
경기,남양주시,진접읍 장현리,5*,1,873070,1200000000,1374.5,2015,제1종근린생활,제1종일반주거,2025
경기,남양주시,진접읍 장현리,5**,1,2341754,1334800000,570.0,,제1종근린생활,제1종전용주거,2026
경기,남양주시,진접읍 장현리,6**,2,4056201,1660000000,472.0,,제1종근린생활,제1종일반주거,2026
경기,남양주시,진접읍 장현리,634-4,2,961069,126000000,138.3,2005,제2종근린생활,제1종일반주거,2025
경기,남양주시,진접읍 장현리,637,1,13573001,370000000,27.3,,제2종근린생활,제3종일반주거,2024
경기,남양주시,진접읍 장현리,677-3,1,5291005,300000000,56.7,1998,제1종근린생활,제3종일반주거,2025
경기,남양주시,진접읍 장현리,7*,7,2927650,2980000000,1657.7,2022,기타,제2종일반주거,2026
경기,남양주시,진접읍 장현리,701,3,1785714,90000000,50.4,2007,제1종근린생활,제1종일반주거,2025
경기,남양주시,진접읍 진벌리,1**,2,3429016,1097725000,297.6,2007,제2종근린생활,계획관리,2025
경기,남양주시,진접읍 진벌리,2**,3,3271917,1450000000,405.5,2002,제2종근린생활,계획관리,2026
경기,남양주시,진접읍 진벌리,4**,2,2927533,467000000,159.5,2001,제2종근린생활,계획관리,2025
경기,남양주시,진접읍 진벌리,5**,4,3947442,2950000000,816.2,2023,제2종근린생활,계획관리,2025
경기,남양주시,진접읍 진벌리,6**,3,4477612,1800000000,402.0,2001,제2종근린생활,계획관리,2025
경기,남양주시,진접읍 팔야리,1**,1,1404494,300000000,213.6,1997,제2종근린생활,계획관리,2025
경기,남양주시,진접읍 팔야리,3**,1,3512381,276600000,78.8,2006,제1종근린생활,계획관리,2025
경기,남양주시,진접읍 팔야리,4**,1,4237464,1838000000,433.8,,제2종근린생활,계획관리,2026
경기,남양주시,진접읍 팔야리,5**,5,5292929,566000000,99.0,1985,제2종근린생활,계획관리,2025
경기,남양주시,진접읍 팔야리,6**,2,2153838,587500000,219.1,2008,제2종근린생활,계획관리,2025
경기,남양주시,진접읍 팔야리,7**,1,2784091,490000000,176.0,,제1종근린생활,제2종일반주거,2025
경기,남양주시,퇴계원읍 퇴계원리,2**,1,4712586,4161920000,883.2,2013,제1종근린생활,제1종일반주거,2025
경기,남양주시,퇴계원읍 퇴계원리,221,1,497835,55200000,110.9,1994,제1종근린생활,제1종일반주거,2026
경기,남양주시,퇴계원읍 퇴계원리,255-1,1,3111859,185000000,59.4,2004,제2종근린생활,제2종일반주거,2026
경기,남양주시,퇴계원읍 퇴계원리,255-24,3,4858553,692000000,139.6,1993,제1종근린생활,제2종일반주거,2026
경기,남양주시,퇴계원읍 퇴계원리,259-7,1,3333333,100000000,30.0,1988,제1종근린생활,제2종일반주거,2024
경기,남양주시,퇴계원읍 퇴계원리,5*,1,3053975,1208000000,395.6,2007,제1종근린생활,제2종일반주거,2025
경기,남양주시,평내동,1**,1,2787763,2094000000,751.1,2013,기타,제1종일반주거,2025
경기,남양주시,평내동,107-1,2,2556818,135000000,52.8,2000,제2종근린생활,제3종일반주거,2025
경기,남양주시,평내동,140,4,1841810,150605000,75.7,2006,제1종근린생활,제1종일반주거,2025
경기,남양주시,평내동,5**,1,2897351,1260000000,434.9,2005,제2종근린생활,제1종일반주거,2026
경기,남양주시,평내동,550,1,1111111,30000000,27.0,2005,제2종근린생활,제3종일반주거,2026
경기,남양주시,평내동,564,1,8979206,285000000,31.7,2004,제1종근린생활,제3종일반주거,2026
경기,남양주시,평내동,578-1,1,1832112,220000000,120.1,2005,제1종근린생활,일반상업,2025
경기,남양주시,평내동,578-2,1,1524390,390000000,255.8,2005,교육연구,일반상업,2025
경기,남양주시,평내동,578-3,2,2098679,925000000,400.6,2005,기타,일반상업,2026
경기,남양주시,평내동,579,3,1894164,320000000,168.9,2006,기타,일반상업,2026
경기,남양주시,평내동,579-3,12,1231061,9750000,8.1,2005,제2종근린생활,일반상업,2026
경기,남양주시,평내동,580-1,2,887643,532000000,599.3,2005,기타,제3종일반주거,2025
경기,남양주시,평내동,592,1,3976608,170000000,42.8,2005,제2종근린생활,제3종일반주거,2024
경기,남양주시,평내동,597-2,2,8795075,500000000,56.8,2005,제1종근린생활,제3종일반주거,2025
경기,남양주시,평내동,599,1,7051282,275000000,39.0,2005,제1종근린생활,제3종일반주거,2025
경기,남양주시,평내동,603,4,1454143,172500000,103.7,2005,제2종근린생활,제3종일반주거,2025
경기,남양주시,평내동,604,3,1675603,110000000,62.8,2005,제2종근린생활,제3종일반주거,2025
경기,남양주시,평내동,604-5,1,7581884,375000000,49.5,2005,제1종근린생활,제3종일반주거,2025
경기,남양주시,평내동,604-7,1,4487179,189000000,42.1,,제2종근린생활,제3종일반주거,2025
경기,남양주시,평내동,606,1,4578755,150000000,32.8,2004,제2종근린생활,제3종일반주거,2024
경기,남양주시,호평동,174-1,1,13136289,400000000,30.4,2021,제1종근린생활,제1종일반주거,2025
경기,남양주시,호평동,2*,3,1909612,510000000,441.0,2005,기타,계획관리,2026
경기,남양주시,호평동,2**,1,2477759,1504000000,607.0,2016,제2종근린생활,보전녹지,2024
경기,남양주시,호평동,273-11,1,4387445,130000000,29.6,,제1종근린생활,제1종일반주거,2026
경기,남양주시,호평동,386-4,2,5167292,241000000,70.9,2012,제1종근린생활,제1종일반주거,2025
경기,남양주시,호평동,4**,1,5711382,562000000,98.4,2009,제2종근린생활,제1종일반주거,2025
경기,남양주시,호평동,5**,1,2831327,8000000000,2825.5,,제2종근린생활,자연녹지,2024
경기,남양주시,호평동,6**,2,1746179,1880000000,829.1,2012,제2종근린생활,제1종일반주거,2025
경기,남양주시,호평동,615,1,12743125,380000000,29.8,2006,제1종근린생활,제3종일반주거,2025
경기,남양주시,호평동,616,1,1926257,233000000,121.0,,제2종근린생활,제3종일반주거,2024
경기,남양주시,호평동,617-3,3,2458694,375000000,152.5,2006,제1종근린생활,일반상업,2026
경기,남양주시,호평동,617-4,1,5861136,260000000,44.4,2012,제2종근린생활,일반상업,2025
경기,남양주시,호평동,638,2,2508909,370000000,147.9,2006,교육연구,일반상업,2025
경기,남양주시,호평동,640,2,21562587,846500000,38.0,2006,제2종근린생활,일반상업,2025
경기,남양주시,호평동,640-2,1,2650357,130000000,49.0,2005,제1종근린생활,일반상업,2026
경기,남양주시,호평동,641-1,2,8464821,525000000,117.7,2006,제2종근린생활,일반상업,2025
경기,남양주시,호평동,642-1,9,2477982,159000000,49.5,2006,제2종근린생활,일반상업,2025
경기,남양주시,호평동,642-2,7,3035655,650000000,181.2,2005,제2종근린생활,일반상업,2025
경기,남양주시,호평동,660-1,1,5778756,210000000,36.3,2005,제1종근린생활,제3종일반주거,2026
경기,남양주시,호평동,668,1,10697032,310000000,29.0,2004,제1종근린생활,제3종일반주거,2025
경기,남양주시,호평동,671,1,7352941,220000000,29.9,2004,제2종근린생활,제3종일반주거,2026
경기,남양주시,호평동,674-1,1,7293515,370000000,50.7,2006,제1종근린생활,제3종일반주거,2026
경기,남양주시,호평동,674-2,2,2023298,150000000,75.1,,제1종근린생활,제3종일반주거,2024
경기,남양주시,호평동,680,1,962963,130000000,135.0,2006,제2종근린생활,제3종일반주거,2024
경기,남양주시,호평동,730,5,11061947,400000000,40.7,2021,제2종근린생활,제2종일반주거,2026
경기,남양주시,화도읍 가곡리,1*,1,753182,998440000,1325.6,2016,제1종근린생활,계획관리,2025
경기,남양주시,화도읍 가곡리,1**,3,2325348,2311210000,960.0,2008,제2종근린생활,계획관리,2025
경기,남양주시,화도읍 가곡리,2*,1,11310085,1200000000,106.1,2009,제2종근린생활,계획관리,2026
경기,남양주시,화도읍 가곡리,2**,1,3120960,1853850000,594.0,,제2종근린생활,계획관리,2025
경기,남양주시,화도읍 가곡리,3**,2,3226507,983245000,338.2,2016,제2종근린생활,계획관리,2026
경기,남양주시,화도읍 구암리,5*,1,3904217,1500000000,384.2,1996,제2종근린생활,계획관리,2025
경기,남양주시,화도읍 금남리,1**,1,9279389,3500000000,377.2,2025,제2종근린생활,계획관리,2026
경기,남양주시,화도읍 금남리,4**,1,2127737,3500000000,1644.9,1992,기타,계획관리,2025
경기,남양주시,화도읍 금남리,5**,2,8682019,1949505000,204.5,2021,제1종근린생활,계획관리,2026
경기,남양주시,화도읍 금남리,6**,1,10551862,2000000000,189.5,2025,제2종근린생활,계획관리,2025
경기,남양주시,화도읍 금남리,619-5,7,2944153,153000000,47.8,1990,업무,계획관리,2026
경기,남양주시,화도읍 녹촌리,1*,1,2521535,18500000000,7336.8,2013,제2종근린생활,제1종일반주거,2024
경기,남양주시,화도읍 녹촌리,2**,1,1993620,750000000,376.2,2002,제2종근린생활,계획관리,2024
경기,남양주시,화도읍 녹촌리,235-2,1,3218695,73000000,22.7,,제1종근린생활,제1종일반주거,2026
경기,남양주시,화도읍 녹촌리,3**,1,3535354,2100000000,594.0,,제2종근린생활,계획관리,2024
경기,남양주시,화도읍 녹촌리,4**,3,2866131,2762460000,1036.2,2005,제2종근린생활,계획관리,2026
경기,남양주시,화도읍 답내리,1**,1,2304639,653780000,283.7,1991,제2종근린생활,계획관리,2025
경기,남양주시,화도읍 마석우리,292-17,1,6542969,335000000,51.2,2006,제1종근린생활,일반상업,2025
경기,남양주시,화도읍 마석우리,3**,1,1500263,600000000,399.9,2006,제2종근린생활,제1종일반주거,2024
경기,남양주시,화도읍 마석우리,317-2,1,4397537,150000000,34.1,1994,제1종근린생활,제1종일반주거,2025
경기,남양주시,화도읍 마석우리,349,1,7478632,245000000,32.8,2004,제1종근린생활,제1종일반주거,2025
경기,남양주시,화도읍 마석우리,383-1,2,7112162,325000000,45.7,2006,제1종근린생활,일반상업,2025
경기,남양주시,화도읍 마석우리,383-2,3,2523485,274000000,41.2,2004,제1종근린생활,일반상업,2026
경기,남양주시,화도읍 마석우리,383-5,1,2887538,285000000,98.7,2003,제2종근린생활,일반상업,2025
경기,남양주시,화도읍 마석우리,383-8,2,1658163,101250000,62.0,2004,제1종근린생활,일반상업,2026
경기,남양주시,화도읍 마석우리,383-9,3,2092597,145000000,48.7,2004,제2종근린생활,일반상업,2025
경기,남양주시,화도읍 마석우리,396,2,2485609,190000000,76.5,2005,제1종근린생활,제3종일반주거,2025
경기,남양주시,화도읍 마석우리,411-1,2,668860,97500000,145.8,2018,제2종근린생활,제1종일반주거,2024
경기,남양주시,화도읍 마석우리,552,2,4374928,379000000,86.6,2005,제1종근린생활,제3종일반주거,2026
경기,남양주시,화도읍 마석우리,600,1,7757576,332800000,42.9,2018,제2종근린생활,제2종일반주거,2025
경기,남양주시,화도읍 마석우리,92-4,5,4041765,120000000,29.7,2020,숙박,준주거,2026
경기,남양주시,화도읍 묵현리,*,1,2461574,213000000,86.5,2019,제2종근린생활,계획관리,2026
경기,남양주시,화도읍 묵현리,147-3,1,3136364,69000000,22.0,,제1종근린생활,제1종일반주거,2026
경기,남양주시,화도읍 묵현리,2*,2,34879406,4700000000,134.8,2008,제2종근린생활,제1종일반주거,2025
경기,남양주시,화도읍 묵현리,3**,1,5990415,450000000,75.1,2025,제1종근린생활,보전녹지,2025
경기,남양주시,화도읍 묵현리,372-46,1,2930925,370000000,126.2,2016,제1종근린생활,제1종일반주거,2025
경기,남양주시,화도읍 묵현리,418-3,1,2110177,113000000,53.6,1996,제2종근린생활,제1종일반주거,2026
경기,남양주시,화도읍 묵현리,5**,2,2629327,2986100000,1135.7,2021,기타,제1종일반주거,2025
경기,남양주시,화도읍 묵현리,506-5,1,2328289,100000000,43.0,2001,제1종근린생활,제1종일반주거,2025
경기,남양주시,화도읍 묵현리,584-8,1,1409914,95000000,67.4,2009,제1종근린생활,제1종일반주거,2026
경기,남양주시,화도읍 묵현리,593-1,1,429983,22200000,51.6,2021,제2종근린생활,제1종일반주거,2026
경기,남양주시,화도읍 묵현리,628,1,6578947,190000000,28.9,2020,제2종근린생활,제2종일반주거,2025
경기,남양주시,화도읍 월산리,2**,1,10909091,2160000000,198.0,1993,제2종근린생활,제1종일반주거,2026
경기,남양주시,화도읍 월산리,3**,1,4660232,2327320000,499.4,2022,제2종근린생활,제1종일반주거,2025
경기,남양주시,화도읍 차산리,2*,1,3226956,3260000000,1010.2,2022,제2종근린생활,계획관리,2025
경기,남양주시,화도읍 차산리,2**,3,2806633,550100000,196.0,2020,제2종근린생활,계획관리,2026
경기,남양주시,화도읍 차산리,4**,1,5272727,870000000,165.0,2025,제1종근린생활,생산관리,2025
경기,남양주시,화도읍 차산리,5**,1,2162850,680000000,314.4,,제2종근린생활,계획관리,2026
경기,남양주시,화도읍 차산리,6**,1,3520202,1394000000,396.0,2012,제2종근린생활,계획관리,2025
경기,남양주시,화도읍 창현리,2*,1,2083023,700000000,336.0,2010,제2종근린생활,계획관리,2025
경기,남양주시,화도읍 창현리,4**,1,1515291,494000000,326.0,2003,제2종근린생활,제1종일반주거,2024
경기,남양주시,화도읍 창현리,5**,1,3241972,3614150000,1114.8,1996,기타,제1종일반주거,2024
경기,남양주시,화도읍 창현리,503-9,2,3537638,270000000,79.8,2005,제1종근린생활,제1종일반주거,2026
경기,남양주시,화도읍 창현리,6**,1,11965192,330000000,27.6,2019,제2종근린생활,제1종일반주거,2025
경기,남양주시,화도읍 창현리,729,1,438116,20000000,45.6,2002,제2종근린생활,근린상업,2026
경기,남양주시,화도읍 창현리,736-1,10,2570305,82500000,31.8,2012,업무,근린상업,2026
경기,남양주시,화도읍 창현리,749,1,13388735,290000000,21.7,1997,제1종근린생활,제3종일반주거,2026
경기,남양주시,화도읍 창현리,764,1,2105456,230000000,109.2,1997,제1종근린생활,제3종일반주거,2026
경기,동두천시,광암동,4**,2,1584077,95000000,106.5,2004,제2종근린생활,일반상업,2026
경기,동두천시,동두천동,2**,3,1948318,95000000,48.8,1965,제1종근린생활,일반상업,2026
경기,동두천시,동두천동,3**,2,1155624,246320000,210.8,1980,제1종근린생활,제2종일반주거,2026
경기,동두천시,보산동,3**,3,1128518,85000000,75.3,1976,제1종근린생활,제1종전용주거,2026
경기,동두천시,보산동,4**,5,1259158,350000000,230.0,1996,제1종근린생활,일반상업,2026
경기,동두천시,상봉암동,3*,2,1240905,316000000,285.5,2015,제2종근린생활,제1종일반주거,2025
경기,동두천시,상봉암동,6*,1,2804928,647770000,230.9,1982,제2종근린생활,제1종일반주거,2026
경기,동두천시,상패동,1**,1,2125850,400000000,188.2,1997,제2종근린생활,자연녹지,2024
경기,동두천시,상패동,3*,1,1373588,197000000,143.4,1999,제2종근린생활,제2종일반주거,2025
경기,동두천시,상패동,4**,1,1417004,700000000,494.0,2012,제2종근린생활,계획관리,2024
경기,동두천시,상패동,6*,2,1119265,151000000,134.9,,제2종근린생활,제2종일반주거,2026
경기,동두천시,상패동,6**,1,2645503,1100000000,415.8,2018,제2종근린생활,계획관리,2024
경기,동두천시,생연동,1**,1,3600000,355500000,98.8,2018,제2종근린생활,자연녹지,2026
경기,동두천시,생연동,2*,1,1542303,157500000,102.1,2013,제2종근린생활,자연녹지,2026
경기,동두천시,생연동,2**,1,693751,125000000,180.2,1989,제1종근린생활,제2종일반주거,2025
경기,동두천시,생연동,225-19,1,1468761,130000000,88.5,2011,제1종근린생활,제2종일반주거,2024
경기,동두천시,생연동,268-5,2,1859103,45000000,24.9,1990,제1종근린생활,제2종일반주거,2025
경기,동두천시,생연동,3**,1,535999,800000000,1492.5,1994,제2종근린생활,제2종일반주거,2025
경기,동두천시,생연동,334,3,999459,240000000,240.1,2012,기타,제3종일반주거,2025
경기,동두천시,생연동,363-2,1,2273479,275000000,121.0,1986,제2종근린생활,제2종일반주거,2026
경기,동두천시,생연동,364-1,39,2907973,286520000,92.5,2019,제1종근린생활,일반상업,2024
경기,동두천시,생연동,383,1,1624242,67000000,41.2,2004,제2종근린생활,제2종일반주거,2026
경기,동두천시,생연동,4**,3,1085142,81500000,59.9,1989,제1종근린생활,제2종일반주거,2025
경기,동두천시,생연동,5**,14,1100150,104900000,62.6,1981,제1종근린생활,일반상업,2026
경기,동두천시,생연동,6**,8,1112854,350000000,299.3,1988,제1종근린생활,일반상업,2026
경기,동두천시,생연동,611-94,1,422893,45000000,106.4,1984,제1종근린생활,일반상업,2025
경기,동두천시,생연동,689-28,1,845070,90000000,106.5,2007,제2종근린생활,일반상업,2026
경기,동두천시,생연동,7**,1,2053422,123000000,59.9,,제1종근린생활,일반상업,2025
경기,동두천시,생연동,714,4,3894526,144000000,39.2,2009,판매,제3종일반주거,2025
경기,동두천시,생연동,714-2,1,867270,115000000,132.6,2004,제2종근린생활,제3종일반주거,2025
경기,동두천시,생연동,714-5,3,1078767,31500000,29.2,2005,제2종근린생활,제3종일반주거,2025
경기,동두천시,생연동,8**,12,1655357,155000000,118.6,1985,제1종근린생활,일반상업,2026
경기,동두천시,송내동,2**,1,1738845,53000000,30.5,2023,제2종근린생활,제1종일반주거,2025
경기,동두천시,송내동,6**,1,2180111,260000000,119.3,2009,제2종근린생활,제1종일반주거,2025
경기,동두천시,송내동,664-4,1,4234417,125000000,29.5,,제1종근린생활,제3종일반주거,2026
경기,동두천시,송내동,675-1,2,1770899,190000000,107.3,2003,기타,준주거,2026
경기,동두천시,송내동,695-2,1,1088929,60000000,55.1,2003,제2종근린생활,준주거,2025
경기,동두천시,안흥동,4*,1,2233276,220000000,98.5,2020,제2종근린생활,제2종일반주거,2026
경기,동두천시,지행동,2**,1,1123043,800000000,712.4,1993,제2종근린생활,제2종일반주거,2024
경기,동두천시,지행동,342-1,1,2180233,90000000,41.3,1994,제1종근린생활,제1종일반주거,2024
경기,동두천시,지행동,354,2,3111111,105000000,33.8,2009,제1종근린생활,제2종일반주거,2025
경기,동두천시,지행동,6**,3,3157895,540000000,172.2,2008,제2종근린생활,제2종일반주거,2025
경기,동두천시,지행동,691,1,1424501,90000000,63.2,2003,제1종근린생활,제3종일반주거,2025
경기,동두천시,지행동,691-2,1,7413509,270000000,36.4,2023,제2종근린생활,제3종일반주거,2025
경기,동두천시,지행동,691-5,2,8962141,764520000,97.7,2004,기타,일반상업,2025
경기,동두천시,지행동,692-6,1,7648953,285000000,37.3,2004,제2종근린생활,제3종일반주거,2025
경기,동두천시,지행동,693,2,10162866,430000000,42.3,2007,제2종근린생활,일반상업,2025
경기,동두천시,지행동,693-2,3,1785437,345000000,85.9,2004,제2종근린생활,일반상업,2026
경기,동두천시,지행동,694,1,1418026,146000000,103.0,2003,제2종근린생활,일반상업,2026
경기,동두천시,지행동,717-2,2,7283606,217500000,30.2,2004,제1종근린생활,제3종일반주거,2026
경기,동두천시,지행동,718,2,5202540,375000000,94.4,2004,제2종근린생활,일반상업,2025
경기,동두천시,지행동,718-1,2,1125939,199000000,198.7,2004,제2종근린생활,일반상업,2026
경기,동두천시,지행동,718-4,4,1614797,165000000,102.2,2006,제1종근린생활,일반상업,2026
경기,동두천시,지행동,719-1,2,1106803,324000000,253.7,2004,제2종근린생활,일반상업,2026
경기,동두천시,지행동,719-2,2,515632,90000000,175.9,2004,제2종근린생활,일반상업,2025
경기,동두천시,지행동,721-1,5,1226492,16000000,12.2,2005,업무,일반상업,2026
경기,동두천시,지행동,721-3,1,1501502,230000000,153.2,2007,제1종근린생활,일반상업,2026
경기,동두천시,지행동,721-4,2,1572263,159000000,99.6,2004,제2종근린생활,일반상업,2026
경기,동두천시,탑동동,3*,2,11467115,487765000,99.8,2024,제1종근린생활,보전관리,2025
경기,동두천시,탑동동,7**,1,1918941,139200000,72.5,2015,제1종근린생활,자연녹지,2026
경기,시흥시,거모동,1***,1,1554119,1476040000,949.8,1990,제2종근린생활,제2종일반주거,2026
경기,시흥시,거모동,1474-1,1,3906250,90000000,23.0,1988,판매,제3종일반주거,2025
경기,시흥시,거모동,1656-5,2,2630258,1100000000,418.2,2007,기타,일반상업,2025
경기,시흥시,거모동,1656-8,1,9756098,400000000,41.0,2001,제1종근린생활,일반상업,2025
경기,시흥시,거모동,1658-19,1,6553911,310000000,47.3,1993,제1종근린생활,제2종일반주거,2024
경기,시흥시,거모동,1754-5,2,6601789,312500000,48.4,2002,제1종근린생활,제2종일반주거,2025
경기,시흥시,거모동,1756-4,1,1721565,300000000,174.3,2005,제2종근린생활,일반상업,2026
경기,시흥시,거모동,1757-1,2,2149995,1550000000,721.0,2004,기타,제2종일반주거,2025
경기,시흥시,거모동,1760-9,1,2784540,183000000,65.7,2009,제1종근린생활,제2종일반주거,2025
경기,시흥시,거모동,1774-1,1,2358120,150000000,63.6,2002,제1종근린생활,제2종일반주거,2026
경기,시흥시,거모동,2**,1,6262700,1880000000,300.2,2023,제2종근린생활,제1종일반주거,2026
경기,시흥시,거모동,7**,1,2109940,198250000,94.0,2007,제1종근린생활,개발제한구역,2025
경기,시흥시,계수동,1**,5,7618952,531360000,194.4,2002,제2종근린생활,개발제한구역,2026
경기,시흥시,계수동,2**,7,7100514,1380340000,194.4,2008,제1종근린생활,제1종일반주거,2026
경기,시흥시,계수동,3**,4,5435435,1086000000,199.8,2003,제2종근린생활,제1종일반주거,2026
경기,시흥시,계수동,4**,5,6906475,1372800000,198.8,2006,제2종근린생활,제1종일반주거,2026
경기,시흥시,계수동,5**,3,6002162,2110000000,191.8,2013,제2종근린생활,제1종일반주거,2025
경기,시흥시,과림동,2**,1,3507664,1000000000,285.1,2004,제2종근린생활,개발제한구역,2024
경기,시흥시,광석동,1**,1,3881066,2668000000,687.4,2015,제2종근린생활,제1종일반주거,2026
경기,시흥시,광석동,481,11,18109109,743560000,40.3,2024,업무,준주거,2026
경기,시흥시,광석동,482,1,6651852,197560000,29.7,2025,업무,준주거,2025
경기,시흥시,광석동,505,1,5894591,170000000,28.8,2025,업무,준주거,2026
경기,시흥시,광석동,512-4,3,17500714,980040000,59.4,2024,제1종근린생활,일반상업,2025
경기,시흥시,광석동,546,2,10077863,482125000,47.8,2023,제2종근린생활,준주거,2024
경기,시흥시,군자동,5**,3,15076325,1086400000,72.1,2017,제2종근린생활,제1종일반주거,2026
경기,시흥시,군자동,813-1,12,6275512,485000000,76.5,2023,제1종근린생활,제2종일반주거,2025
경기,시흥시,금이동,3**,2,5333662,1272500000,241.9,2012,제2종근린생활,제1종일반주거,2025
경기,시흥시,금이동,4**,8,4058257,1988650000,376.6,2012,제2종근린생활,제1종일반주거,2026
경기,시흥시,논곡동,2**,3,1582165,440000000,278.1,2001,제2종근린생활,제2종일반주거,2025
경기,시흥시,논곡동,4*,1,6897444,1600000000,232.0,2020,제2종근린생활,개발제한구역,2026
경기,시흥시,능곡동,720,4,15581395,1340000000,86.0,2023,제2종근린생활,준주거,2025
경기,시흥시,능곡동,721,3,19078010,621180000,32.6,2017,제1종근린생활,준주거,2026
경기,시흥시,능곡동,722,8,15100680,688385000,46.2,2019,제2종근린생활,준주거,2025
경기,시흥시,능곡동,728,1,2727498,330000000,121.0,,제1종근린생활,준주거,2026
경기,시흥시,능곡동,741,4,2001779,177500000,89.4,2008,제1종근린생활,준주거,2025
경기,시흥시,능곡동,745,2,1529676,150000000,98.1,2008,교육연구,준주거,2026
경기,시흥시,능곡동,755,3,2774058,230000000,94.2,2008,제2종근린생활,준주거,2026
경기,시흥시,능곡동,758,1,2214695,212500000,96.0,2018,제2종근린생활,준주거,2025
경기,시흥시,능곡동,762,1,7692308,300000000,39.0,2008,제1종근린생활,준주거,2026
경기,시흥시,능곡동,782,1,7252683,250000000,34.5,,제1종근린생활,제2종일반주거,2024
경기,시흥시,능곡동,863,22,3633961,214000000,83.8,2022,제1종근린생활,제2종일반주거,2025
경기,시흥시,능곡동,871,12,2543605,131410000,40.3,2021,판매,준주거,2026
경기,시흥시,능곡동,898-2,2,17395024,825000000,47.4,2022,제1종근린생활,준주거,2025
경기,시흥시,대야동,*,1,3785019,3198000000,844.9,2016,제2종근린생활,자연녹지,2026
경기,시흥시,대야동,1*,1,6115533,1204760000,197.0,2003,제2종근린생활,개발제한구역,2026
경기,시흥시,대야동,1**,1,3900209,2850000000,730.7,2015,제2종근린생활,제1종일반주거,2025
경기,시흥시,대야동,2*,1,5714112,1125680000,197.0,2025,제2종근린생활,개발제한구역,2025
경기,시흥시,대야동,4*,1,5140389,1190000000,231.5,2005,제2종근린생활,개발제한구역,2026
경기,시흥시,대야동,4**,7,1859732,680000000,264.8,1988,제2종근린생활,제1종일반주거,2026
경기,시흥시,대야동,454,1,4358248,200000000,45.9,,제1종근린생활,제1종일반주거,2026
경기,시흥시,대야동,475-22,1,4741495,177000000,37.3,,제1종근린생활,제1종일반주거,2026
경기,시흥시,대야동,5**,3,199049,650000000,3265.5,2001,제2종근린생활,중심상업,2025
경기,시흥시,대야동,529-3,3,2619592,378400000,144.4,2002,판매,중심상업,2026
경기,시흥시,대야동,531-2,5,836120,10000000,12.5,2003,업무,중심상업,2026
경기,시흥시,대야동,532-6,3,3175128,432000000,137.5,2001,기타,중심상업,2026
경기,시흥시,대야동,534-1,1,7321934,1939800000,264.9,2024,제2종근린생활,중심상업,2025
경기,시흥시,대야동,537,2,2893518,175000000,60.5,2003,제2종근린생활,중심상업,2024
경기,시흥시,대야동,538,1,14442013,1320000000,91.4,2002,제1종근린생활,중심상업,2025
경기,시흥시,대야동,540-3,2,6292644,1210000000,243.5,2002,제2종근린생활,중심상업,2025
경기,시흥시,대야동,541-18,16,2350806,285000000,120.7,2019,제2종근린생활,중심상업,2025
경기,시흥시,대야동,541-2,1,2337104,1000000000,427.9,2004,기타,중심상업,2025
경기,시흥시,대야동,541-20,3,1398495,275000000,196.6,2003,제2종근린생활,중심상업,2025
경기,시흥시,대야동,541-3,3,2179837,240000000,110.1,2000,제1종근린생활,중심상업,2026
경기,시흥시,대야동,543-1,2,1636911,337500000,213.1,2003,기타,준주거,2026
경기,시흥시,대야동,544-1,1,439174,10000000,22.8,1999,제1종근린생활,준주거,2025
경기,시흥시,대야동,545-1,8,1174845,68000000,57.9,1999,제1종근린생활,준주거,2025
경기,시흥시,대야동,546-3,7,1847728,144400000,78.2,2003,제1종근린생활,준주거,2024
경기,시흥시,대야동,562-2,1,2564103,120000000,46.8,2000,제1종근린생활,준주거,2026
경기,시흥시,대야동,562-5,1,828157,80000000,96.6,2000,제2종근린생활,준주거,2025
경기,시흥시,대야동,568-1,2,6067538,375000000,59.4,2007,제1종근린생활,준주거,2025
경기,시흥시,대야동,568-2,1,1095338,125000000,114.1,2000,제1종근린생활,준주거,2025
경기,시흥시,대야동,570-2,1,3374870,32500000,9.6,,제2종근린생활,제3종일반주거,2025
경기,시흥시,대야동,572-3,1,1654348,620000000,374.8,2003,제2종근린생활,일반상업,2025
경기,시흥시,대야동,581-2,1,2584781,500000000,193.4,2004,기타,준주거,2025
경기,시흥시,대야동,639,5,3775168,90000000,24.4,2004,제1종근린생활,제3종일반주거,2025
경기,시흥시,대야동,645,1,2764038,190000000,68.7,2020,제1종근린생활,준주거,2026
경기,시흥시,대야동,646-1,3,3675242,313000000,108.8,2020,제1종근린생활,준주거,2026
경기,시흥시,대야동,646-2,1,7576992,465000000,61.4,2021,제1종근린생활,준주거,2026
경기,시흥시,대야동,650,1,2646111,230000000,86.9,2022,기타,일반상업,2026
경기,시흥시,대야동,650-1,2,4742110,290660000,61.3,2021,기타,일반상업,2026
경기,시흥시,대야동,652,1,1806358,100000000,55.4,2022,제1종근린생활,일반상업,2025
경기,시흥시,대야동,652-2,1,16608537,1000000000,60.2,2019,제2종근린생활,일반상업,2024
경기,시흥시,대야동,653-5,1,20525204,680000000,33.1,2021,제1종근린생활,일반상업,2024
경기,시흥시,대야동,667,15,7658730,170000000,22.2,2024,제2종근린생활,준주거,2026
경기,시흥시,대야동,692,7,6493636,214290000,33.0,2019,제2종근린생활,제3종일반주거,2025
경기,시흥시,대야동,693,2,10252549,360000000,42.9,2020,제2종근린생활,제2종일반주거,2025
경기,시흥시,도창동,1**,1,4094368,2690000000,657.0,2018,제2종근린생활,제1종일반주거,2026
경기,시흥시,도창동,508-12,1,14644250,601000000,41.0,2020,제1종근린생활,일반공업,2026
경기,시흥시,매화동,1**,1,2038886,2500000000,1226.2,1993,제1종근린생활,제2종일반주거,2026
경기,시흥시,매화동,252-3,4,2406140,90000000,37.4,2003,제1종근린생활,제1종일반주거,2025
경기,시흥시,매화동,289-1,1,3203661,70000000,21.8,1997,제2종근린생활,제3종일반주거,2026
경기,시흥시,매화동,846,1,7258065,270000000,37.2,2021,제2종근린생활,일반공업,2024
경기,시흥시,목감동,408,1,18181818,900000000,49.5,2016,제1종근린생활,준주거,2025
경기,시흥시,목감동,8*,2,8273066,2438900000,294.8,2018,제2종근린생활,개발제한구역,2026
경기,시흥시,물왕동,1**,1,3718820,1113080000,299.3,2016,제2종근린생활,개발제한구역,2026
경기,시흥시,물왕동,9*,1,70410587,2075000000,29.5,,제2종근린생활,제1종일반주거,2026
경기,시흥시,미산동,1**,1,6322581,2940000000,465.0,2021,제2종근린생활,개발제한구역,2026
경기,시흥시,미산동,2**,1,7187500,3450000000,480.0,2021,제1종근린생활,제1종일반주거,2026
경기,시흥시,미산동,3**,6,4361619,1048400000,278.9,2002,제2종근린생활,제1종일반주거,2026
경기,시흥시,미산동,5*,1,604253,2030000000,3359.5,2003,제1종근린생활,제1종일반주거,2025
경기,시흥시,미산동,6**,3,4044747,1110000000,274.4,2013,제2종근린생활,제1종일반주거,2026
경기,시흥시,미산동,7*,1,3134132,960110000,306.3,2004,제2종근린생활,제1종일반주거,2025
경기,시흥시,미산동,8*,3,2020202,1650000000,543.7,1991,제1종근린생활,제1종일반주거,2025
경기,시흥시,방산동,2**,1,4484266,1036000000,231.0,2006,제2종근린생활,제1종일반주거,2025
경기,시흥시,방산동,5**,3,4935321,1000000000,197.6,2003,제2종근린생활,개발제한구역,2026
경기,시흥시,방산동,6**,1,5641184,1907510000,338.1,2012,제2종근린생활,제1종일반주거,2025
경기,시흥시,방산동,7**,6,4437825,893570000,178.0,2010,제1종근린생활,제1종일반주거,2026
경기,시흥시,배곧동,1*,3,2973449,5406980000,1818.4,2023,기타,준주거,2026
경기,시흥시,배곧동,117,7,1975309,250000000,105.8,2016,제1종근린생활,준주거,2026
경기,시흥시,배곧동,119,2,2543147,687500000,247.6,2016,제1종근린생활,준주거,2025
경기,시흥시,배곧동,121,2,1986333,267500000,126.5,2016,제1종근린생활,준주거,2025
경기,시흥시,배곧동,122,3,3553571,199000000,56.0,2016,제2종근린생활,준주거,2026
경기,시흥시,배곧동,124,3,2290536,190000000,83.0,2016,제2종근린생활,준주거,2026
경기,시흥시,배곧동,125,3,2484858,299000000,109.6,2016,교육연구,준주거,2025
경기,시흥시,배곧동,126,3,2194230,231000000,107.2,2016,제2종근린생활,준주거,2025
경기,시흥시,배곧동,128,1,2137405,350000000,163.8,2019,제1종근린생활,준주거,2025
경기,시흥시,배곧동,132,10,1757665,143170000,81.7,2016,교육연구,준주거,2026
경기,시흥시,배곧동,14,2,12837010,415000000,32.3,2017,제2종근린생활,제2종일반주거,2026
경기,시흥시,배곧동,18-5,3,2338391,225000000,96.2,2018,제2종근린생활,준주거,2026
경기,시흥시,배곧동,191,9,7073386,170000000,41.8,2019,판매,일반상업,2026
경기,시흥시,배곧동,193-1,2,1593069,242500000,152.4,2015,제1종근린생활,일반상업,2025
경기,시흥시,배곧동,193-2,10,2009049,284410000,139.2,2017,제1종근린생활,일반상업,2026
경기,시흥시,배곧동,193-3,3,1507937,190000000,126.0,2017,제2종근린생활,일반상업,2026
경기,시흥시,배곧동,194-2,4,4300107,306500000,86.4,2016,제1종근린생활,일반상업,2026
경기,시흥시,배곧동,196-1,1,1654006,135000000,81.6,2017,제1종근린생활,일반상업,2025
경기,시흥시,배곧동,196-2,2,2571579,144000000,57.2,2017,제1종근린생활,일반상업,2025
경기,시흥시,배곧동,198-2,2,1081606,86000000,66.7,2017,제1종근린생활,일반상업,2026
경기,시흥시,배곧동,199-1,2,8908816,2575000000,664.8,2017,제2종근린생활,일반상업,2025
경기,시흥시,배곧동,200-2,1,8779904,367000000,41.8,2018,제2종근린생활,일반상업,2026
경기,시흥시,배곧동,204,7,2719165,250000000,84.0,2017,제2종근린생활,일반상업,2026
경기,시흥시,배곧동,206-3,1,2298851,100000000,43.5,2018,제2종근린생활,일반상업,2024
경기,시흥시,배곧동,206-4,1,12184315,550000000,45.1,2018,제2종근린생활,일반상업,2025
경기,시흥시,배곧동,214,22,12743446,711500000,60.8,2019,판매,일반상업,2026
경기,시흥시,배곧동,215,4,2486111,89500000,36.0,2019,업무,일반상업,2026
경기,시흥시,배곧동,216,3,3248159,150000000,46.2,2019,제2종근린생활,일반상업,2025
경기,시흥시,배곧동,218,2,2932497,110065000,37.2,2019,제2종근린생활,일반상업,2026
경기,시흥시,배곧동,219,5,2388889,91000000,36.0,2019,업무,일반상업,2026
경기,시흥시,배곧동,220,17,7514793,413840000,49.5,2019,판매,일반상업,2026
경기,시흥시,배곧동,221,5,14991182,850000000,56.1,2019,판매,일반상업,2025
경기,시흥시,배곧동,223-2,6,3305559,377195000,114.0,2019,제1종근린생활,일반상업,2025
경기,시흥시,배곧동,224-1,1,24700071,3500000000,141.7,2019,제1종근린생활,일반상업,2025
경기,시흥시,배곧동,229-1,1,11764706,400000000,34.0,2019,제2종근린생활,일반상업,2024
경기,시흥시,배곧동,231,4,2811448,167000000,74.8,2017,제1종근린생활,일반상업,2026
경기,시흥시,배곧동,233,3,16534041,748000000,45.2,2018,제1종근린생활,일반상업,2024
경기,시흥시,배곧동,243,4,18130312,697500000,35.3,2017,제2종근린생활,준주거,2025
경기,시흥시,배곧동,245,4,14749263,550000000,37.3,2018,제2종근린생활,준주거,2026
경기,시흥시,배곧동,279,2,4385965,120000000,27.4,2017,제2종근린생활,제2종일반주거,2026
경기,시흥시,배곧동,291-5,1,2351558,120000000,51.0,2020,업무,준주거,2025
경기,시흥시,배곧동,292-2,2,15223213,431960000,28.4,2024,제2종근린생활,준주거,2026
경기,시흥시,배곧동,292-3,6,5649641,400000000,53.0,2020,제2종근린생활,준주거,2025
경기,시흥시,배곧동,299-3,15,9652076,630000000,56.2,2019,제2종근린생활,준주거,2026
경기,시흥시,배곧동,5,1,11051051,368000000,33.3,2019,제2종근린생활,제2종일반주거,2025
경기,시흥시,배곧동,66,2,2800597,225000000,80.3,2017,제1종근린생활,준주거,2026
경기,시흥시,배곧동,68,2,3255951,222500000,68.4,2017,제2종근린생활,준주거,2026
경기,시흥시,배곧동,72,1,2413248,290000000,120.2,2016,제2종근린생활,준주거,2025
경기,시흥시,배곧동,73,3,12620192,525000000,43.7,2017,제2종근린생활,준주거,2026
경기,시흥시,배곧동,75,1,13601142,667000000,49.0,2017,제1종근린생활,준주거,2025
경기,시흥시,배곧동,76,2,3022722,200500000,68.5,2017,제2종근린생활,준주거,2025
경기,시흥시,산현동,4**,2,4249385,780630000,180.1,2003,제2종근린생활,개발제한구역,2026
경기,시흥시,산현동,491-1,1,6864222,410000000,59.7,2017,제1종근린생활,제2종일반주거,2024
경기,시흥시,산현동,514,1,10536398,385000000,36.5,2018,제2종근린생활,제3종일반주거,2025
경기,시흥시,신천동,1**,3,6551268,1836910000,280.4,2015,제2종근린생활,개발제한구역,2026
경기,시흥시,신천동,314-52,1,600000,21000000,35.0,1995,제2종근린생활,제1종일반주거,2026
경기,시흥시,신천동,387,1,4047619,102000000,25.2,1986,판매,제2종일반주거,2024
경기,시흥시,신천동,5**,3,4020602,1857880000,462.1,2015,제1종근린생활,제1종일반주거,2025
경기,시흥시,신천동,7**,8,1906014,832000000,391.4,1991,제1종근린생활,제1종일반주거,2026
경기,시흥시,신천동,705-1,1,2573070,103000000,40.0,2017,제1종근린생활,일반상업,2024
경기,시흥시,신천동,706-19,1,1973302,170000000,86.2,2002,제1종근린생활,일반상업,2024
경기,시흥시,신천동,709-32,1,1254480,42000000,33.5,2011,제2종근린생활,일반상업,2026
경기,시흥시,신천동,712-9,6,4716916,90000000,19.1,,제1종근린생활,일반상업,2025
경기,시흥시,신천동,743-2,9,4771408,389550000,82.6,2018,제2종근린생활,제1종일반주거,2026
경기,시흥시,신천동,746-25,1,3557137,160000000,45.0,2002,제1종근린생활,제1종일반주거,2025
경기,시흥시,신천동,761-15,1,3931848,150000000,38.2,2002,제1종근린생활,제1종일반주거,2024
경기,시흥시,신천동,765-10,3,4385965,150000000,34.6,2018,제1종근린생활,제2종일반주거,2026
경기,시흥시,신천동,774,2,1427489,197000000,382.0,2000,기타,제2종일반주거,2024
경기,시흥시,신천동,782,3,4086637,200000000,54.0,2003,제1종근린생활,제2종일반주거,2026
경기,시흥시,신천동,8*,1,8852854,9101000000,1028.0,2007,제1종근린생활,제1종일반주거,2025
경기,시흥시,신천동,8**,3,1604530,680000000,347.9,1997,제2종근린생활,제1종일반주거,2026
경기,시흥시,신천동,835-31,1,2203336,70000000,31.8,1987,제1종근린생활,제2종일반주거,2024
경기,시흥시,신천동,838-9,1,4095173,179000000,43.7,2001,제1종근린생활,제2종일반주거,2025
경기,시흥시,신천동,862-6,3,2433503,215000000,88.4,2004,제1종근린생활,일반공업,2025
경기,시흥시,신천동,864-4,2,3103143,124000000,40.1,2020,제2종근린생활,일반공업,2025
경기,시흥시,안현동,3**,2,6156426,1540000000,270.5,2022,제2종근린생활,제1종일반주거,2026
경기,시흥시,안현동,4**,5,6055556,2116500000,341.8,2019,제2종근린생활,제1종일반주거,2026
경기,시흥시,안현동,8*,2,11117647,1465640000,165.6,2018,제2종근린생활,제1종일반주거,2026
경기,시흥시,월곶동,1***,8,2333826,3072360000,1537.0,1998,숙박,일반상업,2026
경기,시흥시,월곶동,1006-3,1,2136752,290000000,135.7,2004,제2종근린생활,일반상업,2024
경기,시흥시,월곶동,1009-1,3,1372159,268500000,176.0,2002,제2종근린생활,일반상업,2026
경기,시흥시,월곶동,1009-2,2,5943580,1500000000,682.7,2003,기타,일반상업,2025
경기,시흥시,월곶동,1010-4,12,1416750,135000000,60.8,2002,제1종근린생활,준주거,2026
경기,시흥시,월곶동,1014-2,1,1232241,170000000,138.0,1999,제2종근린생활,준주거,2024
경기,시흥시,월곶동,3**,3,3218391,730000000,197.6,2012,제2종근린생활,개발제한구역,2026
경기,시흥시,월곶동,4**,3,4683196,1972000000,421.1,2007,제1종근린생활,제1종일반주거,2026
경기,시흥시,월곶동,6**,3,4821104,1721490000,358.3,2020,제1종근린생활,제1종일반주거,2026
경기,시흥시,월곶동,9**,3,2141081,2214920000,1052.3,1998,제2종근린생활,일반상업,2025
경기,시흥시,월곶동,992-5,1,4968383,165000000,33.2,2013,제2종근린생활,일반상업,2025
경기,시흥시,월곶동,997-7,1,1059771,25000000,23.6,2003,업무,일반상업,2024
경기,시흥시,은행동,1**,1,2131552,1200000000,563.0,1991,제1종근린생활,제1종일반주거,2025
경기,시흥시,은행동,276-15,1,5362319,148000000,27.6,1997,제2종근린생활,제2종일반주거,2025
경기,시흥시,은행동,289-52,1,1187178,150000000,126.4,2002,제1종근린생활,제2종일반주거,2025
경기,시흥시,은행동,3**,4,5851652,1407780000,229.5,2010,제2종근린생활,제1종일반주거,2026
경기,시흥시,은행동,531-4,2,3015517,350000000,156.3,2000,제1종근린생활,일반상업,2025
경기,시흥시,은행동,532-1,1,5791506,240000000,41.4,,제1종근린생활,일반상업,2026
경기,시흥시,은행동,547-4,8,1414340,191790000,120.4,2003,제1종근린생활,준주거,2026
경기,시흥시,은행동,605,5,2708764,586610000,216.6,2019,제1종근린생활,준주거,2025
경기,시흥시,은행동,606,1,2948632,221000000,75.0,2020,제1종근린생활,준주거,2026
경기,시흥시,은행동,607,3,3384615,110000000,32.5,2021,제2종근린생활,준주거,2026
경기,시흥시,은행동,608,1,4226543,150000000,35.5,2019,제2종근린생활,준주거,2025
경기,시흥시,은행동,608-2,1,3792977,310000000,81.7,2021,제2종근린생활,준주거,2026
경기,시흥시,은행동,608-8,1,3557647,287280000,80.8,2022,제1종근린생활,준주거,2026
경기,시흥시,은행동,611,3,2832326,400000000,144.1,2018,제2종근린생활,준주거,2025
경기,시흥시,은행동,611-1,1,6323185,270000000,42.7,2020,제2종근린생활,준주거,2025
경기,시흥시,은행동,616,4,4257734,325000000,74.9,2022,제1종근린생활,준주거,2026
경기,시흥시,은행동,616-1,18,7416383,611110000,82.4,2022,제2종근린생활,준주거,2025
경기,시흥시,은행동,619,2,21818182,540000000,24.8,2017,제2종근린생활,제3종일반주거,2026
경기,시흥시,은행동,621,4,8015873,252500000,31.5,2018,제2종근린생활,제3종일반주거,2025
경기,시흥시,은행동,625,1,3996803,100000000,25.0,2020,제2종근린생활,제3종일반주거,2026
경기,시흥시,은행동,644,2,15162739,787500000,51.9,2019,판매,일반상업,2026
경기,시흥시,은행동,645-1,1,4099151,511820000,124.9,2019,교육연구,일반상업,2024
경기,시흥시,은행동,645-2,4,19168291,885000000,46.2,2019,제1종근린생활,일반상업,2024
경기,시흥시,은행동,646,3,4629446,233000000,50.3,2019,제1종근린생활,일반상업,2026
경기,시흥시,은행동,646-1,1,15924137,890000000,55.9,2019,제2종근린생활,일반상업,2025
경기,시흥시,은행동,646-10,2,6738281,345000000,51.2,2019,제1종근린생활,일반상업,2025
경기,시흥시,은행동,646-11,2,10720682,491000000,48.8,2019,제2종근린생활,일반상업,2024
경기,시흥시,은행동,646-2,3,3816514,445000000,121.2,2019,교육연구,일반상업,2025
경기,시흥시,은행동,646-4,1,21350011,990000000,46.4,2020,제2종근린생활,일반상업,2026
경기,시흥시,은행동,646-5,3,6190476,260000000,42.0,2019,제2종근린생활,일반상업,2025
경기,시흥시,은행동,646-8,4,4231115,356250000,92.3,2019,제1종근린생활,일반상업,2025
경기,시흥시,은행동,646-9,1,3176404,280000000,88.2,2019,제2종근린생활,일반상업,2025
경기,시흥시,은행동,647,1,15000000,600000000,40.0,2020,제2종근린생활,제3종일반주거,2025
경기,시흥시,은행동,658-1,1,4487427,232000000,51.7,2021,제1종근린생활,준주거,2025
경기,시흥시,은행동,660,1,4210526,160000000,38.0,2019,제2종근린생활,제3종일반주거,2026
경기,시흥시,장곡동,8**,1,1596516,5800000000,3632.9,2000,기타,일반상업,2026
경기,시흥시,장곡동,802-1,3,1324803,140000000,116.7,1999,제2종근린생활,준주거,2025
경기,시흥시,장곡동,803-5,3,1454380,98000000,88.0,1999,제2종근린생활,준주거,2024
경기,시흥시,장곡동,806,1,1709726,45000000,26.3,,제2종근린생활,제3종일반주거,2024
경기,시흥시,장곡동,812-2,1,2377782,1000000000,420.6,,기타,일반상업,2026
경기,시흥시,장곡동,820-3,2,3931045,750000000,558.7,2000,판매,일반상업,2025
경기,시흥시,장곡동,823-6,2,5149813,192500000,37.4,2000,제1종근린생활,준주거,2024
경기,시흥시,장곡동,828,1,2590388,235000000,90.7,1999,제2종근린생활,제3종일반주거,2024
경기,시흥시,장곡동,882-4,1,22394488,780000000,34.8,2023,제1종근린생활,제2종일반주거,2025
경기,시흥시,장곡동,882-5,1,8460082,308370000,36.4,2023,제1종근린생활,제2종일반주거,2025
경기,시흥시,장곡동,895-5,5,13322859,614800000,43.3,2022,제1종근린생활,준주거,2026
경기,시흥시,장곡동,913,2,14583333,490000000,33.6,2023,제2종근린생활,제3종일반주거,2025
경기,시흥시,장곡동,932-1,1,3976934,400000000,100.6,2022,제1종근린생활,준주거,2025
경기,시흥시,장곡동,932-2,1,6376340,470000000,73.7,2021,제1종근린생활,준주거,2025
경기,시흥시,장곡동,932-3,1,4629630,165000000,35.6,2023,제2종근린생활,준주거,2026
경기,시흥시,장곡동,932-5,1,35294118,1620000000,45.9,2021,제1종근린생활,준주거,2025
경기,시흥시,장곡동,934-1,1,3971406,200000000,50.4,2022,제2종근린생활,준주거,2025
경기,시흥시,장곡동,934-3,12,6691027,392375000,50.3,2024,제2종근린생활,준주거,2025
경기,시흥시,장곡동,936,2,14267401,375000000,26.3,2022,제2종근린생활,제3종일반주거,2025
경기,시흥시,장곡동,949-14,2,3842352,332000000,86.8,2021,제2종근린생활,준주거,2025
경기,시흥시,장곡동,949-16,2,2630010,189500000,52.8,2021,제2종근린생활,준주거,2025
경기,시흥시,장현동,545-5,2,1395179,135000000,96.8,2000,제2종근린생활,일반상업,2025
경기,시흥시,장현동,547-6,2,2757211,313500000,113.5,2004,제2종근린생활,일반상업,2025
경기,시흥시,장현동,548-3,1,3796507,100000000,26.3,2006,제1종근린생활,일반상업,2025
경기,시흥시,장현동,584,3,5214425,214000000,41.0,2022,제2종근린생활,제2종일반주거,2026
경기,시흥시,장현동,6**,1,6273078,1495000000,238.3,2023,제1종근린생활,제1종일반주거,2026
경기,시흥시,장현동,608,4,4886205,191000000,41.7,2020,제1종근린생활,제3종일반주거,2026
경기,시흥시,장현동,671-5,12,5254625,111100000,21.9,2023,업무,준주거,2026
경기,시흥시,장현동,671-6,1,6770989,545200000,80.5,2024,제1종근린생활,준주거,2025
경기,시흥시,정왕동,1***,12,2830723,1475000000,580.8,1998,제2종근린생활,제2종일반주거,2026
경기,시흥시,정왕동,1180-2,3,3406814,333010000,34.3,2016,제2종근린생활,제2종일반주거,2025
경기,시흥시,정왕동,1189,1,2734947,97200000,35.5,2016,제1종근린생활,제2종일반주거,2025
경기,시흥시,정왕동,1202,1,4774306,385000000,80.6,2002,제2종근린생활,제2종일반주거,2025
경기,시흥시,정왕동,1203,4,2440689,61500000,742.1,2002,판매,제2종일반주거,2026
경기,시흥시,정왕동,1211-2,1,3296064,147400000,44.7,2015,제2종근린생활,제2종일반주거,2025
경기,시흥시,정왕동,1234-12,3,3822060,260000000,63.6,2018,제1종근린생활,일반공업,2025
경기,시흥시,정왕동,1270,3,10476190,330000000,31.5,2019,제2종근린생활,일반공업,2025
경기,시흥시,정왕동,1277-14,1,2989130,110000000,36.8,2016,업무,일반공업,2026
경기,시흥시,정왕동,1289-5,1,1927390,275000000,142.7,2005,제2종근린생활,일반공업,2026
경기,시흥시,정왕동,1364,38,1710171,44555000,27.4,1997,업무,준공업,2026
경기,시흥시,정왕동,1366-14,4,1528339,109735000,71.8,2003,제2종근린생활,준공업,2025
경기,시흥시,정왕동,1367-1,105,1922153,40000000,20.8,1997,업무,준공업,2026
경기,시흥시,정왕동,1622-1,1,1649423,220000000,133.4,2003,제2종근린생활,일반상업,2025
경기,시흥시,정왕동,1625-6,1,1343449,170000000,126.5,2000,기타,일반상업,2025
경기,시흥시,정왕동,1726-1,1,1605351,240000000,149.5,2003,교육연구,중심상업,2024
경기,시흥시,정왕동,1726-4,1,2091373,168000000,80.3,1997,제2종근린생활,중심상업,2025
경기,시흥시,정왕동,1727-1,1,1173139,145000000,123.6,,제2종근린생활,중심상업,2025
경기,시흥시,정왕동,1728-16,2,1286865,164500000,127.8,1998,제2종근린생활,중심상업,2025
경기,시흥시,정왕동,1728-17,1,992063,70000000,70.6,,제2종근린생활,중심상업,2024
경기,시흥시,정왕동,1728-18,1,6735589,215000000,31.9,1999,제1종근린생활,중심상업,2025
경기,시흥시,정왕동,1728-5,1,954844,48000000,50.3,1997,제2종근린생활,중심상업,2024
경기,시흥시,정왕동,1730-4,3,1754879,1000000000,569.8,1998,숙박,중심상업,2026
경기,시흥시,정왕동,1730-5,1,2101723,50000000,23.8,,업무,중심상업,2025
경기,시흥시,정왕동,1731-12,2,1342496,105000000,78.2,1997,제1종근린생활,중심상업,2024
경기,시흥시,정왕동,1731-17,1,730432,95000000,130.1,1998,제2종근린생활,중심상업,2025
경기,시흥시,정왕동,1731-18,1,860215,32000000,37.2,1998,제2종근린생활,중심상업,2025
경기,시흥시,정왕동,1731-19,1,841751,30000000,35.6,1998,제2종근린생활,중심상업,2025
경기,시흥시,정왕동,1731-7,1,1079137,120000000,111.2,1998,제2종근린생활,중심상업,2024
경기,시흥시,정왕동,1732-5,1,5565902,2600000000,467.1,1997,숙박,중심상업,2026
경기,시흥시,정왕동,1733-1,3,4455356,245000000,55.0,2002,판매,중심상업,2026
경기,시흥시,정왕동,1733-2,2,2944240,77500000,26.4,1998,판매,중심상업,2026
경기,시흥시,정왕동,1736-1,1,1042160,110000000,105.6,,기타,중심상업,2024
경기,시흥시,정왕동,1740-1,1,1052189,100000000,95.0,1996,제1종근린생활,중심상업,2025
경기,시흥시,정왕동,1742-1,1,8699634,285000000,32.8,,제2종근린생활,중심상업,2024
경기,시흥시,정왕동,1742-4,9,1682860,200500000,54.1,2000,제1종근린생활,중심상업,2026
경기,시흥시,정왕동,1742-5,3,1524971,160000000,104.9,1997,제2종근린생활,중심상업,2026
경기,시흥시,정왕동,1745-3,3,7477741,225080000,30.1,1999,판매,중심상업,2025
경기,시흥시,정왕동,1783-6,6,1381671,398000000,290.8,1998,숙박,일반상업,2025
경기,시흥시,정왕동,1801,1,4095634,197000000,48.1,2002,제2종근린생활,제1종일반주거,2025
경기,시흥시,정왕동,1848-4,1,8695652,270000000,31.0,1997,제2종근린생활,제2종일반주거,2025
경기,시흥시,정왕동,1857-2,1,4788557,385000000,80.4,,제2종근린생활,일반상업,2024
경기,시흥시,정왕동,1859-15,2,2059906,179250000,87.0,1998,기타,일반상업,2024
경기,시흥시,정왕동,1859-18,11,1640909,256970000,104.4,2002,제1종근린생활,일반상업,2026
경기,시흥시,정왕동,1860-7,1,1007919,112000000,111.1,,제2종근린생활,일반상업,2025
경기,시흥시,정왕동,1861-1,7,1773813,700000000,394.6,2002,교육연구,일반상업,2024
경기,시흥시,정왕동,1861-2,9,1394251,260000000,125.2,2002,제1종근린생활,일반상업,2026
경기,시흥시,정왕동,1861-4,6,7309942,350000000,44.5,1998,판매,일반상업,2026
경기,시흥시,정왕동,1861-6,2,1306008,145000000,111.0,1998,제2종근린생활,일반상업,2025
경기,시흥시,정왕동,1861-7,4,3009384,100000000,25.5,2003,판매,일반상업,2026
경기,시흥시,정왕동,1861-8,2,4138834,687500000,389.5,2003,판매,일반상업,2026
경기,시흥시,정왕동,1872-5,1,5456349,110000000,20.2,1996,제1종근린생활,제2종일반주거,2026
경기,시흥시,정왕동,1875-5,1,12261072,263000000,21.4,,제1종근린생활,제2종일반주거,2025
경기,시흥시,정왕동,1881-1,1,1008065,330000000,327.4,1997,제2종근린생활,일반상업,2025
경기,시흥시,정왕동,1881-11,1,6552707,230000000,35.1,2001,제2종근린생활,일반상업,2024
경기,시흥시,정왕동,1881-8,2,850031,85000000,99.5,1997,교육연구,일반상업,2026
경기,시흥시,정왕동,1881-9,1,1973684,225000000,114.0,,판매,일반상업,2026
경기,시흥시,정왕동,1882-4,1,3694444,66500000,18.0,1998,제2종근린생활,일반상업,2025
경기,시흥시,정왕동,1882-8,2,1166350,145000000,124.3,1997,제2종근린생활,일반상업,2024
경기,시흥시,정왕동,2**,2,5211623,1732500000,312.9,2018,제2종근린생활,제1종일반주거,2026
경기,시흥시,정왕동,2***,16,2284421,1025000000,340.3,2010,제2종근린생활,제2종일반주거,2026
경기,시흥시,정왕동,2003-12,2,967133,6915000,7.2,1999,제1종근린생활,제2종일반주거,2026
경기,시흥시,정왕동,2003-8,3,1818182,13000000,7.2,1999,제1종근린생활,제2종일반주거,2026
경기,시흥시,정왕동,2004-2,1,1239201,175000000,141.2,2002,제2종근린생활,준주거,2026
경기,시흥시,정왕동,2004-3,8,3977273,28000000,7.0,2003,판매,준주거,2026
경기,시흥시,정왕동,2005-3,6,2947443,20750000,7.0,2003,판매,준주거,2026
경기,시흥시,정왕동,2030-10,2,2286199,179605000,81.0,2012,제2종근린생활,제2종일반주거,2024
경기,시흥시,정왕동,2123-2,2,2872739,190000000,70.5,2015,제2종근린생활,준공업,2025
경기,시흥시,정왕동,2164-2,3,1378390,93000000,67.5,2005,제2종근린생활,준공업,2026
경기,시흥시,정왕동,2165-2,15,2674253,235000000,91.6,2004,판매,준공업,2026
경기,시흥시,정왕동,2166-2,4,2616431,800000000,305.8,2004,판매,준공업,2026
경기,시흥시,정왕동,2210,59,2806673,420000000,152.8,2008,판매,준공업,2026
경기,시흥시,정왕동,2211,7,2701389,143000000,94.8,2007,판매,준공업,2026
경기,시흥시,정왕동,2297-2,1,5011565,130000000,25.9,2012,제2종근린생활,제2종일반주거,2025
경기,시흥시,정왕동,2302,1,6984127,330000000,47.2,2001,제2종근린생활,제2종일반주거,2024
경기,시흥시,정왕동,2326-1,1,2995338,257000000,85.8,2000,제2종근린생활,제2종일반주거,2025
경기,시흥시,정왕동,2327-2,1,2251553,435000000,193.2,2002,제1종근린생활,제2종일반주거,2026
경기,시흥시,정왕동,2597-14,2,3285367,910000000,276.9,2015,업무,준공업,2025
경기,시흥시,정왕동,2632,5,4000000,555000000,153.9,2016,판매,준공업,2025
경기,시흥시,정왕동,2636-1,1,3721161,1650000000,443.4,,판매,준공업,2024
경기,시흥시,정왕동,2684,5,4184180,170000000,52.3,2022,제2종근린생활,일반상업,2026
경기,시흥시,정왕동,2689-2,1,7338415,288840000,39.4,2024,기타,일반상업,2025
경기,시흥시,정왕동,2703-11,1,721501,50000000,69.3,2022,제1종근린생활,일반상업,2025
경기,시흥시,정왕동,2703-14,1,1558753,130000000,83.4,2022,제2종근린생활,일반상업,2025
경기,시흥시,정왕동,2706-12,3,3430278,222600000,69.0,2022,제2종근린생활,일반상업,2025
경기,시흥시,정왕동,2706-7,1,5072885,527580000,104.0,2022,제2종근린생활,일반상업,2025
경기,시흥시,정왕동,2707,1,789681,60000000,76.0,2021,제2종근린생활,일반상업,2026
경기,시흥시,정왕동,2713-4,1,5196078,583000000,112.2,2023,제1종근린생활,제2종일반주거,2024
경기,시흥시,정왕동,2718-1,2,9939898,440000000,47.1,2022,제1종근린생활,일반상업,2025
경기,시흥시,정왕동,2718-7,4,7377549,310400000,41.0,2021,제2종근린생활,일반상업,2024
경기,시흥시,정왕동,2720-2,3,3750000,280000000,80.0,2020,제2종근린생활,일반상업,2026
경기,시흥시,정왕동,2720-6,1,8379220,350000000,41.8,2020,제1종근린생활,일반상업,2025
경기,시흥시,정왕동,2720-9,1,4850088,440000000,90.7,2020,제2종근린생활,일반상업,2025
경기,시흥시,정왕동,2731-2,34,9302723,526120000,39.0,2023,제2종근린생활,일반상업,2026
경기,시흥시,정왕동,3**,1,4200680,802750000,191.1,2013,제2종근린생활,제1종일반주거,2024
경기,시흥시,정왕동,8**,1,3001817,859000000,286.2,2006,제2종근린생활,개발제한구역,2025
경기,시흥시,조남동,170-1,1,10976639,390000000,35.5,2023,제1종근린생활,제3종일반주거,2024
경기,시흥시,조남동,171-20,1,3086420,100000000,32.4,,판매,제3종일반주거,2025
경기,시흥시,조남동,2**,1,4548972,1675250000,368.3,2010,제2종근린생활,제1종일반주거,2025
경기,시흥시,조남동,4*,1,2979778,890000000,298.7,2017,제2종근린생활,개발제한구역,2025
경기,시흥시,조남동,4**,3,4452238,924140000,294.9,2011,제2종근린생활,개발제한구역,2026
경기,시흥시,조남동,652-6,1,11363636,550000000,48.4,2018,제1종근린생활,일반상업,2026
경기,시흥시,조남동,657,12,2934328,224300000,78.2,2016,제2종근린생활,일반상업,2025
경기,시흥시,조남동,660,2,10818182,362250000,33.0,2017,제2종근린생활,제3종일반주거,2026
경기,시흥시,조남동,662,2,11241830,430000000,38.2,2016,제2종근린생활,제3종일반주거,2026
경기,시흥시,조남동,666,3,11065574,540000000,48.8,2019,제2종근린생활,제2종일반주거,2025
경기,시흥시,조남동,684,28,2019199,91915000,46.5,2020,제2종근린생활,준주거,2025
경기,시흥시,조남동,707-1,2,4580105,225000000,48.2,2018,제1종근린생활,준주거,2026
경기,시흥시,조남동,709-1,1,1858903,83000000,44.6,2019,제1종근린생활,준주거,2025
경기,시흥시,조남동,710,69,2364749,78840000,32.7,2019,제2종근린생활,준주거,2026
경기,시흥시,조남동,711,13,6266943,241000000,38.5,2018,제1종근린생활,준주거,2026
경기,시흥시,죽율동,1*,1,3989208,2594900000,650.5,2015,제1종근린생활,제1종일반주거,2024
경기,시흥시,죽율동,5*,1,7234563,1420000000,196.3,2025,제2종근린생활,개발제한구역,2026
경기,시흥시,죽율동,759,1,4166667,225000000,54.0,,제2종근린생활,개발제한구역,2026
경기,시흥시,포동,*,4,8747501,2220150000,229.2,2021,제2종근린생활,제3종일반주거,2026
경기,시흥시,포동,1-71,3,2197802,82000000,35.8,1992,제1종근린생활,제3종일반주거,2026
경기,시흥시,포동,13-3,1,2539683,48000000,18.9,1993,제1종근린생활,개발제한구역,2026
경기,시흥시,포동,2*,2,5347043,1015000000,183.3,2017,제1종근린생활,제1종일반주거,2026
경기,시흥시,포동,8*,2,8709881,2138450000,245.5,2021,제2종근린생활,제1종일반주거,2025
경기,시흥시,하상동,377-1,2,2539614,110000000,54.2,2003,제1종근린생활,준주거,2025
경기,시흥시,하상동,377-2,4,2069250,273750000,173.5,2002,기타,준주거,2026
경기,시흥시,하상동,383,1,4162367,121000000,29.1,2003,제1종근린생활,제3종일반주거,2026
경기,시흥시,하중동,856-5,1,7722008,240000000,31.1,2002,제2종근린생활,준주거,2024
경기,시흥시,하중동,878-1,1,3635734,105000000,28.9,2004,제2종근린생활,일반상업,2026
경기,안성시,고삼면 가유리,2**,1,4379962,480000000,109.6,2000,제1종근린생활,계획관리,2024
경기,안성시,고삼면 봉산리,6**,1,1821862,1800000000,988.0,2021,제1종근린생활,계획관리,2026
경기,안성시,고삼면 월향리,2**,1,4125238,390000000,94.5,2000,제2종근린생활,보전관리,2024
경기,안성시,공도읍 마정리,1**,3,740109,991150000,392.3,2010,제2종근린생활,제1종일반주거,2026
경기,안성시,공도읍 마정리,2**,1,1139283,510000000,447.6,1998,기타,제1종전용주거,2024
경기,안성시,공도읍 마정리,4*,1,2750000,550000000,200.0,2007,제1종근린생활,제1종전용주거,2026
경기,안성시,공도읍 마정리,561-1,1,3174603,100000000,31.5,2001,제1종근린생활,제1종일반주거,2025
경기,안성시,공도읍 마정리,593,1,2142857,63000000,29.4,2007,제1종근린생활,제1종일반주거,2025
경기,안성시,공도읍 만정리,1**,1,2292308,745000000,325.0,2021,제2종근린생활,자연녹지,2026
경기,안성시,공도읍 만정리,785-6,1,5602241,180000000,32.1,2007,제1종근린생활,제3종일반주거,2025
경기,안성시,공도읍 만정리,786-1,1,5925926,160000000,27.0,2008,제2종근린생활,제3종일반주거,2025
경기,안성시,공도읍 만정리,817-2,3,1970573,240000000,113.5,2011,제2종근린생활,일반상업,2025
경기,안성시,공도읍 만정리,821-1,3,9145380,290000000,31.7,2009,제1종근린생활,일반상업,2025
경기,안성시,공도읍 만정리,880,8,5064729,145000000,27.8,2010,제2종근린생활,제2종일반주거,2025
경기,안성시,공도읍 승두리,3*,1,1517518,68000000,44.8,2017,제2종근린생활,제1종일반주거,2025
경기,안성시,공도읍 승두리,5*,1,2580645,180000000,69.8,,제1종근린생활,일반상업,2024
경기,안성시,공도읍 승두리,54-15,3,1344990,20000000,14.9,1994,제1종근린생활,제1종일반주거,2026
경기,안성시,공도읍 승두리,6*,1,1423343,280000000,196.7,1986,제1종근린생활,일반상업,2026
경기,안성시,공도읍 승두리,6**,5,1580277,268900000,170.2,2009,제1종근린생활,자연녹지,2026
경기,안성시,공도읍 승두리,7*,1,1435195,650000000,452.9,2006,기타,제1종일반주거,2026
경기,안성시,공도읍 승두리,7**,1,22536585,2217600000,98.4,2011,제1종근린생활,자연녹지,2025
경기,안성시,공도읍 승두리,889,2,5352505,188500000,40.4,2020,제2종근린생활,제2종일반주거,2026
경기,안성시,공도읍 승두리,898,36,2950076,136810000,42.2,2023,제2종근린생활,제2종일반주거,2025
경기,안성시,공도읍 승두리,936,1,12987865,396000000,30.5,,제1종근린생활,제2종일반주거,2025
경기,안성시,공도읍 신두리,1**,1,3762626,745000000,198.0,2025,제2종근린생활,자연녹지,2025
경기,안성시,공도읍 양기리,5**,1,4366398,920000000,210.7,2019,제1종근린생활,자연녹지,2025
경기,안성시,공도읍 양기리,615,1,4017902,143640000,35.8,2019,제2종근린생활,제2종일반주거,2026
경기,안성시,공도읍 용두리,135-1,2,2198969,145000000,65.9,1987,제1종근린생활,제1종일반주거,2026
경기,안성시,공도읍 용두리,158-8,1,3610374,245000000,67.9,2018,제1종근린생활,제1종일반주거,2025
경기,안성시,공도읍 용두리,5**,1,3365940,4070600000,1209.4,2023,기타,자연녹지,2026
경기,안성시,공도읍 용두리,752,7,1116071,62500000,56.0,2002,제2종근린생활,제3종일반주거,2025
경기,안성시,공도읍 용두리,755-5,1,6608640,205000000,31.0,,제2종근린생활,제2종일반주거,2025
경기,안성시,공도읍 용두리,758,1,12903226,400000000,31.0,2023,제2종근린생활,제2종일반주거,2025
경기,안성시,공도읍 웅교리,2**,1,2057613,100000000,48.6,2026,제1종근린생활,자연녹지,2025
경기,안성시,공도읍 웅교리,3**,2,2550195,1050000000,412.6,2009,기타,자연녹지,2026
경기,안성시,공도읍 진사리,2**,1,1771291,875000000,494.0,2005,제2종근린생활,자연녹지,2025
경기,안성시,공도읍 진사리,348,1,3221565,98000000,30.4,2004,제2종근린생활,자연녹지,2025
경기,안성시,구포동,1**,1,1374984,320000000,232.7,1989,제2종근린생활,제2종일반주거,2026
경기,안성시,금광면 상중리,3**,1,1689950,300000000,177.5,2020,제1종근린생활,생산관리,2026
경기,안성시,금광면 석하리,3**,1,2032520,200000000,98.4,2015,제1종근린생활,농림,2024
경기,안성시,금광면 오산리,2**,1,1343725,100000000,74.4,,제1종근린생활,자연녹지,2025
경기,안성시,금광면 오산리,4**,2,1081492,1320000000,1225.7,2005,숙박,계획관리,2025
경기,안성시,금광면 현곡리,4*,1,2139037,200000000,93.5,2015,제2종근린생활,농림,2024
경기,안성시,금산동,161-2,2,1573182,48005000,30.5,2013,제2종근린생활,근린상업,2026
경기,안성시,낙원동,7*,1,825083,30000000,36.4,,제1종근린생활,제2종일반주거,2026
경기,안성시,당왕동,534,9,1157407,22500000,13.0,1993,제1종근린생활,제2종일반주거,2026
경기,안성시,대덕면 건지리,3**,4,3487396,1604000000,626.6,2002,제1종근린생활,제2종일반주거,2026
경기,안성시,대덕면 내리,3**,1,2162061,690000000,319.1,2016,제2종근린생활,제1종일반주거,2025
경기,안성시,대덕면 내리,4**,1,5400000,3672000000,680.0,2007,제1종근린생활,자연녹지,2026
경기,안성시,대덕면 내리,6**,1,939271,305000000,324.7,2008,제1종근린생활,제2종일반주거,2025
경기,안성시,대덕면 내리,675,1,2509953,145000000,57.8,,제2종근린생활,제3종일반주거,2025
경기,안성시,대덕면 내리,715-1,1,1242468,200000000,161.0,2002,제1종근린생활,제2종일반주거,2025
경기,안성시,대덕면 보동리,9*,1,1593847,497870000,312.4,2005,제2종근린생활,생산관리,2025
경기,안성시,대덕면 소내리,1**,1,2929293,580000000,198.0,2020,제2종근린생활,계획관리,2024
경기,안성시,대덕면 소내리,2*,1,2551020,250000000,98.0,2023,제1종근린생활,계획관리,2026
경기,안성시,대덕면 소현리,2**,2,1554966,150000000,95.0,,기타,자연녹지,2026
경기,안성시,대덕면 진현리,3**,1,1727169,334000000,193.4,2019,제2종근린생활,계획관리,2026
경기,안성시,대천동,*,1,2845528,140000000,49.2,1998,제2종근린생활,제2종일반주거,2025
경기,안성시,대천동,1*,1,1101298,505000000,458.6,1996,제2종근린생활,근린상업,2026
경기,안성시,대천동,2*,1,677209,200000000,295.3,1991,제1종근린생활,근린상업,2026
경기,안성시,대천동,53,41,3984064,100000000,25.1,2019,숙박,일반상업,2025
경기,안성시,대천동,8*,1,1151448,700000000,607.9,1956,제1종근린생활,일반상업,2025
경기,안성시,도기동,1**,1,2988871,470000000,157.2,2013,제2종근린생활,제1종일반주거,2026
경기,안성시,도기동,5**,1,2255591,350000000,155.2,2017,제2종근린생활,제1종일반주거,2026
경기,안성시,동본동,3*,1,4434590,880000000,198.4,1998,제1종근린생활,일반상업,2025
경기,안성시,동본동,6*,1,2614806,160000000,61.2,1985,제2종근린생활,일반상업,2025
경기,안성시,미양면 개정리,3**,1,3238636,570000000,176.0,2006,제2종근린생활,계획관리,2026
경기,안성시,미양면 계륵리,1**,2,3084416,950000000,308.0,2011,제2종근린생활,자연녹지,2025
경기,안성시,미양면 계륵리,201-1,1,4166667,280000000,67.2,2009,제1종근린생활,일반공업,2025
경기,안성시,미양면 구례리,*,3,2138542,1479700000,691.9,2022,제2종근린생활,자연녹지,2025
경기,안성시,미양면 구수리,8*,1,2545885,301000000,118.2,,제2종근린생활,자연녹지,2025
경기,안성시,미양면 구수리,9*,1,470899,178000000,378.0,2008,제2종근린생활,자연녹지,2024
경기,안성시,미양면 마산리,5*,2,2738337,1350000000,493.0,2012,제2종근린생활,자연녹지,2026
경기,안성시,미양면 보체리,5*,1,1265912,180000000,142.2,1999,제1종근린생활,자연녹지,2026
경기,안성시,미양면 신계리,1**,1,1384615,540000000,390.0,2009,제2종근린생활,계획관리,2026
경기,안성시,미양면 양변리,2**,1,3472222,300000000,86.4,1991,제1종근린생활,자연녹지,2024
경기,안성시,보개면 기좌리,312-5,1,1812605,390000000,215.2,2008,제2종근린생활,계획관리,2025
경기,안성시,보개면 기좌리,8*,1,2272727,450000000,198.0,2017,제2종근린생활,계획관리,2025
경기,안성시,보개면 동신리,4**,1,2073491,498260000,240.3,2012,제2종근린생활,생산녹지,2026
경기,안성시,보개면 신장리,1**,1,1518096,250000000,164.7,2017,제1종근린생활,계획관리,2025
경기,안성시,삼죽면 덕산리,1*,1,411430,55000000,133.7,2000,제2종근린생활,생산관리,2026
경기,안성시,삼죽면 마전리,1**,2,1955307,7304350000,3818.4,2022,기타,계획관리,2025
경기,안성시,삼죽면 마전리,2*,2,1168875,445500000,399.6,1998,제2종근린생활,보전관리,2025
경기,안성시,삼죽면 율곡리,2**,1,2240117,153000000,68.3,,제2종근린생활,보전관리,2025
경기,안성시,서운면 산평리,2**,7,1936131,226270000,131.1,2016,제2종근린생활,생산관리,2026
경기,안성시,서운면 송정리,2**,1,2966222,209000000,70.5,2016,제2종근린생활,계획관리,2025
경기,안성시,서운면 오촌리,1**,1,778051,95000000,122.1,2008,제2종근린생활,자연녹지,2026
경기,안성시,서운면 오촌리,2**,1,2688888,10990400000,4087.3,,기타,자연녹지,2025
경기,안성시,서운면 인리,1**,1,995520,100000000,100.4,1984,제1종근린생활,근린상업,2026
경기,안성시,서운면 청용리,4*,2,1335064,250000000,196.8,1998,제1종근린생활,보전관리,2025
경기,안성시,서인동,1*,1,1043188,100000000,95.9,,제1종근린생활,일반상업,2026
경기,안성시,서인동,1**,1,1870390,1775000000,949.0,1985,제1종근린생활,일반상업,2025
경기,안성시,서인동,13,4,1043189,67000000,63.7,1983,판매,일반상업,2026
경기,안성시,서인동,5*,1,1201201,120000000,99.9,,제2종근린생활,일반상업,2026
경기,안성시,서인동,7*,1,4241602,500000000,117.9,1973,제1종근린생활,일반상업,2025
경기,안성시,서인동,88,1,2966442,480000000,161.8,2022,제1종근린생활,일반상업,2026
경기,안성시,석정동,*,1,2615882,3675000000,1404.9,2005,숙박,일반상업,2025
경기,안성시,석정동,2*,1,1130937,900000000,795.8,1986,제2종근린생활,일반상업,2026
경기,안성시,석정동,2**,1,2872031,1400000000,487.5,2015,제1종근린생활,제1종일반주거,2025
경기,안성시,석정동,22-1,4,956633,67500000,70.6,2003,제2종근린생활,일반상업,2025
경기,안성시,석정동,3*,1,1025774,1500000000,1462.3,2000,제2종근린생활,일반상업,2025
경기,안성시,석정동,343,1,6956522,280000000,40.2,2007,제1종근린생활,제2종일반주거,2025
경기,안성시,아양동,2**,2,1608653,696200000,387.1,2010,제1종근린생활,제1종일반주거,2025
경기,안성시,양성면 구장리,7*,1,3856624,765000000,198.4,2008,제2종근린생활,계획관리,2026
경기,안성시,양성면 난실리,1**,1,4688672,1250000000,266.6,2021,제1종근린생활,생산관리,2026
경기,안성시,양성면 노곡리,1**,1,1515152,150000000,99.0,2009,제1종근린생활,계획관리,2025
경기,안성시,양성면 노곡리,3**,1,4547692,650320000,143.0,2023,제2종근린생활,계획관리,2025
경기,안성시,양성면 노곡리,7**,2,2044838,550000000,269.0,2020,제2종근린생활,계획관리,2025
경기,안성시,양성면 덕봉리,4**,1,456756,93000000,203.6,1975,기타,자연녹지,2026
경기,안성시,양성면 동항리,3**,1,1247505,500000000,400.8,1995,제2종근린생활,제2종일반주거,2026
경기,안성시,양성면 명목리,2**,6,1466891,642735000,418.4,2009,제2종근린생활,자연녹지,2025
경기,안성시,양성면 미산리,4**,1,2076069,387000000,186.4,2014,제2종근린생활,계획관리,2025
경기,안성시,양성면 방신리,2**,1,2232143,780000000,349.4,2010,제2종근린생활,자연녹지,2024
경기,안성시,양성면 산정리,163-21,1,546687,200000000,365.8,2002,숙박,계획관리,2024
경기,안성시,양성면 삼암리,4**,2,2205307,2051500000,644.3,2016,기타,제1종전용주거,2026
경기,안성시,양성면 석화리,2**,1,9673469,948000000,98.0,2020,제1종근린생활,자연녹지,2024
경기,안성시,양성면 이현리,2**,2,4632127,701500000,151.8,2022,제1종근린생활,보전관리,2026
경기,안성시,양성면 장서리,*,1,5723765,38891950000,6794.8,2000,기타,계획관리,2026
경기,안성시,양성면 필산리,1**,1,12296891,1226000000,99.7,1995,제2종근린생활,계획관리,2026
경기,안성시,양성면 필산리,7*,2,3339192,190000000,56.9,2019,제1종근린생활,계획관리,2026
경기,안성시,영동,2*,1,4771855,1119000000,234.5,1996,제2종근린생활,일반상업,2025
경기,안성시,옥산동,1**,1,4687500,450000000,96.0,2023,제1종근린생활,자연녹지,2024
경기,안성시,옥산동,592,2,3622940,192500000,57.2,2020,제1종근린생활,일반상업,2025
경기,안성시,옥산동,593,1,4568529,218330000,47.8,,제2종근린생활,일반상업,2024
경기,안성시,옥산동,594-1,2,12579491,411450000,32.7,2021,제1종근린생활,일반상업,2026
경기,안성시,옥산동,598,2,2477563,301760000,121.7,2019,제2종근린생활,일반상업,2025
경기,안성시,원곡면 반제리,3*,2,4016064,740000000,184.3,2021,제1종근린생활,자연녹지,2025
경기,안성시,원곡면 성은리,2**,3,1948335,766670000,393.5,2011,제1종근린생활,계획관리,2025
경기,안성시,원곡면 성은리,3**,1,2604642,1285000000,493.4,2011,제2종근린생활,계획관리,2024
경기,안성시,원곡면 성은리,4**,1,3280253,550000000,167.7,,제2종근린생활,보전관리,2026
경기,안성시,원곡면 성주리,2**,2,2525253,500000000,198.0,2019,제1종근린생활,계획관리,2026
경기,안성시,원곡면 성주리,4*,1,1359223,70000000,51.5,1995,제2종근린생활,계획관리,2026
경기,안성시,원곡면 외가천리,1**,1,2699475,633000000,234.5,2018,제2종근린생활,자연녹지,2024
경기,안성시,원곡면 외가천리,2**,2,2873958,644255000,224.2,2016,제2종근린생활,일반상업,2025
경기,안성시,원곡면 외가천리,3**,1,3454874,1300000000,376.3,1996,제2종근린생활,생산녹지,2024
경기,안성시,원곡면 지문리,5**,2,3395225,978825000,277.7,2019,제2종근린생활,자연녹지,2026
경기,안성시,원곡면 지문리,7**,1,5910945,3434850000,581.1,2022,제1종근린생활,준공업,2026
경기,안성시,원곡면 칠곡리,2**,1,2606775,548700000,210.5,2017,제2종근린생활,자연녹지,2026
경기,안성시,원곡면 칠곡리,5**,2,4628068,650000000,282.6,2008,숙박,보전녹지,2025
경기,안성시,인지동,3**,1,2025111,200000000,98.8,2007,제1종근린생활,근린상업,2024
경기,안성시,인지동,4**,1,1364505,300000000,219.9,2007,제1종근린생활,준주거,2025
경기,안성시,일죽면 금산리,2**,1,1638598,180000000,109.8,1997,제2종근린생활,계획관리,2025
경기,안성시,일죽면 당촌리,1*,1,1927822,500000000,259.4,2018,제1종근린생활,계획관리,2026
경기,안성시,일죽면 방초리,4*,1,1121241,1287140000,1148.0,1998,숙박,계획관리,2026
경기,안성시,일죽면 방초리,4**,1,1513945,301820000,199.4,1998,제2종근린생활,계획관리,2026
경기,안성시,일죽면 송천리,1*,1,317561,20000000,63.0,2000,제1종근린생활,근린상업,2025
경기,안성시,일죽면 송천리,2**,4,1724756,385000000,223.2,2012,제1종근린생활,제1종일반주거,2026
경기,안성시,일죽면 송천리,610-1,1,4269547,83000000,19.4,2002,제1종근린생활,제2종일반주거,2024
경기,안성시,일죽면 주천리,7*,1,2382603,2200000000,923.4,2022,제2종근린생활,계획관리,2024
경기,안성시,일죽면 화봉리,3**,2,955556,430000000,450.0,2007,제2종근린생활,계획관리,2025
경기,안성시,죽산면 당목리,7**,1,4049080,1320000000,326.0,2024,기타,계획관리,2026
경기,안성시,죽산면 두현리,8*,1,1069754,939800000,878.5,,제2종근린생활,제1종일반주거,2025
경기,안성시,죽산면 죽산리,1**,2,2260556,409000000,179.7,1982,업무,일반상업,2025
경기,안성시,죽산면 죽산리,119-1,3,1402244,35000000,25.0,1998,제1종근린생활,제2종일반주거,2026
경기,안성시,죽산면 죽산리,4**,3,1614744,480000000,503.7,1995,제1종근린생활,제2종일반주거,2026
경기,안성시,죽산면 죽산리,435-2,1,2404735,130000000,54.1,1996,제2종근린생활,일반상업,2026
경기,안성시,죽산면 죽산리,437-2,1,2748414,78000000,28.4,,제2종근린생활,일반상업,2025
경기,안성시,죽산면 죽산리,5**,5,2602896,320000000,122.9,2023,제2종근린생활,제2종일반주거,2025
경기,안성시,죽산면 칠장리,2**,1,14411938,1269980000,88.1,,제2종근린생활,계획관리,2024
경기,안성시,죽산면 칠장리,4**,1,1403853,274720000,195.7,2014,기타,보전관리,2025
경기,안성시,죽산면 칠장리,8**,1,1106562,200000000,180.7,1994,제2종근린생활,생산관리,2026
경기,안성시,중리동,2*,1,2113636,186000000,88.0,1990,제2종근린생활,자연녹지,2025
경기,안성시,중리동,616-1,2,1990741,107500000,54.0,2006,제2종근린생활,제2종일반주거,2024
경기,안성시,창전동,1**,3,1569487,65840000,41.6,,제1종근린생활,제2종일반주거,2026
경기,양주시,고암동,1**,1,1641373,610000000,371.6,2002,제2종근린생활,제1종일반주거,2025
경기,양주시,고암동,121-5,1,3438041,139000000,40.4,2000,제2종근린생활,제3종일반주거,2024
경기,양주시,고암동,128-4,1,4420265,130000000,29.4,2001,제1종근린생활,제2종일반주거,2026
경기,양주시,고암동,4**,4,4505974,975000000,194.4,2020,제2종근린생활,자연녹지,2026
경기,양주시,고암동,5**,2,2133900,1055000000,494.4,2017,제2종근린생활,자연녹지,2025
경기,양주시,고암동,582,2,5375000,107500000,20.0,2011,제2종근린생활,제3종일반주거,2024
경기,양주시,고읍동,1**,3,4882228,667010000,136.6,2022,제2종근린생활,자연녹지,2026
경기,양주시,고읍동,3**,3,11029885,2399000000,217.5,2021,제2종근린생활,생산녹지,2026
경기,양주시,고읍동,455,1,4166667,110000000,26.4,2009,제1종근린생활,제2종일반주거,2025
경기,양주시,고읍동,77,1,3707763,203000000,54.8,,제2종근린생활,제2종일반주거,2026
경기,양주시,광사동,4**,1,3790367,750000000,197.9,2024,제2종근린생활,개발제한구역,2025
경기,양주시,광사동,6**,2,2856706,17000000000,5950.9,2023,제1종근린생활,일반상업,2025
경기,양주시,광사동,651-5,1,1518398,163000000,107.4,2017,제1종근린생활,일반상업,2024
경기,양주시,광사동,652-1,2,2353623,196800000,83.6,2017,제2종근린생활,일반상업,2026
경기,양주시,광사동,652-2,3,2188449,743370000,339.7,2017,기타,일반상업,2025
경기,양주시,광사동,652-3,4,1210085,223540000,185.4,2018,제2종근린생활,일반상업,2026
경기,양주시,광사동,652-6,1,1759259,76000000,43.2,2017,제2종근린생활,일반상업,2026
경기,양주시,광사동,653-2,3,942039,151500000,162.4,2017,교육연구,일반상업,2026
경기,양주시,광사동,654,1,6461538,1050000000,162.5,2009,제1종근린생활,일반상업,2025
경기,양주시,광사동,654-1,1,1386544,230000000,165.9,2011,제1종근린생활,일반상업,2025
경기,양주시,광사동,655,6,1617822,230540000,118.4,2009,제1종근린생활,일반상업,2025
경기,양주시,광사동,655-1,3,1309524,126000000,96.0,2010,제2종근린생활,일반상업,2026
경기,양주시,광사동,656-3,1,5000000,300000000,60.0,2017,제1종근린생활,일반상업,2025
경기,양주시,광사동,656-5,1,1688872,180000000,106.6,2010,제1종근린생활,일반상업,2026
경기,양주시,광사동,656-7,1,805067,150000000,186.3,2010,제2종근린생활,일반상업,2026
경기,양주시,광사동,657,2,5893732,231500000,39.4,2010,판매,일반상업,2026
경기,양주시,광사동,712,1,5674029,149000000,26.3,2010,제1종근린생활,제2종일반주거,2025
경기,양주시,광적면 가납리,2**,2,3407170,340000000,99.8,2010,제2종근린생활,계획관리,2026
경기,양주시,광적면 가납리,4**,1,2203247,875350000,397.3,2014,제2종근린생활,자연녹지,2024
경기,양주시,광적면 가납리,5**,3,2624512,770000000,98.0,2019,제2종근린생활,일반공업,2025
경기,양주시,광적면 가납리,7**,1,1479709,1150000000,777.2,1997,제2종근린생활,준주거,2026
경기,양주시,광적면 가납리,8**,2,1633865,447500000,273.6,2014,제2종근린생활,제1종일반주거,2026
경기,양주시,광적면 가납리,904,2,2101429,75000000,35.7,2017,제2종근린생활,제2종일반주거,2025
경기,양주시,광적면 광석리,3**,3,2813299,550000000,195.5,2010,제2종근린생활,자연녹지,2026
경기,양주시,광적면 덕도리,1**,1,1076923,280000000,260.0,2003,제2종근린생활,계획관리,2025
경기,양주시,광적면 덕도리,2**,2,3611111,715000000,198.0,2022,제2종근린생활,계획관리,2025
경기,양주시,광적면 비암리,2*,4,1325755,411100000,361.8,1999,제1종근린생활,생산관리,2025
경기,양주시,광적면 비암리,2**,1,1997993,199060000,99.6,2008,제2종근린생활,계획관리,2025
경기,양주시,광적면 비암리,5*,1,2394863,349650000,146.0,,제1종근린생활,보전관리,2025
경기,양주시,광적면 석우리,1**,2,2288393,610000000,345.8,2001,제2종근린생활,계획관리,2026
경기,양주시,광적면 석우리,4**,1,1974490,387000000,196.0,2000,제2종근린생활,자연녹지,2024
경기,양주시,광적면 석우리,5**,1,1364599,380000000,278.5,1997,제2종근린생활,계획관리,2025
경기,양주시,광적면 석우리,6**,1,10692745,1504790000,140.7,2011,제2종근린생활,계획관리,2025
경기,양주시,광적면 우고리,3**,1,2751323,2600000000,945.0,2025,제1종근린생활,보전관리,2025
경기,양주시,광적면 우고리,6**,1,4734034,1690050000,357.0,,제1종근린생활,보전관리,2025
경기,양주시,남면 경신리,1**,1,3699248,738000000,199.5,2024,제2종근린생활,자연녹지,2025
경기,양주시,남면 경신리,2**,2,2318258,918030000,396.0,2022,제2종근린생활,계획관리,2026
경기,양주시,남면 구암리,1**,2,1713591,738000000,272.8,2011,제2종근린생활,자연녹지,2025
경기,양주시,남면 매곡리,*,1,1373974,100410000,73.1,,제1종근린생활,자연녹지,2024
경기,양주시,남면 매곡리,3**,1,920048,100000000,108.7,2011,제2종근린생활,계획관리,2026
경기,양주시,남면 상수리,3**,1,1522825,148780000,97.7,2012,제2종근린생활,제2종일반주거,2024
경기,양주시,남면 신산리,1**,1,2249417,269930000,120.0,2006,제2종근린생활,제1종일반주거,2024
경기,양주시,남면 신산리,2**,1,2181818,72000000,33.0,,제2종근린생활,제2종일반주거,2024
경기,양주시,남면 입암리,4**,5,1175015,223000000,192.0,2006,제2종근린생활,계획관리,2024
경기,양주시,남면 입암리,8*,2,2491191,350000000,159.1,1997,제2종근린생활,계획관리,2026
경기,양주시,남면 한산리,3**,3,2428608,472000000,194.4,1998,제1종근린생활,계획관리,2024
경기,양주시,남방동,1**,1,6421371,637000000,99.2,2021,제2종근린생활,자연녹지,2025
경기,양주시,남방동,2**,2,2906670,6275000000,2159.9,2020,기타,제1종일반주거,2026
경기,양주시,남방동,3**,2,7285704,980000000,134.5,2019,제2종근린생활,제1종일반주거,2026
경기,양주시,남방동,5**,4,3477088,1120000000,219.8,2014,제1종근린생활,제1종일반주거,2026
경기,양주시,덕계동,1**,1,2021320,950000000,470.0,1986,제2종근린생활,준공업,2025
경기,양주시,덕계동,24-1,10,4132554,212000000,51.3,2014,제2종근린생활,계획관리,2026
경기,양주시,덕계동,4**,1,1099588,693400000,630.6,1992,제1종근린생활,준주거,2024
경기,양주시,덕계동,420-3,4,7112249,358000000,46.6,2021,제1종근린생활,일반상업,2026
경기,양주시,덕계동,424-4,6,4806881,285000000,59.3,2016,제2종근린생활,일반상업,2026
경기,양주시,덕계동,449-7,18,2976346,448590000,151.3,2021,제1종근린생활,제2종일반주거,2025
경기,양주시,덕계동,5*,1,2140502,545400000,254.8,2003,제1종근린생활,자연녹지,2025
경기,양주시,덕계동,5**,2,2801317,4252500000,1122.7,2009,제2종근린생활,제1종일반주거,2026
경기,양주시,덕계동,6**,3,4152418,3400000000,818.8,2009,제1종근린생활,준주거,2025
경기,양주시,덕계동,670,1,2560241,85000000,33.2,1991,제1종근린생활,제1종일반주거,2024
경기,양주시,덕계동,865,2,10307416,327500000,31.8,2022,제2종근린생활,제3종일반주거,2025
경기,양주시,덕계동,883-1,4,2931499,267500000,86.8,2021,제2종근린생활,준주거,2025
경기,양주시,덕계동,888-5,1,3715937,135000000,36.3,2022,제2종근린생활,일반상업,2025
경기,양주시,덕계동,897,1,6813536,600000000,88.1,2024,제2종근린생활,일반상업,2025
경기,양주시,덕계동,903,1,6760445,322000000,47.6,2023,제2종근린생활,제3종일반주거,2026
경기,양주시,덕계동,915,2,7882812,250000000,31.9,2023,제1종근린생활,제3종일반주거,2025
경기,양주시,덕계동,922-4,1,4009164,280000000,69.8,2024,제1종근린생활,일반상업,2025
경기,양주시,덕계동,925-3,6,4642166,480000000,102.9,2022,제1종근린생활,일반상업,2026
경기,양주시,덕계동,928-2,9,19432440,694260000,37.3,2024,제2종근린생활,일반상업,2026
경기,양주시,덕계동,928-7,2,5464851,349140000,63.9,2022,제1종근린생활,일반상업,2025
경기,양주시,덕계동,947,2,10817690,340000000,31.4,2022,제2종근린생활,제2종일반주거,2026
경기,양주시,덕계동,970-4,5,2978961,320000000,95.2,2021,제2종근린생활,제2종일반주거,2025
경기,양주시,덕정동,1**,1,4069452,1500000000,368.6,1997,제2종근린생활,제2종일반주거,2025
경기,양주시,덕정동,208-1,1,1157373,77000000,66.5,2001,제2종근린생활,준주거,2026
경기,양주시,덕정동,208-2,1,965141,85000000,88.1,2003,판매,준주거,2025
경기,양주시,덕정동,208-6,2,13853875,597500000,46.7,2003,제1종근린생활,준주거,2026
경기,양주시,덕정동,208-8,3,1438504,210000000,83.4,2000,제1종근린생활,준주거,2026
경기,양주시,덕정동,240-27,9,4423077,230000000,52.0,2003,제1종근린생활,제2종일반주거,2025
경기,양주시,덕정동,240-35,1,5648855,370000000,65.5,2003,제1종근린생활,제2종일반주거,2026
경기,양주시,덕정동,3**,1,5497337,320000000,58.2,,제2종근린생활,준주거,2024
경기,양주시,마전동,*,2,2274602,4992000000,2194.7,2007,제1종근린생활,개발제한구역,2026
경기,양주시,마전동,2**,1,3140676,720000000,229.2,,제1종근린생활,제1종일반주거,2025
경기,양주시,만송동,2**,3,3789062,970000000,256.0,2019,제2종근린생활,생산녹지,2026
경기,양주시,만송동,3**,3,4961832,1235000000,248.9,2016,제1종근린생활,생산녹지,2025
경기,양주시,만송동,698,3,2861035,84000000,29.4,2010,제1종근린생활,제2종일반주거,2026
경기,양주시,백석읍 가업리,1*,3,2944577,7564000000,2568.8,2021,기타,자연녹지,2026
경기,양주시,백석읍 가업리,4**,2,1691166,700000000,372.1,2002,제2종근린생활,제1종일반주거,2026
경기,양주시,백석읍 가업리,5**,2,2320458,3980000000,1672.6,2020,기타,제1종일반주거,2025
경기,양주시,백석읍 기산리,2**,1,6699712,1649000000,246.1,1999,제1종근린생활,계획관리,2025
경기,양주시,백석읍 기산리,3**,2,1518710,2050000000,1349.8,1998,기타,계획관리,2024
경기,양주시,백석읍 방성리,3*,1,821468,300000000,365.2,2024,제2종근린생활,생산녹지,2024
경기,양주시,백석읍 방성리,4*,1,992063,250000000,252.0,2024,제2종근린생활,생산녹지,2024
경기,양주시,백석읍 방성리,4**,2,16661367,524000000,31.4,1990,제1종근린생활,제2종일반주거,2025
경기,양주시,백석읍 방성리,6**,1,627413,195000000,310.8,2002,제2종근린생활,자연녹지,2025
경기,양주시,백석읍 방성리,8*,1,1424870,220000000,154.4,1997,제2종근린생활,준주거,2025
경기,양주시,백석읍 복지리,1**,1,4863458,1582180000,325.3,2023,제2종근린생활,제1종일반주거,2026
경기,양주시,백석읍 복지리,2**,1,2530266,731500000,289.1,2010,제1종근린생활,제1종일반주거,2026
경기,양주시,백석읍 연곡리,1**,6,1780625,500000000,295.4,2012,제2종근린생활,계획관리,2026
경기,양주시,백석읍 오산리,1**,2,2298913,423000000,184.0,2000,제2종근린생활,자연녹지,2026
경기,양주시,백석읍 오산리,107-2,1,2666205,38500000,14.4,1993,제1종근린생활,제3종일반주거,2025
경기,양주시,백석읍 오산리,4**,1,2039651,1000000000,490.3,2001,제2종근린생활,자연녹지,2025
경기,양주시,백석읍 오산리,5*,2,2413981,1177000000,488.1,2018,제2종근린생활,제1종일반주거,2026
경기,양주시,백석읍 오산리,5**,2,1146843,188950000,162.8,1994,제1종근린생활,제2종일반주거,2026
경기,양주시,백석읍 홍죽리,2**,1,2284653,368880000,161.5,2022,제2종근린생활,생산관리,2026
경기,양주시,백석읍 홍죽리,3**,1,2145177,1060790000,494.5,2019,제2종근린생활,계획관리,2026
경기,양주시,백석읍 홍죽리,6**,1,2197980,435200000,198.0,2014,제2종근린생활,계획관리,2025
경기,양주시,백석읍 홍죽리,9**,1,2066436,1600000000,774.3,2019,제1종근린생활,준공업,2024
경기,양주시,봉양동,1**,5,1662857,342000000,197.4,2018,제1종근린생활,보전관리,2026
경기,양주시,봉양동,2*,1,3621622,670000000,185.0,2021,제2종근린생활,계획관리,2026
경기,양주시,봉양동,4**,1,3677278,1340000000,364.4,1981,제2종근린생활,일반공업,2026
경기,양주시,봉양동,5**,3,3685897,1106620000,242.5,2014,제2종근린생활,일반공업,2026
경기,양주시,산북동,*,1,1239157,90000000,72.6,,제2종근린생활,제2종일반주거,2024
경기,양주시,산북동,2**,1,926145,392000000,423.3,,기타,자연녹지,2026
경기,양주시,산북동,3**,3,3212121,556000000,165.0,2001,제2종근린생활,제1종일반주거,2026
경기,양주시,산북동,4**,1,3784438,500000000,132.1,2018,제2종근린생활,보전관리,2025
경기,양주시,삼숭동,1**,3,3288234,977000000,297.1,2018,제1종근린생활,생산녹지,2026
경기,양주시,삼숭동,2**,3,1811371,724800000,447.4,2022,제1종근린생활,생산녹지,2026
경기,양주시,삼숭동,202-35,1,3606557,99000000,27.4,2005,제1종근린생활,제2종일반주거,2025
경기,양주시,삼숭동,202-37,5,2610229,97000000,28.4,2005,제2종근린생활,제2종일반주거,2026
경기,양주시,삼숭동,271-2,26,2892197,330000000,79.2,2018,제2종근린생활,제2종일반주거,2026
경기,양주시,삼숭동,272,3,3420675,500000000,146.2,2018,제2종근린생활,제2종일반주거,2026
경기,양주시,삼숭동,5**,2,671367,209310000,355.5,2015,제2종근린생활,생산녹지,2026
경기,양주시,삼숭동,6**,1,10471018,2950000000,281.7,2022,제1종근린생활,생산녹지,2025
경기,양주시,삼숭동,682-1,1,3505911,86000000,24.5,2005,제2종근린생활,제2종일반주거,2026
경기,양주시,삼숭동,683-2,7,1234291,54000000,42.0,2005,판매,제2종일반주거,2026
경기,양주시,삼숭동,685-1,7,2580389,98000000,25.2,2005,판매,제2종일반주거,2026
경기,양주시,삼숭동,688,2,2801318,59500000,21.2,2006,제1종근린생활,제2종일반주거,2025
경기,양주시,삼숭동,690,1,14867983,580000000,39.0,2022,제2종근린생활,제2종일반주거,2026
경기,양주시,어둔동,1**,1,3353943,1150000000,342.9,,제1종근린생활,개발제한구역,2025
경기,양주시,옥정동,1026,1,8605702,495000000,57.5,2018,제2종근린생활,제3종일반주거,2026
경기,양주시,옥정동,1027,1,8800000,286000000,32.5,2014,제2종근린생활,제3종일반주거,2026
경기,양주시,옥정동,1036-1,1,11857598,483790000,40.8,2021,제2종근린생활,준주거,2026
경기,양주시,옥정동,1036-7,2,2371274,245000000,103.3,2020,제1종근린생활,준주거,2026
경기,양주시,옥정동,1040-8,2,4313775,405000000,100.3,2022,제2종근린생활,준주거,2026
경기,양주시,옥정동,1046,2,9197531,372500000,40.5,2014,제2종근린생활,제3종일반주거,2025
경기,양주시,옥정동,1049-1,1,11183794,530000000,47.4,2018,제2종근린생활,준주거,2025
경기,양주시,옥정동,1052-1,1,3796143,435000000,114.6,2017,제1종근린생활,준주거,2024
경기,양주시,옥정동,1052-4,2,4318167,371000000,85.8,2020,제1종근린생활,준주거,2025
경기,양주시,옥정동,1087-1,1,2766158,410000000,148.2,2019,제2종근린생활,준주거,2025
경기,양주시,옥정동,1097,1,4777778,215000000,45.0,2023,제2종근린생활,제3종일반주거,2026
경기,양주시,옥정동,1099,1,8247423,360000000,43.6,2020,제2종근린생활,제3종일반주거,2025
경기,양주시,옥정동,176-5,1,1726727,230000000,133.2,2003,제1종근린생활,제2종일반주거,2025
경기,양주시,옥정동,7**,1,4909568,5009380000,1020.3,2006,판매,자연녹지,2024
경기,양주시,옥정동,869,1,8177008,340000000,41.6,2023,제2종근린생활,제3종일반주거,2025
경기,양주시,옥정동,878-5,3,3640110,315000000,87.4,2018,제2종근린생활,준주거,2025
경기,양주시,옥정동,878-6,1,23590469,1000000000,42.4,2023,제1종근린생활,준주거,2026
경기,양주시,옥정동,885,1,7804632,310000000,39.7,2024,제2종근린생활,제3종일반주거,2025
경기,양주시,옥정동,936,1,18372703,700000000,38.1,2019,제1종근린생활,제3종일반주거,2025
경기,양주시,옥정동,945,1,11259259,380000000,33.8,2023,제2종근린생활,제3종일반주거,2024
경기,양주시,옥정동,946,4,17911585,610000000,34.0,2022,제1종근린생활,제3종일반주거,2026
경기,양주시,옥정동,950-4,1,3033646,220000000,72.5,2019,제1종근린생활,준주거,2024
경기,양주시,옥정동,963-10,3,2472812,131560000,53.2,2017,제2종근린생활,중심상업,2025
경기,양주시,옥정동,963-12,7,2338087,139350000,59.6,2019,제1종근린생활,중심상업,2026
경기,양주시,옥정동,963-13,2,7463343,675000000,141.9,2018,제1종근린생활,중심상업,2025
경기,양주시,옥정동,963-18,1,16458333,790000000,48.0,2018,제1종근린생활,중심상업,2024
경기,양주시,옥정동,963-3,2,1876043,220000000,120.0,2017,교육연구,중심상업,2025
경기,양주시,옥정동,963-4,11,2516300,525240000,208.7,2018,기타,중심상업,2026
경기,양주시,옥정동,963-6,3,1705381,1683330000,987.1,2018,기타,중심상업,2025
경기,양주시,옥정동,963-7,4,2698314,345000000,108.4,2019,제1종근린생활,중심상업,2026
경기,양주시,옥정동,964-2,1,2848795,78000000,27.4,2024,제1종근린생활,준주거,2025
경기,양주시,옥정동,964-7,1,12923077,630000000,48.8,2019,제1종근린생활,준주거,2026
경기,양주시,옥정동,965-1,1,2232321,280000000,125.4,,기타,중심상업,2025
경기,양주시,옥정동,965-6,1,3503437,530000000,151.3,2021,기타,중심상업,2024
경기,양주시,옥정동,965-9,1,3318584,420000000,126.6,2021,기타,중심상업,2026
경기,양주시,옥정동,966-10,1,2160494,140000000,64.8,,제2종근린생활,중심상업,2024
경기,양주시,옥정동,966-2,2,1904775,105715000,55.5,2017,제2종근린생활,중심상업,2026
경기,양주시,옥정동,966-3,1,1705653,140000000,82.1,2017,제2종근린생활,중심상업,2025
경기,양주시,옥정동,966-8,1,1899696,100000000,52.6,2018,제1종근린생활,중심상업,2026
경기,양주시,옥정동,967-1,3,2586579,200000000,60.0,2017,제2종근린생활,중심상업,2026
경기,양주시,유양동,2**,1,2418731,500000000,206.7,2000,제2종근린생활,제1종일반주거,2024
경기,양주시,율정동,3**,1,2391391,480000000,200.7,2000,제2종근린생활,계획관리,2026
경기,양주시,은현면 도하리,3*,1,3293651,830000000,252.0,2023,제1종근린생활,계획관리,2025
경기,양주시,은현면 봉암리,3**,2,1957506,202500000,102.3,2000,제2종근린생활,계획관리,2026
경기,양주시,은현면 선암리,1**,1,1055102,1250000000,1184.7,1998,제2종근린생활,계획관리,2025
경기,양주시,은현면 선암리,4**,4,2398616,411280000,163.2,2021,제2종근린생활,제1종일반주거,2026
경기,양주시,은현면 용암리,2**,1,3046336,380000000,124.7,2005,제2종근린생활,자연녹지,2025
경기,양주시,은현면 용암리,5**,1,3835394,632840000,165.0,2023,제2종근린생활,생산녹지,2024
경기,양주시,은현면 용암리,7*,6,1176713,165590000,123.9,1998,제1종근린생활,제1종일반주거,2025
경기,양주시,은현면 용암리,8**,1,1545171,574000000,371.5,2024,제2종근린생활,제1종일반주거,2024
경기,양주시,은현면 운암리,1**,1,1525639,751850000,492.8,2018,제2종근린생활,제1종일반주거,2025
경기,양주시,은현면 운암리,2**,2,3067551,706580000,247.5,2024,제2종근린생활,생산녹지,2025
경기,양주시,은현면 운암리,3**,3,664519,330000000,496.6,2016,제2종근린생활,자연녹지,2025
경기,양주시,은현면 운암리,4**,4,3184494,525500000,149.5,2019,제2종근린생활,제1종일반주거,2026
경기,양주시,은현면 하패리,2**,1,1164763,206000000,176.9,2008,제2종근린생활,자연녹지,2025
경기,양주시,은현면 하패리,7**,2,2661023,608650000,225.9,2021,제2종근린생활,생산녹지,2025
경기,양주시,장흥면 부곡리,3**,3,1500011,3400000000,1994.8,2023,기타,제1종일반주거,2025
경기,양주시,장흥면 부곡리,4**,1,357980,44300000,123.8,2001,제1종근린생활,제2종일반주거,2024
경기,양주시,장흥면 부곡리,5*,1,1895013,1070000000,564.6,1997,제1종근린생활,제1종일반주거,2026
경기,양주시,장흥면 부곡리,5**,1,8210890,190000000,23.1,,제1종근린생활,제1종일반주거,2025
경기,양주시,장흥면 부곡리,7*,9,2414876,3000000000,1243.2,2018,기타,계획관리,2026
경기,양주시,장흥면 부곡리,9*,1,1908349,760000000,398.2,2002,제2종근린생활,계획관리,2025
경기,양주시,장흥면 삼상리,2**,2,1748813,136000000,74.6,2004,제2종근린생활,제1종일반주거,2025
경기,양주시,장흥면 삼상리,3**,2,2516162,891300000,354.2,2019,제2종근린생활,제1종일반주거,2025
경기,양주시,장흥면 석현리,2**,2,12236287,1392000000,113.8,2021,제1종근린생활,계획관리,2026
경기,양주시,장흥면 석현리,3**,3,2453787,300000000,122.3,2019,제1종근린생활,계획관리,2026
경기,양주시,장흥면 석현리,4*,1,3107037,600000000,193.1,1995,제2종근린생활,계획관리,2024
경기,양주시,장흥면 석현리,6*,2,1778383,2664000000,1498.0,1997,제2종근린생활,계획관리,2025
경기,양주시,장흥면 울대리,3**,1,6930323,604740000,87.3,1982,제1종근린생활,제1종일반주거,2025
경기,양주시,장흥면 울대리,5**,1,668163,250000000,374.2,2016,제2종근린생활,개발제한구역,2025
경기,양주시,장흥면 일영리,1*,3,106858,17980000,156.3,2016,제2종근린생활,준주거,2024
경기,양주시,장흥면 일영리,3**,7,2271877,847000000,797.6,2017,기타,제2종일반주거,2025
경기,양주시,장흥면 일영리,4**,1,4153744,1500000000,361.1,2007,제2종근린생활,계획관리,2025
경기,양주시,장흥면 일영리,44-41,1,2140788,170000000,79.4,,업무,제2종일반주거,2026
경기,양주시,장흥면 일영리,6*,2,1270799,454340000,352.0,2018,제1종근린생활,계획관리,2026
경기,양주시,회암동,1**,1,4356529,370000000,84.9,2022,제2종근린생활,계획관리,2026
경기,양주시,회암동,4**,1,1204205,769800000,639.3,2010,제2종근린생활,자연녹지,2026
경기,양주시,회정동,1**,2,7546161,2004360000,347.6,1993,제2종근린생활,준주거,2026
경기,양주시,회정동,866,1,3561254,200000000,56.2,1992,제1종근린생활,제2종일반주거,2025
경기,양주시,회정동,911,3,6498952,310000000,53.3,2023,제2종근린생활,준주거,2025
경기,양평군,강상면 교평리,6**,1,1645833,553000000,336.0,2014,제2종근린생활,계획관리,2026
경기,양평군,강상면 교평리,7**,1,3610819,275000000,76.2,2012,제2종근린생활,계획관리,2025
경기,양평군,강상면 대석리,2**,1,1753890,310000000,176.8,2024,제2종근린생활,계획관리,2025
경기,양평군,강상면 병산리,1***,2,4432962,635000000,143.3,2022,제2종근린생활,계획관리,2025
경기,양평군,강상면 병산리,2**,1,9033721,1671690000,185.0,,제2종근린생활,보전관리,2025
경기,양평군,강상면 병산리,7**,1,1400146,554500000,396.0,1999,숙박,계획관리,2026
경기,양평군,강상면 병산리,8*,1,648865,408000000,628.8,,제2종근린생활,농림,2025
경기,양평군,강상면 송학리,5**,1,3777046,700000000,185.3,2022,제2종근린생활,보전관리,2026
경기,양평군,강상면 송학리,9**,1,1824098,290670000,159.4,2013,제2종근린생활,계획관리,2026
경기,양평군,강상면 신화리,3**,1,5303030,210000000,39.6,2022,제2종근린생활,계획관리,2025
경기,양평군,강상면 신화리,6**,1,1257367,160000000,127.2,2008,제1종근린생활,계획관리,2025
경기,양평군,강상면 화양리,7**,2,2572016,250000000,97.2,2015,업무,보전관리,2025
경기,양평군,강상면 화양리,8**,1,3300094,386870000,117.2,2024,제2종근린생활,보전관리,2025
경기,양평군,강하면 동오리,2**,1,2299659,229000000,99.6,2025,제2종근린생활,계획관리,2026
경기,양평군,강하면 성덕리,2**,1,3965031,351500000,88.6,2025,제2종근린생활,계획관리,2025
경기,양평군,강하면 왕창리,4**,1,3820439,1080000000,282.7,2010,제2종근린생활,계획관리,2026
경기,양평군,강하면 운심리,5*,1,1831645,235000000,128.3,,제2종근린생활,계획관리,2025
경기,양평군,강하면 전수리,2**,2,2447606,160000000,65.4,2022,제2종근린생활,농림,2026
경기,양평군,강하면 전수리,4**,3,1695001,2840000000,1115.9,2005,기타,계획관리,2026
경기,양평군,강하면 전수리,5**,1,5020080,500000000,99.6,1996,제2종근린생활,계획관리,2026
경기,양평군,개군면 공세리,1**,1,5133838,203300000,39.6,2022,제2종근린생활,계획관리,2026
경기,양평군,개군면 공세리,389-7,67,2718447,15700000,4.3,1992,숙박,계획관리,2026
경기,양평군,개군면 불곡리,3**,1,5763350,245000000,42.5,2024,제2종근린생활,계획관리,2025
경기,양평군,개군면 자연리,8*,1,4240583,422150000,99.6,2025,제2종근린생활,보전관리,2026
경기,양평군,개군면 하자포리,3**,1,2004209,400000000,199.6,1996,제2종근린생활,생산녹지,2025
경기,양평군,단월면 덕수리,1**,3,3607060,237480000,68.6,2023,제2종근린생활,계획관리,2026
경기,양평군,단월면 덕수리,3*,2,2460126,236500000,94.1,2023,제2종근린생활,계획관리,2026
경기,양평군,단월면 덕수리,3**,4,800036,44250000,55.3,1954,제1종근린생활,계획관리,2026
경기,양평군,단월면 덕수리,6*,1,3063287,197000000,64.3,2022,제2종근린생활,계획관리,2025
경기,양평군,단월면 명성리,1*,1,3054688,195500000,64.0,2023,제2종근린생활,계획관리,2025
경기,양평군,단월면 명성리,2*,1,635189,60000000,94.5,2005,제2종근린생활,계획관리,2025
경기,양평군,단월면 봉상리,2**,2,2226603,193700000,86.9,2025,제2종근린생활,계획관리,2026
경기,양평군,단월면 봉상리,3**,1,2437673,440000000,180.5,1996,제2종근린생활,생산관리,2025
경기,양평군,단월면 부안리,1*,1,2006749,1445000000,720.1,2012,제2종근린생활,계획관리,2024
경기,양평군,단월면 부안리,3**,1,2937192,607000000,206.7,2022,제2종근린생활,보전관리,2025
경기,양평군,단월면 부안리,4*,1,1383604,240000000,173.5,1997,기타,계획관리,2026
경기,양평군,단월면 삼가리,3**,2,1631549,280570000,172.0,2026,제2종근린생활,계획관리,2025
경기,양평군,단월면 석산리,5**,1,1669381,205000000,122.8,2009,제2종근린생활,보전관리,2025
경기,양평군,서종면 노문리,4**,1,2126981,200000000,94.0,1997,교육연구,계획관리,2024
경기,양평군,서종면 노문리,5**,4,2532425,267500000,105.6,1999,제1종근린생활,보전관리,2025
경기,양평군,서종면 도장리,1**,1,4638715,260000000,56.0,2018,제2종근린생활,보전관리,2025
경기,양평군,서종면 문호리,1**,1,4568996,891000000,195.0,2022,제2종근린생활,계획관리,2024
경기,양평군,서종면 문호리,1***,2,1991262,594125000,277.2,2010,제2종근린생활,계획관리,2026
경기,양평군,서종면 문호리,2**,1,5459264,520650000,95.4,2021,제2종근린생활,계획관리,2026
경기,양평군,서종면 문호리,3**,1,2403708,1869700000,777.8,2023,제2종근린생활,농림,2026
경기,양평군,서종면 문호리,5*,1,3357967,518000000,154.3,2015,제2종근린생활,계획관리,2024
경기,양평군,서종면 서후리,5**,1,6805556,183750000,27.0,2019,제2종근린생활,보전관리,2024
경기,양평군,서종면 수능리,2*,1,2371431,510000000,215.1,1995,제2종근린생활,계획관리,2025
경기,양평군,서종면 수능리,2**,3,1215207,210000000,172.8,1994,제2종근린생활,계획관리,2026
경기,양평군,서종면 수입리,2**,1,2000000,50000000,25.0,2025,제2종근린생활,보전관리,2025
경기,양평군,서종면 수입리,5**,1,4072056,672500000,165.2,1996,제2종근린생활,계획관리,2026
경기,양평군,서종면 수입리,6**,1,1363740,900000000,660.0,2014,숙박,계획관리,2024
경기,양평군,서종면 정배리,3**,1,2723206,700000000,257.0,2019,제2종근린생활,보전관리,2026
경기,양평군,양동면 계정리,1***,1,2308480,157900000,68.4,2024,제2종근린생활,생산관리,2026
경기,양평군,양동면 고송리,1***,1,1700869,129130000,75.9,2022,제2종근린생활,보전관리,2026
경기,양평군,양동면 고송리,1793,2,5303674,690000000,123.2,2016,숙박,계획관리,2025
경기,양평군,양동면 고송리,6**,1,2580242,123800000,48.0,2020,제2종근린생활,생산관리,2026
경기,양평군,양동면 고송리,8**,1,4366742,1355000000,310.3,2022,숙박,계획관리,2026
경기,양평군,양동면 금왕리,1*,4,206221,33870000,168.9,1997,교육연구,보전관리,2025
경기,양평군,양동면 단석리,3**,6,1116824,369120000,277.4,1995,기타,계획관리,2024
경기,양평군,양동면 단석리,6**,2,1103652,117995000,107.0,2024,제2종근린생활,계획관리,2025
경기,양평군,양동면 삼산리,4*,1,1861427,180000000,96.7,2008,제2종근린생활,계획관리,2026
경기,양평군,양동면 삼산리,7*,1,2641026,103000000,39.0,2022,제2종근린생활,계획관리,2026
경기,양평군,양동면 쌍학리,1**,2,1784576,560000000,313.8,1997,제1종근린생활,제1종일반주거,2024
경기,양평군,양동면 쌍학리,4**,3,1139863,122900000,107.8,2017,숙박,계획관리,2026
경기,양평군,양동면 쌍학리,7**,1,647315,19290000,29.8,2022,제1종근린생활,보전관리,2025
경기,양평군,양동면 쌍학리,9*,1,1061137,381500000,359.5,2017,제2종근린생활,계획관리,2026
경기,양평군,양서면 국수리,1**,1,2488388,450000000,180.8,,제2종근린생활,계획관리,2026
경기,양평군,양서면 국수리,3**,1,2865056,600000000,209.4,2020,제2종근린생활,계획관리,2025
경기,양평군,양서면 대심리,6*,1,980111,1968700000,2008.6,1984,제2종근린생활,계획관리,2026
경기,양평군,양서면 목왕리,1**,1,5375000,249400000,46.4,2022,제2종근린생활,보전관리,2026
경기,양평군,양서면 복포리,2**,1,3351898,650000000,193.9,1998,제2종근린생활,보전관리,2026
경기,양평군,양서면 복포리,424-14,1,8493151,279000000,32.8,2021,제2종근린생활,계획관리,2024
경기,양평군,양서면 복포리,6*,2,1910429,122000000,63.9,2021,제2종근린생활,계획관리,2025
경기,양평군,양서면 부용리,1**,1,1878229,543860000,289.6,2015,제2종근린생활,계획관리,2026
경기,양평군,양서면 양수리,6**,1,5768392,1264720000,219.2,1979,제2종근린생활,자연녹지,2024
경기,양평군,양서면 용담리,242-5,1,5357262,320900000,59.9,2024,업무,준주거,2024
경기,양평군,양서면 증동리,2**,2,6047980,265000000,43.4,2026,제2종근린생활,보전관리,2026
경기,양평군,양서면 증동리,3**,2,3170616,308510000,99.8,2022,제2종근린생활,계획관리,2026
경기,양평군,양서면 증동리,4*,1,2796306,218000000,78.0,2020,제2종근린생활,보전관리,2025
경기,양평군,양서면 증동리,6**,1,3804722,332000000,87.3,2022,제2종근린생활,보전관리,2025
경기,양평군,양서면 증동리,산1**,1,643317,90000000,139.9,1995,기타,보전관리,2024
경기,양평군,양서면 청계리,1**,2,3486815,268500000,109.6,2016,제2종근린생활,보전관리,2026
경기,양평군,양평읍 공흥리,2**,1,3890839,1430000000,367.5,2018,제2종근린생활,자연녹지,2025
경기,양평군,양평읍 공흥리,7**,1,9583708,960000000,100.2,,제2종근린생활,제1종일반주거,2026
경기,양평군,양평읍 공흥리,887,3,6295846,248560000,39.5,2025,제2종근린생활,제2종일반주거,2025
경기,양평군,양평읍 대흥리,5**,1,2473445,206780000,83.6,2024,제2종근린생활,보전관리,2025
경기,양평군,양평읍 대흥리,6**,2,2963855,585460000,197.3,2020,제1종근린생활,계획관리,2026
경기,양평군,양평읍 대흥리,7**,1,2286019,1200000000,524.9,1996,제1종근린생활,계획관리,2026
경기,양평군,양평읍 덕평리,2**,1,6830569,4098000000,600.0,2025,제2종근린생활,생산녹지,2026
경기,양평군,양평읍 도곡리,914-3,1,1166181,4000000,3.4,1992,숙박,계획관리,2026
경기,양평군,양평읍 백안리,1**,1,1833243,270000000,147.3,2022,제2종근린생활,보전관리,2025
경기,양평군,양평읍 백안리,876-1,1,3666667,110000000,30.0,2010,제2종근린생활,제2종일반주거,2026
경기,양평군,양평읍 봉성리,2**,1,6347032,278000000,43.8,2018,제2종근린생활,보전관리,2026
경기,양평군,양평읍 신애리,5**,1,2276813,538990000,236.7,2021,제2종근린생활,계획관리,2025
경기,양평군,양평읍 양근리,1**,3,3303346,1400000000,251.0,1981,제2종근린생활,제2종일반주거,2026
경기,양평군,양평읍 양근리,140-5,1,1118081,30300000,27.1,1996,제1종근린생활,제2종일반주거,2024
경기,양평군,양평읍 양근리,2**,1,2058460,300000000,145.7,,제2종근린생활,제2종일반주거,2024
경기,양평군,양평읍 양근리,287-2,1,4260637,382520000,89.8,2020,업무,준주거,2025
경기,양평군,양평읍 양근리,3**,3,8702264,1030000000,118.4,,제2종근린생활,준주거,2025
경기,양평군,양평읍 양근리,4**,3,7434155,651300000,141.2,1984,제1종근린생활,일반상업,2026
경기,양평군,양평읍 양근리,5*,1,3493761,980000000,280.5,1998,제1종근린생활,자연녹지,2025
경기,양평군,양평읍 양근리,5**,2,4320058,5306620000,1037.2,2015,제2종근린생활,자연녹지,2025
경기,양평군,양평읍 양근리,91-5,1,3333333,120000000,36.0,1992,제1종근린생활,제2종일반주거,2025
경기,양평군,양평읍 오빈리,2**,1,4092769,900000000,219.9,1993,제2종근린생활,자연녹지,2025
경기,양평군,양평읍 오빈리,4**,2,2132926,1060000000,497.0,2003,제1종근린생활,계획관리,2025
경기,양평군,양평읍 오빈리,5*,1,4430801,783720000,176.9,2002,제2종근린생활,자연녹지,2025
경기,양평군,양평읍 원덕리,3**,1,4068187,169440000,41.6,,제2종근린생활,보전관리,2025
경기,양평군,양평읍 회현리,2**,2,2205018,287630000,129.8,2014,제2종근린생활,계획관리,2025
경기,양평군,양평읍 회현리,3**,1,1016260,200000000,196.8,2002,제2종근린생활,계획관리,2025
경기,양평군,옥천면 신복리,1*,1,1454895,139990000,96.2,2007,기타,보전관리,2025
경기,양평군,옥천면 신복리,141-5,864,393111,8755000,45.0,1988,숙박,계획관리,2026
경기,양평군,옥천면 신복리,2**,1,4285714,228000000,53.2,2026,제2종근린생활,계획관리,2026
경기,양평군,옥천면 신복리,3**,1,3295750,570000000,173.0,2022,제2종근린생활,보전관리,2025
경기,양평군,옥천면 신복리,7**,1,5959772,480000000,80.5,1993,제2종근린생활,계획관리,2025
경기,양평군,옥천면 신복리,9**,2,2267649,274450000,150.1,2002,제2종근린생활,계획관리,2026
경기,양평군,옥천면 아신리,1**,2,4266522,212690000,61.4,2023,제2종근린생활,보전관리,2026
경기,양평군,옥천면 아신리,3**,1,683391,79000000,115.6,,기타,계획관리,2026
경기,양평군,옥천면 아신리,8**,1,1763402,350000000,198.5,2020,제2종근린생활,보전관리,2025
경기,양평군,옥천면 용천리,1**,3,2438529,378500000,121.3,2019,제2종근린생활,보전관리,2026
경기,양평군,옥천면 용천리,2**,1,4270016,816000000,191.1,2013,제2종근린생활,계획관리,2024
경기,양평군,옥천면 용천리,3**,1,2344247,295000000,125.8,2018,제2종근린생활,보전관리,2026
경기,양평군,옥천면 용천리,9**,1,5726725,342000000,59.7,2019,제2종근린생활,보전관리,2026
경기,양평군,용문면 광탄리,1**,1,1806408,530000000,293.4,1999,제2종근린생활,계획관리,2024
경기,양평군,용문면 광탄리,5*,2,3075575,450175000,147.8,2023,제2종근린생활,보전관리,2025
경기,양평군,용문면 광탄리,9**,1,1777235,345370000,194.3,2015,제2종근린생활,보전관리,2026
경기,양평군,용문면 금곡리,2**,2,1226955,98575000,78.9,2008,제2종근린생활,계획관리,2025
경기,양평군,용문면 금곡리,3**,3,3571429,400000000,168.0,2020,제2종근린생활,보전관리,2026
경기,양평군,용문면 다문리,4**,1,4029758,260000000,64.5,2020,제2종근린생활,계획관리,2024
경기,양평군,용문면 다문리,479,1,3619737,190000000,52.5,2020,제2종근린생활,계획관리,2025
경기,양평군,용문면 다문리,5**,2,10983924,1174225000,107.0,2019,제2종근린생활,자연녹지,2025
경기,양평군,용문면 다문리,6**,1,5773857,288000000,49.9,,제2종근린생활,제2종일반주거,2025
경기,양평군,용문면 다문리,7**,3,2311604,200000000,86.5,1989,제2종근린생활,제2종일반주거,2025
경기,양평군,용문면 다문리,786-39,1,1251173,80000000,63.9,2016,제1종근린생활,제2종일반주거,2024
경기,양평군,용문면 덕촌리,4**,1,2399064,205000000,85.4,2015,제2종근린생활,계획관리,2026
경기,양평군,용문면 덕촌리,9*,1,2324037,595000000,256.0,2011,제2종근린생활,계획관리,2026
경기,양평군,용문면 마룡리,5**,1,6512292,312590000,48.0,2000,제2종근린생활,계획관리,2025
경기,양평군,용문면 망능리,1**,1,934614,125500000,134.3,2013,제2종근린생활,계획관리,2025
경기,양평군,용문면 망능리,4**,1,2270725,358820000,158.0,2023,제2종근린생활,계획관리,2026
경기,양평군,용문면 삼성리,1**,1,3036437,210000000,69.2,2015,제2종근린생활,자연녹지,2025
경기,양평군,용문면 신점리,2**,4,2573232,310420000,116.9,2021,제2종근린생활,자연환경보전,2026
경기,양평군,용문면 신점리,5**,2,2089942,750000000,323.5,1985,제1종근린생활,계획관리,2026
경기,양평군,용문면 연수리,3**,1,898101,178300000,198.5,2003,제2종근린생활,계획관리,2024
경기,양평군,용문면 연수리,4**,1,3322523,522500000,157.3,2025,제2종근린생활,계획관리,2025
경기,양평군,용문면 오촌리,2**,1,2636211,234860000,89.1,2020,제1종근린생활,자연환경보전,2025
경기,양평군,용문면 조현리,1**,1,3080197,325700000,105.7,2022,제2종근린생활,계획관리,2026
경기,양평군,용문면 조현리,4**,1,2915972,245000000,84.0,2013,제1종근린생활,보전관리,2026
경기,양평군,용문면 중원리,3**,1,1924002,320000000,166.3,2019,제2종근린생활,계획관리,2025
경기,양평군,용문면 중원리,5**,1,2659339,6900000000,2594.6,2021,제2종근린생활,계획관리,2025
경기,양평군,용문면 화전리,3*,1,2640909,174300000,66.0,2025,제2종근린생활,계획관리,2025
경기,양평군,용문면 화전리,5**,1,1670770,95000000,56.9,,제2종근린생활,계획관리,2025
경기,양평군,지평면 곡수리,4**,1,828829,69000000,83.2,,제2종근린생활,계획관리,2024
경기,양평군,지평면 대평리,2*,1,4667022,175340000,37.6,2024,제2종근린생활,생산관리,2026
경기,양평군,지평면 대평리,3**,1,5199781,95000000,18.3,2021,제2종근린생활,보전관리,2025
경기,양평군,지평면 무왕리,2**,2,1724537,70775000,41.0,2024,제2종근린생활,보전관리,2026
경기,양평군,지평면 무왕리,3**,1,1624905,107000000,65.8,2009,제2종근린생활,생산관리,2024
경기,양평군,지평면 송현리,4**,1,2891883,176000000,60.9,2025,제2종근린생활,보전관리,2026
경기,양평군,지평면 수곡리,1**,1,5312500,170000000,32.0,2020,제2종근린생활,보전관리,2025
경기,양평군,지평면 수곡리,3**,1,4006114,229350000,57.2,2022,제2종근린생활,생산관리,2025
경기,양평군,지평면 수곡리,4**,1,1683137,64380000,38.2,2026,제2종근린생활,생산관리,2026
경기,양평군,지평면 옥현리,1***,1,6361560,4232600000,665.3,2011,기타,생산관리,2025
경기,양평군,지평면 월산리,1***,1,2184397,308000000,141.0,2020,제2종근린생활,농림,2025
경기,양평군,지평면 월산리,4**,1,2051282,200000000,97.5,2018,제2종근린생활,생산관리,2026
경기,양평군,지평면 월산리,5**,2,2083860,165000000,79.2,1992,제2종근린생활,생산관리,2025
경기,양평군,지평면 월산리,6**,1,2133333,200000000,93.8,,제2종근린생활,계획관리,2025
경기,양평군,지평면 일신리,1**,1,400160,80000000,199.9,2009,제2종근린생활,보전관리,2025
경기,양평군,지평면 일신리,1***,1,3684211,308000000,83.6,2021,제2종근린생활,계획관리,2025
경기,양평군,지평면 일신리,3*,1,3686598,199150000,54.0,2022,제2종근린생활,계획관리,2026
경기,양평군,지평면 일신리,4*,1,1451626,144640000,99.6,2022,제2종근린생활,계획관리,2026
경기,양평군,지평면 지평리,1***,1,784457,34320000,43.8,,제1종근린생활,제1종일반주거,2025
경기,양평군,청운면 가현리,3**,1,4433410,250000000,56.4,2021,제2종근린생활,계획관리,2026
경기,양평군,청운면 가현리,7*,1,1022727,450000000,440.0,2013,기타,계획관리,2026
경기,양평군,청운면 갈운리,1***,3,1981102,186600000,94.2,2018,숙박,계획관리,2026
경기,양평군,청운면 비룡리,2**,2,1557825,343250000,210.6,2002,제2종근린생활,계획관리,2026
경기,양평군,청운면 삼성리,2**,1,1395673,300000000,215.0,2016,제2종근린생활,계획관리,2026
경기,양평군,청운면 신론리,4**,2,8201203,150000000,18.3,2021,제1종근린생활,생산관리,2025
경기,양평군,청운면 여물리,3**,2,3463947,233470000,67.4,2024,제2종근린생활,자연녹지,2024
경기,양평군,청운면 용두리,5**,1,3440685,253200000,73.6,2024,제2종근린생활,자연녹지,2024
경기,양평군,청운면 용두리,6**,2,1362383,295000000,209.5,1993,제2종근린생활,일반상업,2026
경기,여주시,가남읍 상활리,5**,1,1272265,200000000,157.2,1998,교육연구,계획관리,2025
경기,여주시,가남읍 신해리,3**,2,2434061,2500000000,1027.1,2017,숙박,계획관리,2025
경기,여주시,가남읍 신해리,4**,1,187274,46650000,249.1,1999,제2종근린생활,계획관리,2025
경기,여주시,가남읍 신해리,6**,1,3413870,2200000000,644.4,,숙박,계획관리,2026
경기,여주시,가남읍 신해리,632,1,3127196,89000000,28.5,2000,제1종근린생활,계획관리,2026
경기,여주시,가남읍 심석리,4**,1,1263335,270000000,213.7,2016,제1종근린생활,계획관리,2024
경기,여주시,가남읍 오산리,3**,1,890416,68010000,76.4,1991,제1종근린생활,계획관리,2025
경기,여주시,가남읍 은봉리,1**,1,1906214,1350000000,708.2,1994,제2종근린생활,계획관리,2024
경기,여주시,가남읍 은봉리,7*,2,1798589,345000000,191.8,2022,제1종근린생활,계획관리,2026
경기,여주시,가남읍 태평리,*,1,3069483,311000000,101.3,2025,제2종근린생활,계획관리,2025
경기,여주시,가남읍 태평리,2**,1,3576073,110000000,30.8,2019,제2종근린생활,계획관리,2024
경기,여주시,가남읍 태평리,3**,1,5034444,90620000,18.0,2016,제2종근린생활,자연녹지,2025
경기,여주시,가남읍 하귀리,*,2,4955872,1460000000,294.6,2012,제2종근린생활,계획관리,2025
경기,여주시,가업동,4*,1,1546007,129710000,83.9,2003,제2종근린생활,계획관리,2025
경기,여주시,강천면 간매리,9*,1,1422475,280000000,196.8,2019,제2종근린생활,계획관리,2025
경기,여주시,강천면 걸은리,7**,2,2216134,364000000,164.2,2017,제2종근린생활,계획관리,2025
경기,여주시,강천면 굴암리,1**,1,2177797,512000000,235.1,2015,제2종근린생활,보전관리,2026
경기,여주시,강천면 부평리,1**,2,3713035,432000000,116.4,2023,제2종근린생활,계획관리,2025
경기,여주시,강천면 이호리,4**,2,1679433,585855000,333.4,1995,판매,계획관리,2025
경기,여주시,교동,2*,1,2061059,175190000,85.0,2004,제2종근린생활,제2종일반주거,2025
경기,여주시,교동,28,1,3137255,80000000,25.5,2001,제2종근린생활,계획관리,2024
경기,여주시,교동,531,5,7184693,368000000,51.2,2021,제1종근린생활,제2종일반주거,2026
경기,여주시,교동,572,3,6367663,230000000,36.1,2022,제2종근린생활,제2종일반주거,2026
경기,여주시,교동,670-1,3,6565204,220000000,29.5,2023,제2종근린생활,제2종일반주거,2025
경기,여주시,교동,673,4,2375202,210000000,86.2,2024,제2종근린생활,용도미지정,2025
경기,여주시,교동,81-2,1,2500000,102000000,40.8,,제1종근린생활,계획관리,2026
경기,여주시,금사면 도곡리,1**,1,3893215,280000000,71.9,2024,제2종근린생활,생산관리,2025
경기,여주시,금사면 이포리,1**,2,1747417,219805000,165.1,2010,제2종근린생활,계획관리,2025
경기,여주시,금사면 전북리,3**,1,2179990,366500000,168.1,2012,제2종근린생활,계획관리,2025
경기,여주시,금사면 주록리,1**,1,5602923,460000000,82.1,2019,제2종근린생활,보전관리,2025
경기,여주시,능현동,3**,1,3267778,294100000,90.0,2016,제2종근린생활,생산관리,2024
경기,여주시,단현동,2**,2,834759,400000000,479.2,1998,기타,계획관리,2025
경기,여주시,대신면 율촌리,3**,1,1021242,500000000,489.6,1987,숙박,일반상업,2025
경기,여주시,대신면 천남리,5*,1,962117,16000000,16.6,1996,제2종근린생활,계획관리,2025
경기,여주시,대신면 초현리,3**,2,2598393,205325000,79.0,2020,제2종근린생활,보전관리,2026
경기,여주시,대신면 후포리,7**,1,851607,160000000,187.9,1994,교육연구,계획관리,2026
경기,여주시,매룡동,1**,1,3500000,560000000,160.0,2022,제2종근린생활,농림,2024
경기,여주시,멱곡동,3**,1,1625387,210000000,129.2,2011,제2종근린생활,계획관리,2025
경기,여주시,멱곡동,7*,1,2272320,228300000,100.5,2022,제2종근린생활,보전관리,2025
경기,여주시,북내면 당우리,1**,2,1297094,112500000,86.3,1989,제1종근린생활,제2종일반주거,2026
경기,여주시,북내면 덕산리,1**,1,3034188,198800000,65.5,2022,제2종근린생활,보전관리,2024
경기,여주시,북내면 서원리,1**,1,779342,600000000,769.9,2004,기타,계획관리,2025
경기,여주시,북내면 서원리,2**,1,1024643,200000000,195.2,2021,제1종근린생활,보전관리,2026
경기,여주시,북내면 신접리,3**,1,1215888,125200000,103.0,2006,제2종근린생활,생산관리,2025
경기,여주시,북내면 주암리,6*,1,3272333,211000000,64.5,2025,제2종근린생활,보전관리,2025
경기,여주시,북내면 중암리,2**,1,1261902,550000000,435.8,2015,제2종근린생활,계획관리,2024
경기,여주시,산북면 상품리,4*,1,2668090,1250000000,468.5,,제2종근린생활,계획관리,2024
경기,여주시,산북면 상품리,4**,2,2888994,990000000,342.3,2024,제2종근린생활,계획관리,2025
경기,여주시,산북면 상품리,5**,6,3535354,700000000,198.0,2023,제2종근린생활,계획관리,2025
경기,여주시,산북면 송현리,2**,1,2602041,510000000,196.0,2020,제2종근린생활,계획관리,2025
경기,여주시,산북면 주어리,4**,1,2448611,380000000,155.2,2008,제1종근린생활,계획관리,2026
경기,여주시,삼교동,4**,2,3553806,539290000,151.8,2023,제2종근린생활,계획관리,2026
경기,여주시,상거동,3**,1,1777708,1475000000,829.7,,제1종근린생활,계획관리,2024
경기,여주시,상거동,375-24,2,2421308,200000000,82.6,2010,제1종근린생활,계획관리,2024
경기,여주시,상거동,375-44,8,2015621,160000000,79.4,2012,제1종근린생활,계획관리,2026
경기,여주시,상거동,375-47,2,2057955,160000000,77.8,2012,제1종근린생활,계획관리,2026
경기,여주시,상동,1**,1,1935484,120000000,62.0,2003,제1종근린생활,제1종일반주거,2025
경기,여주시,상동,3**,2,1342119,82500000,61.6,,제1종근린생활,제1종일반주거,2025
경기,여주시,세종대왕면 광대리,1*,1,2920471,349960000,119.8,2024,제1종근린생활,생산관리,2024
경기,여주시,세종대왕면 광대리,4**,1,1005076,200000000,199.0,2006,제2종근린생활,계획관리,2025
경기,여주시,세종대왕면 매화리,5*,1,1923958,168000000,87.3,2023,제2종근린생활,생산관리,2026
경기,여주시,세종대왕면 번도리,8**,1,4667742,289400000,62.0,2024,제2종근린생활,보전관리,2024
경기,여주시,세종대왕면 양거리,5**,5,2291505,160000000,77.5,2021,제1종근린생활,생산관리,2026
경기,여주시,세종대왕면 오계리,5**,1,1622455,400000000,246.5,2021,제2종근린생활,계획관리,2025
경기,여주시,세종대왕면 왕대리,9**,1,2310030,760000000,329.0,2011,제1종근린생활,계획관리,2026
경기,여주시,연라동,3**,1,1789800,201800000,112.8,2016,제2종근린생활,계획관리,2026
경기,여주시,연양동,3**,1,6410256,250000000,39.0,2015,제2종근린생활,자연녹지,2024
경기,여주시,오학동,100-5,1,592672,22000000,37.1,1998,판매,계획관리,2025
경기,여주시,오학동,2**,2,6650410,2602315000,393.4,1998,제1종근린생활,준공업,2026
경기,여주시,오학동,3**,2,4665651,909500000,176.9,2008,제2종근린생활,자연녹지,2025
경기,여주시,우만동,2**,2,3841511,535985000,139.6,2022,제1종근린생활,보전관리,2025
경기,여주시,월송동,3**,1,1366191,957140000,700.6,2000,숙박,계획관리,2026
경기,여주시,월송동,316,12,335306,20400000,60.8,2022,제2종근린생활,계획관리,2025
경기,여주시,월송동,388-29,1,1465201,60000000,41.0,2005,제1종근린생활,계획관리,2025
경기,여주시,점동면 당진리,7*,1,2818731,186600000,66.2,2026,제2종근린생활,계획관리,2026
경기,여주시,점동면 덕평리,8*,1,2135383,300000000,140.5,2025,제2종근린생활,계획관리,2025
경기,여주시,점동면 도리,1**,1,2167924,362000000,167.0,2021,제2종근린생활,보전관리,2026
경기,여주시,점동면 청안리,1**,4,846011,550000000,603.0,1999,제2종근린생활,계획관리,2026
경기,여주시,점동면 청안리,5**,1,663710,253670000,382.2,,제2종근린생활,생산관리,2024
경기,여주시,점봉동,114,1,608356,53000000,87.1,,제2종근린생활,계획관리,2024
경기,여주시,점봉동,430-6,1,3071799,83000000,27.0,2000,제2종근린생활,계획관리,2024
경기,여주시,창동,1**,4,1823182,350000000,125.2,2005,제2종근린생활,제2종일반주거,2024
경기,여주시,창동,68,2,2944467,285000000,102.3,2006,제1종근린생활,일반상업,2025
경기,여주시,천송동,561-1,13,125576,1090000,8.7,1999,숙박,일반상업,2025
경기,여주시,하거동,6**,1,3147901,189000000,60.0,2023,제2종근린생활,보전관리,2026
경기,여주시,하동,1**,3,4007570,216890000,79.0,1992,제2종근린생활,제2종일반주거,2025
경기,여주시,하동,186-13,7,1493345,51610000,34.6,1993,제2종근린생활,제2종일반주거,2025
경기,여주시,하동,9*,1,4012066,3990000000,994.5,2024,제1종근린생활,자연녹지,2025
경기,여주시,현암동,155-2,1,528846,44000000,83.2,,제2종근린생활,준공업,2025
경기,여주시,현암동,177-21,1,2272727,80000000,35.2,1991,제1종근린생활,준공업,2024
경기,여주시,현암동,2*,3,1910294,496600000,306.0,2021,제2종근린생활,계획관리,2026
경기,여주시,홍문동,*,1,1211484,3570000000,2946.8,1992,제2종근린생활,제1종일반주거,2025
경기,여주시,홍문동,1*,1,2023927,450000000,222.3,1982,제1종근린생활,일반상업,2026
경기,여주시,홍문동,1**,1,1820572,900000000,494.4,1996,제1종근린생활,제2종일반주거,2025
경기,여주시,홍문동,15-4,4,9601450,601055000,62.7,2009,제1종근린생활,일반상업,2025
경기,여주시,홍문동,2**,1,6323050,1650000000,261.0,1998,제2종근린생활,제2종일반주거,2025
경기,여주시,홍문동,273,3,2880276,217000000,75.3,2004,판매,제2종일반주거,2024
경기,여주시,홍문동,42,3,4403178,207830000,47.2,2003,제2종근린생활,준주거,2026
경기,여주시,흥천면 상대리,8*,1,2993197,440000000,147.0,2019,제1종근린생활,보전관리,2025
경기,여주시,흥천면 상대리,9*,1,2045949,1595840000,780.0,2018,제1종근린생활,보전관리,2026
경기,여주시,흥천면 외사리,1*,1,3569333,642480000,180.0,1993,제2종근린생활,생산관리,2024
경기,연천군,군남면 진상리,7**,1,2070286,400000000,193.2,2004,제1종근린생활,계획관리,2024
경기,연천군,군남면 황지리,5**,1,1511891,90910000,60.1,2017,제2종근린생활,계획관리,2026
경기,연천군,미산면 동이리,5**,1,1896534,183300000,96.6,2022,제2종근린생활,보전관리,2025
경기,연천군,미산면 마전리,1**,1,3470085,203000000,58.5,2022,제2종근린생활,보전관리,2025
경기,연천군,미산면 아미리,8**,1,728277,145000000,199.1,1998,제2종근린생활,계획관리,2025
경기,연천군,백학면 전동리,2**,2,1224490,240000000,196.0,2010,제1종근린생활,계획관리,2025
경기,연천군,신서면 내산리,5*,1,670103,130000000,194.0,,제2종근린생활,계획관리,2026
경기,연천군,신서면 대광리,1**,1,1209190,10000000,8.3,1984,제1종근린생활,제1종일반주거,2025
경기,연천군,신서면 도신리,2**,2,438798,95000000,210.6,2005,제1종근린생활,일반상업,2026
경기,연천군,연천읍 상리,1**,2,812197,95000000,207.0,1990,제1종근린생활,계획관리,2025
경기,연천군,연천읍 옥산리,860,1,3021978,55000000,18.2,2023,제2종근린생활,제2종일반주거,2026
경기,연천군,연천읍 읍내리,1**,1,396825,20000000,50.4,1989,제1종근린생활,자연녹지,2026
경기,연천군,연천읍 읍내리,2**,1,384921,48500000,126.0,1992,제2종근린생활,자연녹지,2024
경기,연천군,연천읍 차탄리,2**,1,1515152,160000000,105.6,1984,제1종근린생활,제1종일반주거,2025
경기,연천군,연천읍 차탄리,3*,1,2088054,291200000,139.5,,숙박,일반상업,2025
경기,연천군,연천읍 통현리,2**,1,1121738,125500000,111.9,1983,제1종근린생활,제1종일반주거,2026
경기,연천군,연천읍 현가리,2**,1,1368840,220000000,160.7,2002,제2종근린생활,계획관리,2026
경기,연천군,장남면 원당리,4*,2,704113,70000000,97.4,2013,기타,계획관리,2025
경기,연천군,장남면 원당리,4**,1,3296154,171400000,52.0,2017,제2종근린생활,계획관리,2025
경기,연천군,전곡읍 간파리,4**,1,932692,87300000,93.6,2004,제2종근린생활,계획관리,2025
경기,연천군,전곡읍 양원리,6**,1,14171939,1388850000,98.0,2024,제2종근린생활,계획관리,2025
경기,연천군,전곡읍 양원리,8**,1,1250000,42500000,34.0,,제1종근린생활,계획관리,2024
경기,연천군,전곡읍 은대리,1**,1,938488,92000000,98.0,1997,제2종근린생활,생산녹지,2024
경기,연천군,전곡읍 은대리,6**,2,1996336,528795000,213.6,2012,제2종근린생활,계획관리,2024
경기,연천군,전곡읍 전곡리,1*,1,2075702,340000000,163.8,1991,제1종근린생활,자연녹지,2026
경기,연천군,전곡읍 전곡리,1**,1,2770390,250000000,90.2,1995,제2종근린생활,자연녹지,2025
경기,연천군,전곡읍 전곡리,2**,4,1111601,293040000,361.9,2010,제2종근린생활,제1종일반주거,2026
경기,연천군,전곡읍 전곡리,3**,2,4389013,335000000,219.3,1995,제1종근린생활,근린상업,2025
경기,연천군,전곡읍 전곡리,318-7,1,173130,5000000,28.9,1995,제1종근린생활,제2종일반주거,2025
경기,연천군,전곡읍 전곡리,4**,13,2150075,250000000,147.8,2010,제1종근린생활,일반상업,2026
경기,연천군,전곡읍 전곡리,483-147,2,770663,360000000,467.1,1996,제1종근린생활,일반상업,2025
경기,연천군,전곡읍 전곡리,82,1,6267806,330000000,52.6,2024,제2종근린생활,제2종일반주거,2025
경기,연천군,청산면 궁평리,5**,1,463134,300000000,647.8,1994,숙박,계획관리,2025
경기,연천군,청산면 대전리,3**,1,936711,460000000,491.1,,기타,계획관리,2025
경기,연천군,청산면 대전리,5**,1,396511,75000000,189.2,,숙박,계획관리,2024
경기,연천군,청산면 장탄리,6**,1,2298906,237500000,103.3,2020,제2종근린생활,계획관리,2025
경기,연천군,청산면 초성리,1**,1,176010,139400000,792.0,,제2종근린생활,계획관리,2025
경기,연천군,청산면 초성리,4**,3,902190,145000000,145.1,2005,제1종근린생활,계획관리,2026
경기,오산시,가수동,398-1,1,6929348,255000000,36.8,2006,제1종근린생활,제2종일반주거,2025
경기,오산시,가수동,437,1,4923077,144000000,29.2,2024,제2종근린생활,제3종일반주거,2025
경기,오산시,가장동,4**,1,2680189,2500000000,932.8,2023,제2종근린생활,준공업,2025
경기,오산시,고현동,12,4,4257414,281050000,66.0,2022,제1종근린생활,제1종일반주거,2025
경기,오산시,궐동,3*,1,809242,400000000,494.3,1996,기타,제2종일반주거,2026
경기,오산시,궐동,4*,1,2385496,500000000,209.6,1991,제1종근린생활,제1종일반주거,2025
경기,오산시,궐동,6**,7,1781170,1585000000,867.1,2012,제2종근린생활,일반상업,2026
경기,오산시,궐동,611-3,5,2071858,173500000,83.7,2005,기타,일반상업,2026
경기,오산시,궐동,616-1,3,2455796,250000000,101.8,2004,제2종근린생활,제3종일반주거,2026
경기,오산시,궐동,681-1,2,5050505,200000000,39.6,2005,제2종근린생활,일반상업,2024
경기,오산시,궐동,682-2,14,1697710,195500000,113.9,2005,제2종근린생활,일반상업,2026
경기,오산시,궐동,687-2,1,625752,52000000,83.1,2005,제2종근린생활,일반상업,2026
경기,오산시,궐동,7**,1,11734694,1150000000,98.0,2009,제2종근린생활,제2종일반주거,2026
경기,오산시,궐동,767,5,5226481,210000000,40.2,2024,제2종근린생활,제3종일반주거,2026
경기,오산시,궐동,772,4,6663193,239330000,35.0,2025,제2종근린생활,제3종일반주거,2025
경기,오산시,궐동,776,2,6829268,420000000,61.5,2023,제2종근린생활,제3종일반주거,2026
경기,오산시,궐동,783-6,21,5174089,390000000,81.5,2024,제1종근린생활,준주거,2026
경기,오산시,궐동,824,1,9523810,320000000,33.6,2024,제2종근린생활,제3종일반주거,2024
경기,오산시,금암동,502-1,2,2868930,313500000,108.8,2018,교육연구,근린상업,2025
경기,오산시,금암동,502-2,3,3336610,312240000,93.6,2013,기타,근린상업,2025
경기,오산시,금암동,502-5,2,2751082,335000000,126.2,2011,업무,근린상업,2025
경기,오산시,금암동,503-1,2,7872378,415850000,74.2,2021,제1종근린생활,근린상업,2025
경기,오산시,금암동,516-1,2,1947442,180000000,92.4,2010,제2종근린생활,준주거,2024
경기,오산시,금암동,516-2,4,2230433,280000000,126.1,2010,제2종근린생활,준주거,2025
경기,오산시,금암동,516-3,2,2367533,212500000,88.8,2010,제2종근린생활,준주거,2025
경기,오산시,내삼미동,1**,1,4178241,1805000000,432.0,2014,제2종근린생활,자연녹지,2025
경기,오산시,내삼미동,4**,4,1725501,2750000000,1593.7,1999,숙박,자연녹지,2025
경기,오산시,내삼미동,8**,1,3572777,3500000000,979.6,2009,기타,제2종일반주거,2026
경기,오산시,누읍동,6**,2,5051873,520000000,103.2,2012,제2종근린생활,제1종일반주거,2025
경기,오산시,누읍동,621,1,11746032,370000000,31.5,2010,제1종근린생활,제2종일반주거,2026
경기,오산시,부산동,778-7,1,4040404,200000000,49.5,2000,제2종근린생활,제3종일반주거,2025
경기,오산시,부산동,8*,1,8424853,8285000000,983.4,2023,제2종근린생활,자연녹지,2024
경기,오산시,부산동,815,1,14221379,600000000,42.2,2019,제2종근린생활,제2종일반주거,2024
경기,오산시,서동,125-8,1,5774166,135000000,23.4,1999,제1종근린생활,제3종일반주거,2025
경기,오산시,서동,3**,2,4222568,2541250000,765.0,2024,제2종근린생활,자연녹지,2025
경기,오산시,서동,641,1,7753441,400000000,51.6,2023,제2종근린생활,제2종일반주거,2025
경기,오산시,서동,643,6,7078230,270000000,37.2,2024,제2종근린생활,제2종일반주거,2024
경기,오산시,세교동,1**,2,6857974,2868000000,709.9,2008,숙박,자연녹지,2026
경기,오산시,세교동,4**,2,5472391,991175000,224.8,2008,제2종근린생활,자연녹지,2026
경기,오산시,세교동,587,1,1824180,94000000,51.5,2017,제2종근린생활,일반상업,2026
경기,오산시,세교동,595-1,2,6609808,310000000,46.9,2021,제2종근린생활,준주거,2025
경기,오산시,세교동,598-3,19,2405131,63000000,27.8,2017,숙박,일반상업,2026
경기,오산시,세교동,600-4,2,6185455,345000000,71.5,2012,제2종근린생활,일반상업,2026
경기,오산시,세교동,601-1,1,24112676,1284000000,53.2,2024,제1종근린생활,일반상업,2025
경기,오산시,세교동,614,8,8521303,680000000,79.8,2019,제2종근린생활,제2종일반주거,2024
경기,오산시,수청동,1*,1,4770623,453400000,95.0,2009,제1종근린생활,자연녹지,2025
경기,오산시,수청동,5**,1,1527518,990000000,648.1,2005,제1종근린생활,제2종일반주거,2025
경기,오산시,수청동,583,1,4188352,169000000,40.4,2023,제2종근린생활,제2종일반주거,2026
경기,오산시,수청동,611-3,7,3216374,95000000,34.2,2020,숙박,일반상업,2026
경기,오산시,수청동,611-4,8,3561453,78000000,21.5,2019,숙박,일반상업,2026
경기,오산시,수청동,617-6,1,3626191,350000000,96.5,2018,제2종근린생활,일반상업,2025
경기,오산시,수청동,618-1,2,16131133,723320000,44.8,2021,제1종근린생활,일반상업,2025
경기,오산시,수청동,618-5,1,9615190,379800000,39.5,2018,제1종근린생활,일반상업,2024
경기,오산시,수청동,619-1,1,3429206,216280000,63.1,2019,제2종근린생활,일반상업,2025
경기,오산시,수청동,619-2,1,3040493,256800000,84.5,2019,제2종근린생활,일반상업,2024
경기,오산시,수청동,620-2,1,2659221,200000000,75.2,2018,제2종근린생활,일반상업,2024
경기,오산시,수청동,620-4,2,3529754,450000000,129.1,2017,제2종근린생활,일반상업,2026
경기,오산시,수청동,621-1,1,3016591,200000000,66.3,2017,제2종근린생활,제2종일반주거,2025
경기,오산시,수청동,8*,1,14140905,6477100000,458.0,1984,제2종근린생활,자연녹지,2025
경기,오산시,양산동,2**,3,13569322,5415360000,296.6,2018,제1종근린생활,자연녹지,2025
경기,오산시,양산동,3**,2,6592020,1305220000,198.0,2020,제1종근린생활,생산녹지,2024
경기,오산시,양산동,6**,2,5060465,1088000000,215.0,2019,제1종근린생활,생산녹지,2025
경기,오산시,양산동,666-1,2,4059829,95000000,23.4,2004,제2종근린생활,제3종일반주거,2025
경기,오산시,오산동,1**,2,4183375,425000000,105.1,2008,제2종근린생활,제1종일반주거,2026
경기,오산시,오산동,2**,1,4050183,410000000,101.2,2002,제2종근린생활,자연녹지,2026
경기,오산시,오산동,3**,1,941620,30000000,31.9,1982,제2종근린생활,일반상업,2026
경기,오산시,오산동,313-11,1,1832579,40500000,22.1,2008,제2종근린생활,일반상업,2026
경기,오산시,오산동,4**,2,2130433,3105000000,1457.4,1993,기타,일반상업,2026
경기,오산시,오산동,417-13,1,1851852,31000000,16.7,2008,제2종근린생활,일반상업,2025
경기,오산시,오산동,5**,2,1828946,191000000,98.6,1986,제1종근린생활,준주거,2026
경기,오산시,오산동,6**,3,4752923,3401070000,1025.0,2000,숙박,일반상업,2026
경기,오산시,오산동,8**,7,2999712,1450000000,626.1,1990,제2종근린생활,일반상업,2026
경기,오산시,오산동,844-10,1,1979218,160000000,80.8,,제1종근린생활,일반상업,2026
경기,오산시,오산동,882-2,34,202539,16705000,45.6,2005,제2종근린생활,준주거,2025
경기,오산시,오산동,924-1,2,8848315,315000000,35.6,2001,제2종근린생활,일반상업,2024
경기,오산시,오산동,924-2,1,579724,143760000,248.0,2000,제2종근린생활,일반상업,2025
경기,오산시,오산동,924-5,1,949968,255000000,268.4,2000,제2종근린생활,일반상업,2026
경기,오산시,오산동,925-1,1,12432012,480000000,38.6,2001,제2종근린생활,일반상업,2025
경기,오산시,오산동,925-12,1,1567209,260000000,165.9,2000,제1종근린생활,일반상업,2025
경기,오산시,오산동,925-13,4,2073505,215000000,101.5,2005,제2종근린생활,일반상업,2024
경기,오산시,오산동,925-6,1,12777778,460000000,36.0,2001,제2종근린생활,일반상업,2025
경기,오산시,외삼미동,2**,1,4844373,1021000000,210.8,2023,제2종근린생활,자연녹지,2026
경기,오산시,외삼미동,3**,6,8002890,1745230000,394.2,2010,제1종근린생활,자연녹지,2025
경기,오산시,외삼미동,46,5,4993231,2030000000,450.6,2021,제1종근린생활,제2종일반주거,2024
경기,오산시,외삼미동,6**,2,3318046,1774560000,531.6,2014,제1종근린생활,자연녹지,2026
경기,오산시,원동,1**,1,222421,172000000,773.3,2002,제2종근린생활,생산녹지,2024
경기,오산시,원동,300-8,5,4354991,275000000,57.2,2005,판매,준주거,2025
경기,오산시,원동,333-18,4,2028412,140285000,69.2,2013,제1종근린생활,준주거,2025
경기,오산시,원동,335-10,3,1968504,59000000,29.3,2019,판매,준주거,2026
경기,오산시,원동,345-10,1,2159485,218000000,101.0,2007,제2종근린생활,준주거,2024
경기,오산시,원동,360-17,3,4807692,150000000,31.2,2007,제1종근린생활,제2종일반주거,2025
경기,오산시,원동,374-4,2,2031812,350000000,172.3,2004,제1종근린생활,준주거,2025
경기,오산시,원동,561-1,1,30864198,2000000000,64.8,2004,제1종근린생활,제1종일반주거,2025
경기,오산시,원동,578-4,9,1078691,97600000,90.5,2005,제2종근린생활,준공업,2026
경기,오산시,원동,7**,10,3179775,850000000,286.9,1997,제1종근린생활,일반상업,2026
경기,오산시,원동,765-21,1,1183818,63500000,53.6,,제2종근린생활,일반상업,2024
경기,오산시,원동,777-20,1,2670940,500000000,187.2,2012,제1종근린생활,일반상업,2025
경기,오산시,원동,777-9,3,6395074,389460000,60.9,1984,제1종근린생활,일반상업,2025
경기,오산시,원동,806-5,1,4643963,150000000,32.3,2006,제2종근린생활,제3종일반주거,2025
경기,오산시,원동,811-10,3,8032129,353000000,49.8,2001,제1종근린생활,일반상업,2025
경기,오산시,원동,811-5,1,4031137,580000000,143.9,2001,제2종근린생활,일반상업,2026
경기,오산시,원동,811-6,1,2104592,33000000,15.7,2002,업무,일반상업,2025
경기,오산시,원동,811-8,4,1083300,175000000,119.7,2002,제2종근린생활,일반상업,2025
경기,오산시,원동,813-5,3,1283697,300000000,213.6,2003,제2종근린생활,일반상업,2025
경기,오산시,원동,813-8,1,1169591,300000000,256.5,,제2종근린생활,일반상업,2025
경기,오산시,원동,814-4,1,3504274,123000000,35.1,2001,제1종근린생활,제3종일반주거,2026
경기,오산시,원동,841,7,1618560,221500000,57.1,2008,판매,준주거,2025
경기,오산시,원동,845,1,2994106,1900000000,634.6,2007,기타,준주거,2026
경기,오산시,원동,9*,1,954134,13442490000,14088.7,2014,제2종근린생활,자연녹지,2024
경기,오산시,원동,907,1,9704812,240000000,24.7,2019,제1종근린생활,제2종일반주거,2025
경기,오산시,은계동,7-31,1,7925926,214000000,27.0,1998,제1종근린생활,자연녹지,2026
경기,오산시,은계동,91-1,1,623501,65000000,104.2,1996,제1종근린생활,제2종일반주거,2025
경기,오산시,지곶동,3**,3,5549738,1060000000,191.0,2026,제2종근린생활,자연녹지,2026
경기,오산시,지곶동,4**,3,2756162,1817000000,659.2,2022,제2종근린생활,자연녹지,2026
경기,오산시,지곶동,577,1,6266067,195000000,31.1,2018,제2종근린생활,제2종일반주거,2025
경기,오산시,청학동,*,3,3035567,1790000000,593.0,2018,제2종근린생활,제1종일반주거,2026
경기,오산시,청학동,41,1,1159951,76000000,65.5,2013,제1종근린생활,제1종일반주거,2025
경기,오산시,청호동,322,1,1478197,120000000,81.2,2007,제2종근린생활,제3종일반주거,2025
경기,오산시,탑동,284,3,13333333,420000000,31.5,2025,제2종근린생활,제3종일반주거,2026
경기,오산시,탑동,320,2,6758545,306500000,45.4,2025,제1종근린생활,제3종일반주거,2026
경기,의왕시,고천동,*,1,11264535,465000000,41.3,2023,제2종근린생활,제3종일반주거,2024
경기,의왕시,고천동,1**,1,4035920,800000000,198.2,2015,제1종근린생활,개발제한구역,2026
경기,의왕시,고천동,2**,2,15189733,847500000,171.5,2006,제2종근린생활,일반공업,2024
경기,의왕시,고천동,290-2,9,2313167,182000000,81.8,2005,제2종근린생활,일반공업,2025
경기,의왕시,고천동,295-51,1,70491803,430000000,6.1,1985,제1종근린생활,일반상업,2025
경기,의왕시,고천동,3**,2,5132535,1100000000,309.6,2004,제1종근린생활,일반공업,2026
경기,의왕시,고천동,522,1,11627907,480000000,41.3,2023,제2종근린생활,제3종일반주거,2025
경기,의왕시,고천동,523,3,6166020,524420000,85.0,2026,제2종근린생활,준주거,2026
경기,의왕시,고천동,544,1,14394581,510000000,35.4,2020,제2종근린생활,제3종일반주거,2025
경기,의왕시,고천동,553,2,8235323,168330000,20.4,2026,제2종근린생활,제3종일반주거,2026
경기,의왕시,내손동,2**,1,4508416,1350000000,299.4,2012,제1종근린생활,개발제한구역,2026
경기,의왕시,내손동,4**,1,152253,111000000,729.0,1984,제1종근린생활,제3종일반주거,2024
경기,의왕시,내손동,414-3,1,19991308,460000000,23.0,2003,제2종근린생활,제3종일반주거,2025
경기,의왕시,내손동,416-3,5,5500301,515000000,94.3,2020,제2종근린생활,제2종일반주거,2026
경기,의왕시,내손동,6**,1,2805390,1270000000,452.7,1989,제1종근린생활,제1종일반주거,2025
경기,의왕시,내손동,643,4,7681717,463500000,60.6,2024,제1종근린생활,준주거,2024
경기,의왕시,내손동,643-4,1,3877848,400000000,103.2,,교육연구,준주거,2026
경기,의왕시,내손동,643-6,1,3593971,1600000000,445.2,2008,기타,준주거,2026
경기,의왕시,내손동,739,1,3333333,108000000,32.4,2003,업무,일반상업,2025
경기,의왕시,내손동,739-4,1,8771930,220000000,25.1,2004,제2종근린생활,일반상업,2025
경기,의왕시,내손동,741-1,2,1588835,148000000,93.2,2003,제2종근린생활,일반상업,2025
경기,의왕시,내손동,746,1,37166086,1280000000,34.4,2002,제1종근린생활,일반상업,2026
경기,의왕시,내손동,746-1,2,1858259,200000000,107.6,2002,제1종근린생활,일반상업,2026
경기,의왕시,내손동,748,1,13850416,200000000,14.4,2002,제2종근린생활,일반상업,2025
경기,의왕시,내손동,748-1,2,1542460,122500000,90.7,2002,제2종근린생활,일반상업,2025
경기,의왕시,내손동,750,5,1585791,150000000,94.6,2004,제2종근린생활,일반상업,2026
경기,의왕시,내손동,751,2,3607375,173000000,66.4,2002,제1종근린생활,일반상업,2025
경기,의왕시,내손동,751-1,3,1618376,248000000,153.2,2002,교육연구,일반상업,2026
경기,의왕시,내손동,752,1,18472906,675000000,36.5,2002,제1종근린생활,일반상업,2024
경기,의왕시,내손동,755,2,6166597,214250000,55.6,2002,제2종근린생활,일반상업,2025
경기,의왕시,내손동,755-1,1,4488079,128000000,28.5,,제1종근린생활,일반상업,2026
경기,의왕시,내손동,755-2,6,3762961,362900000,96.4,2003,제2종근린생활,일반상업,2025
경기,의왕시,내손동,755-3,1,1514845,300000000,198.0,2002,제2종근린생활,일반상업,2025
경기,의왕시,내손동,755-4,5,2127660,45000000,16.7,2002,제2종근린생활,일반상업,2026
경기,의왕시,내손동,757-4,1,1933638,500000000,258.6,2002,제1종근린생활,일반상업,2026
경기,의왕시,내손동,762,1,3174603,74000000,23.3,,제2종근린생활,일반상업,2024
경기,의왕시,내손동,762-1,1,1645210,400000000,243.1,2002,교육연구,일반상업,2025
경기,의왕시,내손동,842,1,20781250,665000000,32.0,2009,제2종근린생활,제3종일반주거,2025
경기,의왕시,내손동,844,1,10714286,330000000,30.8,2009,제2종근린생활,제3종일반주거,2025
경기,의왕시,삼동,130-11,2,5280621,128150000,23.2,1986,제1종근린생활,제3종일반주거,2025
경기,의왕시,삼동,146-71,1,8018328,140000000,17.5,1986,판매,제3종일반주거,2025
경기,의왕시,삼동,146-72,1,8000000,160000000,20.0,1986,제1종근린생활,제2종일반주거,2024
경기,의왕시,삼동,192-51,1,1702417,250000000,146.8,,제2종근린생활,일반상업,2025
경기,의왕시,삼동,462-20,1,7317073,330000000,45.1,2003,제2종근린생활,제3종일반주거,2026
경기,의왕시,삼동,556,1,7936508,250000000,31.5,,제2종근린생활,제3종일반주거,2025
경기,의왕시,삼동,580-4,1,8593970,305000000,35.5,2020,제1종근린생활,준주거,2025
경기,의왕시,삼동,602-5,7,11509867,413710000,35.2,2023,제2종근린생활,제1종일반주거,2025
경기,의왕시,삼동,745,2,13059789,557000000,42.6,2020,제2종근린생활,준공업,2025
경기,의왕시,오전동,1**,3,6129166,347440000,142.2,2004,제2종근린생활,제3종일반주거,2024
경기,의왕시,오전동,100,8,8054335,274640000,34.0,2002,제2종근린생활,제3종일반주거,2026
경기,의왕시,오전동,108,2,12081220,700000000,72.6,2003,제1종근린생활,제3종일반주거,2025
경기,의왕시,오전동,174,1,2341651,610000000,260.5,2003,제2종근린생활,일반공업,2025
경기,의왕시,오전동,196-5,1,3187950,881500000,276.5,2004,제2종근린생활,일반공업,2026
경기,의왕시,오전동,216-1,1,3928571,165000000,42.0,1991,제1종근린생활,제3종일반주거,2026
경기,의왕시,오전동,23,1,5163818,145000000,28.1,1998,제2종근린생활,제3종일반주거,2025
경기,의왕시,오전동,276-1,2,1888036,1756500000,930.8,2005,제2종근린생활,제3종일반주거,2026
경기,의왕시,오전동,3*,2,4503715,2570000000,570.6,2003,제1종근린생활,제3종일반주거,2024
경기,의왕시,오전동,358-1,1,8821676,140000000,15.9,1992,제2종근린생활,제3종일반주거,2025
경기,의왕시,오전동,8**,1,777863,243300000,312.8,1994,제1종근린생활,제1종일반주거,2025
경기,의왕시,오전동,839-4,1,1098901,30000000,27.3,,제1종근린생활,제3종일반주거,2025
경기,의왕시,오전동,841,2,4899895,46500000,9.5,1994,제2종근린생활,제3종일반주거,2025
경기,의왕시,오전동,849,1,2420575,64000000,26.4,,제1종근린생활,제3종일반주거,2026
경기,의왕시,오전동,856,1,4326923,90000000,20.8,,제1종근린생활,제3종일반주거,2024
경기,의왕시,오전동,892,3,7886435,240000000,28.8,2018,판매,일반상업,2025
경기,의왕시,오전동,898,3,3998288,200100000,46.8,2021,제1종근린생활,제3종일반주거,2025
경기,의왕시,오전동,9*,1,5636437,13500000000,2395.1,1994,기타,자연녹지,2025
경기,의왕시,왕곡동,3**,3,5634289,11825810000,2098.9,,기타,개발제한구역,2024
경기,의왕시,왕곡동,5**,3,2747571,3100000000,1133.3,2011,제1종근린생활,일반상업,2026
경기,의왕시,왕곡동,594,2,1800081,490000000,272.2,1996,제1종근린생활,일반상업,2025
경기,의왕시,왕곡동,599,1,3774304,99000000,26.2,1994,제2종근린생활,제3종일반주거,2024
경기,의왕시,왕곡동,600,1,3805061,203000000,53.4,1994,제2종근린생활,제3종일반주거,2026
경기,의왕시,이동,218-74,3,3570269,110000000,30.8,2012,제2종근린생활,제1종일반주거,2026
경기,의왕시,이동,3**,2,5807334,810585000,192.6,2001,제2종근린생활,개발제한구역,2025
경기,의왕시,이동,5*,1,9144947,1200000000,131.2,1990,제1종근린생활,개발제한구역,2026
경기,의왕시,이동,732,7,5340282,296400000,48.9,2021,제1종근린생활,준공업,2025
경기,의왕시,청계동,4**,1,13217333,790000000,59.8,2000,제2종근린생활,제1종일반주거,2025
경기,의왕시,청계동,990,1,4604347,430000000,93.4,2008,제2종근린생활,준주거,2025
경기,의왕시,초평동,629,2,10606299,194810000,21.1,2024,제2종근린생활,준주거,2026
경기,의왕시,초평동,632,80,6015843,372000000,62.7,2025,제1종근린생활,준주거,2025
경기,의왕시,포일동,5**,3,16452334,1988100000,120.8,2001,제1종근린생활,제3종일반주거,2026
경기,의왕시,포일동,6**,1,4827601,2250000000,466.1,2011,제1종근린생활,제1종일반주거,2025
경기,의왕시,포일동,653,6,5038622,668030000,98.8,2014,제2종근린생활,준주거,2025
경기,의왕시,포일동,661,1,28460156,950000000,33.4,,제1종근린생활,준주거,2024
경기,의왕시,포일동,661-1,22,4930366,578405000,120.6,2012,기타,준주거,2025
경기,의왕시,포일동,662,1,5003249,462000000,92.3,2013,제2종근린생활,준주거,2024
경기,의왕시,포일동,663,1,18486298,850000000,46.0,2021,제1종근린생활,준주거,2025
경기,의왕시,포일동,663-3,2,12980230,479000000,36.9,2015,제2종근린생활,준주거,2026
경기,의왕시,포일동,84-1,4,1414902,22500000,14.6,2013,제2종근린생활,제1종일반주거,2025
경기,의왕시,학의동,1109,35,7900627,383000000,44.7,2024,제1종근린생활,일반상업,2025
경기,의왕시,학의동,1109-1,1,7974129,400700000,50.2,2024,교육연구,일반상업,2025
경기,의왕시,학의동,1122,1,15322076,490000000,32.0,2019,제1종근린생활,제2종일반주거,2026
경기,의왕시,학의동,3**,1,13953227,3723000000,266.8,2000,제2종근린생활,제1종일반주거,2024
경기,의왕시,학의동,6*,1,6656478,1960000000,294.4,2012,제2종근린생활,제1종일반주거,2024
경기,의왕시,학의동,6**,1,21346844,6277680000,294.1,2025,제2종근린생활,개발제한구역,2026
경기,의정부시,가능동,1*,2,1732384,3630000000,1726.4,1991,제1종근린생활,제2종일반주거,2026
경기,의정부시,가능동,3*,1,1417933,1230000000,867.5,1997,제2종근린생활,제2종일반주거,2026
경기,의정부시,가능동,3**,2,7894990,2952500000,247.1,1992,제1종근린생활,제2종일반주거,2026
경기,의정부시,가능동,363-1,2,877193,30000000,34.2,1995,업무,제2종일반주거,2024
경기,의정부시,가능동,6**,3,2013436,430000000,218.8,1989,제2종근린생활,제2종일반주거,2025
경기,의정부시,가능동,644-8,1,11988304,410000000,34.2,2005,제1종근린생활,제2종일반주거,2025
경기,의정부시,가능동,7*,1,1533978,500000000,326.0,1988,제1종근린생활,제2종일반주거,2025
경기,의정부시,가능동,7**,3,1496446,200000000,134.9,1992,제1종근린생활,제2종일반주거,2025
경기,의정부시,가능동,717-21,1,1943388,184000000,94.7,2001,제1종근린생활,제2종일반주거,2025
경기,의정부시,가능동,731-8,1,4290429,130000000,30.3,2001,제1종근린생활,제2종일반주거,2025
경기,의정부시,가능동,733,3,2419872,45300000,18.7,2023,제2종근린생활,제2종일반주거,2024
경기,의정부시,가능동,830-16,2,5889282,140000000,46.7,2003,업무,제2종일반주거,2026
경기,의정부시,가능동,847,2,3509878,145000000,42.4,2019,제1종근린생활,제2종일반주거,2025
경기,의정부시,가능동,860,1,5050505,200000000,39.6,2024,제2종근린생활,제2종일반주거,2026
경기,의정부시,가능동,9*,1,5470306,1950000000,356.5,2007,제2종근린생활,제2종일반주거,2024
경기,의정부시,고산동,3**,1,4766282,1400000000,293.7,2006,제2종근린생활,개발제한구역,2025
경기,의정부시,고산동,4**,1,7062147,1400000000,198.2,2015,제2종근린생활,개발제한구역,2025
경기,의정부시,고산동,5**,2,1342027,212000000,221.3,,제1종근린생활,자연녹지,2026
경기,의정부시,고산동,6**,1,5290206,700000000,132.3,2009,제1종근린생활,제1종일반주거,2026
경기,의정부시,고산동,989-1,2,3345009,424150000,126.8,2020,제2종근린생활,일반상업,2025
경기,의정부시,금오동,4**,2,7253524,1200000000,476.4,2008,제2종근린생활,제2종일반주거,2025
경기,의정부시,금오동,416-2,1,1988551,132000000,66.4,2017,업무,제2종일반주거,2025
경기,의정부시,금오동,468-1,1,2897787,110000000,38.0,2002,제1종근린생활,제3종일반주거,2024
경기,의정부시,금오동,470-1,1,2032520,200000000,98.4,2007,제2종근린생활,일반상업,2025
경기,의정부시,금오동,470-2,2,739185,130500000,711.6,2003,제1종근린생활,일반상업,2025
경기,의정부시,금오동,470-4,7,1586333,260000000,72.6,2003,제2종근린생활,일반상업,2026
경기,의정부시,금오동,471-1,1,1879958,1500000000,797.9,2003,제2종근린생활,일반상업,2025
경기,의정부시,금오동,471-2,1,2514919,177000000,70.4,2003,제2종근린생활,일반상업,2024
경기,의정부시,금오동,471-3,4,1859149,237500000,126.7,2003,제2종근린생활,일반상업,2025
경기,의정부시,금오동,472-1,4,1682928,252500000,92.8,2003,제2종근린생활,일반상업,2026
경기,의정부시,금오동,472-6,1,1387262,225000000,162.2,2003,제2종근린생활,일반상업,2026
경기,의정부시,금오동,473-4,1,1330126,94000000,70.7,2004,제1종근린생활,일반상업,2025
경기,의정부시,금오동,474-3,1,6957622,220000000,31.6,2008,제2종근린생활,일반상업,2025
경기,의정부시,금오동,6*,1,8497281,1609300000,189.4,2017,제2종근린생활,제1종일반주거,2025
경기,의정부시,낙양동,7**,1,3202097,7450000000,2326.6,2022,기타,제2종일반주거,2026
경기,의정부시,낙양동,721-1,7,7073127,2580080000,369.2,2022,제1종근린생활,제2종일반주거,2025
경기,의정부시,낙양동,721-3,1,9250000,407000000,44.0,2016,제1종근린생활,제2종일반주거,2025
경기,의정부시,낙양동,737-2,1,2590003,200000000,77.2,2013,제2종근린생활,제2종일반주거,2025
경기,의정부시,낙양동,743-2,3,2070393,100000000,43.5,2016,제1종근린생활,제2종일반주거,2026
경기,의정부시,낙양동,755-1,1,3381316,350000000,103.5,2013,제1종근린생활,제2종일반주거,2025
경기,의정부시,낙양동,763,1,5064103,158000000,31.2,2017,제2종근린생활,제3종일반주거,2024
경기,의정부시,녹양동,1**,1,1236824,440000000,355.8,1992,제1종근린생활,제2종일반주거,2026
경기,의정부시,녹양동,3**,1,4398759,1900000000,431.9,2002,제2종근린생활,제2종일반주거,2025
경기,의정부시,녹양동,355,1,2494036,115000000,46.1,2006,제2종근린생활,제3종일반주거,2025
경기,의정부시,녹양동,409,2,3115355,81500000,26.2,2008,제1종근린생활,제2종일반주거,2026
경기,의정부시,녹양동,412-5,1,8169935,200000000,24.5,2016,제1종근린생활,준주거,2025
경기,의정부시,녹양동,8*,1,2334380,870000000,372.7,1990,제1종근린생활,제2종일반주거,2025
경기,의정부시,민락동,732-1,3,1367911,240000000,175.4,2003,제1종근린생활,준주거,2024
경기,의정부시,민락동,732-3,4,1853741,147500000,78.9,2002,제2종근린생활,준주거,2025
경기,의정부시,민락동,735-3,2,4554656,135000000,29.6,2003,제2종근린생활,제3종일반주거,2025
경기,의정부시,민락동,8**,2,7875783,5050000000,712.3,2014,제2종근린생활,제2종일반주거,2024
경기,의정부시,민락동,803,1,9330558,538000000,57.7,2020,판매,준주거,2025
경기,의정부시,민락동,803-1,6,3161693,287100000,72.1,2020,제2종근린생활,준주거,2025
경기,의정부시,민락동,803-2,1,3539823,100000000,28.2,2020,제1종근린생활,준주거,2025
경기,의정부시,민락동,805-2,1,6773399,220000000,32.5,2015,제1종근린생활,일반상업,2025
경기,의정부시,민락동,806,2,2217628,3050000000,1375.4,2017,기타,일반상업,2026
경기,의정부시,민락동,806-1,1,5500000,137500000,25.0,2015,제1종근린생활,일반상업,2025
경기,의정부시,민락동,808-2,2,4113995,550000000,133.7,2016,기타,일반상업,2026
경기,의정부시,민락동,809-1,1,11160714,475000000,42.6,2015,제1종근린생활,일반상업,2024
경기,의정부시,민락동,811,1,2192982,180000000,82.1,2015,제2종근린생활,일반상업,2025
경기,의정부시,민락동,811-1,1,1812235,205000000,113.1,,제2종근린생활,일반상업,2025
경기,의정부시,민락동,812-1,1,2316176,63000000,27.2,2016,업무,일반상업,2024
경기,의정부시,민락동,812-2,1,12066365,480000000,39.8,2015,제1종근린생활,일반상업,2025
경기,의정부시,민락동,812-3,2,1753129,232500000,132.7,2016,제2종근린생활,일반상업,2026
경기,의정부시,민락동,813-1,1,1718970,195000000,113.4,2016,제2종근린생활,일반상업,2025
경기,의정부시,민락동,813-2,1,3183230,2050000000,644.0,2016,기타,일반상업,2026
경기,의정부시,민락동,813-3,1,3663004,170000000,46.4,2016,제2종근린생활,일반상업,2025
경기,의정부시,민락동,821-3,1,4201138,325000000,77.4,2014,제1종근린생활,제2종일반주거,2025
경기,의정부시,민락동,889,2,4757344,372500000,78.3,2018,제2종근린생활,제3종일반주거,2026
경기,의정부시,민락동,894,1,4843517,130000000,26.8,2017,제2종근린생활,제3종일반주거,2024
경기,의정부시,민락동,902-1,1,5364372,159000000,29.6,2016,제1종근린생활,제2종일반주거,2026
경기,의정부시,민락동,902-2,1,8734780,330000000,37.8,2016,제2종근린생활,제2종일반주거,2024
경기,의정부시,민락동,902-3,2,2385719,187500000,78.6,2017,제2종근린생활,제2종일반주거,2026
경기,의정부시,민락동,902-4,4,12101064,570000000,47.8,2015,제1종근린생활,제2종일반주거,2026
경기,의정부시,민락동,905,7,10054389,526850000,104.8,2017,제1종근린생활,준주거,2026
경기,의정부시,민락동,922-4,3,4063302,95000000,23.4,2024,업무,준주거,2026
경기,의정부시,산곡동,2**,1,2002002,400000000,199.8,1993,제1종근린생활,개발제한구역,2025
경기,의정부시,산곡동,5**,1,3492805,1750000000,501.0,2014,제2종근린생활,제1종일반주거,2026
경기,의정부시,산곡동,686-1,1,2495840,330000000,132.2,2021,제1종근린생활,일반상업,2026
경기,의정부시,산곡동,686-2,1,1931818,85000000,44.0,,제2종근린생활,일반상업,2025
경기,의정부시,산곡동,686-4,5,2537519,245000000,60.9,2021,제2종근린생활,일반상업,2026
경기,의정부시,산곡동,686-5,1,1813298,135000000,74.4,2020,제1종근린생활,일반상업,2026
경기,의정부시,산곡동,688-1,1,18964214,1128750000,59.5,2024,제2종근린생활,일반상업,2026
경기,의정부시,산곡동,690-1,1,3188448,870000000,272.9,,제1종근린생활,일반상업,2025
경기,의정부시,산곡동,725,1,9786989,340000000,34.7,2023,제2종근린생활,제3종일반주거,2026
경기,의정부시,산곡동,733,1,9239940,310000000,33.6,2023,제2종근린생활,제3종일반주거,2024
경기,의정부시,신곡동,1**,4,2321395,980000000,457.3,2012,제1종근린생활,제2종일반주거,2026
경기,의정부시,신곡동,3**,1,3970198,389000000,98.0,1999,제1종근린생활,제2종일반주거,2025
경기,의정부시,신곡동,597-102,1,6620830,260000000,39.3,2023,제2종근린생활,제2종일반주거,2025
경기,의정부시,신곡동,603-13,1,406229,6000000,14.8,2024,제1종근린생활,제2종일반주거,2026
경기,의정부시,신곡동,603-34,1,7662835,120000000,15.7,2024,제1종근린생활,제1종일반주거,2025
경기,의정부시,신곡동,669,1,6018519,130000000,21.6,1995,제2종근린생활,제3종일반주거,2025
경기,의정부시,신곡동,673,3,1741378,173180000,99.4,2004,제2종근린생활,제2종일반주거,2025
경기,의정부시,신곡동,673-4,1,4156276,50000000,12.0,1995,제1종근린생활,제2종일반주거,2025
경기,의정부시,신곡동,682,1,687500,11000000,16.0,1993,제1종근린생활,제3종일반주거,2026
경기,의정부시,신곡동,684,1,716846,10000000,14.0,,제1종근린생활,제3종일반주거,2024
경기,의정부시,신곡동,685,2,9129759,235000000,25.7,1993,제1종근린생활,제2종일반주거,2026
경기,의정부시,신곡동,686,3,1181156,75000000,58.9,1993,교육연구,제3종일반주거,2026
경기,의정부시,신곡동,687,2,634921,20000000,31.5,1994,기타,제3종일반주거,2024
경기,의정부시,신곡동,7**,2,1834228,2350000000,1304.9,2004,제2종근린생활,제2종일반주거,2026
경기,의정부시,신곡동,720-2,1,2416006,320000000,132.4,2002,제2종근린생활,제2종일반주거,2025
경기,의정부시,신곡동,720-3,1,6463527,280000000,43.3,2002,제1종근린생활,제2종일반주거,2026
경기,의정부시,신곡동,755-2,1,6993007,270000000,38.6,2005,제2종근린생활,제3종일반주거,2024
경기,의정부시,신곡동,761-1,1,1568433,95000000,60.6,2003,제1종근린생활,일반상업,2024
경기,의정부시,신곡동,761-6,1,1674743,470000000,280.6,2003,제2종근린생활,일반상업,2026
경기,의정부시,신곡동,765-1,19,1563545,117500000,75.0,2003,제1종근린생활,일반상업,2024
경기,의정부시,신곡동,765-4,2,2216749,26500000,12.0,2003,제2종근린생활,일반상업,2025
경기,의정부시,신곡동,765-5,4,1284176,155000000,120.7,2002,기타,일반상업,2026
경기,의정부시,신곡동,767-1,1,9685230,400000000,41.3,2002,제1종근린생활,제3종일반주거,2024
경기,의정부시,신곡동,8**,1,1249765,466000000,372.9,2003,제2종근린생활,제2종일반주거,2025
경기,의정부시,용현동,1**,3,6452471,1410540000,255.6,2017,제2종근린생활,제1종일반주거,2026
경기,의정부시,용현동,10-3,4,1040058,84000000,87.3,2004,제2종근린생활,일반상업,2026
경기,의정부시,용현동,2**,4,2386839,1362500000,594.3,1992,제1종근린생활,제2종일반주거,2026
경기,의정부시,용현동,24,4,20942628,1166445000,63.0,2024,제1종근린생활,제2종일반주거,2025
경기,의정부시,용현동,3**,2,3768355,155000000,34.3,2002,제1종근린생활,제2종일반주거,2026
경기,의정부시,용현동,30-31,1,3561254,50000000,14.0,1995,제1종근린생활,제2종일반주거,2026
경기,의정부시,용현동,33-9,1,5416667,130000000,24.0,1991,제2종근린생활,제2종일반주거,2024
경기,의정부시,용현동,4**,1,3139376,2600000000,828.2,1997,제1종근린생활,제1종일반주거,2024
경기,의정부시,용현동,46,1,10893246,250000000,23.0,1992,제2종근린생활,제3종일반주거,2024
경기,의정부시,용현동,5**,1,1691183,1490000000,881.0,2002,제1종근린생활,제2종일반주거,2025
경기,의정부시,용현동,544-4,5,3029763,170000000,56.1,2003,제2종근린생활,제2종일반주거,2026
경기,의정부시,용현동,545-10,8,1614815,135760000,86.4,2003,제1종근린생활,제2종일반주거,2026
경기,의정부시,용현동,567,1,2598077,100000000,38.5,2021,제2종근린생활,제3종일반주거,2025
경기,의정부시,의정부동,*,2,3525790,10482850000,2797.7,2000,업무,제2종일반주거,2025
경기,의정부시,의정부동,1**,18,7180269,1512490000,158.9,1990,제2종근린생활,일반상업,2026
경기,의정부시,의정부동,143-11,8,18609651,375170000,20.2,1984,제1종근린생활,일반상업,2025
경기,의정부시,의정부동,146-1,7,9641750,1096470000,59.1,2024,제1종근린생활,일반상업,2026
경기,의정부시,의정부동,148-10,1,27913468,400000000,14.3,,제1종근린생활,일반상업,2026
경기,의정부시,의정부동,15-1,1,953217,630000000,660.9,2011,기타,일반상업,2026
경기,의정부시,의정부동,191-14,1,8207071,130000000,15.8,2020,숙박,일반상업,2026
경기,의정부시,의정부동,199-10,1,10840108,360000000,33.2,2014,제1종근린생활,일반상업,2025
경기,의정부시,의정부동,2*,4,1334579,800000000,599.4,2017,숙박,일반상업,2025
경기,의정부시,의정부동,2**,10,2357514,500000000,144.8,1996,제1종근린생활,제2종일반주거,2026
경기,의정부시,의정부동,211-10,4,2040816,40000000,20.1,2010,숙박,일반상업,2025
경기,의정부시,의정부동,211-24,40,3957038,70000000,17.7,2019,숙박,일반상업,2026
경기,의정부시,의정부동,235-17,3,2235982,410000000,193.8,2003,제2종근린생활,제2종일반주거,2026
경기,의정부시,의정부동,3*,45,449515,320410000,712.8,1973,제1종근린생활,일반상업,2025
경기,의정부시,의정부동,3**,1,2223518,133500000,60.0,1996,제1종근린생활,제2종일반주거,2026
경기,의정부시,의정부동,30-9,3,3460707,240000000,69.4,2010,제1종근린생활,일반상업,2024
경기,의정부시,의정부동,362-23,1,6685018,170000000,25.4,2022,제2종근린생활,제2종일반주거,2025
경기,의정부시,의정부동,4**,8,2108040,3727685000,2264.1,2010,숙박,일반상업,2026
경기,의정부시,의정부동,428-25,12,2186761,37000000,16.9,2011,제2종근린생활,일반상업,2024
경기,의정부시,의정부동,439-23,1,661376,30000000,45.4,2000,제2종근린생활,일반상업,2026
경기,의정부시,의정부동,442-11,1,4247824,410000000,96.5,2005,제1종근린생활,일반상업,2026
경기,의정부시,의정부동,486,2,1825843,145000000,79.6,2004,제1종근린생활,일반상업,2025
경기,의정부시,의정부동,486-7,3,1687902,155000000,83.2,2003,제1종근린생활,일반상업,2026
경기,의정부시,의정부동,491-5,1,6396588,300000000,46.9,2023,제1종근린생활,일반상업,2026
경기,의정부시,의정부동,494,11,2685512,89000000,34.5,2005,제2종근린생활,일반상업,2026
경기,의정부시,의정부동,496-2,27,2688864,229660000,75.0,2006,제1종근린생활,일반상업,2025
경기,의정부시,의정부동,499-13,7,2253329,264000000,117.2,2007,업무,일반상업,2024
경기,의정부시,의정부동,499-6,1,7754183,241000000,31.1,2020,제1종근린생활,일반상업,2025
경기,의정부시,의정부동,5**,5,2067814,2650000000,983.2,1996,제1종근린생활,제2종일반주거,2026
경기,의정부시,의정부동,507,1,1672151,310000000,185.4,2003,제2종근린생활,일반상업,2025
경기,의정부시,의정부동,556-16,1,4653527,297500000,63.9,2002,제2종근린생활,제2종일반주거,2026
경기,의정부시,의정부동,556-17,1,2859028,130000000,45.5,2002,제2종근린생활,제2종일반주거,2025
경기,의정부시,의정부동,556-8,3,6688135,270000000,40.4,2018,제1종근린생활,제2종일반주거,2026
경기,의정부시,의정부동,721,1,13547237,380000000,28.0,2018,제2종근린생활,제3종일반주거,2025
경기,의정부시,의정부동,724,1,14621262,440100000,30.1,2022,제2종근린생활,제3종일반주거,2025
경기,의정부시,의정부동,8-29,2,6989365,212500000,30.4,,제2종근린생활,제2종일반주거,2024
경기,의정부시,장암동,14-13,3,2984184,100000000,33.5,1993,제1종근린생활,제3종일반주거,2026
경기,의정부시,장암동,2**,1,3333333,300000000,90.0,2018,제2종근린생활,제1종일반주거,2026
경기,의정부시,장암동,20,1,2216458,94000000,42.4,1997,기타,제3종일반주거,2025
경기,의정부시,장암동,20-14,2,10194028,399250000,37.1,2014,제2종근린생활,제2종일반주거,2024
경기,의정부시,호원동,*,1,1870373,720000000,385.0,1993,제2종근린생활,제2종일반주거,2025
경기,의정부시,호원동,1**,3,3745318,400000000,98.8,1998,제2종근린생활,제2종일반주거,2025
경기,의정부시,호원동,119-361,1,3730995,400000000,107.2,2015,제1종근린생활,제2종일반주거,2025
경기,의정부시,호원동,2**,2,7800438,542500000,60.0,2016,제2종근린생활,자연녹지,2025
경기,의정부시,호원동,3**,2,2006662,481500000,265.8,1988,제2종근린생활,제2종일반주거,2025
경기,의정부시,호원동,313-37,5,2683843,300000000,113.9,2005,제1종근린생활,제2종일반주거,2026
경기,의정부시,호원동,368-1,1,1064585,30000000,28.2,2022,제2종근린생활,제2종일반주거,2025
경기,의정부시,호원동,4**,2,4391715,450000000,124.2,1979,제1종근린생활,일반상업,2026
경기,의정부시,호원동,425,1,4393353,193000000,43.9,,제2종근린생활,제3종일반주거,2025
경기,의정부시,호원동,426,1,3260453,510000000,156.4,2007,제1종근린생활,제2종일반주거,2025
경기,의정부시,호원동,432-9,2,2256064,49750000,22.1,,제2종근린생활,제3종일반주거,2024
경기,의정부시,호원동,442,1,2434842,71000000,29.2,1996,제1종근린생활,제3종일반주거,2026
경기,의정부시,호원동,448-1,2,5311189,147500000,28.0,2000,제1종근린생활,제3종일반주거,2024
경기,의정부시,호원동,450-2,1,15873016,340000000,21.4,,제1종근린생활,제3종일반주거,2025
경기,의정부시,호원동,455-3,2,4363636,240000000,55.0,2003,판매,제2종일반주거,2025
경기,의정부시,호원동,459,2,3463743,139000000,40.1,2006,제2종근린생활,일반상업,2026
경기,의정부시,호원동,466,6,2318296,185000000,79.8,2004,제1종근린생활,제2종일반주거,2025
경기,의정부시,호원동,50-2,1,4566679,890000000,194.9,2012,제1종근린생활,제2종일반주거,2025
경기,의정부시,호원동,51-2,2,1740163,640000000,367.8,2005,제2종근린생활,제2종일반주거,2025
경기,의정부시,호원동,55-4,1,12648810,255000000,20.2,2003,제2종근린생활,제3종일반주거,2025
경기,의정부시,호원동,6-3,1,4787234,135000000,28.2,1991,판매,제3종일반주거,2024
경기,의정부시,호원동,8*,1,2932939,376560000,128.4,2009,제2종근린생활,제2종일반주거,2025
경기,이천시,갈산동,4**,2,10455308,1625000000,334.6,2009,제2종근린생활,생산녹지,2025
경기,이천시,갈산동,5**,2,11316429,1965865000,331.4,2014,제2종근린생활,제2종일반주거,2025
경기,이천시,갈산동,595-4,1,4104831,260000000,63.3,2017,제1종근린생활,제1종일반주거,2026
경기,이천시,갈산동,716-1,2,3068673,185000000,68.6,2004,제2종근린생활,제2종일반주거,2026
경기,이천시,갈산동,777-1,2,2466667,74000000,30.0,2003,제1종근린생활,자연녹지,2025
경기,이천시,관고동,*,2,658275,250000000,379.7,1991,제2종근린생활,일반상업,2025
경기,이천시,관고동,1*,1,3766478,1300000000,345.2,,제1종근린생활,일반상업,2025
경기,이천시,관고동,2*,1,2671319,490000000,183.4,2005,제2종근린생활,제1종일반주거,2024
경기,이천시,관고동,226-8,1,1043311,119000000,114.1,1991,기타,제2종일반주거,2025
경기,이천시,관고동,519,1,7071102,325200000,46.0,2024,제2종근린생활,제2종일반주거,2025
경기,이천시,단월동,3**,1,1712062,660000000,385.5,2008,제1종근린생활,계획관리,2026
경기,이천시,대월면 군량리,1**,1,3650003,725000000,198.6,2021,제2종근린생활,계획관리,2025
경기,이천시,대월면 대대리,5**,1,2407825,1600000000,664.5,2023,제1종근린생활,계획관리,2026
경기,이천시,대월면 대흥리,1-5,2,1663726,330000000,198.4,1997,제2종근린생활,일반공업,2025
경기,이천시,대월면 대흥리,1-6,3,5827506,125000000,21.4,1997,판매,제2종일반주거,2025
경기,이천시,대월면 대흥리,3*,1,6384892,355000000,55.6,2021,제1종근린생활,자연녹지,2025
경기,이천시,대월면 부필리,4**,1,2958963,904200000,305.6,2019,제2종근린생활,계획관리,2025
경기,이천시,대월면 사동리,1**,1,863132,245000000,283.8,2017,제2종근린생활,자연녹지,2025
경기,이천시,대월면 사동리,441-1,1,6999391,115000000,16.4,1994,제1종근린생활,제2종일반주거,2026
경기,이천시,대월면 초지리,2**,1,1215805,180000000,148.0,2001,제1종근린생활,자연녹지,2025
경기,이천시,마장면 관리,9**,1,2859375,1281000000,448.0,2025,제2종근린생활,계획관리,2026
경기,이천시,마장면 덕평리,4**,1,2327706,1325000000,569.2,2011,제1종근린생활,계획관리,2025
경기,이천시,마장면 양촌리,354,4,5162553,87500000,17.1,2024,제2종근린생활,제3종일반주거,2025
경기,이천시,마장면 오천리,2**,1,1388483,190000000,136.8,,제1종근린생활,계획관리,2026
경기,이천시,마장면 오천리,422,1,6769231,220000000,32.5,2019,제2종근린생활,제3종일반주거,2024
경기,이천시,마장면 오천리,426-1,1,13206550,500000000,37.9,2019,제2종근린생활,준주거,2024
경기,이천시,마장면 오천리,426-3,1,2620321,490000000,187.0,2020,제2종근린생활,준주거,2025
경기,이천시,마장면 오천리,448-1,1,18286419,890000000,48.7,2023,제1종근린생활,준주거,2026
경기,이천시,마장면 이치리,3**,1,1979772,460000000,232.4,1996,제2종근린생활,계획관리,2025
경기,이천시,마장면 장암리,1**,2,3030303,600000000,198.0,2023,제1종근린생활,생산관리,2024
경기,이천시,마장면 장암리,2**,1,2330294,1150000000,493.5,2017,제2종근린생활,계획관리,2025
경기,이천시,마장면 표교리,4**,2,2889666,5850000000,2630.3,2021,제2종근린생활,계획관리,2026
경기,이천시,마장면 해월리,2**,1,3232323,640000000,198.0,,제1종근린생활,계획관리,2025
경기,이천시,모가면 두미리,3**,1,2844120,755000000,265.5,2010,제2종근린생활,보전관리,2025
경기,이천시,모가면 소사리,2**,1,2659892,739450000,278.0,2023,제2종근린생활,계획관리,2025
경기,이천시,모가면 어농리,1**,1,3149047,599610000,190.4,2017,제1종근린생활,생산관리,2025
경기,이천시,모가면 진가리,8*,1,822562,210000000,255.3,1996,제1종근린생활,계획관리,2026
경기,이천시,백사면 경사리,8**,2,4346447,25237270000,7484.6,2014,기타,계획관리,2024
경기,이천시,백사면 도립리,2**,1,2321032,460400000,198.4,2015,제2종근린생활,계획관리,2026
경기,이천시,백사면 도지리,6**,1,2241955,923820000,412.1,2016,제2종근린생활,보전관리,2025
경기,이천시,백사면 모전리,2-22,1,1556923,205000000,131.7,2018,제1종근린생활,계획관리,2026
경기,이천시,백사면 신대리,5**,1,3739157,975920000,261.0,1992,제2종근린생활,생산관리,2025
경기,이천시,백사면 조읍리,3**,1,1090566,1079660000,990.0,2018,제1종근린생활,계획관리,2025
경기,이천시,백사면 현방리,2**,1,2826738,1360000000,481.1,2025,제2종근린생활,계획관리,2026
경기,이천시,부발읍 가산리,3**,1,1132657,1250000000,1103.6,2011,제1종근린생활,계획관리,2025
경기,이천시,부발읍 가산리,4**,1,3167677,627200000,198.0,2023,제2종근린생활,생산녹지,2025
경기,이천시,부발읍 고백리,3**,1,1084316,500000000,461.1,2002,제2종근린생활,계획관리,2025
경기,이천시,부발읍 마암리,3**,1,2812500,270000000,96.0,2021,제2종근린생활,생산녹지,2026
경기,이천시,부발읍 무촌리,9*,1,2922078,450000000,154.0,2000,제2종근린생활,생산녹지,2025
경기,이천시,부발읍 산촌리,5**,1,2741845,390000000,142.2,2020,제2종근린생활,생산녹지,2024
경기,이천시,부발읍 송온리,4**,1,6471031,1290000000,199.4,2024,제1종근린생활,자연녹지,2026
경기,이천시,부발읍 신원리,7*,1,3743655,590000000,157.6,2011,제2종근린생활,계획관리,2024
경기,이천시,부발읍 신하리,2**,1,6893382,600000000,87.0,,제1종근린생활,자연녹지,2024
경기,이천시,부발읍 신하리,396,1,1010101,90000000,89.1,1985,판매,제1종일반주거,2026
경기,이천시,부발읍 신하리,4**,1,136203,10000000,73.4,2019,제1종근린생활,제1종일반주거,2025
경기,이천시,부발읍 아미리,670-3,4,5889436,600000000,104.4,2019,제2종근린생활,일반상업,2025
경기,이천시,부발읍 아미리,671,1,6383367,350000000,54.8,2019,제1종근린생활,준주거,2025
경기,이천시,부발읍 아미리,693-6,1,883913,75000000,84.8,2014,제2종근린생활,자연녹지,2025
경기,이천시,부발읍 아미리,723-1,1,4383562,240000000,54.8,2022,제1종근린생활,준주거,2025
경기,이천시,부발읍 아미리,726-1,1,1718750,330000000,192.0,1993,기타,일반상업,2025
경기,이천시,부발읍 아미리,726-9,1,1335952,1000000000,748.5,1997,숙박,일반상업,2025
경기,이천시,부발읍 아미리,737-13,20,3531222,282500000,78.3,2012,제1종근린생활,일반상업,2025
경기,이천시,사음동,1*,1,2888265,1400000000,484.7,2021,제1종근린생활,자연녹지,2026
경기,이천시,사음동,564-3,1,1126634,25000000,22.2,1997,업무,자연녹지,2025
경기,이천시,설성면 금당리,2**,1,1164511,273660000,235.0,2001,제2종근린생활,계획관리,2024
경기,이천시,설성면 대죽리,6**,1,3153670,3740000000,1185.9,2021,제2종근린생활,계획관리,2025
경기,이천시,설성면 상봉리,1**,1,897436,70000000,78.0,,제1종근린생활,계획관리,2025
경기,이천시,설성면 송계리,2**,1,1357505,158000000,116.4,2017,제2종근린생활,계획관리,2025
경기,이천시,설성면 장능리,2**,2,1319897,1184000000,897.0,2003,기타,계획관리,2026
경기,이천시,설성면 장능리,3**,1,2314815,120000000,51.8,1992,제2종근린생활,계획관리,2024
경기,이천시,설성면 제요리,6**,1,1201201,120000000,99.9,1993,제2종근린생활,계획관리,2025
경기,이천시,설성면 행죽리,8*,2,1300277,112500000,86.5,,기타,계획관리,2025
경기,이천시,송정동,1**,4,2576120,343500000,113.9,2010,제2종근린생활,자연녹지,2026
경기,이천시,송정동,3**,2,3285216,4366775000,1329.2,2002,제2종근린생활,자연녹지,2025
경기,이천시,송정동,317-2,1,2358491,95000000,40.3,2004,제1종근린생활,제3종일반주거,2025
경기,이천시,송정동,4**,1,5494505,150000000,27.3,2019,제2종근린생활,생산녹지,2025
경기,이천시,송정동,9*,1,6665397,350000000,52.5,2005,제2종근린생활,제1종일반주거,2025
경기,이천시,신둔면 고척리,5**,1,2918016,730000000,250.2,2016,제1종근린생활,계획관리,2025
경기,이천시,신둔면 고척리,6**,1,2195679,750000000,341.6,2018,제2종근린생활,계획관리,2024
경기,이천시,신둔면 도봉리,1271-1,2,2408991,80000000,33.2,2004,제2종근린생활,계획관리,2024
경기,이천시,신둔면 용면리,3**,1,2557061,2300000000,899.5,2019,제2종근린생활,계획관리,2025
경기,이천시,신둔면 인후리,3**,1,2869965,2200000000,766.6,2017,제2종근린생활,계획관리,2025
경기,이천시,안흥동,267-5,9,3051106,80000000,26.2,2021,숙박,일반상업,2026
경기,이천시,안흥동,272-1,5,1747174,65000000,30.0,2022,숙박,일반상업,2026
경기,이천시,안흥동,470-2,1,1369461,140000000,102.2,2000,제1종근린생활,제3종일반주거,2025
경기,이천시,안흥동,477,91,11064314,332830000,39.9,2023,제1종근린생활,일반상업,2024
경기,이천시,율면 고당리,2**,1,1046894,194000000,185.3,,제2종근린생활,계획관리,2026
경기,이천시,율현동,2**,1,14481707,475000000,32.8,2010,제2종근린생활,생산녹지,2025
경기,이천시,장호원읍 노탑리,1**,2,934016,206745000,196.9,1996,제1종근린생활,제2종일반주거,2026
경기,이천시,장호원읍 선읍리,1*,1,2644347,2180000000,824.4,,교육연구,계획관리,2026
경기,이천시,장호원읍 송산리,6**,1,3327461,170000000,51.1,2022,제2종근린생활,보전관리,2025
경기,이천시,장호원읍 오남리,*,1,1172608,50000000,42.6,,제1종근린생활,일반상업,2025
경기,이천시,장호원읍 장호원리,1**,2,2129625,285000000,210.2,1981,제1종근린생활,일반상업,2026
경기,이천시,장호원읍 장호원리,3**,1,1995439,341220000,171.0,2000,제2종근린생활,생산녹지,2025
경기,이천시,장호원읍 장호원리,5*,2,671857,82625000,123.0,1983,제1종근린생활,일반상업,2026
경기,이천시,장호원읍 장호원리,6*,2,1854831,431550000,182.0,1981,제1종근린생활,일반상업,2025
경기,이천시,장호원읍 진암리,301-3,2,2057210,80725000,39.2,1995,제1종근린생활,제2종일반주거,2024
경기,이천시,장호원읍 진암리,5**,1,1598798,425600000,266.2,1991,제2종근린생활,자연녹지,2024
경기,이천시,장호원읍 진암리,7**,1,2283828,207600000,90.9,2019,제2종근린생활,제1종일반주거,2025
경기,이천시,중리동,1**,1,1569718,350000000,223.0,1983,제1종근린생활,제2종일반주거,2026
경기,이천시,중리동,2**,1,10040161,450000000,44.8,1987,제1종근린생활,일반상업,2025
경기,이천시,중리동,213,5,3912310,760000000,184.9,2009,판매,일반상업,2025
경기,이천시,중리동,313-5,2,5815772,500000000,86.7,2017,제1종근린생활,제1종일반주거,2025
경기,이천시,중리동,4**,1,6848565,1250000000,182.5,1993,제2종근린생활,제2종일반주거,2026
경기,이천시,중리동,464-5,1,11494253,700000000,60.9,2018,제2종근린생활,일반상업,2026
경기,이천시,중리동,465-5,176,2451252,62200000,26.0,2021,숙박,일반상업,2025
경기,이천시,증일동,1**,2,2869915,2170000000,756.1,2008,제2종근린생활,계획관리,2026
경기,이천시,증포동,1**,1,2720842,2400000000,882.1,2013,제1종근린생활,자연녹지,2025
경기,이천시,증포동,210-1,2,2132196,240000000,112.6,2005,교육연구,제3종일반주거,2024
경기,이천시,증포동,244-3,2,870192,24000000,27.6,1998,제1종근린생활,제3종일반주거,2024
경기,이천시,증포동,351-9,1,2639752,391000000,148.1,2019,제2종근린생활,제1종일반주거,2025
경기,이천시,증포동,491,1,11968750,383000000,32.0,2017,제2종근린생활,제2종일반주거,2025
경기,이천시,창전동,1**,5,2384778,750000000,350.2,1979,제1종근린생활,일반상업,2026
경기,이천시,창전동,149-2,1,4478491,76000000,17.0,2017,업무,일반상업,2026
경기,이천시,창전동,154-17,1,2682747,182400000,68.0,2013,제1종근린생활,일반상업,2026
경기,이천시,창전동,164-2,1,1406819,170000000,120.8,1986,제1종근린생활,일반상업,2024
경기,이천시,창전동,165-1,5,4158317,445000000,33.6,2008,제1종근린생활,일반상업,2026
경기,이천시,창전동,4**,3,1354172,550000000,452.6,1990,제2종근린생활,제3종일반주거,2025
경기,이천시,호법면 안평리,2**,1,2272727,450000000,198.0,2020,제1종근린생활,보전관리,2025
경기,이천시,호법면 유산리,4**,2,8829564,700000000,82.1,2000,제2종근린생활,자연녹지,2025
경기,이천시,호법면 주미리,4**,1,1943304,970000000,499.2,2019,제2종근린생활,계획관리,2025
경기,이천시,호법면 후안리,2**,2,2132823,133805000,78.0,2004,제1종근린생활,계획관리,2026
경기,이천시,호법면 후안리,5**,1,2017873,350000000,173.4,1998,제1종근린생활,계획관리,2026
경기,파주시,검산동,310,1,5287181,139000000,26.3,,제2종근린생활,계획관리,2025
경기,파주시,검산동,5**,1,3092637,3700000000,1196.4,,제2종근린생활,계획관리,2026
경기,파주시,광탄면 기산리,5**,3,1520219,300000000,198.0,2005,제1종근린생활,계획관리,2026
경기,파주시,광탄면 마장리,1**,1,2900232,400000000,137.9,1995,제2종근린생활,계획관리,2025
경기,파주시,광탄면 마장리,4*,1,730594,160000000,219.0,,기타,계획관리,2025
경기,파주시,광탄면 발랑리,1**,4,1849936,366250000,198.0,2014,제2종근린생활,계획관리,2025
경기,파주시,광탄면 발랑리,2**,2,1221831,233000000,190.0,2012,제1종근린생활,생산관리,2025
경기,파주시,광탄면 방축리,1**,1,2630349,1360890000,517.4,2008,제1종근린생활,계획관리,2024
경기,파주시,광탄면 방축리,2**,2,3216394,460000000,213.2,2018,제2종근린생활,계획관리,2026
경기,파주시,광탄면 방축리,4**,1,1885113,720000000,381.9,,제2종근린생활,계획관리,2025
경기,파주시,광탄면 분수리,1**,2,1344383,468675000,335.0,1994,제2종근린생활,계획관리,2025
경기,파주시,광탄면 분수리,2**,2,2156704,960000000,438.8,,제2종근린생활,계획관리,2025
경기,파주시,광탄면 분수리,4**,2,1608238,1235000000,740.0,,제2종근린생활,계획관리,2026
경기,파주시,광탄면 신산리,1**,1,2490494,131000000,52.6,2014,제1종근린생활,일반상업,2026
경기,파주시,광탄면 신산리,192-33,1,2186354,149000000,68.2,2025,제1종근린생활,제1종일반주거,2025
경기,파주시,광탄면 신산리,3**,4,2783941,212500000,69.8,2006,제1종근린생활,일반상업,2026
경기,파주시,광탄면 신산리,4**,4,2964071,1100500000,345.8,2025,제1종근린생활,생산관리,2026
경기,파주시,광탄면 신산리,5**,1,2434259,1445950000,594.0,,제1종근린생활,자연녹지,2025
경기,파주시,광탄면 영장리,1**,3,1272475,124370000,198.0,2024,제2종근린생활,생산관리,2025
경기,파주시,광탄면 영장리,2**,1,1983841,520560000,262.4,2008,제1종근린생활,생산관리,2025
경기,파주시,광탄면 용미리,1**,2,2873676,482500000,157.8,,제2종근린생활,계획관리,2026
경기,파주시,광탄면 용미리,2**,1,2172768,935420000,430.5,,제1종근린생활,계획관리,2026
경기,파주시,광탄면 용미리,5**,6,1645516,545285000,390.0,2006,제2종근린생활,계획관리,2026
경기,파주시,광탄면 용미리,7**,2,3255568,3980205000,1067.5,2017,기타,보전관리,2025
경기,파주시,광탄면 창만리,3**,2,1599002,315700000,162.8,,제2종근린생활,계획관리,2025
경기,파주시,광탄면 창만리,4**,1,2314815,250000000,108.0,2008,제2종근린생활,계획관리,2025
경기,파주시,광탄면 창만리,6**,1,4868687,482000000,99.0,2024,제1종근린생활,농림,2026
경기,파주시,광탄면 창만리,9*,3,2747424,229030000,170.0,2023,제2종근린생활,생산관리,2026
경기,파주시,교하동,3**,1,2909708,642900000,221.0,,업무,계획관리,2026
경기,파주시,교하동,4**,2,4986652,558500000,111.7,2012,제2종근린생활,생산관리,2024
경기,파주시,교하동,5**,1,4212638,2646000000,628.1,,제2종근린생활,계획관리,2025
경기,파주시,금릉동,1**,1,3109528,6287000000,2021.8,2001,제1종근린생활,제3종일반주거,2025
경기,파주시,금릉동,211-11,12,2020751,201680000,94.5,2004,제2종근린생활,제2종일반주거,2025
경기,파주시,금릉동,211-5,2,2255978,211000000,138.9,2005,제2종근린생활,제2종일반주거,2026
경기,파주시,금릉동,213-3,1,1559020,189000000,121.2,2005,제2종근린생활,제2종일반주거,2025
경기,파주시,금촌동,1003,1,11727912,150000000,12.8,2004,제1종근린생활,제3종일반주거,2026
경기,파주시,금촌동,1015,1,1731602,40000000,23.1,2006,제1종근린생활,제2종일반주거,2025
경기,파주시,금촌동,1313,2,15906532,565000000,35.5,2025,제2종근린생활,일반상업,2026
경기,파주시,금촌동,234-17,1,898693,55000000,61.2,,제1종근린생활,제3종일반주거,2025
경기,파주시,금촌동,235-1,1,721785,110000000,152.4,,제2종근린생활,제3종일반주거,2025
경기,파주시,금촌동,246-23,1,1742702,280000000,160.7,2003,제1종근린생활,제3종일반주거,2026
경기,파주시,금촌동,251-10,2,3927730,200000000,50.9,2005,제2종근린생활,제2종일반주거,2026
경기,파주시,금촌동,251-5,1,3709949,110000000,29.6,2006,제1종근린생활,제2종일반주거,2026
경기,파주시,금촌동,253-5,6,4267103,214000000,50.7,2004,기타,제2종일반주거,2026
경기,파주시,금촌동,288-6,1,2014349,73000000,36.2,2020,제2종근린생활,제1종일반주거,2026
경기,파주시,금촌동,3**,3,6008067,200000000,90.5,,제1종근린생활,제1종일반주거,2026
경기,파주시,금촌동,329-158,10,6148359,517250000,84.3,2014,기타,제1종일반주거,2025
경기,파주시,금촌동,4*,4,3207939,4231750000,1470.7,2002,제2종근린생활,일반상업,2025
경기,파주시,금촌동,4**,1,8499788,200000000,23.5,2008,제2종근린생활,자연녹지,2025
경기,파주시,금촌동,5*,1,1008471,75000000,74.4,1992,제1종근린생활,일반상업,2026
경기,파주시,금촌동,51-49,1,2979798,118000000,39.6,1993,제1종근린생활,제2종일반주거,2026
경기,파주시,금촌동,52-39,294,6153846,115000000,18.2,1997,업무,일반상업,2026
경기,파주시,금촌동,6*,6,4612537,400000000,76.1,,제1종근린생활,일반상업,2026
경기,파주시,금촌동,7**,8,1512905,620000000,442.0,1999,제2종근린생활,제2종일반주거,2026
경기,파주시,금촌동,71-9,1,2041233,100000000,49.0,,제1종근린생활,일반상업,2025
경기,파주시,금촌동,765-19,4,1063584,135000000,129.3,2004,제2종근린생활,일반상업,2025
경기,파주시,금촌동,9**,12,2677009,600000000,340.9,2002,제2종근린생활,제2종일반주거,2026
경기,파주시,금촌동,953-9,1,766703,70000000,91.3,2003,제1종근린생활,제2종일반주거,2026
경기,파주시,금촌동,956-9,1,2881014,100000000,34.7,1999,제1종근린생활,제2종일반주거,2026
경기,파주시,금촌동,959-11,2,3207242,260000000,109.4,1997,제2종근린생활,제2종일반주거,2025
경기,파주시,금촌동,972,1,2857143,120000000,42.0,2004,제2종근린생활,제3종일반주거,2025
경기,파주시,금촌동,986-1,1,4518950,775000000,171.5,2005,제1종근린생활,일반상업,2026
경기,파주시,금촌동,986-2,2,1679052,210000000,125.9,2005,제2종근린생활,일반상업,2025
경기,파주시,금촌동,986-4,4,3531367,536500000,159.4,2005,제2종근린생활,일반상업,2026
경기,파주시,금촌동,986-5,22,2532734,230000000,92.9,2006,제2종근린생활,일반상업,2026
경기,파주시,금촌동,987-5,2,1513253,113500000,74.9,2004,제2종근린생활,준주거,2025
경기,파주시,금촌동,988-1,1,20514490,630000000,30.7,2005,제1종근린생활,일반상업,2025
경기,파주시,금촌동,988-2,4,1428199,114895000,82.6,2005,제2종근린생활,일반상업,2026
경기,파주시,금촌동,988-7,1,1805723,195000000,108.0,2005,교육연구,준주거,2025
경기,파주시,금촌동,988-8,1,2134647,195000000,91.4,2004,제2종근린생활,준주거,2026
경기,파주시,금촌동,989-1,1,1747189,230000000,131.6,2005,제2종근린생활,일반상업,2025
경기,파주시,금촌동,989-6,2,1495412,150000000,100.3,2005,교육연구,준주거,2025
경기,파주시,금촌동,989-8,1,11010728,390000000,35.4,2005,제2종근린생활,준주거,2025
경기,파주시,금촌동,990-3,2,1858563,240000000,132.3,2005,제2종근린생활,일반상업,2026
경기,파주시,금촌동,992,1,10634921,335000000,31.5,2004,제2종근린생활,제3종일반주거,2025
경기,파주시,다율동,*,4,10565601,395000000,36.1,2024,제2종근린생활,제3종일반주거,2024
경기,파주시,다율동,1023,2,17598052,492500000,28.0,2024,제2종근린생활,제3종일반주거,2024
경기,파주시,다율동,1035,3,15250000,610000000,40.0,2022,제2종근린생활,제3종일반주거,2026
경기,파주시,다율동,1036,1,10034843,288000000,28.7,2021,제2종근린생활,제3종일반주거,2025
경기,파주시,다율동,1037-7,1,18421053,840000000,45.6,2023,제1종근린생활,준주거,2025
경기,파주시,다율동,1039,1,10142857,355000000,35.0,,제2종근린생활,제3종일반주거,2024
경기,파주시,다율동,1041-12,1,4594804,237000000,51.6,2022,제2종근린생활,근린상업,2025
경기,파주시,다율동,1041-3,8,5070800,292840000,59.2,2022,제1종근린생활,근린상업,2026
경기,파주시,다율동,1043,10,4981287,291500000,58.5,2022,제2종근린생활,근린상업,2025
경기,파주시,다율동,1043-3,1,24074074,1040000000,43.2,2022,제1종근린생활,근린상업,2026
경기,파주시,다율동,1044,4,3602453,282000000,78.3,2023,제1종근린생활,일반상업,2024
경기,파주시,다율동,1044-5,1,16527546,198000000,12.0,2022,제1종근린생활,일반상업,2026
경기,파주시,다율동,1044-8,4,10386933,725000000,70.3,2022,제2종근린생활,일반상업,2026
경기,파주시,다율동,987-2,5,1466837,180000000,156.8,2006,기타,준주거,2025
경기,파주시,당하동,1**,1,4034091,710000000,176.0,2014,제2종근린생활,계획관리,2025
경기,파주시,당하동,2**,1,4314592,986100000,228.6,2000,제2종근린생활,계획관리,2025
경기,파주시,당하동,3**,1,5886076,930000000,158.0,2005,제1종근린생활,계획관리,2026
경기,파주시,동패동,1***,4,8790018,1437850000,162.4,2020,기타,생산관리,2026
경기,파주시,동패동,1687,3,1899335,60000000,31.2,2005,기타,제3종일반주거,2026
경기,파주시,동패동,1694-1,12,1952504,267395000,124.8,2006,기타,일반상업,2026
경기,파주시,동패동,1694-2,8,6121881,245000000,40.0,2006,제2종근린생활,일반상업,2025
경기,파주시,동패동,1694-3,2,7575259,248500000,34.1,2006,제2종근린생활,일반상업,2025
경기,파주시,동패동,1695-1,3,1124482,186000000,101.4,2006,제2종근린생활,일반상업,2024
경기,파주시,동패동,1695-3,3,1694437,180000000,106.2,2006,제2종근린생활,일반상업,2026
경기,파주시,동패동,1695-4,5,1162430,150000000,87.8,,교육연구,일반상업,2025
경기,파주시,동패동,1696-2,4,1305396,163750000,74.7,2006,제1종근린생활,일반상업,2026
경기,파주시,동패동,1701,5,7343789,301000000,40.2,2007,제1종근린생활,일반상업,2025
경기,파주시,동패동,1752,1,3218727,220000000,68.4,2011,제2종근린생활,제3종일반주거,2025
경기,파주시,동패동,1758-4,1,1893939,180000000,95.0,2012,제2종근린생활,일반상업,2025
경기,파주시,동패동,1759-2,1,2673666,272500000,101.9,2011,교육연구,일반상업,2026
경기,파주시,동패동,1761-1,1,17966223,1000000000,55.7,2016,제1종근린생활,일반상업,2025
경기,파주시,동패동,1761-3,3,2950753,290000000,98.3,2012,제2종근린생활,일반상업,2025
경기,파주시,동패동,1761-5,2,2089641,490000000,234.5,2017,제2종근린생활,일반상업,2025
경기,파주시,동패동,1761-6,2,2227953,300000000,134.1,2017,제2종근린생활,일반상업,2025
경기,파주시,동패동,1781,1,13196481,450000000,34.1,2020,제2종근린생활,제2종일반주거,2025
경기,파주시,동패동,1891,2,5124291,235000000,45.9,2011,제1종근린생활,제2종일반주거,2026
경기,파주시,동패동,2**,1,3487654,565000000,162.0,2001,제2종근린생활,계획관리,2024
경기,파주시,동패동,2071,1,4603175,145000000,31.5,2022,제2종근린생활,제3종일반주거,2024
경기,파주시,동패동,2077-6,2,15530250,775000000,50.3,2023,제1종근린생활,근린상업,2026
경기,파주시,동패동,2078,10,5568897,427115000,78.5,2023,기타,근린상업,2025
경기,파주시,동패동,2079,3,5097444,485000000,108.8,2022,제2종근린생활,근린상업,2026
경기,파주시,동패동,2080-1,1,4410759,296800000,67.3,2023,제1종근린생활,근린상업,2024
경기,파주시,동패동,2080-3,7,4554865,450000000,96.6,2022,제1종근린생활,근린상업,2026
경기,파주시,동패동,2119,1,12195122,400000000,32.8,2021,제1종근린생활,제3종일반주거,2026
경기,파주시,동패동,2124-1,1,22046951,3550000000,161.0,2023,제1종근린생활,준주거,2025
경기,파주시,동패동,2124-3,3,3126471,212600000,68.0,2023,제1종근린생활,준주거,2026
경기,파주시,동패동,2125-1,7,4982682,450500000,80.8,2023,제1종근린생활,준주거,2026
경기,파주시,동패동,2125-3,7,10651961,434600000,40.8,2024,제1종근린생활,준주거,2024
경기,파주시,동패동,22-4,19,4083821,266800000,65.3,2017,제1종근린생활,계획관리,2025
경기,파주시,동패동,2277-1,1,5587924,474750000,85.0,2026,제2종근린생활,준주거,2026
경기,파주시,맥금동,1**,2,3512558,1328930000,396.2,2020,제1종근린생활,계획관리,2026
경기,파주시,맥금동,4**,2,2028096,514000000,276.8,1995,제2종근린생활,계획관리,2025
경기,파주시,맥금동,5**,1,1357866,338000000,248.9,1994,제1종근린생활,계획관리,2025
경기,파주시,목동동,1***,1,3247026,1160000000,357.2,2015,제2종근린생활,제1종일반주거,2025
경기,파주시,목동동,1052,3,2891845,300000000,103.7,2017,제2종근린생활,준주거,2026
경기,파주시,목동동,1052-2,3,3644315,325000000,103.7,2017,제2종근린생활,준주거,2025
경기,파주시,목동동,1054,1,2628985,320000000,121.7,2016,제2종근린생활,준주거,2025
경기,파주시,목동동,1134,2,7106198,180000000,25.3,2018,제2종근린생활,준주거,2025
경기,파주시,목동동,1136-4,1,15509259,670000000,43.2,2018,제1종근린생활,준주거,2024
경기,파주시,목동동,679,1,6862745,252000000,36.7,2010,제2종근린생활,제3종일반주거,2025
경기,파주시,목동동,690,1,9266123,375000000,40.5,2014,제1종근린생활,제3종일반주거,2025
경기,파주시,목동동,933,3,3230453,486700000,150.7,2016,제1종근린생활,일반상업,2025
경기,파주시,목동동,933-1,2,3442114,650000000,188.8,2016,제2종근린생활,일반상업,2025
경기,파주시,목동동,933-3,3,1518680,150000000,98.8,2016,제2종근린생활,일반상업,2024
경기,파주시,목동동,935,1,7623932,223000000,29.2,2016,제2종근린생활,일반상업,2025
경기,파주시,목동동,935-2,2,2898369,285000000,99.3,2018,제2종근린생활,일반상업,2025
경기,파주시,목동동,935-3,1,4166667,320000000,76.8,2016,제2종근린생활,일반상업,2026
경기,파주시,목동동,937-3,1,2666077,181000000,67.9,2016,제1종근린생활,일반상업,2024
경기,파주시,목동동,939-4,1,9469697,200000000,21.1,2016,제1종근린생활,일반상업,2026
경기,파주시,목동동,941-1,4,3277014,552500000,163.8,2016,교육연구,일반상업,2026
경기,파주시,목동동,945,1,1900840,240000000,126.3,2016,제2종근린생활,일반상업,2025
경기,파주시,목동동,945-1,11,8270270,765000000,92.5,2019,기타,일반상업,2025
경기,파주시,목동동,947,4,2941055,335000000,121.0,2016,제1종근린생활,일반상업,2026
경기,파주시,목동동,947-1,5,2513646,260000000,102.4,2016,교육연구,일반상업,2025
경기,파주시,목동동,949,1,1700680,130000000,76.4,2017,제2종근린생활,일반상업,2025
경기,파주시,목동동,989,2,7413163,222500000,32.9,2023,제2종근린생활,제3종일반주거,2025
경기,파주시,문발동,2**,1,3017940,1705800000,565.2,2015,제2종근린생활,계획관리,2025
경기,파주시,문발동,263-33,2,1636114,86500000,51.9,2009,제1종근린생활,계획관리,2025
경기,파주시,문발동,263-5,1,2063983,120000000,58.1,2009,제1종근린생활,계획관리,2025
경기,파주시,문발동,263-6,2,2917834,125000000,42.8,2009,제1종근린생활,계획관리,2025
경기,파주시,문발동,263-7,1,5159959,300000000,58.1,2009,제1종근린생활,계획관리,2025
경기,파주시,문발동,500-7,2,2615845,70000000,26.8,,제2종근린생활,준공업,2025
경기,파주시,문발동,503-1,17,685283,21150000,34.9,2004,판매,준공업,2025
경기,파주시,문발동,510-1,1,1878070,130000000,69.2,,제1종근린생활,준공업,2025
경기,파주시,문발동,513-9,2,4485826,483190000,107.7,2005,제1종근린생활,준공업,2026
경기,파주시,문발동,531-2,1,1664426,260000000,156.2,2003,제2종근린생활,일반상업,2025
경기,파주시,문발동,547,1,2777778,80000000,28.8,2005,제1종근린생활,제3종일반주거,2025
경기,파주시,문발동,560,1,1673640,140000000,83.6,2005,제2종근린생활,제3종일반주거,2025
경기,파주시,문발동,562-2,6,8116635,305000000,44.2,2006,제1종근린생활,근린상업,2025
경기,파주시,문발동,7*,1,2656128,2894250000,1089.6,2019,제1종근린생활,계획관리,2025
경기,파주시,문발동,81-13,4,3472222,62500000,18.0,2008,제1종근린생활,계획관리,2024
경기,파주시,문산읍 내포리,1635-1,6,618429,18750000,24.3,2011,제2종근린생활,준공업,2026
경기,파주시,문산읍 내포리,1635-2,1,378556,130000000,343.4,2012,제1종근린생활,준공업,2026
경기,파주시,문산읍 내포리,2**,1,2744108,1630000000,594.0,,제2종근린생활,계획관리,2025
경기,파주시,문산읍 내포리,3**,1,1893520,770000000,406.6,2011,기타,계획관리,2024
경기,파주시,문산읍 내포리,8**,2,2611364,517050000,198.0,2024,제2종근린생활,계획관리,2025
경기,파주시,문산읍 당동리,1**,1,3105906,305000000,98.2,2017,제1종근린생활,생산관리,2025
경기,파주시,문산읍 당동리,888-2,1,2696145,400000000,148.4,2013,제1종근린생활,준공업,2026
경기,파주시,문산읍 당동리,888-3,4,1309633,174120000,90.5,2012,제1종근린생활,준공업,2025
경기,파주시,문산읍 당동리,888-4,1,2143774,167000000,77.9,2010,제2종근린생활,준공업,2025
경기,파주시,문산읍 당동리,888-5,1,1704545,195000000,114.4,2014,제2종근린생활,준공업,2026
경기,파주시,문산읍 당동리,902,14,1300171,281005000,181.2,2018,제1종근린생활,준공업,2025
경기,파주시,문산읍 당동리,935,3,3598645,170000000,43.6,2009,제1종근린생활,제2종일반주거,2026
경기,파주시,문산읍 당동리,947,1,4920722,180000000,36.6,2015,제2종근린생활,제2종일반주거,2026
경기,파주시,문산읍 문산리,1*,9,3130270,900000000,226.8,1978,제2종근린생활,일반상업,2026
경기,파주시,문산읍 문산리,10-42,2,845372,55000000,66.4,1992,제1종근린생활,일반상업,2025
경기,파주시,문산읍 문산리,10-47,2,1253493,507500000,404.8,2009,기타,일반상업,2025
경기,파주시,문산읍 문산리,10-93,24,1509081,28250000,18.7,1995,제1종근린생활,일반상업,2026
경기,파주시,문산읍 문산리,10-94,2,1726296,55000000,32.6,1990,판매,일반상업,2026
경기,파주시,문산읍 문산리,142,1,6549708,280000000,42.8,2006,제1종근린생활,제2종일반주거,2025
경기,파주시,문산읍 문산리,17-360,1,3611111,130000000,36.0,1992,제2종근린생활,제3종일반주거,2024
경기,파주시,문산읍 문산리,2*,1,3024558,335000000,110.8,2001,제2종근린생활,제1종일반주거,2025
경기,파주시,문산읍 문산리,5*,1,3933333,590000000,150.0,,제1종근린생활,일반상업,2025
경기,파주시,문산읍 문산리,6*,3,2293388,333000000,145.2,1978,제1종근린생활,제1종일반주거,2026
경기,파주시,문산읍 문산리,6-2,7,2278155,127440000,73.3,2021,제1종근린생활,일반상업,2026
경기,파주시,문산읍 문산리,61-35,5,1051265,170000000,161.7,1995,제2종근린생활,일반상업,2026
경기,파주시,문산읍 문산리,7-5,2,10153562,530000000,68.8,2019,제1종근린생활,일반상업,2026
경기,파주시,문산읍 사목리,1**,1,3820707,756500000,198.0,,제2종근린생활,계획관리,2024
경기,파주시,문산읍 선유리,1394,1,6609195,230000000,34.8,2010,제1종근린생활,제2종일반주거,2025
경기,파주시,문산읍 선유리,1420,6,8301034,257000000,31.0,2024,제2종근린생활,제2종일반주거,2025
경기,파주시,문산읍 선유리,4**,3,1282521,70000000,57.7,2007,제1종근린생활,일반상업,2026
경기,파주시,문산읍 선유리,6**,1,4854250,1747530000,360.0,,제2종근린생활,자연녹지,2025
경기,파주시,문산읍 선유리,9**,1,6901311,300000000,43.5,,제1종근린생활,일반상업,2024
경기,파주시,문산읍 운천리,1**,1,1155898,467630000,404.6,,제1종근린생활,계획관리,2025
경기,파주시,문산읍 이천리,1*,1,2575758,510000000,198.0,2010,제2종근린생활,계획관리,2024
경기,파주시,문산읍 이천리,4**,1,753072,38000000,50.5,,제1종근린생활,계획관리,2025
경기,파주시,법원읍 가야리,3**,1,2527168,246500000,97.5,2018,제2종근린생활,제1종일반주거,2026
경기,파주시,법원읍 가야리,42-30,1,1329640,96000000,72.2,,제1종근린생활,제1종일반주거,2026
경기,파주시,법원읍 금곡리,2**,1,2373737,470000000,198.0,2023,제1종근린생활,생산관리,2026
경기,파주시,법원읍 금곡리,3**,1,499366,70890000,142.0,,제1종근린생활,계획관리,2025
경기,파주시,법원읍 대능리,3**,1,3654948,784900000,214.8,,제1종근린생활,계획관리,2026
경기,파주시,법원읍 대능리,8*,3,1212520,129000000,106.4,2007,제2종근린생활,일반상업,2026
경기,파주시,법원읍 대능리,9*,1,1357876,270000000,198.8,1996,제1종근린생활,일반상업,2024
경기,파주시,법원읍 동문리,5**,1,1919192,380000000,198.0,2019,제1종근린생활,계획관리,2025
경기,파주시,법원읍 법원리,3**,2,1593347,241500000,137.6,2010,제1종근린생활,자연녹지,2026
경기,파주시,법원읍 법원리,4*,1,2035912,419520000,206.1,2022,제2종근린생활,계획관리,2024
경기,파주시,법원읍 법원리,4**,1,1134644,60000000,52.9,,제1종근린생활,제1종일반주거,2025
경기,파주시,법원읍 법원리,6**,1,1102536,420000000,380.9,2002,제1종근린생활,제1종일반주거,2025
경기,파주시,법원읍 삼방리,2**,1,2854162,817860000,286.6,2026,제2종근린생활,계획관리,2025
경기,파주시,법원읍 삼방리,4**,1,4464286,375000000,84.0,2009,제2종근린생활,계획관리,2024
경기,파주시,산남동,2*,1,3730167,895240000,240.0,2016,제2종근린생활,계획관리,2026
경기,파주시,산남동,2**,4,3534664,1561800000,442.9,2018,제2종근린생활,계획관리,2026
경기,파주시,산남동,3**,2,3667446,815200000,235.5,,제2종근린생활,계획관리,2026
경기,파주시,산남동,387-2,2,2001014,345475000,172.6,2009,제1종근린생활,계획관리,2025
경기,파주시,산남동,9*,1,3815385,744000000,195.0,2002,제1종근린생활,계획관리,2024
경기,파주시,상지석동,133-10,1,717966,238810000,332.6,,제1종근린생활,계획관리,2026
경기,파주시,상지석동,5**,1,2945103,1500000000,509.3,,제1종근린생활,계획관리,2025
경기,파주시,상지석동,6**,1,5389403,710000000,131.7,2022,제2종근린생활,계획관리,2025
경기,파주시,서패동,2**,3,8553030,1693500000,198.0,2022,제1종근린생활,계획관리,2025
경기,파주시,서패동,3**,1,4007213,800000000,199.6,2022,제2종근린생활,계획관리,2026
경기,파주시,송촌동,2**,1,2747475,544000000,198.0,2024,제2종근린생활,계획관리,2026
경기,파주시,송촌동,5**,1,1925714,337000000,175.0,2020,제2종근린생활,계획관리,2025
경기,파주시,송촌동,6**,1,3368447,1375000000,408.2,2010,제2종근린생활,계획관리,2026
경기,파주시,신촌동,1*,3,3668686,3587460000,867.0,2022,제2종근린생활,계획관리,2026
경기,파주시,신촌동,1**,2,3634794,887700000,237.0,2020,제1종근린생활,계획관리,2026
경기,파주시,신촌동,2**,3,2805865,1110000000,395.6,2020,제2종근린생활,계획관리,2025
경기,파주시,신촌동,3*,1,3868248,734000000,189.8,2017,제2종근린생활,계획관리,2025
경기,파주시,신촌동,6*,1,5897436,1150000000,195.0,2020,제1종근린생활,계획관리,2025
경기,파주시,신촌동,6**,2,2815188,1247050000,486.0,2022,제2종근린생활,생산관리,2026
경기,파주시,아동동,2**,2,2059307,683750000,351.9,2014,제2종근린생활,자연녹지,2026
경기,파주시,아동동,283-10,1,1632733,1000000000,612.5,2001,제1종근린생활,준주거,2025
경기,파주시,아동동,3**,2,1453113,1030000000,655.7,1994,제1종근린생활,제2종일반주거,2026
경기,파주시,아동동,335-1,4,536113,4250000,10.5,1994,제1종근린생활,일반상업,2025
경기,파주시,아동동,897,2,1888218,50000000,26.5,2009,제1종근린생활,제2종일반주거,2024
경기,파주시,야당동,1**,6,2817488,1226500000,389.4,2008,제1종근린생활,계획관리,2026
경기,파주시,야당동,1006-3,1,2957580,350000000,118.3,2012,제2종근린생활,준주거,2026
경기,파주시,야당동,1006-8,1,2927063,610000000,208.4,2011,제1종근린생활,준주거,2025
경기,파주시,야당동,1016,1,7558140,260000000,34.4,2017,제1종근린생활,제3종일반주거,2025
경기,파주시,야당동,1041,4,4194748,422500000,105.7,2020,제2종근린생활,일반상업,2026
경기,파주시,야당동,1044-1,1,3565970,70000000,19.6,,업무,일반상업,2026
경기,파주시,야당동,1050-1,7,201248,10000000,49.7,2021,제1종근린생활,일반상업,2025
경기,파주시,야당동,1052,2,2907617,204500000,70.5,2019,제1종근린생활,일반상업,2025
경기,파주시,야당동,1054,4,2099342,167500000,102.4,2017,제2종근린생활,일반상업,2026
경기,파주시,야당동,1063,3,19250963,550000000,28.6,2017,제1종근린생활,일반상업,2026
경기,파주시,야당동,1066,10,3393988,595000000,113.9,2020,제1종근린생활,일반상업,2026
경기,파주시,야당동,1066-2,1,2242655,400000000,178.4,2016,제1종근린생활,일반상업,2025
경기,파주시,야당동,1072,3,3108137,304000000,50.6,2018,제2종근린생활,일반상업,2026
경기,파주시,야당동,1072-1,3,3110178,340000000,104.2,2019,제1종근린생활,일반상업,2026
경기,파주시,야당동,1074,1,2340773,215000000,91.8,2017,제2종근린생활,일반상업,2026
경기,파주시,야당동,1074-1,3,2467282,230000000,92.0,2016,제2종근린생활,일반상업,2026
경기,파주시,야당동,1076,2,2590471,497500000,192.0,2017,제2종근린생활,일반상업,2026
경기,파주시,야당동,1079,87,3360937,58850000,17.5,2020,숙박,일반상업,2026
경기,파주시,야당동,1079-1,11,5116059,108000000,21.1,2021,숙박,일반상업,2026
경기,파주시,야당동,1083,2,5416667,520000000,96.0,,제2종근린생활,일반상업,2024
경기,파주시,야당동,1083-2,10,3402923,252500000,48.0,2020,제2종근린생활,일반상업,2026
경기,파주시,야당동,149-1,1,3337041,330000000,98.9,2023,제1종근린생활,계획관리,2025
경기,파주시,야당동,193,2,2730865,139500000,51.1,2022,제1종근린생활,계획관리,2025
경기,파주시,야당동,2**,1,6053033,2577200000,425.8,2012,제2종근린생활,계획관리,2025
경기,파주시,야당동,217-2,1,5415651,200000000,36.9,2018,제1종근린생활,계획관리,2025
경기,파주시,야당동,226-172,1,5483871,170000000,31.0,2020,제1종근린생활,계획관리,2026
경기,파주시,야당동,4**,1,7500000,1200000000,160.0,2009,제2종근린생활,계획관리,2026
경기,파주시,야당동,5*,1,4980926,18280000,3.7,2008,제2종근린생활,계획관리,2026
경기,파주시,야당동,981,1,11497105,278000000,24.2,2009,제1종근린생활,제3종일반주거,2026
경기,파주시,야당동,991,3,7206342,300000000,41.6,2012,제2종근린생활,제3종일반주거,2025
경기,파주시,야동동,1**,1,11962279,926000000,77.4,1993,제2종근린생활,계획관리,2026
경기,파주시,야동동,2**,2,6845489,1174540000,199.5,2020,제2종근린생활,계획관리,2026
경기,파주시,야동동,3*,1,10569472,2114000000,200.0,,제2종근린생활,자연녹지,2025
경기,파주시,연다산동,3**,5,3416667,1010000000,263.7,2010,제2종근린생활,계획관리,2026
경기,파주시,연다산동,4**,1,2505112,980000000,391.2,2021,제2종근린생활,계획관리,2026
경기,파주시,오도동,*,1,3776508,2340000000,619.6,,제2종근린생활,계획관리,2025
경기,파주시,오도동,1**,1,3594849,1292600000,359.6,,제2종근린생활,계획관리,2025
경기,파주시,오도동,3**,1,2883531,409000000,141.8,2008,제2종근린생활,계획관리,2026
경기,파주시,오도동,6*,1,3348271,523000000,156.2,,제2종근린생활,보전관리,2025
경기,파주시,와동동,*,1,4300847,203000000,47.2,2021,제2종근린생활,제2종일반주거,2024
경기,파주시,와동동,1***,2,7392234,3725000000,1098.4,2015,제2종근린생활,준주거,2026
경기,파주시,와동동,1301-1,1,1963903,815000000,415.0,2010,교육연구,근린상업,2025
경기,파주시,와동동,1302-2,1,668040,240000000,359.3,2014,제2종근린생활,근린상업,2025
경기,파주시,와동동,1302-3,1,1253679,230000000,183.5,2012,제2종근린생활,근린상업,2025
경기,파주시,와동동,1303-1,1,1593232,580000000,364.0,2010,업무,근린상업,2026
경기,파주시,와동동,1332,1,2651515,52500000,19.8,,제2종근린생활,제3종일반주거,2026
경기,파주시,와동동,1338,1,10519126,231000000,22.0,2012,제1종근린생활,제3종일반주거,2025
경기,파주시,와동동,1365,1,3340093,280000000,83.8,2012,제2종근린생활,준주거,2024
경기,파주시,와동동,1384,6,2901555,265000000,91.8,2019,교육연구,일반상업,2026
경기,파주시,와동동,1423-2,4,2837761,145000000,50.9,2022,제2종근린생활,중심상업,2026
경기,파주시,와동동,1426-1,4,1465878,1208650000,828.6,2011,제2종근린생활,중심상업,2025
경기,파주시,와동동,1431,45,3452605,185000000,57.0,2023,제1종근린생활,중심상업,2026
경기,파주시,와동동,1431-1,3,3611632,189000000,52.0,2020,제1종근린생활,중심상업,2026
경기,파주시,와동동,1434,5,15196078,465000000,37.0,2023,제1종근린생활,중심상업,2026
경기,파주시,와동동,1436,2,5021697,192500000,38.0,2023,제1종근린생활,중심상업,2025
경기,파주시,와동동,1437,2,16298915,550000000,33.9,2015,제2종근린생활,중심상업,2026
경기,파주시,와동동,1438,6,20191410,865000000,42.8,2023,제2종근린생활,중심상업,2025
경기,파주시,와동동,1444,2,24567948,708450000,28.8,,제1종근린생활,중심상업,2024
경기,파주시,와동동,1450-1,1,4674404,145000000,31.0,2019,제2종근린생활,중심상업,2026
경기,파주시,와동동,1454,6,3944433,426970000,82.4,2019,제1종근린생활,중심상업,2026
경기,파주시,와동동,1454-1,4,3918792,314900000,50.4,2022,제1종근린생활,중심상업,2026
경기,파주시,와동동,1454-2,2,6659656,285000000,42.8,2024,제2종근린생활,중심상업,2025
경기,파주시,와동동,1456-3,3,3011551,365000000,121.2,2019,기타,중심상업,2026
경기,파주시,와동동,1458,11,14529449,602290000,47.9,,제1종근린생활,중심상업,2025
경기,파주시,와동동,1460,5,5269342,400470000,93.6,2021,제1종근린생활,중심상업,2026
경기,파주시,와동동,1462,2,14626918,665000000,69.9,2021,제1종근린생활,중심상업,2024
경기,파주시,와동동,1466-1,2,4489410,474750000,107.1,2020,제2종근린생활,중심상업,2025
경기,파주시,와동동,1469-1,2,2931722,241500000,83.2,2022,제1종근린생활,중심상업,2025
경기,파주시,와동동,1484-1,1,4565376,250000000,54.8,2021,제1종근린생활,준주거,2026
경기,파주시,와동동,1488-1,5,16141618,761560000,47.6,2024,제1종근린생활,근린상업,2025
경기,파주시,와동동,1523-6,2,1929289,191000000,99.0,2013,기타,근린상업,2025
경기,파주시,와동동,1553-1,1,9559885,530000000,55.4,2013,제1종근린생활,준주거,2026
경기,파주시,와동동,1557-4,1,2000000,220000000,110.0,2015,제1종근린생활,준주거,2025
경기,파주시,와동동,1713,4,13342206,418545000,31.4,2025,제2종근린생활,제3종일반주거,2026
경기,파주시,월롱면 능산리,3**,1,2323232,460000000,198.0,2020,제1종근린생활,계획관리,2025
경기,파주시,월롱면 능산리,4**,1,1672632,387900000,231.9,2011,제1종근린생활,계획관리,2024
경기,파주시,월롱면 덕은리,1**,1,19541768,3869270000,198.0,2008,제2종근린생활,계획관리,2025
경기,파주시,월롱면 덕은리,1284,6,749951,57695000,82.7,2007,업무,준공업,2025
경기,파주시,월롱면 덕은리,1300,5,3064516,180000000,53.2,2007,제2종근린생활,준공업,2026
경기,파주시,월롱면 덕은리,3**,5,2688576,834000000,198.0,2002,제1종근린생활,계획관리,2025
경기,파주시,월롱면 덕은리,4**,2,1072708,500000000,466.1,2011,제2종근린생활,계획관리,2025
경기,파주시,월롱면 덕은리,5**,1,1769912,90000000,50.8,,제2종근린생활,계획관리,2025
경기,파주시,월롱면 덕은리,7**,2,5953947,1325100000,233.8,2020,제2종근린생활,계획관리,2025
경기,파주시,월롱면 덕은리,9*,1,2514245,353000000,140.4,2023,제2종근린생활,계획관리,2025
경기,파주시,월롱면 도내리,2**,1,1767677,350000000,198.0,2023,제2종근린생활,계획관리,2025
경기,파주시,월롱면 도내리,6**,2,5414883,827975000,154.9,2009,제2종근린생활,계획관리,2024
경기,파주시,월롱면 영태리,3**,1,1698842,330000000,194.2,2017,제2종근린생활,계획관리,2024
경기,파주시,월롱면 영태리,5**,1,1722621,470000000,272.8,2003,제1종근린생활,계획관리,2025
경기,파주시,월롱면 위전리,2**,1,4303263,2200000000,511.2,,제2종근린생활,계획관리,2025
경기,파주시,월롱면 위전리,4*,1,4089980,600000000,146.7,2021,제1종근린생활,생산관리,2026
경기,파주시,월롱면 위전리,5*,3,3148148,510000000,162.0,2025,제1종근린생활,생산관리,2025
경기,파주시,월롱면 위전리,5**,1,2967172,1175000000,396.0,,제2종근린생활,계획관리,2025
경기,파주시,월롱면 위전리,541-1,2,1296296,35000000,27.0,2008,제1종근린생활,계획관리,2026
경기,파주시,월롱면 위전리,541-16,1,885246,27000000,30.5,2008,제1종근린생활,계획관리,2026
경기,파주시,월롱면 위전리,541-18,2,581889,15000000,25.8,2008,제2종근린생활,계획관리,2026
경기,파주시,월롱면 위전리,541-21,2,1083333,32500000,30.0,,제2종근린생활,계획관리,2025
경기,파주시,월롱면 위전리,6**,1,3268686,300000000,91.8,2018,제2종근린생활,계획관리,2024
경기,파주시,적성면 가월리,1***,1,572677,741210000,1294.3,2016,제2종근린생활,준공업,2025
경기,파주시,적성면 구읍리,2**,1,1500075,198910000,132.6,,제2종근린생활,계획관리,2026
경기,파주시,적성면 구읍리,3**,2,1309274,349000000,266.6,2020,제2종근린생활,계획관리,2025
경기,파주시,적성면 마지리,2**,4,1891622,187000000,94.0,2011,제2종근린생활,계획관리,2025
경기,파주시,적성면 마지리,3*,2,1096174,112500000,104.4,,제1종근린생활,제1종일반주거,2026
경기,파주시,적성면 마지리,6*,2,2120206,154000000,94.9,,제1종근린생활,일반상업,2025
경기,파주시,적성면 식현리,1**,1,1153222,156400000,135.6,1999,제2종근린생활,계획관리,2025
경기,파주시,적성면 식현리,2**,1,1656566,328000000,198.0,2019,제1종근린생활,생산관리,2026
경기,파주시,적성면 자장리,1**,1,1505772,270000000,179.3,,제2종근린생활,생산관리,2025
경기,파주시,적성면 적암리,1**,1,862188,125000000,145.0,,제2종근린생활,생산관리,2025
경기,파주시,조리읍 뇌조리,*,1,2169697,859200000,396.0,,제2종근린생활,계획관리,2026
경기,파주시,조리읍 능안리,2**,2,2449812,462500000,188.8,2007,제2종근린생활,계획관리,2025
경기,파주시,조리읍 대원리,1033-5,1,1648799,243000000,147.4,2003,제1종근린생활,계획관리,2024
경기,파주시,조리읍 대원리,221-8,1,1311697,97000000,74.0,2000,제2종근린생활,계획관리,2025
경기,파주시,조리읍 대원리,6**,4,2435462,291600000,144.5,2009,제2종근린생활,계획관리,2026
경기,파주시,조리읍 대원리,8**,1,3177305,336000000,105.8,2024,제2종근린생활,계획관리,2026
경기,파주시,조리읍 대원리,9**,1,2437721,1911490000,784.1,1991,기타,계획관리,2025
경기,파주시,조리읍 등원리,3**,2,2570780,385000000,149.8,2020,제2종근린생활,자연녹지,2025
경기,파주시,조리읍 봉일천리,*,3,3030303,600000000,198.0,2015,제1종근린생활,계획관리,2026
경기,파주시,조리읍 봉일천리,1**,4,2082484,241000000,158.8,2008,제2종근린생활,준주거,2025
경기,파주시,조리읍 봉일천리,125-22,2,2148148,72500000,33.8,1997,제1종근린생활,제1종일반주거,2025
경기,파주시,조리읍 오산리,*,2,4500000,585000000,130.0,2021,제2종근린생활,생산녹지,2026
경기,파주시,조리읍 오산리,1**,3,3978914,696310000,175.0,2023,제2종근린생활,생산녹지,2025
경기,파주시,조리읍 오산리,2**,2,3347146,662735000,198.0,2022,제2종근린생활,계획관리,2025
경기,파주시,조리읍 장곡리,1**,1,1167478,328400000,281.3,1994,기타,계획관리,2025
경기,파주시,조리읍 장곡리,5**,1,1650644,625000000,378.6,2016,제2종근린생활,계획관리,2025
경기,파주시,탄현면 갈현리,2**,4,3507658,987500000,396.0,2007,제2종근린생활,계획관리,2026
경기,파주시,탄현면 금산리,3**,3,4743103,937000000,197.6,2015,제2종근린생활,계획관리,2025
경기,파주시,탄현면 금승리,11-35,2,1542167,160000000,103.8,2012,제2종근린생활,계획관리,2025
경기,파주시,탄현면 금승리,2**,3,2704724,757000000,368.6,2007,제2종근린생활,계획관리,2025
경기,파주시,탄현면 금승리,5**,1,3319016,850000000,256.1,2004,제2종근린생활,일반상업,2026
경기,파주시,탄현면 낙하리,2**,5,2601010,515000000,198.0,2019,제2종근린생활,계획관리,2025
경기,파주시,탄현면 대동리,2**,2,4139494,1289055000,343.0,2012,제1종근린생활,계획관리,2025
경기,파주시,탄현면 대동리,3**,3,1840000,184000000,100.0,2017,제1종근린생활,계획관리,2025
경기,파주시,탄현면 만우리,3**,1,1275054,271000000,212.5,,제2종근린생활,계획관리,2024
경기,파주시,탄현면 법흥리,1**,1,3852556,129600000,33.6,2021,제1종근린생활,계획관리,2025
경기,파주시,탄현면 법흥리,1***,3,2229383,1400000000,493.4,2012,제2종근린생활,계획관리,2026
경기,파주시,탄현면 법흥리,1652-69,1,4663923,340000000,72.9,2006,판매,계획관리,2025
경기,파주시,탄현면 법흥리,1787,30,2512947,218500000,85.0,2004,기타,계획관리,2026
경기,파주시,탄현면 법흥리,1789,40,2295198,194500000,85.0,2003,기타,계획관리,2026
경기,파주시,탄현면 법흥리,6**,1,3436364,680400000,198.0,2006,제2종근린생활,계획관리,2025
경기,파주시,탄현면 성동리,2**,6,3112683,1850000000,604.2,2012,숙박,계획관리,2025
경기,파주시,탄현면 성동리,5*,1,3137747,300000000,95.6,,제1종근린생활,계획관리,2024
경기,파주시,탄현면 성동리,6**,2,3709900,2055000000,620.0,2008,제1종근린생활,계획관리,2025
경기,파주시,탄현면 성동리,664-1,3,645833,60000000,96.0,2002,제2종근린생활,계획관리,2025
경기,파주시,탄현면 성동리,674,12,986447,145000000,116.6,2002,제2종근린생활,계획관리,2026
경기,파주시,탄현면 성동리,7*,3,2382308,235110000,98.2,1998,제1종근린생활,계획관리,2026
경기,파주시,탄현면 성동리,84,3,603704,17930000,29.8,2013,제2종근린생활,계획관리,2026
경기,파주시,탄현면 오금리,2**,1,2424242,480000000,198.0,2019,제2종근린생활,계획관리,2024
경기,파주시,탄현면 오금리,4**,1,2727273,540000000,198.0,2022,제2종근린생활,계획관리,2026
경기,파주시,탄현면 오금리,6*,2,2954217,584935000,198.0,2025,제2종근린생활,계획관리,2025
경기,파주시,탄현면 축현리,2**,2,2065231,316420000,152.7,2008,제2종근린생활,계획관리,2026
경기,파주시,탄현면 축현리,3**,1,3283144,450710000,137.3,,제2종근린생활,자연녹지,2026
경기,파주시,탄현면 축현리,5*,1,3131313,620000000,198.0,2017,제2종근린생활,계획관리,2024
경기,파주시,탄현면 축현리,6**,1,1767677,350000000,198.0,2010,제2종근린생활,계획관리,2025
경기,파주시,탄현면 축현리,7*,1,2378517,93000000,39.1,2024,제2종근린생활,계획관리,2024
경기,파주시,탄현면 축현리,8*,2,3945769,404000000,102.0,2024,제2종근린생활,농림,2026
경기,파주시,탄현면 축현리,8**,1,2877332,1018000000,353.8,,제2종근린생활,자연녹지,2025
경기,파주시,파주읍 백석리,1**,1,1535714,430000000,280.0,,제2종근린생활,보전관리,2025
경기,파주시,파주읍 백석리,3**,2,3748451,501780000,133.0,2023,제1종근린생활,생산관리,2026
경기,파주시,파주읍 백석리,4**,3,3958722,713000000,180.0,2023,제2종근린생활,생산관리,2026
경기,파주시,파주읍 봉서리,2**,1,2733402,5465000000,1999.3,2023,기타,계획관리,2025
경기,파주시,파주읍 봉서리,4**,1,1423256,306000000,215.0,2006,제2종근린생활,자연녹지,2024
경기,파주시,파주읍 봉서리,6*,1,2798387,347000000,124.0,2018,제1종근린생활,계획관리,2025
경기,파주시,파주읍 봉암리,1***,1,909091,180000000,198.0,2025,제1종근린생활,생산관리,2026
경기,파주시,파주읍 봉암리,2**,1,1986689,600000000,302.0,2011,제2종근린생활,계획관리,2025
경기,파주시,파주읍 봉암리,3**,6,2315842,385610000,230.0,2007,제2종근린생활,계획관리,2026
경기,파주시,파주읍 봉암리,519-12,2,1724052,55480000,32.2,2018,제1종근린생활,제2종일반주거,2026
경기,파주시,파주읍 봉암리,520-41,4,1717837,55280000,32.2,2017,제1종근린생활,제2종일반주거,2026
경기,파주시,파주읍 봉암리,6*,1,2690691,448000000,166.5,,제2종근린생활,계획관리,2025
경기,파주시,파주읍 연풍리,2**,2,945667,70520000,70.3,,제1종근린생활,일반상업,2026
경기,파주시,파주읍 파주리,4**,2,879059,157000000,178.6,2000,제2종근린생활,일반상업,2025
경기,파주시,파주읍 향양리,1**,1,1969697,390000000,198.0,2021,제1종근린생활,계획관리,2025
경기,파주시,파주읍 향양리,2**,3,2362447,444140000,188.0,2018,제1종근린생활,계획관리,2026
경기,파주시,파주읍 향양리,4**,1,6188431,490000000,79.2,2018,제2종근린생활,자연녹지,2026
경기,파주시,파주읍 향양리,706-3,6,2303998,506800000,220.0,2012,제2종근린생활,준공업,2026
경기,파주시,파평면 눌노리,2*,2,1818182,180000000,99.0,1986,제2종근린생활,제2종일반주거,2026
경기,파주시,파평면 눌노리,5*,1,1333333,90000000,67.5,1989,기타,계획관리,2026
경기,파주시,파평면 눌노리,7*,1,1178030,80000000,67.9,2016,제1종근린생활,생산관리,2026
경기,파주시,파평면 두포리,4**,1,2022155,1004000000,496.5,1993,제2종근린생활,생산관리,2024
경기,파주시,파평면 율곡리,6**,1,2025463,70000000,34.6,2008,제2종근린생활,생산관리,2026
경기,파주시,파평면 율곡리,8*,1,519642,154900000,298.1,1998,기타,계획관리,2024
경기,평택시,가재동,3*,1,11597877,1967000000,169.6,2005,제2종근린생활,자연녹지,2025
경기,평택시,가재동,7*,1,6657337,166500000,25.0,2008,제1종근린생활,자연녹지,2026
경기,평택시,고덕동,1886-4,2,3844706,250000000,59.6,2022,제2종근린생활,일반상업,2026
경기,평택시,고덕동,1887-2,4,9418189,435000000,44.0,2021,제2종근린생활,일반상업,2025
경기,평택시,고덕동,1887-3,2,4341792,127385000,27.8,2021,제1종근린생활,일반상업,2025
경기,평택시,고덕동,1887-4,8,5121951,189500000,36.9,2022,업무,일반상업,2026
경기,평택시,고덕동,1897-3,1,7016851,316460000,45.1,2020,제2종근린생활,제3종일반주거,2025
경기,평택시,고덕동,1904-2,3,7045675,290000000,41.2,2019,제2종근린생활,제3종일반주거,2025
경기,평택시,고덕동,1971-2,8,11989460,480000000,39.6,2019,제2종근린생활,제3종일반주거,2025
경기,평택시,고덕동,1973-1,5,5806452,270000000,46.5,2021,제1종근린생활,중심상업,2025
경기,평택시,고덕동,1973-8,2,5397566,199195000,34.6,2023,숙박,중심상업,2026
경기,평택시,고덕동,1977-2,2,4846953,240215000,49.6,2021,제2종근린생활,중심상업,2024
경기,평택시,고덕동,1977-3,3,4774142,476700000,99.8,2023,제1종근린생활,중심상업,2025
경기,평택시,고덕동,1979-1,1,8482143,570000000,67.2,2022,제2종근린생활,중심상업,2025
경기,평택시,고덕동,1983-5,11,9620546,404250000,43.2,2022,제2종근린생활,중심상업,2024
경기,평택시,고덕동,1985-2,4,7957514,618920000,84.7,2023,업무,중심상업,2026
경기,평택시,고덕동,2***,1,4808297,6500000000,1351.8,2023,기타,제1종일반주거,2026
경기,평택시,고덕동,2045-1,4,9149264,441500000,46.5,2020,업무,준주거,2026
경기,평택시,고덕동,2045-3,75,14060742,664100000,49.7,2022,제2종근린생활,준주거,2026
경기,평택시,고덕동,2048-2,2,9309351,234380000,31.1,2020,업무,준주거,2025
경기,평택시,고덕동,2048-3,1,12391304,570000000,46.0,2020,제2종근린생활,준주거,2024
경기,평택시,고덕동,2155,1,5967006,170000000,28.5,,업무,근린상업,2025
경기,평택시,고덕동,2158-5,2,11954373,575400000,48.1,2020,제2종근린생활,근린상업,2025
경기,평택시,고덕동,2163-3,5,5966890,405450000,68.0,2022,제2종근린생활,근린상업,2024
경기,평택시,고덕동,2164-6,4,1855601,55000000,29.6,2019,업무,근린상업,2026
경기,평택시,고덕동,2461-1,1,13333333,450000000,33.8,2022,제2종근린생활,제3종일반주거,2025
경기,평택시,고덕동,2489-1,3,5659449,115000000,20.3,2021,제2종근린생활,제3종일반주거,2025
경기,평택시,고덕동,2610-3,2,16618197,800000000,48.1,2023,제2종근린생활,중심상업,2025
경기,평택시,고덕동,2614-1,1,1458465,92000000,63.1,2025,제1종근린생활,중심상업,2025
경기,평택시,고덕동,2618-3,11,4333067,3716630000,907.2,2024,판매,일반상업,2026
경기,평택시,고덕동,2647-2,2,5688695,235000000,41.3,2022,제2종근린생활,제3종일반주거,2025
경기,평택시,고덕동,2664-2,2,11805556,340000000,28.8,2022,제2종근린생활,제3종일반주거,2026
경기,평택시,고덕동,2683-1,1,9259259,400000000,43.2,2021,제2종근린생활,제3종일반주거,2025
경기,평택시,고덕동,2693-1,3,10973810,460900000,42.0,2023,제1종근린생활,근린상업,2024
경기,평택시,고덕동,2696-2,2,27450768,725000000,26.4,2023,제2종근린생활,근린상업,2024
경기,평택시,고덕동,2703-1,1,7276764,590000000,81.1,2023,제2종근린생활,준주거,2025
경기,평택시,고덕동,2704-3,5,17056740,568160000,36.6,2025,제1종근린생활,준주거,2026
경기,평택시,고덕동,2705-1,1,8131970,350000000,43.0,2025,제2종근린생활,제3종일반주거,2025
경기,평택시,고덕동,2706-1,2,8715543,397000000,46.5,2023,제2종근린생활,제3종일반주거,2025
경기,평택시,고덕동,2708-1,1,26289737,868350000,33.0,2023,제1종근린생활,근린상업,2024
경기,평택시,고덕동,2708-2,3,22129436,1060000000,47.9,2023,제2종근린생활,근린상업,2024
경기,평택시,고덕동,2711-4,5,27920870,938050000,33.6,,제1종근린생활,근린상업,2025
경기,평택시,고덕동,2717-1,1,11393818,567640000,49.8,2023,제1종근린생활,준주거,2025
경기,평택시,고덕동,2720-1,2,12789777,310000000,24.2,2024,제2종근린생활,제3종일반주거,2025
경기,평택시,고덕면 궁리,3**,2,1973382,1175000000,595.4,2021,제2종근린생활,계획관리,2025
경기,평택시,고덕면 궁리,7*,5,980392,15000000,15.3,1994,제1종근린생활,계획관리,2025
경기,평택시,고덕면 궁리,75,1,1352163,135000000,99.8,1994,제2종근린생활,계획관리,2024
경기,평택시,고덕면 당현리,2**,1,2067226,271220000,131.2,2001,제2종근린생활,계획관리,2024
경기,평택시,고덕면 당현리,5**,1,1321856,1263800000,956.1,2020,제2종근린생활,계획관리,2026
경기,평택시,고덕면 동고리,1**,1,2361948,290000000,122.8,2003,제2종근린생활,계획관리,2026
경기,평택시,고덕면 두릉리,3**,1,3070768,1520030000,495.0,2006,제2종근린생활,계획관리,2026
경기,평택시,고덕면 문곡리,4**,2,1852634,290000000,156.6,2011,제2종근린생활,계획관리,2025
경기,평택시,고덕면 문곡리,6**,3,1414141,140000000,99.0,1992,제1종근린생활,계획관리,2025
경기,평택시,군문동,3**,2,1571126,490000000,313.0,2002,제2종근린생활,제1종일반주거,2026
경기,평택시,도일동,1**,1,676917,81230000,120.0,2010,제1종근린생활,자연녹지,2024
경기,평택시,독곡동,3**,1,4915126,2800000000,569.7,,제2종근린생활,제2종일반주거,2024
경기,평택시,동삭동,*,2,10201305,328380000,32.2,2020,제1종근린생활,제2종일반주거,2025
경기,평택시,동삭동,388-13,1,5357143,150000000,28.0,2020,제2종근린생활,제3종일반주거,2025
경기,평택시,동삭동,416,1,13138558,1502000000,114.3,2022,제1종근린생활,제2종일반주거,2024
경기,평택시,동삭동,593-1,2,11666667,490000000,42.0,2022,제1종근린생활,제2종일반주거,2026
경기,평택시,동삭동,705-9,1,2727686,180000000,66.0,2013,업무,준주거,2026
경기,평택시,동삭동,715-1,1,11372252,450000000,39.6,2014,제1종근린생활,제2종일반주거,2024
경기,평택시,동삭동,852,2,13636446,562500000,42.1,2019,제2종근린생활,제2종일반주거,2025
경기,평택시,동삭동,854,1,14092990,585000000,41.5,2018,제1종근린생활,제2종일반주거,2024
경기,평택시,동삭동,941,1,12857143,360000000,28.0,2021,제2종근린생활,제2종일반주거,2026
경기,평택시,모곡동,2**,1,8870968,1485000000,167.4,2005,제1종근린생활,자연녹지,2025
경기,평택시,모곡동,4**,1,5764126,760000000,131.8,2019,제2종근린생활,생산녹지,2025
경기,평택시,비전동,1002-1,1,2241715,92000000,41.0,2020,업무,준주거,2024
경기,평택시,비전동,1012-3,1,17056075,657000000,38.5,2015,제1종근린생활,일반상업,2025
경기,평택시,비전동,1013,1,2069873,173000000,83.6,2015,교육연구,일반상업,2025
경기,평택시,비전동,1013-1,2,2656919,223500000,84.1,2015,제1종근린생활,일반상업,2025
경기,평택시,비전동,1015-3,4,4775929,540000000,126.5,2020,제2종근린생활,일반상업,2025
경기,평택시,비전동,1027,1,2018634,130000000,64.4,2015,제2종근린생활,준주거,2025
경기,평택시,비전동,1031,1,4698413,148000000,31.5,2016,제2종근린생활,제3종일반주거,2024
경기,평택시,비전동,1066,2,1125239,250000000,223.3,2015,제2종근린생활,제1종일반주거,2025
경기,평택시,비전동,1083,1,2371968,88000000,37.1,2015,제2종근린생활,제1종일반주거,2025
경기,평택시,비전동,1090-3,2,3676719,627045000,170.6,2015,기타,일반상업,2024
경기,평택시,비전동,1091-1,1,2382802,460000000,193.0,2015,제2종근린생활,일반상업,2024
경기,평택시,비전동,1092,2,5683558,188500000,71.7,2016,제2종근린생활,일반상업,2025
경기,평택시,비전동,1092-2,2,13383047,375000000,28.5,2015,제2종근린생활,일반상업,2024
경기,평택시,비전동,1094-1,1,1518372,200000000,131.7,2017,제1종근린생활,일반상업,2025
경기,평택시,비전동,1104,4,3734636,126450000,26.2,2019,제2종근린생활,일반상업,2025
경기,평택시,비전동,1105-2,1,719424,100000000,139.0,2014,제2종근린생활,일반상업,2024
경기,평택시,비전동,1106,4,5461761,247500000,47.3,2014,제2종근린생활,일반상업,2026
경기,평택시,비전동,1107-1,3,3634381,200000000,55.0,2015,제2종근린생활,일반상업,2026
경기,평택시,비전동,1109,2,994254,149500000,150.4,2015,제2종근린생활,일반상업,2026
경기,평택시,비전동,1109-2,1,5425936,200000000,36.9,2015,제2종근린생활,일반상업,2025
경기,평택시,비전동,2**,2,1012929,161390000,159.3,1986,제1종근린생활,제2종일반주거,2025
경기,평택시,비전동,236-22,1,1486989,20000000,13.4,1993,제1종근린생활,제2종일반주거,2026
경기,평택시,비전동,487-13,14,2131267,240000000,106.4,2009,제2종근린생활,제1종일반주거,2026
경기,평택시,비전동,6**,2,1796671,735000000,408.4,1988,제1종근린생활,제2종일반주거,2026
경기,평택시,비전동,7**,2,2337655,851000000,449.6,2010,제1종근린생활,제1종일반주거,2026
경기,평택시,비전동,8**,6,956637,849000000,637.7,1994,제1종근린생활,제1종일반주거,2026
경기,평택시,비전동,813-1,1,3174603,60000000,18.9,1994,판매,제3종일반주거,2026
경기,평택시,비전동,828,1,1104891,150000000,135.8,1994,제1종근린생활,제3종일반주거,2024
경기,평택시,비전동,879-5,6,400871,8135000,20.3,1994,제1종근린생활,제3종일반주거,2025
경기,평택시,비전동,889,1,3717949,58000000,15.6,1994,제1종근린생활,제3종일반주거,2025
경기,평택시,비전동,970,2,6596142,213715000,32.4,2019,제2종근린생활,제3종일반주거,2025
경기,평택시,서정동,285-18,2,2210410,47500000,21.5,2008,제2종근린생활,준주거,2026
경기,평택시,서정동,3**,2,5081262,539000000,105.0,1980,제2종근린생활,일반상업,2026
경기,평택시,서정동,317-43,1,18467221,800000000,43.3,2018,제1종근린생활,일반상업,2025
경기,평택시,서정동,433-26,1,5794302,240000000,41.4,2016,제1종근린생활,일반상업,2026
경기,평택시,서정동,5**,4,1756591,478000000,232.1,2003,제1종근린생활,제1종일반주거,2026
경기,평택시,서정동,552-102,1,4817437,347000000,72.0,,제1종근린생활,준주거,2025
경기,평택시,서정동,570-52,1,2206964,45000000,20.4,2009,제2종근린생활,제1종일반주거,2026
경기,평택시,서정동,570-54,1,2205882,45000000,20.4,2009,제2종근린생활,제1종일반주거,2026
경기,평택시,서정동,7**,4,1446450,2800000000,1915.8,1992,제2종근린생활,일반상업,2026
경기,평택시,서정동,788,1,2314815,45000000,19.4,1990,제2종근린생활,준주거,2025
경기,평택시,서정동,8**,5,2617244,1230000000,470.0,1991,제1종근린생활,일반상업,2026
경기,평택시,서정동,818-35,1,1405152,30000000,21.4,2005,제2종근린생활,일반상업,2024
경기,평택시,서정동,821-2,1,8556150,400000000,46.8,2016,제1종근린생활,일반상업,2025
경기,평택시,서정동,903-3,5,1583710,7000000,4.4,1992,제1종근린생활,제1종일반주거,2026
경기,평택시,서탄면 금암리,4**,1,1973333,888000000,450.0,2023,제2종근린생활,계획관리,2025
경기,평택시,서탄면 내천리,*,1,3078499,1578870000,512.9,2008,제1종근린생활,계획관리,2025
경기,평택시,서탄면 내천리,3**,1,2988606,986240000,330.0,2026,제2종근린생활,계획관리,2026
경기,평택시,서탄면 마두리,1*,1,2320442,1848000000,796.4,,제2종근린생활,계획관리,2026
경기,평택시,서탄면 마두리,6*,2,1497665,463000000,276.0,1997,제1종근린생활,계획관리,2026
경기,평택시,서탄면 사리,6**,1,1892853,660000000,348.7,2006,제2종근린생활,계획관리,2025
경기,평택시,서탄면 수월암리,3**,4,3798068,1244970000,293.7,2016,제2종근린생활,계획관리,2026
경기,평택시,서탄면 수월암리,5**,2,8345313,550000000,118.5,2009,제1종근린생활,계획관리,2025
경기,평택시,서탄면 수월암리,6**,2,3132479,1049000000,329.0,2018,제2종근린생활,계획관리,2026
경기,평택시,서탄면 수월암리,7**,3,2458479,900000000,366.1,2010,제2종근린생활,계획관리,2026
경기,평택시,서탄면 수월암리,9**,1,967663,476090000,492.0,2019,제2종근린생활,계획관리,2026
경기,평택시,세교동,5**,4,1243805,455000000,456.4,1994,제2종근린생활,제1종일반주거,2026
경기,평택시,세교동,541-1,50,1473506,60900000,41.3,2024,제2종근린생활,일반공업,2026
경기,평택시,세교동,555,1,4629630,230000000,49.7,1996,제1종근린생활,제2종일반주거,2025
경기,평택시,세교동,589-1,14,2950194,133370000,45.2,2022,제1종근린생활,제1종일반주거,2025
경기,평택시,세교동,6**,1,2849700,7800000000,2737.1,2023,제2종근린생활,준주거,2026
경기,평택시,소사동,5**,3,4001240,4000000000,999.7,2014,제1종근린생활,준주거,2026
경기,평택시,소사동,6**,1,3642852,2450000000,672.6,2025,제2종근린생활,준주거,2025
경기,평택시,신장동,2**,4,1094760,261500000,233.0,2001,제1종근린생활,일반상업,2025
경기,평택시,신장동,227-1,1,2902885,165000000,56.8,2016,제2종근린생활,일반상업,2025
경기,평택시,신장동,227-8,6,1856148,40000000,21.0,2020,숙박,일반상업,2025
경기,평택시,신장동,248-19,48,5594406,120000000,21.4,2019,숙박,일반상업,2026
경기,평택시,신장동,252-2,1,6808091,138000000,20.3,2025,숙박,일반상업,2025
경기,평택시,신장동,274-187,3,1540684,32000000,20.8,2018,숙박,일반상업,2026
경기,평택시,신장동,280-46,1,1180638,30000000,25.4,2008,제2종근린생활,제1종일반주거,2026
경기,평택시,신장동,3**,8,1605722,176500000,113.8,1981,제1종근린생활,일반상업,2026
경기,평택시,신장동,324-9,1,4869142,80000000,16.4,1986,판매,일반상업,2025
경기,평택시,신장동,4**,1,2529633,350000000,138.4,2017,제2종근린생활,제1종일반주거,2024
경기,평택시,신장동,6*,1,4435484,330000000,74.4,2017,제1종근린생활,생산녹지,2024
경기,평택시,신장동,690-97,5,11395220,410000000,36.0,2018,제2종근린생활,일반상업,2025
경기,평택시,안중읍 금곡리,2**,1,540201,215000000,398.0,2004,제1종근린생활,계획관리,2024
경기,평택시,안중읍 금곡리,5**,1,2844627,500000000,175.8,2008,제2종근린생활,계획관리,2026
경기,평택시,안중읍 대반리,5**,2,950794,325000000,330.0,2006,제2종근린생활,계획관리,2026
경기,평택시,안중읍 덕우리,1**,4,2590432,525000000,205.4,2008,제1종근린생활,보전관리,2026
경기,평택시,안중읍 덕우리,5**,1,1818137,705910000,388.3,2019,제2종근린생활,계획관리,2026
경기,평택시,안중읍 성해리,3**,1,1040150,200000000,192.3,2002,제1종근린생활,계획관리,2026
경기,평택시,안중읍 송담리,5**,1,9511564,448280000,47.1,2019,제1종근린생활,자연녹지,2024
경기,평택시,안중읍 송담리,8**,1,2544214,3700000000,1454.3,2019,제2종근린생활,제1종일반주거,2025
경기,평택시,안중읍 안중리,2**,4,2367698,993045000,333.0,2002,제2종근린생활,일반상업,2026
경기,평택시,안중읍 안중리,281-19,1,432900,90000000,207.9,1986,제2종근린생활,일반상업,2024
경기,평택시,안중읍 안중리,292-70,1,2164127,1000000000,462.1,2004,제1종근린생활,준주거,2024
경기,평택시,안중읍 안중리,297-11,7,1216366,34000000,28.0,2005,업무,일반상업,2026
경기,평택시,안중읍 안중리,305-38,1,1840168,140000000,76.1,1999,제1종근린생활,제1종일반주거,2025
경기,평택시,안중읍 안중리,4**,1,7370184,880000000,119.4,2020,제1종근린생활,제1종일반주거,2026
경기,평택시,안중읍 용성리,2**,2,1775603,346745000,195.0,2004,제2종근린생활,계획관리,2025
경기,평택시,안중읍 학현리,5**,2,1880429,1615000000,861.3,2000,제2종근린생활,제1종일반주거,2025
경기,평택시,안중읍 현화리,1*,2,5900010,400140000,85.2,,제2종근린생활,일반상업,2025
경기,평택시,안중읍 현화리,2*,2,1393921,958000000,687.3,1987,제1종근린생활,제1종일반주거,2025
경기,평택시,안중읍 현화리,2**,2,1750539,2620000000,1384.6,2009,기타,제1종일반주거,2026
경기,평택시,안중읍 현화리,241,1,635107,260000000,409.4,,제2종근린생활,제1종일반주거,2026
경기,평택시,안중읍 현화리,3**,1,3386350,973000000,287.3,2003,제2종근린생활,제1종일반주거,2026
경기,평택시,안중읍 현화리,820-1,1,2151694,80000000,37.2,2005,제1종근린생활,제3종일반주거,2026
경기,평택시,안중읍 현화리,831,15,1828989,140000000,65.6,2008,판매,준주거,2026
경기,평택시,안중읍 현화리,834-1,1,7827103,335000000,42.8,,제2종근린생활,일반상업,2026
경기,평택시,안중읍 현화리,837-13,1,2849544,300000000,105.3,2005,제1종근린생활,일반상업,2024
경기,평택시,오성면 숙성리,1**,2,1063569,344250000,310.3,1993,제1종근린생활,계획관리,2026
경기,평택시,오성면 숙성리,7**,2,977751,316850000,324.1,2006,제1종근린생활,계획관리,2025
경기,평택시,오성면 숙성리,8**,5,1612371,714540000,440.0,2018,제2종근린생활,계획관리,2025
경기,평택시,오성면 신리,1**,1,2195122,990000000,451.0,,제2종근린생활,계획관리,2026
경기,평택시,오성면 양교리,4**,1,617716,53000000,85.8,1993,제1종근린생활,계획관리,2025
경기,평택시,오성면 죽리,1**,1,4682616,1468000000,313.5,2022,제2종근린생활,계획관리,2024
경기,평택시,오성면 창내리,1**,1,2503254,500000000,199.7,2024,제1종근린생활,계획관리,2025
경기,평택시,용이동,444-8,2,2958409,163600000,55.3,2016,제2종근린생활,제1종일반주거,2026
경기,평택시,용이동,474-5,1,3014771,238800000,79.2,2019,제1종근린생활,제1종일반주거,2024
경기,평택시,용이동,491-8,1,3296930,160000000,48.5,2018,제1종근린생활,준주거,2026
경기,평택시,용이동,492-1,2,2442674,110000000,46.4,2010,제1종근린생활,제2종일반주거,2026
경기,평택시,용이동,580,1,9341501,305000000,32.6,2015,제2종근린생활,제2종일반주거,2025
경기,평택시,용이동,595-1,6,6613050,229375000,34.7,2020,제1종근린생활,준주거,2024
경기,평택시,용이동,641,3,5833333,252000000,43.2,2022,제2종근린생활,제2종일반주거,2024
경기,평택시,용이동,644,1,11759957,218500000,18.6,2019,제2종근린생활,제2종일반주거,2025
경기,평택시,용이동,686-5,2,3639452,600000000,164.9,2020,제1종근린생활,준주거,2026
경기,평택시,용이동,687-4,4,4259656,350000000,55.6,2019,제1종근린생활,준주거,2025
경기,평택시,용이동,688-1,3,4614042,380000000,82.4,2019,제2종근린생활,준주거,2025
경기,평택시,용이동,688-3,1,4791950,600000000,125.2,2018,교육연구,준주거,2025
경기,평택시,용이동,688-4,3,4920776,500000000,101.6,2018,제1종근린생활,준주거,2025
경기,평택시,용이동,689-4,2,12831616,372500000,29.0,2024,제2종근린생활,준주거,2025
경기,평택시,용이동,737,1,7730536,280000000,36.2,2017,제2종근린생활,제2종일반주거,2026
경기,평택시,이충동,1*,1,7372146,3500000000,474.8,2015,제2종근린생활,자연녹지,2025
경기,평택시,이충동,1**,2,19035282,4410295000,249.8,2004,제2종근린생활,자연녹지,2026
경기,평택시,이충동,381,2,9447637,126250000,13.4,1992,제1종근린생활,제3종일반주거,2026
경기,평택시,이충동,4**,1,2264685,2750460000,1214.5,2002,제1종근린생활,일반상업,2025
경기,평택시,이충동,463-4,5,3330069,68000000,20.4,2023,숙박,일반상업,2025
경기,평택시,이충동,5**,1,8282828,820000000,99.0,2017,제1종근린생활,자연녹지,2025
경기,평택시,이충동,592,1,7352941,180000000,24.5,1996,제2종근린생활,제2종일반주거,2025
경기,평택시,이충동,609-1,2,9670005,339250000,35.1,2006,제1종근린생활,준주거,2026
경기,평택시,이충동,610-3,1,1873461,175000000,93.4,,제2종근린생활,준주거,2025
경기,평택시,이충동,611-1,1,8636364,285000000,33.0,2006,제1종근린생활,준주거,2025
경기,평택시,이충동,611-3,2,1623541,128000000,78.8,2006,제2종근린생활,준주거,2026
경기,평택시,이충동,664-7,1,1801575,215000000,119.3,2006,교육연구,준주거,2024
경기,평택시,이충동,664-8,1,1988636,210000000,105.6,,제2종근린생활,준주거,2024
경기,평택시,이충동,667,1,2419355,150000000,62.0,2006,제2종근린생활,준주거,2024
경기,평택시,이충동,668-3,2,6459743,481000000,137.7,2006,제1종근린생활,준주거,2025
경기,평택시,장당동,628,1,6837607,200000000,29.2,2006,제2종근린생활,제3종일반주거,2026
경기,평택시,장당동,635-3,2,3480532,275000000,79.5,2006,제1종근린생활,제2종일반주거,2026
경기,평택시,장안동,3**,1,1757984,1560000000,887.4,1998,제2종근린생활,자연녹지,2025
경기,평택시,장안동,619,2,2130137,77750000,36.5,2013,제2종근린생활,제2종일반주거,2025
경기,평택시,죽백동,1**,1,3001514,2300000000,766.3,2021,제1종근린생활,자연녹지,2025
경기,평택시,죽백동,5**,1,6743719,671000000,99.5,2020,제1종근린생활,생산녹지,2024
경기,평택시,죽백동,6**,1,12753086,1033000000,81.0,2024,제1종근린생활,자연녹지,2024
경기,평택시,죽백동,7**,1,2901162,1900000000,654.9,2018,제2종근린생활,준주거,2026
경기,평택시,죽백동,721,1,10908395,855000000,78.4,2017,제2종근린생활,제3종일반주거,2025
경기,평택시,죽백동,770-1,3,7521774,380000000,50.5,2014,제1종근린생활,준주거,2025
경기,평택시,죽백동,8*,1,5072126,2500000000,492.9,2019,제2종근린생활,자연녹지,2025
경기,평택시,죽백동,817,1,3846154,180000000,46.8,2018,제2종근린생활,제3종일반주거,2025
경기,평택시,지산동,1***,3,1245398,1550000000,1284.7,1994,제2종근린생활,제2종일반주거,2026
경기,평택시,지산동,1029,2,3632479,165000000,46.2,1992,제2종근린생활,제2종일반주거,2025
경기,평택시,지산동,1134,1,485114,73000000,150.5,1994,제1종근린생활,제2종일반주거,2025
경기,평택시,지산동,1135,1,740741,20000000,27.0,1994,제2종근린생활,제2종일반주거,2024
경기,평택시,지산동,2**,3,625000,300000000,480.0,2016,제2종근린생활,자연녹지,2025
경기,평택시,지산동,4**,1,3049338,3000000000,983.8,2017,제2종근린생활,자연녹지,2025
경기,평택시,지산동,5**,4,3388224,425000000,84.4,2011,제2종근린생활,자연녹지,2026
경기,평택시,지산동,6**,1,6102491,8919340000,1461.6,1999,제1종근린생활,제1종일반주거,2024
경기,평택시,지산동,7**,5,2030869,420000000,109.7,2004,제1종근린생활,일반상업,2026
경기,평택시,지산동,735-4,47,2691532,55680000,19.8,2020,숙박,일반상업,2026
경기,평택시,지산동,768-6,2,1870761,41400000,22.3,2020,숙박,일반상업,2026
경기,평택시,지산동,768-9,13,7258515,136000000,17.9,2020,숙박,일반상업,2026
경기,평택시,지산동,8**,1,1629297,2028230000,1244.8,2001,숙박,일반상업,2026
경기,평택시,지산동,823-14,55,1752410,33780000,19.2,2019,숙박,일반상업,2026
경기,평택시,지제동,*,13,5372405,230000000,42.3,2022,제1종근린생활,제2종일반주거,2026
경기,평택시,지제동,4**,1,18122271,83000000,4.6,2010,제2종근린생활,계획관리,2025
경기,평택시,진위면 가곡리,3**,1,2442594,642500000,263.0,2015,제2종근린생활,제1종일반주거,2026
경기,평택시,진위면 갈곶리,239-2,2,1016255,83500000,82.9,1996,제1종근린생활,자연녹지,2026
경기,평택시,진위면 견산리,5**,2,404624,105000000,259.5,2003,제2종근린생활,계획관리,2025
경기,평택시,진위면 동천리,1**,1,5623788,261000000,46.4,2014,제2종근린생활,생산관리,2025
경기,평택시,진위면 마산리,3**,3,2353182,230000000,97.7,1996,제1종근린생활,계획관리,2026
경기,평택시,진위면 신리,2**,1,2442002,480000000,196.6,2023,제1종근린생활,계획관리,2025
경기,평택시,진위면 신리,6*,2,740741,150000000,202.5,1994,제2종근린생활,농림,2025
경기,평택시,진위면 청호리,3*,1,2489177,920000000,369.6,,제2종근린생활,자연녹지,2025
경기,평택시,진위면 하북리,5**,2,3880461,400580000,103.2,1984,제2종근린생활,계획관리,2025
경기,평택시,청룡동,2**,2,9239130,1700000000,184.0,2020,제2종근린생활,자연녹지,2025
경기,평택시,청룡동,5*,2,4572170,605110000,132.3,2014,제2종근린생활,자연녹지,2026
경기,평택시,청북읍 고렴리,1**,2,3803091,625000000,164.3,2023,제2종근린생활,생산관리,2024
경기,평택시,청북읍 고렴리,2**,2,4038767,1375200000,340.5,2020,제2종근린생활,계획관리,2024
경기,평택시,청북읍 고렴리,3**,1,2670330,243000000,91.0,2024,제1종근린생활,계획관리,2025
경기,평택시,청북읍 고렴리,5**,1,2955102,579200000,196.0,2021,제2종근린생활,계획관리,2025
경기,평택시,청북읍 고렴리,7**,1,1430266,892000000,623.7,2006,제2종근린생활,계획관리,2026
경기,평택시,청북읍 삼계리,1**,2,3385275,540000000,160.8,2016,제1종근린생활,생산관리,2025
경기,평택시,청북읍 삼계리,2**,1,2638255,1300000000,492.8,2025,제2종근린생활,계획관리,2025
경기,평택시,청북읍 어연리,8**,1,1245866,1620000000,1300.3,,제2종근린생활,일반공업,2024
경기,평택시,청북읍 옥길리,1***,1,1776603,860000000,484.1,2016,제2종근린생활,제2종일반주거,2026
경기,평택시,청북읍 옥길리,1071,1,4500000,162000000,36.0,2017,제2종근린생활,제2종일반주거,2025
경기,평택시,청북읍 옥길리,1110,1,4715591,160000000,33.9,2011,제1종근린생활,제2종일반주거,2026
경기,평택시,청북읍 옥길리,1158-2,3,2949183,150000000,44.1,2016,제1종근린생활,일반상업,2025
경기,평택시,청북읍 옥길리,1158-3,8,3800542,165000000,44.8,2013,제2종근린생활,일반상업,2025
경기,평택시,청북읍 옥길리,1158-7,29,999400,160000000,116.9,2025,제2종근린생활,일반상업,2026
경기,평택시,청북읍 옥길리,1158-8,3,3063725,340800000,130.6,2018,제1종근린생활,일반상업,2025
경기,평택시,청북읍 옥길리,1162-1,4,773885,107540000,137.4,2011,제1종근린생활,준주거,2026
경기,평택시,청북읍 옥길리,1163-2,6,1048251,177670000,169.5,2018,제2종근린생활,준주거,2025
경기,평택시,청북읍 옥길리,9*,1,1955707,387230000,198.0,2016,제2종근린생활,계획관리,2025
경기,평택시,청북읍 토진리,6**,1,3686151,350000000,95.0,2015,제2종근린생활,생산관리,2025
경기,평택시,청북읍 한산리,5**,2,2479581,646690000,260.6,2018,제1종근린생활,계획관리,2025
경기,평택시,청북읍 후사리,1**,1,2083333,800000000,384.0,,제2종근린생활,계획관리,2025
경기,평택시,청북읍 후사리,4**,2,1826842,347100000,190.0,2021,제1종근린생활,제2종일반주거,2025
경기,평택시,칠원동,2**,1,4052265,680740000,168.0,1985,제1종근린생활,자연녹지,2024
경기,평택시,칠원동,499-1,1,1611171,45000000,27.9,2003,제2종근린생활,제2종일반주거,2026
경기,평택시,칠원동,555,1,3750478,196000000,52.3,2019,제2종근린생활,제2종일반주거,2025
경기,평택시,통복동,1**,1,2035140,900000000,442.2,2011,제2종근린생활,제1종일반주거,2025
경기,평택시,통복동,2**,1,3584729,1800000000,502.1,2020,제2종근린생활,자연녹지,2026
경기,평택시,통복동,3*,1,603197,60000000,99.5,1979,제2종근린생활,제1종일반주거,2024
경기,평택시,통복동,477,1,1851852,100000000,54.0,1993,제2종근린생활,제3종일반주거,2025
경기,평택시,통복동,6*,1,1117991,130000000,116.3,1989,제1종근린생활,준주거,2025
경기,평택시,통복동,7*,1,2168754,530000000,244.4,2001,제2종근린생활,준주거,2024
경기,평택시,통복동,8*,1,3153321,2700000000,856.2,,제2종근린생활,일반상업,2026
경기,평택시,통복동,88-2,1,2783903,101000000,36.3,2017,제1종근린생활,일반상업,2025
경기,평택시,통복동,9*,3,4378438,398000000,90.9,1982,제1종근린생활,일반상업,2025
경기,평택시,팽성읍 객사리,4*,1,2120679,530000000,249.9,1980,제2종근린생활,준주거,2025
경기,평택시,팽성읍 근내리,2**,2,626556,170000000,302.3,2009,제2종근린생활,농림,2026
경기,평택시,팽성읍 남산리,1**,1,1249649,400000000,320.1,2004,제2종근린생활,자연녹지,2026
경기,평택시,팽성읍 내리,1**,1,1536492,600000000,390.5,2011,제2종근린생활,계획관리,2025
경기,평택시,팽성읍 노양리,*,1,3168122,450000000,142.0,2019,제1종근린생활,생산관리,2026
경기,평택시,팽성읍 노와리,1**,1,1918159,600000000,312.8,2023,제2종근린생활,계획관리,2025
경기,평택시,팽성읍 대사리,2*,1,6250000,75000000,12.0,2008,기타,계획관리,2025
경기,평택시,팽성읍 두정리,5*,1,2936921,101500000,34.6,1987,제1종근린생활,계획관리,2026
경기,평택시,팽성읍 본정리,1**,1,476190,10000000,21.0,,제1종근린생활,일반상업,2025
경기,평택시,팽성읍 송화리,2**,1,12744987,2250000000,176.5,1996,제2종근린생활,자연녹지,2024
경기,평택시,팽성읍 송화리,7**,1,1669130,542000000,324.7,2006,제2종근린생활,제2종일반주거,2026
경기,평택시,팽성읍 송화리,770-8,1,1078361,90000000,83.5,2013,제2종근린생활,제2종일반주거,2025
경기,평택시,팽성읍 송화리,779-1,2,1516190,127000000,83.7,2004,제1종근린생활,제2종일반주거,2026
경기,평택시,팽성읍 신궁리,1**,2,1982047,486700000,238.0,2012,제2종근린생활,계획관리,2026
경기,평택시,팽성읍 안정리,1**,3,2995312,210000000,128.5,2004,제2종근린생활,일반상업,2026
경기,평택시,팽성읍 안정리,136-4,1,14736842,168000000,11.4,1987,제1종근린생활,일반상업,2026
경기,평택시,팽성읍 안정리,136-8,1,2094647,54000000,25.8,1989,제1종근린생활,일반상업,2026
경기,평택시,팽성읍 안정리,48-51,1,1578947,120000000,76.0,2016,제2종근린생활,제1종일반주거,2026
경기,평택시,팽성읍 원정리,2**,1,4304847,270000000,62.7,2005,제1종근린생활,생산관리,2026
경기,평택시,팽성읍 함정리,1**,1,3523517,510910000,145.0,2016,제2종근린생활,제1종일반주거,2025
경기,평택시,평택동,1**,3,10185185,120000000,36.9,2006,기타,일반상업,2025
경기,평택시,평택동,185-203,1,2599109,349970000,134.6,2016,제2종근린생활,준주거,2025
경기,평택시,평택동,185-44,1,2983763,222350000,74.5,2018,제1종근린생활,일반상업,2025
경기,평택시,평택동,194-3,6,2394737,182000000,76.0,2005,업무,준주거,2024
경기,평택시,평택동,2**,5,4353685,4200000000,964.7,1995,제2종근린생활,일반상업,2025
경기,평택시,평택동,291,1,11195001,430000000,38.4,2010,제1종근린생활,일반상업,2026
경기,평택시,평택동,3*,1,3605450,1302000000,361.1,1975,제1종근린생활,일반상업,2025
경기,평택시,평택동,316,1,4663284,340000000,72.9,2008,제1종근린생활,준주거,2025
경기,평택시,평택동,35-3,24,4617483,107750000,9.2,2007,판매,일반상업,2026
경기,평택시,평택동,6*,2,3476830,655000000,188.4,1985,제1종근린생활,일반상업,2024
경기,평택시,평택동,7*,2,2062079,95000000,46.1,1975,제1종근린생활,일반상업,2025
경기,평택시,포승읍 내기리,*,3,1634684,450000000,322.2,2002,제2종근린생활,계획관리,2025
경기,평택시,포승읍 도곡리,1**,3,2266569,870000000,363.0,2005,제1종근린생활,계획관리,2025
경기,평택시,포승읍 도곡리,1***,4,1579910,1340000000,478.6,2005,제2종근린생활,제2종일반주거,2025
경기,평택시,포승읍 도곡리,1109,2,838364,50000000,59.6,,제1종근린생활,제1종일반주거,2025
경기,평택시,포승읍 도곡리,1122-1,8,1940055,286200000,145.0,2019,제1종근린생활,일반상업,2025
경기,평택시,포승읍 도곡리,7**,5,3519915,1125000000,319.6,2008,제1종근린생활,계획관리,2026
경기,평택시,포승읍 도곡리,8**,1,3202767,5390000000,1682.9,2023,기타,계획관리,2025
경기,평택시,포승읍 만호리,5**,1,3239609,1590000000,490.8,2006,제2종근린생활,준공업,2025
경기,평택시,포승읍 만호리,573-14,13,2968037,65000000,21.9,2013,숙박,일반상업,2026
경기,평택시,포승읍 만호리,573-5,10,1727116,30000000,17.7,2018,숙박,일반상업,2026
경기,평택시,포승읍 만호리,574-1,2,747991,18500000,24.7,2017,숙박,일반상업,2026
경기,평택시,포승읍 만호리,574-3,1,3823662,85000000,22.2,2016,숙박,일반상업,2025
경기,평택시,포승읍 만호리,690-2,2,1263070,87500000,69.3,2017,제1종근린생활,제2종일반주거,2024
경기,평택시,포승읍 방림리,1*,1,2575758,1700000000,660.0,,제2종근린생활,계획관리,2024
경기,평택시,포승읍 석정리,1***,1,685840,150000000,218.7,1997,제2종근린생활,계획관리,2026
경기,평택시,포승읍 신영리,3**,1,2159283,583870000,270.4,2008,제2종근린생활,계획관리,2026
경기,평택시,포승읍 원정리,1**,2,1010622,615600000,609.1,2009,제2종근린생활,계획관리,2026
경기,평택시,포승읍 원정리,2**,1,1449336,174500000,120.4,2012,제1종근린생활,계획관리,2025
경기,평택시,포승읍 원정리,3**,1,910692,450000000,494.1,2003,제2종근린생활,계획관리,2026
경기,평택시,포승읍 원정리,4**,1,2999924,395000000,131.7,2019,제2종근린생활,계획관리,2026
경기,평택시,포승읍 원정리,8*,1,2579536,90000000,34.9,1999,제1종근린생활,자연녹지,2026
경기,평택시,합정동,3**,1,1801245,350000000,194.3,1983,제1종근린생활,제1종일반주거,2024
경기,평택시,합정동,5**,1,1726068,740000000,428.7,1991,제1종근린생활,제2종일반주거,2025
경기,평택시,합정동,7**,13,1965409,550000000,345.5,1995,제2종근린생활,제2종일반주거,2026
경기,평택시,합정동,766,1,1411974,175000000,123.9,2007,제2종근린생활,일반상업,2025
경기,평택시,합정동,766-2,1,2160449,150000000,69.4,2007,제1종근린생활,일반상업,2025
경기,평택시,합정동,870,1,7676768,380000000,49.5,1999,제2종근린생활,제2종일반주거,2024
경기,평택시,합정동,9**,3,1975976,885000000,447.9,2004,제2종근린생활,제1종일반주거,2026
경기,평택시,합정동,906-5,1,1833333,55000000,30.0,2013,제2종근린생활,제1종일반주거,2026
경기,평택시,합정동,964-13,1,1983200,399000000,201.2,2015,제2종근린생활,준주거,2026
경기,평택시,현덕면 권관리,6**,1,2420331,600000000,247.9,,제2종근린생활,계획관리,2025
경기,평택시,현덕면 권관리,7**,3,2311100,553000000,239.3,1997,제2종근린생활,자연녹지,2026
경기,평택시,현덕면 기산리,1**,1,1633027,2835000000,1736.0,2004,숙박,계획관리,2025
경기,평택시,현덕면 도대리,1*,2,3438404,1165000000,338.8,2007,제2종근린생활,자연녹지,2025
경기,포천시,가산면 가산리,1**,3,2628270,522500000,198.8,2023,제2종근린생활,계획관리,2025
경기,포천시,가산면 가산리,4*,2,2062789,443000000,212.3,2019,제2종근린생활,계획관리,2024
경기,포천시,가산면 감암리,1**,2,3071338,897500000,294.0,2022,제2종근린생활,자연녹지,2025
경기,포천시,가산면 감암리,5**,1,1028807,200000000,194.4,1994,제2종근린생활,계획관리,2025
경기,포천시,가산면 금현리,1***,1,2507756,970000000,386.8,2017,제2종근린생활,계획관리,2026
경기,포천시,가산면 금현리,2**,2,5557397,1078135000,194.0,2022,제1종근린생활,생산관리,2025
경기,포천시,가산면 금현리,3**,2,2090581,845825000,385.4,2016,제2종근린생활,계획관리,2026
경기,포천시,가산면 금현리,6*,1,2142170,713000000,332.8,2020,제2종근린생활,계획관리,2025
경기,포천시,가산면 금현리,6**,1,2000000,790000000,395.0,2012,제2종근린생활,계획관리,2025
경기,포천시,가산면 금현리,8**,2,2034632,809750000,398.7,2011,제2종근린생활,계획관리,2025
경기,포천시,가산면 마산리,1**,5,3383648,538000000,159.0,2021,제1종근린생활,보전관리,2025
경기,포천시,가산면 마산리,3**,2,2485521,1030000000,414.4,2022,제2종근린생활,계획관리,2025
경기,포천시,가산면 마산리,465-1,2,3244496,126500000,38.8,2013,제2종근린생활,자연녹지,2026
경기,포천시,가산면 마전리,1**,3,1893939,750000000,396.0,2023,제2종근린생활,계획관리,2025
경기,포천시,가산면 마전리,6**,1,1767677,700000000,396.0,2016,제2종근린생활,계획관리,2025
경기,포천시,가산면 방축리,3**,1,204612,129470000,632.8,1997,제2종근린생활,계획관리,2025
경기,포천시,가산면 방축리,4**,1,1113929,935700000,840.0,2004,제2종근린생활,계획관리,2025
경기,포천시,가산면 방축리,8*,2,2260827,631270000,323.1,2021,제2종근린생활,자연녹지,2025
경기,포천시,가산면 우금리,2**,3,1712121,678000000,396.0,2024,제2종근린생활,계획관리,2026
경기,포천시,가산면 우금리,4*,1,4989899,247000000,49.5,2024,제1종근린생활,생산관리,2026
경기,포천시,가산면 우금리,5**,1,545455,96000000,176.0,1999,제1종근린생활,계획관리,2024
경기,포천시,가산면 우금리,7**,2,2346999,1428985000,551.4,2022,제2종근린생활,생산관리,2026
경기,포천시,가산면 정교리,*,1,3708207,610000000,164.5,2019,제1종근린생활,보전관리,2026
경기,포천시,가산면 정교리,1*,2,3787882,375000000,99.0,2021,제2종근린생활,계획관리,2025
경기,포천시,가산면 정교리,2**,1,2190955,1077950000,492.0,2023,제2종근린생활,계획관리,2026
경기,포천시,가산면 정교리,4*,1,1134068,247000000,217.8,2004,제2종근린생활,계획관리,2025
경기,포천시,가산면 정교리,5*,1,2473113,975000000,394.2,2023,제2종근린생활,계획관리,2024
경기,포천시,관인면 삼율리,4*,1,3562901,411230000,115.4,2020,기타,보전관리,2026
경기,포천시,군내면 명산리,2**,1,2523457,817600000,324.0,2022,제2종근린생활,계획관리,2025
경기,포천시,군내면 상성북리,5*,1,3888800,388880000,100.0,2024,제2종근린생활,계획관리,2024
경기,포천시,군내면 상성북리,6**,1,2203746,220000000,99.8,2016,제2종근린생활,생산녹지,2025
경기,포천시,군내면 용정리,4*,1,882724,1400000000,1586.0,2003,제2종근린생활,계획관리,2026
경기,포천시,군내면 유교리,1**,2,2042491,937860000,462.8,2023,제2종근린생활,농림,2025
경기,포천시,군내면 유교리,1***,6,2251872,800000000,355.3,2025,제2종근린생활,농림,2025
경기,포천시,군내면 유교리,2*,2,3031999,305000000,100.8,2022,제1종근린생활,생산관리,2026
경기,포천시,군내면 유교리,2**,1,1592020,774040000,486.2,2013,제2종근린생활,계획관리,2024
경기,포천시,군내면 유교리,5**,1,2551020,500000000,196.0,2021,제2종근린생활,계획관리,2026
경기,포천시,군내면 유교리,8*,1,3263158,620000000,190.0,2023,제1종근린생활,생산관리,2025
경기,포천시,군내면 유교리,8**,1,1231061,130000000,105.6,,제1종근린생활,계획관리,2026
경기,포천시,군내면 직두리,1**,1,1656776,3300000000,1991.8,2021,기타,계획관리,2024
경기,포천시,군내면 직두리,5**,2,2721641,331000000,136.2,2014,제2종근린생활,계획관리,2026
경기,포천시,군내면 하성북리,6**,2,2912555,850000000,291.8,2005,제2종근린생활,제1종일반주거,2024
경기,포천시,내촌면 내리,1**,1,1748385,46000000,26.3,1994,기타,계획관리,2026
경기,포천시,내촌면 내리,2**,1,3047632,1325720000,435.0,2015,제2종근린생활,자연녹지,2026
경기,포천시,내촌면 내리,4**,1,4341317,580000000,133.6,1994,제1종근린생활,제2종일반주거,2025
경기,포천시,내촌면 마명리,3*,2,5431818,1434000000,264.0,,제1종근린생활,생산관리,2025
경기,포천시,내촌면 소학리,1**,2,549651,66500000,185.5,2006,제1종근린생활,보전관리,2026
경기,포천시,내촌면 소학리,3**,1,657895,2000000,3.0,,숙박,계획관리,2025
경기,포천시,내촌면 소학리,302-1,13,739898,7500000,17.6,1992,숙박,계획관리,2026
경기,포천시,내촌면 소학리,312,1,498339,3000000,6.0,1992,숙박,계획관리,2024
경기,포천시,내촌면 소학리,4**,1,1183292,300000000,253.5,1992,제2종근린생활,계획관리,2026
경기,포천시,내촌면 진목리,2**,1,1441663,1071790000,743.4,2016,제1종근린생활,계획관리,2025
경기,포천시,내촌면 진목리,5**,1,993953,526000000,529.2,2012,제2종근린생활,계획관리,2025
경기,포천시,내촌면 진목리,6**,2,1194769,1110275000,929.3,2000,제1종근린생활,계획관리,2025
경기,포천시,동교동,4**,1,1791344,1000000000,558.2,2020,제2종근린생활,계획관리,2024
경기,포천시,선단동,3*,1,3250086,760000000,233.8,2003,제1종근린생활,제1종일반주거,2024
경기,포천시,선단동,3**,1,2534640,1350000000,532.6,2023,제1종근린생활,계획관리,2026
경기,포천시,선단동,4**,3,10494662,6980000000,665.1,2017,제1종근린생활,제1종일반주거,2025
경기,포천시,선단동,461-1,1,2261652,970000000,428.9,2001,판매,제1종일반주거,2025
경기,포천시,선단동,489-9,2,1336710,95000000,71.1,2011,제2종근린생활,제1종일반주거,2025
경기,포천시,선단동,5**,2,3265168,8520000000,2609.4,2017,판매,제1종일반주거,2024
경기,포천시,선단동,6**,1,1857815,750000000,403.7,1997,기타,제1종일반주거,2024
경기,포천시,선단동,8**,1,1635786,309000000,188.9,,제2종근린생활,제1종일반주거,2026
경기,포천시,설운동,2**,1,18836565,1700000000,90.2,2016,제2종근린생활,계획관리,2026
경기,포천시,설운동,5**,1,1336992,190000000,142.1,2017,제1종근린생활,계획관리,2026
경기,포천시,설운동,7*,1,2213054,1400000000,632.6,2008,제2종근린생활,계획관리,2024
경기,포천시,소흘읍 고모리,1**,1,11121212,2202000000,198.0,2021,제2종근린생활,생산관리,2026
경기,포천시,소흘읍 고모리,4**,1,2451780,647270000,264.0,2026,제2종근린생활,농림,2026
경기,포천시,소흘읍 고모리,5*,1,1289453,335000000,259.8,2002,제2종근린생활,계획관리,2025
경기,포천시,소흘읍 고모리,5**,2,3700000,535500000,115.9,2024,제2종근린생활,용도미지정,2025
경기,포천시,소흘읍 고모리,6**,1,1696429,281200000,165.8,1996,제2종근린생활,계획관리,2026
경기,포천시,소흘읍 고모리,7**,2,2640417,830500000,322.6,2018,제2종근린생활,계획관리,2026
경기,포천시,소흘읍 무림리,1**,1,4175084,2480000000,594.0,2024,제2종근린생활,계획관리,2025
경기,포천시,소흘읍 무봉리,1**,6,2625628,1030550000,398.0,2019,제2종근린생활,계획관리,2026
경기,포천시,소흘읍 무봉리,2**,3,3325867,516110000,150.0,2024,제1종근린생활,생산관리,2026
경기,포천시,소흘읍 무봉리,6**,1,3257576,645000000,198.0,2024,제2종근린생활,계획관리,2026
경기,포천시,소흘읍 무봉리,7*,1,3781513,2700000000,714.0,2023,제2종근린생활,계획관리,2026
경기,포천시,소흘읍 송우리,1**,1,1856098,1700000000,915.9,1986,제2종근린생활,일반상업,2024
경기,포천시,소흘읍 송우리,110-3,3,2228853,142290000,63.8,2020,제2종근린생활,제2종일반주거,2026
경기,포천시,소흘읍 송우리,150-3,1,1181509,160000000,135.4,1993,제2종근린생활,제2종일반주거,2024
경기,포천시,소흘읍 송우리,5**,3,5968858,225000000,36.0,2009,제2종근린생활,계획관리,2026
경기,포천시,소흘읍 송우리,505-8,3,3233979,65100000,20.1,,제2종근린생활,제2종일반주거,2024
경기,포천시,소흘읍 송우리,7**,1,1561302,550000000,352.3,2005,제2종근린생활,제1종일반주거,2026
경기,포천시,소흘읍 송우리,725-6,1,4376068,128000000,29.2,2005,제1종근린생활,제3종일반주거,2025
경기,포천시,소흘읍 송우리,726-76,2,9675564,420500000,43.5,2005,제2종근린생활,준주거,2024
경기,포천시,소흘읍 송우리,726-78,2,2023997,470000000,232.0,2005,기타,준주거,2025
경기,포천시,소흘읍 송우리,726-84,1,2751284,1350000000,490.7,2005,제1종근린생활,준주거,2025
경기,포천시,소흘읍 송우리,727-2,3,2605675,90000000,34.5,2005,제2종근린생활,제3종일반주거,2026
경기,포천시,소흘읍 송우리,728-10,1,4284750,127000000,29.6,2005,제2종근린생활,제3종일반주거,2026
경기,포천시,소흘읍 송우리,729-1,5,1746773,750000000,354.7,2006,기타,준주거,2025
경기,포천시,소흘읍 송우리,729-11,9,14358974,420000000,29.2,2004,제1종근린생활,제3종일반주거,2026
경기,포천시,소흘읍 송우리,729-2,5,1358903,200000000,130.2,2004,제2종근린생활,준주거,2026
경기,포천시,소흘읍 송우리,729-4,1,1949203,165000000,84.6,2005,제2종근린생활,준주거,2025
경기,포천시,소흘읍 송우리,729-7,9,1483444,174800000,89.2,2005,제2종근린생활,준주거,2026
경기,포천시,소흘읍 송우리,729-8,6,1071155,140000000,130.7,2008,교육연구,준주거,2025
경기,포천시,소흘읍 송우리,735,1,6790710,500000000,73.6,2021,제2종근린생활,제2종일반주거,2026
경기,포천시,소흘읍 송우리,738,7,6196213,180000000,29.0,2024,제2종근린생활,제2종일반주거,2026
경기,포천시,소흘읍 이가팔리,4**,1,2792535,83050000,29.7,2007,제1종근린생활,계획관리,2025
경기,포천시,소흘읍 이곡리,4**,2,2898962,715000000,246.6,1998,제2종근린생활,계획관리,2024
경기,포천시,소흘읍 이동교리,1**,2,3277664,1359000000,409.9,2011,기타,생산녹지,2025
경기,포천시,소흘읍 이동교리,266-3,2,1499534,150000000,88.4,2009,제1종근린생활,계획관리,2026
경기,포천시,소흘읍 이동교리,3**,5,2333184,765000000,289.6,2012,제2종근린생활,계획관리,2026
경기,포천시,소흘읍 이동교리,374-65,1,2035714,57000000,28.0,2019,제1종근린생활,계획관리,2026
경기,포천시,소흘읍 이동교리,374-74,1,815217,45000000,55.2,2016,제1종근린생활,계획관리,2026
경기,포천시,소흘읍 이동교리,374-79,5,781250,25000000,32.0,2015,제1종근린생활,계획관리,2026
경기,포천시,소흘읍 이동교리,374-82,1,1658375,50000000,30.2,2022,제1종근린생활,계획관리,2024
경기,포천시,소흘읍 이동교리,4**,1,2804004,1580000000,563.5,2000,제1종근린생활,계획관리,2025
경기,포천시,소흘읍 이동교리,5**,5,3527542,1570000000,499.2,2023,제2종근린생활,생산관리,2025
경기,포천시,소흘읍 이동교리,6*,1,2656883,1050000000,395.2,2002,제2종근린생활,계획관리,2025
경기,포천시,소흘읍 이동교리,7**,5,1820192,1092000000,330.6,2005,제2종근린생활,계획관리,2026
경기,포천시,소흘읍 직동리,1**,1,4768472,516950000,108.4,2015,제2종근린생활,계획관리,2026
경기,포천시,소흘읍 초가팔리,1**,2,2608559,1026500000,409.0,2020,제2종근린생활,계획관리,2026
경기,포천시,소흘읍 초가팔리,4**,1,4545455,2250000000,495.0,2024,제2종근린생활,농림,2025
경기,포천시,소흘읍 초가팔리,9*,1,1543556,550000000,356.3,2021,제2종근린생활,농림,2024
경기,포천시,신북면 가채리,2*,1,2502441,5996300000,2396.2,2023,제1종근린생활,계획관리,2025
경기,포천시,신북면 가채리,8**,2,1291465,256330000,198.5,2002,제2종근린생활,계획관리,2025
경기,포천시,신북면 갈월리,3**,2,357254,68750000,192.4,2003,제2종근린생활,계획관리,2025
경기,포천시,신북면 금동리,3**,1,1119570,150000000,134.0,2010,제2종근린생활,계획관리,2025
경기,포천시,신북면 기지리,101-3,1,9243697,220000000,23.8,,제2종근린생활,계획관리,2026
경기,포천시,신북면 기지리,2**,1,2248996,280000000,124.5,2022,제1종근린생활,계획관리,2025
경기,포천시,신북면 덕둔리,1**,1,3581200,358120000,100.0,2022,기타,보전관리,2024
경기,포천시,신북면 만세교리,3**,1,701386,307200000,438.0,1985,제1종근린생활,계획관리,2026
경기,포천시,신북면 삼정리,4**,1,1010101,40000000,39.6,,제2종근린생활,농림,2026
경기,포천시,신읍동,1**,4,2181640,264000000,175.8,1999,제1종근린생활,일반상업,2025
경기,포천시,신읍동,2**,4,1781382,435575000,336.3,2008,제2종근린생활,자연녹지,2026
경기,포천시,신읍동,210-17,1,2604167,250000000,96.0,2003,제2종근린생활,제2종일반주거,2025
경기,포천시,신읍동,295-23,1,267208,50000000,187.1,1993,기타,제3종일반주거,2024
경기,포천시,신읍동,395-2,16,3692867,447375000,118.4,2021,제1종근린생활,제1종일반주거,2024
경기,포천시,신읍동,43-18,2,778808,760000000,678.3,1997,제1종근린생활,일반상업,2026
경기,포천시,신읍동,5*,1,1511716,700000000,463.0,,숙박,일반상업,2024
경기,포천시,신읍동,7*,2,1189487,730000000,613.7,1994,제1종근린생활,제2종일반주거,2026
경기,포천시,어룡동,2**,2,3500350,700000000,200.0,2024,제2종근린생활,계획관리,2025
경기,포천시,영북면 산정리,1**,1,683487,79100000,115.7,1997,제2종근린생활,계획관리,2025
경기,포천시,영북면 산정리,454-4,33,1246883,8750000,5.6,1996,숙박,계획관리,2026
경기,포천시,영북면 산정리,5**,1,1048951,90000000,85.8,1995,제2종근린생활,계획관리,2025
경기,포천시,영북면 산정리,7**,10,1279878,230000000,159.6,2020,숙박,계획관리,2026
경기,포천시,영북면 야미리,3**,1,1944444,385000000,198.0,2010,제1종근린생활,생산관리,2024
경기,포천시,영북면 운천리,4**,1,858978,230000000,267.8,1998,제1종근린생활,제1종일반주거,2024
경기,포천시,영북면 운천리,5**,14,912199,147500000,201.2,1996,제1종근린생활,제2종일반주거,2026
경기,포천시,영북면 운천리,513-15,1,338021,12500000,37.0,1994,판매,일반상업,2024
경기,포천시,영중면 거사리,4**,2,5560751,343710000,61.8,2021,제2종근린생활,생산관리,2026
경기,포천시,영중면 금주리,8**,1,875783,92220000,105.3,1998,제1종근린생활,계획관리,2026
경기,포천시,영중면 금주리,9**,1,7575758,150000000,19.8,2024,제1종근린생활,생산관리,2026
경기,포천시,영중면 성동리,3**,2,1208285,210000000,173.8,1998,제2종근린생활,농림,2025
경기,포천시,영중면 성동리,4**,2,4334542,209000000,86.3,2016,제2종근린생활,생산관리,2024
경기,포천시,영중면 성동리,5*,1,2696292,172320000,63.9,2025,제2종근린생활,계획관리,2025
경기,포천시,영중면 성동리,8**,1,898663,275000000,306.0,1998,제2종근린생활,계획관리,2025
경기,포천시,영중면 양문리,7**,1,3402020,673600000,198.0,2023,제1종근린생활,자연녹지,2024
경기,포천시,영중면 영평리,3**,1,520004,49000000,94.2,1998,제2종근린생활,계획관리,2026
경기,포천시,이동면 도평리,4**,2,1579228,210000000,134.3,2002,제2종근린생활,보전관리,2025
경기,포천시,이동면 도평리,6*,2,870582,1370000000,1573.7,1994,숙박,계획관리,2025
경기,포천시,이동면 연곡리,6**,1,626361,247300000,394.8,1994,제1종근린생활,계획관리,2026
경기,포천시,이동면 장암리,2**,1,1857143,780000000,420.0,2020,제2종근린생활,자연녹지,2024
경기,포천시,이동면 장암리,5**,2,1142660,252500000,229.6,1986,제1종근린생활,일반상업,2026
경기,포천시,일동면 기산리,2**,2,2386111,261500000,127.5,2004,제1종근린생활,자연녹지,2026
경기,포천시,일동면 기산리,3**,1,1183955,469900000,396.9,2009,제2종근린생활,계획관리,2026
경기,포천시,일동면 기산리,6**,2,872376,315000000,357.2,1996,제2종근린생활,계획관리,2025
경기,포천시,일동면 기산리,8*,7,1094215,297500000,178.2,1987,제1종근린생활,일반상업,2026
경기,포천시,일동면 기산리,9*,5,1020470,320000000,494.9,1991,제1종근린생활,일반상업,2026
경기,포천시,일동면 길명리,4**,1,1814152,329450000,181.6,2023,제2종근린생활,계획관리,2026
경기,포천시,일동면 길명리,5**,1,1128907,278840000,247.0,1995,제1종근린생활,생산관리,2026
경기,포천시,일동면 사직리,1***,2,1518640,130000000,86.0,1994,제1종근린생활,계획관리,2026
경기,포천시,일동면 수입리,3**,1,897465,80000000,89.1,1993,제1종근린생활,계획관리,2025
경기,포천시,일동면 수입리,6*,1,1145998,565000000,493.0,1998,제2종근린생활,계획관리,2025
경기,포천시,일동면 수입리,7*,1,741949,666070000,897.7,1995,숙박,계획관리,2024
경기,포천시,일동면 수입리,7**,1,879888,315000000,358.0,1999,제2종근린생활,계획관리,2025
경기,포천시,일동면 유동리,4**,1,899438,48030000,53.4,1996,숙박,계획관리,2026
경기,포천시,일동면 화대리,6**,1,1569004,570490000,363.6,1994,제1종근린생활,계획관리,2026
경기,포천시,창수면 고소성리,3*,1,896139,286200000,319.4,1993,제2종근린생활,생산관리,2026
경기,포천시,창수면 주원리,2**,1,2401537,100000000,41.6,2020,제2종근린생활,계획관리,2026
경기,포천시,화현면 명덕리,1*,1,1178451,700000000,594.0,,제1종근린생활,계획관리,2026
경기,포천시,화현면 명덕리,5**,3,1010101,200000000,198.0,2024,제1종근린생활,계획관리,2025
경기,포천시,화현면 명덕리,6*,1,1196762,412500000,344.7,1996,제2종근린생활,계획관리,2025
경기,포천시,화현면 화현리,1***,5,969195,500000000,461.5,2004,기타,보전관리,2026
경기,포천시,화현면 화현리,4**,1,3665561,420000000,114.6,2023,제2종근린생활,계획관리,2026
경기,포천시,화현면 화현리,7**,2,2166288,857590000,395.9,2006,제1종근린생활,계획관리,2026
경기,포천시,화현면 화현리,8**,1,1551632,145000000,93.4,1994,업무,계획관리,2025
경기,하남시,감북동,1**,2,10337703,3324000000,309.9,2002,제2종근린생활,제1종일반주거,2026
경기,하남시,감북동,2**,1,8012821,1350000000,168.5,1995,제1종근린생활,제1종일반주거,2024
경기,하남시,감북동,3**,6,10223730,2840745000,265.8,2007,제2종근린생활,제1종일반주거,2026
경기,하남시,감북동,413-13,2,4615385,240000000,52.0,2023,제2종근린생활,제1종일반주거,2025
경기,하남시,감북동,415-2,1,5664653,300000000,53.0,2023,제2종근린생활,제1종일반주거,2024
경기,하남시,감이동,440-2,1,3652263,142000000,38.9,2022,제2종근린생활,일반상업,2026
경기,하남시,감이동,441-1,10,4665452,195600000,41.6,2022,제2종근린생활,일반상업,2026
경기,하남시,감이동,441-3,3,12772134,689000000,34.4,2025,업무,일반상업,2026
경기,하남시,감이동,445,3,12741047,370000000,29.0,2022,제2종근린생활,제3종일반주거,2026
경기,하남시,감이동,448,1,15915916,530000000,33.3,2021,제2종근린생활,제3종일반주거,2026
경기,하남시,감이동,458,2,5544752,212500000,37.9,2020,제2종근린생활,제3종일반주거,2025
경기,하남시,감이동,491,1,6518696,326000000,50.0,2021,제2종근린생활,제3종일반주거,2026
경기,하남시,감이동,500,2,7828545,347000000,45.1,2021,제2종근린생활,제3종일반주거,2026
경기,하남시,감이동,511-2,58,5004593,186740000,38.9,2021,기타,근린상업,2026
경기,하남시,감이동,514-1,1,15764706,670000000,42.5,2022,제1종근린생활,근린상업,2025
경기,하남시,감이동,514-3,4,13090060,461500000,35.7,2022,제2종근린생활,준주거,2025
경기,하남시,감이동,524-2,2,12661252,420500000,30.8,2020,제1종근린생활,준주거,2025
경기,하남시,감이동,526-1,2,2960555,801000000,271.1,2021,제2종근린생활,준주거,2026
경기,하남시,감일동,2**,2,51218247,6910000000,496.8,2016,제2종근린생활,제1종일반주거,2025
경기,하남시,감일동,3**,2,6470688,1900000000,293.7,2012,제2종근린생활,개발제한구역,2025
경기,하남시,감일동,376-33,1,4752330,260000000,54.7,2022,제2종근린생활,제1종일반주거,2025
경기,하남시,감일동,528-1,1,5032943,275000000,54.6,2021,제2종근린생활,준주거,2025
경기,하남시,감일동,530-4,1,4842280,700000000,144.6,2021,제2종근린생활,준주거,2025
경기,하남시,광암동,1**,4,4423628,1320000000,298.4,2006,제2종근린생활,개발제한구역,2026
경기,하남시,덕풍동,3**,6,13012946,2050000000,105.3,1993,제1종근린생활,준주거,2026
경기,하남시,덕풍동,321-2,1,16869096,750000000,44.5,2005,제1종근린생활,준주거,2024
경기,하남시,덕풍동,394-1,1,2978407,400000000,134.3,2004,제2종근린생활,준주거,2026
경기,하남시,덕풍동,4*,1,6666667,1120000000,168.0,1999,제2종근린생활,제1종일반주거,2024
경기,하남시,덕풍동,4**,1,8642348,2580000000,298.5,1977,제1종근린생활,일반상업,2025
경기,하남시,덕풍동,413-7,1,2830456,400000000,141.3,2007,제2종근린생활,일반상업,2026
경기,하남시,덕풍동,419-32,1,1791450,1400000000,781.5,1994,제2종근린생활,일반상업,2024
경기,하남시,덕풍동,5**,1,16217806,1138490000,70.2,2007,제1종근린생활,제2종일반주거,2024
경기,하남시,덕풍동,681-1,3,1600985,32500000,20.3,2002,제1종근린생활,제3종일반주거,2026
경기,하남시,덕풍동,7**,4,4260607,3600000000,845.0,2014,제2종근린생활,제2종일반주거,2026
경기,하남시,덕풍동,742,2,2882805,199000000,69.0,2011,제2종근린생활,일반상업,2025
경기,하남시,덕풍동,743,4,3520209,243500000,69.0,2011,기타,일반상업,2026
경기,하남시,덕풍동,744,4,3113240,450000000,131.1,2009,교육연구,일반상업,2025
경기,하남시,덕풍동,744-1,5,2903901,196700000,66.9,2008,제2종근린생활,일반상업,2026
경기,하남시,덕풍동,744-2,4,1923077,140000000,72.9,2009,교육연구,일반상업,2026
경기,하남시,덕풍동,762,6,3209336,332900000,100.4,2011,업무,준주거,2026
경기,하남시,덕풍동,794,1,6027728,200000000,33.2,2008,제2종근린생활,제2종일반주거,2024
경기,하남시,덕풍동,8**,1,3629463,10500000000,2893.0,,제1종근린생활,준주거,2025
경기,하남시,덕풍동,822,2,9841270,310000000,31.5,2008,제1종근린생활,제2종일반주거,2024
경기,하남시,덕풍동,823,1,4573548,185000000,40.4,2008,제2종근린생활,제2종일반주거,2025
경기,하남시,덕풍동,831,5,22517656,1779120000,79.0,2020,제2종근린생활,준주거,2025
경기,하남시,덕풍동,831-1,1,11045982,848000000,76.8,2021,제2종근린생활,준주거,2024
경기,하남시,덕풍동,944,21,6447231,272460000,42.3,2019,제2종근린생활,준주거,2026
경기,하남시,망월동,1***,2,14038739,15500000000,1378.7,2020,제2종근린생활,근린상업,2026
경기,하남시,망월동,1077-2,4,13586957,125000000,9.2,2016,제1종근린생활,근린상업,2026
경기,하남시,망월동,1079-1,1,3213321,440000000,136.9,2017,제2종근린생활,중심상업,2025
경기,하남시,망월동,1079-2,6,4447699,1345155000,314.4,2018,기타,중심상업,2026
경기,하남시,망월동,1081,3,4570848,450000000,98.4,2018,제2종근린생활,중심상업,2026
경기,하남시,망월동,1083,4,4609126,399110000,87.6,2021,제1종근린생활,중심상업,2025
경기,하남시,망월동,1083-1,1,3686275,235000000,63.8,2018,업무,중심상업,2025
경기,하남시,망월동,1087,1,2982700,300000000,100.6,2018,제2종근린생활,중심상업,2025
경기,하남시,망월동,1089,3,5434783,240000000,72.9,2018,제2종근린생활,중심상업,2026
경기,하남시,망월동,1093,2,5761668,660000000,125.9,2018,제2종근린생활,중심상업,2026
경기,하남시,망월동,1093-1,1,3321033,135000000,40.6,2018,제2종근린생활,중심상업,2025
경기,하남시,망월동,1096-1,1,3127255,130000000,41.6,2018,제2종근린생활,중심상업,2026
경기,하남시,망월동,1098-3,2,6637756,313500000,46.0,2019,제2종근린생활,근린상업,2025
경기,하남시,망월동,1099,7,4370133,200000000,32.8,2019,제1종근린생활,중심상업,2026
경기,하남시,망월동,1099-1,2,8011229,390000000,48.7,2020,판매,중심상업,2026
경기,하남시,망월동,1100,15,12057202,1290000000,80.2,2020,판매,중심상업,2026
경기,하남시,망월동,1104-2,2,12321034,260000000,19.5,2016,제1종근린생활,근린상업,2025
경기,하남시,망월동,1105,1,20036991,1300000000,64.9,,제1종근린생활,중심상업,2024
경기,하남시,망월동,1108-1,3,7111111,560000000,97.5,2018,판매,중심상업,2026
경기,하남시,망월동,1111,1,2508913,190000000,75.7,2018,제1종근린생활,중심상업,2026
경기,하남시,망월동,1116-1,5,6701940,600000000,85.0,2018,제1종근린생활,중심상업,2025
경기,하남시,망월동,1117,3,9792925,454000000,46.4,2017,제1종근린생활,중심상업,2025
경기,하남시,망월동,1119,2,2676630,197000000,73.6,2018,제2종근린생활,중심상업,2026
경기,하남시,망월동,1119-1,3,3583636,167500000,44.0,2019,제1종근린생활,중심상업,2024
경기,하남시,망월동,1121,1,5896040,178650000,30.3,2020,업무,중심상업,2026
경기,하남시,망월동,1121-2,4,8068973,661700000,86.2,2018,제2종근린생활,중심상업,2024
경기,하남시,망월동,1125,2,39736453,2474395000,58.7,2021,판매,일반상업,2025
경기,하남시,망월동,1127,3,2622316,185000000,77.2,2019,판매,일반상업,2026
경기,하남시,망월동,1129-2,3,10874704,460000000,35.1,2020,제1종근린생활,중심상업,2025
경기,하남시,망월동,1129-4,2,3721137,445000000,116.4,2019,제2종근린생활,중심상업,2025
경기,하남시,망월동,1132,4,15610390,709000000,35.9,2019,제2종근린생활,중심상업,2025
경기,하남시,망월동,1134-1,11,4207120,143000000,34.0,2018,업무,중심상업,2026
경기,하남시,망월동,1138,1,6224066,300000000,48.2,2019,제1종근린생활,중심상업,2026
경기,하남시,망월동,1143-1,3,5160143,6126700000,1151.7,2020,기타,일반상업,2025
경기,하남시,망월동,1147,5,24664225,1010000000,47.5,2019,제2종근린생활,일반상업,2025
경기,하남시,망월동,1148,8,19365933,918860000,47.3,2020,제2종근린생활,일반상업,2025
경기,하남시,망월동,1151,15,1695851,96460000,56.9,2019,제1종근린생활,일반상업,2025
경기,하남시,망월동,1155-1,1,6357279,300000000,47.2,2019,제2종근린생활,일반상업,2025
경기,하남시,망월동,834,8,11536030,855615000,69.3,2022,제1종근린생활,준주거,2026
경기,하남시,망월동,834-2,3,17389646,794220000,45.7,2019,제2종근린생활,준주거,2026
경기,하남시,망월동,949,1,15435223,610000000,39.5,2015,제2종근린생활,제3종일반주거,2025
경기,하남시,망월동,962,3,5568519,1050000000,188.6,2016,제1종근린생활,근린상업,2025
경기,하남시,망월동,962-1,2,3377633,340000000,100.7,2016,제2종근린생활,근린상업,2026
경기,하남시,망월동,962-3,5,2770083,240000000,86.6,2016,제2종근린생활,근린상업,2025
경기,하남시,망월동,966,1,6048235,800000000,132.3,2016,제1종근린생활,근린상업,2026
경기,하남시,망월동,968-1,1,2763042,250000000,90.5,2016,제2종근린생활,근린상업,2025
경기,하남시,망월동,970,3,4086080,300000000,73.4,2016,제2종근린생활,근린상업,2025
경기,하남시,망월동,970-3,1,13461792,489740000,36.4,2020,제1종근린생활,근린상업,2025
경기,하남시,망월동,970-4,1,7186202,450000000,62.6,2020,제2종근린생활,근린상업,2025
경기,하남시,망월동,972,4,4600515,285600000,62.1,2020,제2종근린생활,근린상업,2026
경기,하남시,배알미동,1**,4,10361606,2302500000,230.4,2022,제1종근린생활,개발제한구역,2026
경기,하남시,선동,433,1,22256098,730000000,32.8,2016,제1종근린생활,제3종일반주거,2025
경기,하남시,신장동,4**,4,3932805,1950000000,527.4,1990,제2종근린생활,제1종일반주거,2026
경기,하남시,신장동,411-17,3,2476652,68050000,28.9,2018,제2종근린생활,준주거,2026
경기,하남시,신장동,427-192,1,3923188,190000000,48.4,2017,제2종근린생활,일반상업,2024
경기,하남시,신장동,427-221,1,4523459,215000000,47.5,2018,제2종근린생활,일반상업,2024
경기,하남시,신장동,427-93,5,5722074,669170000,112.9,2025,제1종근린생활,일반상업,2025
경기,하남시,신장동,430-7,2,1424231,75000000,52.7,2003,판매,일반상업,2025
경기,하남시,신장동,445-5,2,2984023,35000000,11.7,2024,제1종근린생활,제1종일반주거,2025
경기,하남시,신장동,5**,2,4490692,11150000000,2490.3,2002,제1종근린생활,준주거,2026
경기,하남시,신장동,517,28,7079226,596000000,84.2,2010,기타,일반상업,2026
경기,하남시,신장동,519,2,3491893,417500000,119.6,2004,제2종근린생활,일반상업,2025
경기,하남시,신장동,523-1,35,1406470,20000000,13.2,1998,업무,일반상업,2026
경기,하남시,신장동,524,1,2564103,68000000,26.5,,업무,일반상업,2025
경기,하남시,신장동,525,1,2429834,503000000,207.0,1998,제2종근린생활,일반상업,2026
경기,하남시,신장동,528,1,1627424,70500000,43.3,1994,제1종근린생활,제3종일반주거,2025
경기,하남시,신장동,572,5,11304063,345000000,30.5,2025,제1종근린생활,준주거,2026
경기,하남시,창우동,2*,1,7691723,2025000000,263.3,1999,제2종근린생활,개발제한구역,2025
경기,하남시,창우동,2**,1,5122225,1230000000,240.1,2002,제1종근린생활,제1종일반주거,2024
경기,하남시,창우동,3**,1,6436956,1700000000,264.1,1998,제2종근린생활,개발제한구역,2026
경기,하남시,창우동,4**,1,3148815,5715100000,1815.0,,업무,개발제한구역,2025
경기,하남시,창우동,5**,1,3899256,13850000000,3552.0,2003,기타,제3종일반주거,2026
경기,하남시,창우동,518,60,3669355,27300000,7.4,1994,제1종근린생활,제2종일반주거,2025
경기,하남시,창우동,521,5,2932099,47500000,12.0,1994,제1종근린생활,제3종일반주거,2026
경기,하남시,천현동,1**,1,15034309,5258400000,349.8,1979,제1종근린생활,제2종일반주거,2026
경기,하남시,초이동,1**,1,9147039,400000000,43.7,2016,제1종근린생활,제1종일반주거,2025
경기,하남시,초이동,2**,1,7380229,3500000000,474.2,2013,제2종근린생활,제1종일반주거,2024
경기,하남시,초이동,3**,10,4661277,276740000,64.0,2006,제2종근린생활,제1종일반주거,2026
경기,하남시,춘궁동,3**,2,10241838,6052500000,665.9,2008,제2종근린생활,제1종일반주거,2024
경기,하남시,풍산동,2**,1,5005579,1660000000,331.6,2017,제1종근린생활,제1종일반주거,2024
경기,하남시,풍산동,241-6,1,738916,84000000,113.7,2014,제1종근린생활,제1종일반주거,2026
경기,하남시,풍산동,244-51,1,13614086,750000000,55.1,2014,제1종근린생활,제1종일반주거,2025
경기,하남시,풍산동,245-2,2,12910262,950000000,73.6,2014,제1종근린생활,제1종일반주거,2025
경기,하남시,풍산동,248-1,1,8518519,690000000,81.0,2014,제1종근린생활,제1종일반주거,2025
경기,하남시,풍산동,471,1,9633028,420000000,43.6,2019,제2종근린생활,제3종일반주거,2026
경기,하남시,풍산동,477,1,10277778,370000000,36.0,2016,제2종근린생활,제3종일반주거,2026
경기,하남시,풍산동,489,12,3697317,172500000,46.8,2019,업무,준주거,2026
경기,하남시,풍산동,502,1,3313362,365000000,110.2,2018,교육연구,근린상업,2026
경기,하남시,풍산동,502-1,3,2987979,339000000,114.5,2017,제1종근린생활,근린상업,2025
경기,하남시,풍산동,504,1,3351316,254700000,76.0,2017,제1종근린생활,근린상업,2025
경기,하남시,풍산동,504-2,1,4170299,287000000,68.8,2017,제2종근린생활,근린상업,2025
경기,하남시,풍산동,507-3,2,8287950,410000000,48.2,2018,제2종근린생활,근린상업,2025
경기,하남시,풍산동,512,3,4043856,382940000,94.6,2018,교육연구,근린상업,2026
경기,하남시,풍산동,515-2,2,4482737,312500000,69.7,2018,교육연구,근린상업,2025
경기,하남시,풍산동,517-3,30,3387550,251850000,56.9,2022,제1종근린생활,근린상업,2024
경기,하남시,풍산동,522-1,1,13851096,733000000,52.9,2019,제1종근린생활,근린상업,2025
경기,하남시,풍산동,522-2,51,4630762,344330000,71.6,2019,기타,근린상업,2026
경기,하남시,풍산동,522-3,1,5628272,215000000,38.2,2019,제2종근린생활,근린상업,2025
경기,하남시,풍산동,527,1,2140411,100000000,46.7,2019,제2종근린생활,일반상업,2026
경기,하남시,풍산동,601,1,12639304,930000000,73.6,2020,제1종근린생활,준주거,2024
경기,하남시,풍산동,618,5,4306632,150000000,34.8,2019,제2종근린생활,준주거,2026
경기,하남시,풍산동,630,1,3357103,120050000,35.8,2020,제1종근린생활,제2종일반주거,2026
경기,하남시,풍산동,633,6,4406215,198500000,45.0,2019,제2종근린생활,제2종일반주거,2025
경기,하남시,하산곡동,1**,2,7394123,1387000000,192.4,2010,제2종근린생활,개발제한구역,2025
경기,하남시,하산곡동,3**,6,5514393,5487110000,997.4,2007,제2종근린생활,제1종일반주거,2026
경기,하남시,학암동,632,1,10582606,376000000,35.5,2023,제2종근린생활,일반상업,2025
경기,하남시,학암동,647,2,4305861,235100000,54.6,2022,제2종근린생활,준주거,2025
경기,하남시,학암동,647-1,1,21902378,700000000,32.0,2021,제1종근린생활,준주거,2026
경기,하남시,학암동,649-1,1,28098739,1070000000,38.1,2022,제1종근린생활,준주거,2026
경기,하남시,학암동,661,1,6998250,280000000,40.0,2016,제1종근린생활,준주거,2026
경기,하남시,학암동,662,1,10879218,245000000,22.5,2016,제2종근린생활,제3종일반주거,2025
경기,하남시,학암동,671,5,19492293,1390970000,71.4,2015,제2종근린생활,제3종일반주거,2025
경기,하남시,학암동,673,1,7059546,230000000,32.6,2016,제1종근린생활,제3종일반주거,2025
서울,강남구,개포동,1**,1,10130429,1600000000,157.9,,제1종근린생활,준주거,2025
서울,강남구,개포동,1***,16,8583029,5798960000,833.2,1992,제2종근린생활,제2종일반주거,2026
서울,강남구,개포동,1167-4,1,8871365,360000000,40.6,2023,제2종근린생활,제2종일반주거,2025
서울,강남구,개포동,1175-8,1,7071168,465000000,65.8,2022,제1종근린생활,제2종일반주거,2025
서울,강남구,개포동,12-4,5,15664410,1180000000,69.8,1995,제1종근린생활,제3종일반주거,2026
서울,강남구,개포동,1226-8,1,9372337,330000000,35.2,2019,제2종근린생활,제2종일반주거,2025
서울,강남구,개포동,1226-9,1,8996728,330000000,36.7,2019,제2종근린생활,제2종일반주거,2026
서울,강남구,개포동,1280,1,26055237,1000000000,38.4,2019,제2종근린생활,제2종일반주거,2026
서울,강남구,개포동,1281,2,30008004,725000000,24.3,2019,제2종근린생활,제2종일반주거,2025
서울,강남구,개포동,1284,7,14135802,597500000,53.1,2023,제2종근린생활,제2종일반주거,2026
서울,강남구,개포동,13-3,32,7021475,223500000,32.4,1997,업무,일반상업,2026
서울,강남구,개포동,14-1,78,5120513,119570000,15.6,1998,판매,일반상업,2026
서울,강남구,개포동,171-14,16,7881892,827360000,132.4,1988,제2종근린생활,제2종일반주거,2026
서울,강남구,개포동,177,1,13392857,120000000,9.0,1986,판매,제2종일반주거,2025
서울,강남구,개포동,179,7,67189250,600000000,8.9,1987,제2종근린생활,제2종일반주거,2025
서울,강남구,개포동,186-1,15,6707946,94000000,21.6,1984,제1종근린생활,일반상업,2026
서울,강남구,개포동,186-10,1,9153318,760000000,83.0,1984,제2종근린생활,일반상업,2026
서울,강남구,개포동,186-12,1,17223272,820000000,47.6,1984,제2종근린생활,일반상업,2026
서울,강남구,개포동,186-14,2,11879591,1047500000,88.3,1984,제1종근린생활,일반상업,2026
서울,강남구,개포동,186-15,2,25429143,550000000,21.5,1984,교육연구,일반상업,2025
서울,강남구,개포동,186-16,2,15972222,1610000000,100.8,1984,교육연구,일반상업,2024
서울,강남구,개포동,186-17,3,42944785,700000000,17.7,1984,판매,일반상업,2026
서울,강남구,개포동,186-3,1,15388258,650000000,42.2,1984,제2종근린생활,일반상업,2024
서울,강남구,개포동,186-7,2,7049629,675000000,93.1,1984,제1종근린생활,일반상업,2026
서울,강남구,개포동,186-8,3,2830189,90000000,31.8,1984,제1종근린생활,일반상업,2026
서울,강남구,개포동,649,6,52216462,630000000,14.0,1984,판매,제3종일반주거,2026
서울,강남구,개포동,652,11,79268293,675000000,8.2,1984,판매,제3종일반주거,2026
서울,강남구,개포동,653,4,74271500,1210000000,17.4,1984,제2종근린생활,제3종일반주거,2026
서울,강남구,개포동,654,1,55933251,905000000,16.2,1986,제2종근린생활,제3종일반주거,2025
서울,강남구,개포동,655-4,1,22500000,1080000000,48.0,2007,제1종근린생활,제3종일반주거,2025
서울,강남구,논현동,*,9,12239365,17000000000,1418.5,1990,제1종근린생활,제3종일반주거,2026
서울,강남구,논현동,1*,8,12848904,13250000000,1094.2,2002,제2종근린생활,제2종일반주거,2026
서울,강남구,논현동,1**,54,14671362,11341140000,697.0,1994,제2종근린생활,제2종일반주거,2026
서울,강남구,논현동,105,2,26497712,692500000,23.3,1985,제1종근린생활,제3종일반주거,2026
서울,강남구,논현동,108,7,7419712,67000000,8.6,2009,판매,제2종일반주거,2025
서울,강남구,논현동,124-1,6,26748411,5540000000,219.1,1981,제2종근린생활,제3종일반주거,2025
서울,강남구,논현동,136-40,8,12410419,468500000,32.8,2007,제2종근린생활,제2종일반주거,2026
서울,강남구,논현동,152-5,7,4827093,2948000000,645.2,2003,기타,제3종일반주거,2026
서울,강남구,논현동,153-6,1,3548796,420000000,118.4,2002,제2종근린생활,제1종일반주거,2024
서울,강남구,논현동,161,1,28301887,405000000,14.3,1992,제1종근린생활,제2종일반주거,2025
서울,강남구,논현동,177-11,1,7475238,400000000,53.5,,제2종근린생활,제2종일반주거,2026
서울,강남구,논현동,182,3,25365992,3529630000,142.7,1997,제2종근린생활,제2종일반주거,2026
서울,강남구,논현동,183-13,12,16233550,546500000,33.7,1997,제2종근린생활,제2종일반주거,2025
서울,강남구,논현동,2*,3,14230228,18431500000,1194.6,2008,제2종근린생활,제1종일반주거,2025
서울,강남구,논현동,2**,37,15547667,12000000000,687.5,1994,제2종근린생활,제2종일반주거,2026
서울,강남구,논현동,202-10,1,17326057,2540000000,146.6,2018,제1종근린생활,제3종일반주거,2025
서울,강남구,논현동,203-1,2,6359441,1497500000,233.3,1991,업무,제3종일반주거,2025
서울,강남구,논현동,205-8,14,6743257,202500000,30.0,2003,숙박,제3종일반주거,2026
서울,강남구,논현동,209,12,12071993,550000000,45.6,2005,제2종근린생활,제3종일반주거,2026
서울,강남구,논현동,211-21,1,10989011,350000000,31.8,2021,제2종근린생활,제3종일반주거,2026
서울,강남구,논현동,227-7,11,16983696,660000000,39.4,2002,제2종근린생활,제2종일반주거,2025
서울,강남구,논현동,241-1,6,19229574,840000000,41.7,2007,제1종근린생활,일반상업,2026
서울,강남구,논현동,241-3,4,16300366,1335000000,81.9,2005,판매,일반상업,2025
서울,강남구,논현동,242-45,1,10764263,500000000,46.4,2019,제2종근린생활,제3종일반주거,2025
서울,강남구,논현동,246-18,1,19286658,1460000000,75.7,1987,제2종근린생활,제1종일반주거,2024
서울,강남구,논현동,247-15,2,15095213,2230000000,149.7,1984,제2종근린생활,제1종일반주거,2025
서울,강남구,논현동,25-4,2,11099445,3700000000,333.4,,제2종근린생활,제1종일반주거,2025
서울,강남구,논현동,276-1,1,19492219,1190000000,61.0,2014,제2종근린생활,제3종일반주거,2025
서울,강남구,논현동,3*,8,15445201,14175000000,888.4,2002,제1종근린생활,제3종일반주거,2026
서울,강남구,논현동,37-10,1,6203582,710000000,114.4,2002,제1종근린생활,제3종일반주거,2025
서울,강남구,논현동,4*,2,10626719,9850000000,908.6,2001,업무,제2종일반주거,2025
서울,강남구,논현동,5*,4,18450260,13515000000,732.5,2008,제2종근린생활,제3종일반주거,2025
서울,강남구,논현동,52-2,2,9937736,1073625000,108.2,1996,제2종근린생활,제3종일반주거,2024
서울,강남구,논현동,58-2,2,12879257,1040000000,80.8,2004,제2종근린생활,준주거,2026
서울,강남구,논현동,6*,11,17259872,12800000000,1024.1,1998,제2종근린생활,제3종일반주거,2026
서울,강남구,논현동,61-3,18,19944290,3708280000,179.9,2006,업무,제3종일반주거,2025
서울,강남구,논현동,62-3,1,36725325,1440000000,39.2,,제2종근린생활,제3종일반주거,2026
서울,강남구,논현동,7*,8,14887402,9825000000,612.1,2000,제2종근린생활,제2종일반주거,2026
서울,강남구,논현동,8*,10,15720623,11700000000,765.6,2004,제2종근린생활,제3종일반주거,2026
서울,강남구,논현동,88-7,3,22744670,917520000,40.3,2019,제2종근린생활,준주거,2025
서울,강남구,논현동,9*,2,12039224,21175000000,1952.4,1996,제2종근린생활,제2종일반주거,2026
서울,강남구,논현동,96,1,19731279,4200000000,212.9,,제2종근린생활,제2종일반주거,2025
서울,강남구,대치동,1***,9,16283540,41000000000,2472.9,2004,교육연구,제3종일반주거,2026
서울,강남구,대치동,1014,1,17424242,230000000,13.2,,제2종근린생활,제3종일반주거,2025
서울,강남구,대치동,1014-3,1,29128015,785000000,27.0,2000,제2종근린생활,제3종일반주거,2026
서울,강남구,대치동,1019-12,2,22565917,1055000000,60.7,1978,제2종근린생활,제3종일반주거,2025
서울,강남구,대치동,1019-15,16,15477566,151000000,10.8,1983,제1종근린생활,제3종일반주거,2026
서울,강남구,대치동,1021-10,1,61340515,2050000000,33.4,1980,제1종근린생활,제3종일반주거,2025
서울,강남구,대치동,1024,1,30902349,3500000000,113.3,1991,제2종근린생활,제3종일반주거,2026
서울,강남구,대치동,5*,1,15244638,6624100000,434.5,1984,제2종근린생활,제3종일반주거,2025
서울,강남구,대치동,5**,1,41346154,602000000,14.6,1984,제1종근린생활,제1종일반주거,2026
서울,강남구,대치동,500,6,78426965,2050000000,24.7,1984,판매,제3종일반주거,2026
서울,강남구,대치동,506,3,15345846,441500000,28.8,1984,제2종근린생활,제3종일반주거,2026
서울,강남구,대치동,507,2,20214980,2072500000,104.3,2003,교육연구,제3종일반주거,2025
서울,강남구,대치동,507-1,16,10912698,75000000,6.8,1992,제1종근린생활,제3종일반주거,2026
서울,강남구,대치동,507-2,2,53622020,2775000000,52.0,2008,제2종근린생활,제3종일반주거,2025
서울,강남구,대치동,511,29,69740854,1500000000,20.2,1984,제1종근린생활,제3종일반주거,2026
서울,강남구,대치동,603,6,35485529,3869915000,104.8,1983,제1종근린생활,제3종일반주거,2026
서울,강남구,대치동,604,6,25369750,1960810000,69.7,1983,제2종근린생활,제3종일반주거,2026
서울,강남구,대치동,606-1,2,50995370,2325000000,47.0,1987,업무,제3종일반주거,2025
서울,강남구,대치동,623,2,60824692,1876815000,29.6,1981,판매,제3종일반주거,2025
서울,강남구,대치동,626,2,16182103,535000000,29.9,1979,제1종근린생활,제3종일반주거,2026
서울,강남구,대치동,628,1,9897990,980000000,99.0,1982,제2종근린생활,제3종일반주거,2025
서울,강남구,대치동,63,3,42153846,685000000,16.2,1984,판매,제3종일반주거,2026
서울,강남구,대치동,651,1,160984,95000000,590.1,1998,제2종근린생활,제3종일반주거,2025
서울,강남구,대치동,66,5,11389258,1050000000,95.4,1983,제1종근린생활,제3종일반주거,2026
서울,강남구,대치동,8**,6,18125839,14950000000,1025.9,2008,제2종근린생활,제3종일반주거,2026
서울,강남구,대치동,889-5,1,8765560,507000000,57.8,1990,업무,일반상업,2024
서울,강남구,대치동,889-53,1,7125000,228000000,32.0,,업무,일반상업,2025
서울,강남구,대치동,889-72,2,10452771,1000000000,95.7,2003,제2종근린생활,일반상업,2025
서울,강남구,대치동,890-54,8,6640782,119000000,18.8,2006,제2종근린생활,일반상업,2026
서울,강남구,대치동,890-59,2,9158952,705000000,77.0,2004,제2종근린생활,일반상업,2025
서울,강남구,대치동,897-5,2,5324487,337000000,63.3,2003,제2종근린생활,제3종일반주거,2026
서울,강남구,대치동,9**,49,14848485,12500000000,1137.7,2003,제2종근린생활,제3종일반주거,2026
서울,강남구,대치동,901-53,2,12133361,503040000,41.4,2008,제2종근린생활,제2종일반주거,2026
서울,강남구,대치동,902,3,9698528,415000000,42.8,2004,제1종근린생활,제3종일반주거,2025
서울,강남구,대치동,908,1,11855122,1450000000,122.3,1977,제2종근린생활,제3종일반주거,2026
서울,강남구,대치동,908-2,1,22085654,1150000000,52.1,1978,제1종근린생활,제3종일반주거,2025
서울,강남구,대치동,908-20,9,13849579,839700000,70.1,2009,교육연구,제3종일반주거,2025
서울,강남구,대치동,914-6,2,14828319,542000000,36.6,2002,제1종근린생활,제2종일반주거,2025
서울,강남구,대치동,922,1,18065034,900000000,49.8,1978,제1종근린생활,준주거,2026
서울,강남구,대치동,926,2,14309764,340000000,23.8,2002,제2종근린생활,제2종일반주거,2026
서울,강남구,대치동,935-36,2,8805401,600000000,68.1,2005,제2종근린생활,제2종일반주거,2024
서울,강남구,대치동,936-28,34,18359979,1250000000,69.8,2019,제2종근린생활,준주거,2025
서울,강남구,대치동,938,1,9255533,230000000,24.8,2004,제1종근린생활,준주거,2024
서울,강남구,대치동,940-8,17,23715088,4263430000,180.6,2021,교육연구,제3종일반주거,2025
서울,강남구,대치동,941-18,1,7049203,1500000000,212.8,2008,제2종근린생활,제3종일반주거,2026
서울,강남구,대치동,943-24,1,10114633,1200000000,118.6,2004,제1종근린생활,일반상업,2026
서울,강남구,대치동,945,1,18842530,6300000000,334.4,1993,업무,일반상업,2025
서울,강남구,대치동,950,13,27545946,328770000,11.1,2004,제2종근린생활,제3종일반주거,2026
서울,강남구,대치동,977-12,1,17720024,600000000,33.9,1984,판매,제2종일반주거,2024
서울,강남구,대치동,985,1,13173302,450000000,34.2,1989,제2종근린생활,제3종일반주거,2025
서울,강남구,대치동,994-9,1,6847541,167080000,24.4,2022,제2종근린생활,제3종일반주거,2024
서울,강남구,도곡동,168,5,20311150,1650000000,57.8,2005,제2종근린생활,제2종일반주거,2026
서울,강남구,도곡동,4**,8,9586653,2328500000,687.1,1992,제2종근린생활,제2종일반주거,2026
서울,강남구,도곡동,467-18,1,9836066,300000000,30.5,1998,업무,일반상업,2024
서울,강남구,도곡동,467-19,4,10684485,485000000,49.2,1999,업무,일반상업,2025
서울,강남구,도곡동,467-24,5,19779384,685000000,52.6,1998,제1종근린생활,일반상업,2025
서울,강남구,도곡동,467-6,17,16827784,705000000,45.6,1999,업무,일반상업,2026
서울,강남구,도곡동,5**,7,8584825,7800000000,908.6,1992,제2종근린생활,제3종일반주거,2025
서울,강남구,도곡동,514-2,2,14000051,5524700000,394.6,2003,업무,제3종일반주거,2026
서울,강남구,도곡동,527-3,1,24261603,460000000,19.0,2006,제1종근린생활,제3종일반주거,2025
서울,강남구,도곡동,543-7,1,5579399,520000000,93.2,2007,제2종근린생활,제1종일반주거,2026
서울,강남구,도곡동,869,1,71686747,595000000,8.3,1983,제1종근린생활,제3종일반주거,2025
서울,강남구,도곡동,895-8,1,25325615,700000000,27.6,1988,제2종근린생활,제3종일반주거,2026
서울,강남구,도곡동,9**,15,9585590,4600000000,743.5,1989,제2종근린생활,제3종일반주거,2026
서울,강남구,도곡동,914-2,4,11920079,2740000000,232.8,1995,기타,제3종일반주거,2025
서울,강남구,도곡동,948-22,1,4818823,895000000,185.7,2022,제2종근린생활,제2종일반주거,2026
서울,강남구,도곡동,952-14,1,10144928,350000000,34.5,,제1종근린생활,제3종일반주거,2025
서울,강남구,도곡동,953-1,4,7053447,297500000,42.2,2006,제2종근린생활,일반상업,2026
서울,강남구,도곡동,957-11,6,17648711,250000000,10.2,2007,제1종근린생활,일반상업,2026
서울,강남구,도곡동,963,6,6666667,142500000,18.0,1995,제2종근린생활,제3종일반주거,2026
서울,강남구,도곡동,964,1,10638298,300000000,28.2,2006,제2종근린생활,제3종일반주거,2025
서울,강남구,도곡동,965,1,3865979,240000000,62.1,1997,제1종근린생활,제3종일반주거,2025
서울,강남구,삼성동,1**,46,13136412,10000000000,837.3,1996,제2종근린생활,제3종일반주거,2026
서울,강남구,삼성동,107,1,35516969,9000000000,253.4,2003,제2종근린생활,제3종일반주거,2024
서울,강남구,삼성동,113-1,8,11217949,297500000,24.6,1986,업무,제3종일반주거,2026
서울,강남구,삼성동,117-1,5,25061779,3237230000,129.2,1979,제2종근린생활,제3종일반주거,2025
서울,강남구,삼성동,121-38,8,8671939,374955000,36.3,2010,판매,제2종일반주거,2026
서울,강남구,삼성동,140-17,1,7804154,263000000,33.7,1990,제2종근린생활,제3종일반주거,2025
서울,강남구,삼성동,140-3,1,12328383,440000000,35.7,2004,제2종근린생활,제3종일반주거,2025
서울,강남구,삼성동,141-33,5,24413553,2436000000,99.8,2006,업무,일반상업,2025
서울,강남구,삼성동,143-37,3,13381135,7560000000,574.8,1998,업무,일반상업,2026
서울,강남구,삼성동,144-14,3,6560000,300000000,50.0,2007,제1종근린생활,일반상업,2026
서울,강남구,삼성동,147-10,4,21726018,14494200000,667.1,2007,업무,제3종일반주거,2026
서울,강남구,삼성동,147-17,10,21738506,14524800000,594.6,2007,업무,제3종일반주거,2026
서울,강남구,삼성동,157-18,1,8752570,1277000000,145.9,1999,업무,일반상업,2024
서울,강남구,삼성동,157-3,13,8280638,275000000,33.2,2000,업무,일반상업,2026
서울,강남구,삼성동,157-8,8,8884046,456000000,55.7,2000,업무,일반상업,2026
서울,강남구,삼성동,158-10,2,11170806,1225000000,103.0,2006,제1종근린생활,일반상업,2025
서울,강남구,삼성동,158-20,1,28258362,980000000,34.7,,제1종근린생활,일반상업,2025
서울,강남구,삼성동,16,4,12865992,490000000,38.1,2008,제1종근린생활,제2종일반주거,2025
서울,강남구,삼성동,189,3,23844461,780000000,33.1,2021,제2종근린생활,제3종일반주거,2026
서울,강남구,삼성동,2*,1,17339106,7770000000,448.1,1988,제1종근린생활,제2종일반주거,2024
서울,강남구,삼성동,3*,3,10205056,4410000000,482.0,2015,업무,제3종일반주거,2025
서울,강남구,삼성동,33-17,1,5374644,170000000,31.6,2004,제2종근린생활,제2종일반주거,2025
서울,강남구,삼성동,37,1,5680608,800000000,140.8,1997,업무,제3종일반주거,2026
서울,강남구,삼성동,4*,5,13047862,10000000000,829.6,1994,제2종근린생활,제2종일반주거,2025
서울,강남구,삼성동,4-4,5,14705882,200000000,13.6,1975,판매,제3종일반주거,2025
서울,강남구,삼성동,5*,2,16681212,49000000000,2932.7,1988,제1종근린생활,제2종일반주거,2026
서울,강남구,삼성동,50-2,1,6499072,910000000,140.0,2008,제2종근린생활,제3종일반주거,2026
서울,강남구,삼성동,53-2,1,22641509,480000000,21.2,1984,판매,제3종일반주거,2026
서울,강남구,삼성동,6*,3,26523034,12850000000,490.1,1980,제2종근린생활,제1종전용주거,2025
서울,강남구,삼성동,7*,2,20538992,6964310000,341.3,2007,제2종근린생활,제2종일반주거,2026
서울,강남구,삼성동,7-3,1,24888889,560000000,22.5,,제1종근린생활,제3종일반주거,2024
서울,강남구,삼성동,75-8,2,24496711,925000000,35.1,2004,제1종근린생활,제3종일반주거,2024
서울,강남구,삼성동,78-4,9,71278826,1700000000,23.8,1992,제1종근린생활,제3종일반주거,2026
서울,강남구,삼성동,8*,1,1002026,321500000,320.8,1983,제2종근린생활,제1종전용주거,2024
서울,강남구,삼성동,8-2,1,29065489,1580000000,54.4,,판매,일반상업,2024
서울,강남구,삼성동,87,2,12216571,825000000,67.6,2004,제1종근린생활,제1종전용주거,2025
서울,강남구,삼성동,9*,5,20256583,5500000000,208.7,1990,제2종근린생활,제1종전용주거,2025
서울,강남구,삼성동,90,1,25172359,1570000000,62.4,2021,제1종근린생활,제2종일반주거,2026
서울,강남구,세곡동,3**,1,21283989,4900000000,230.2,2003,제2종근린생활,개발제한구역,2025
서울,강남구,세곡동,515,3,5036630,440000000,87.4,2012,제1종근린생활,준주거,2025
서울,강남구,세곡동,579,1,16366366,545000000,33.3,2013,제1종근린생활,제3종일반주거,2024
서울,강남구,세곡동,583,1,8154944,400000000,49.0,2016,제2종근린생활,일반상업,2026
서울,강남구,세곡동,6**,1,3724679,30300000000,8134.9,,제2종근린생활,일반상업,2024
서울,강남구,세곡동,616,1,17152256,730000000,42.6,2018,제2종근린생활,일반상업,2025
서울,강남구,수서동,4**,1,26715615,7350000000,275.1,1988,제2종근린생활,개발제한구역,2025
서울,강남구,수서동,707,4,551713,124175000,221.7,1994,제2종근린생활,제3종일반주거,2025
서울,강남구,수서동,708,3,36412677,540000000,14.8,1992,제1종근린생활,제3종일반주거,2025
서울,강남구,수서동,712,15,19554343,465000000,22.0,1993,제2종근린생활,제3종일반주거,2026
서울,강남구,수서동,713,3,9005764,300000000,27.8,2002,판매,일반상업,2025
서울,강남구,수서동,716,1,18119658,530000000,29.2,2003,판매,일반상업,2026
서울,강남구,수서동,724,34,6321113,250000000,39.6,2000,업무,일반상업,2026
서울,강남구,수서동,725,30,5520002,224000000,39.8,1997,업무,일반상업,2026
서울,강남구,수서동,736,3,21538462,350000000,29.2,1992,판매,제3종일반주거,2026
서울,강남구,수서동,746,3,30272109,445000000,16.6,1993,제1종근린생활,제3종일반주거,2026
서울,강남구,수서동,747,1,13641937,445000000,32.6,1997,제2종근린생활,제3종일반주거,2026
서울,강남구,수서동,799,2,11718750,375000000,32.0,2016,제1종근린생활,제2종일반주거,2026
서울,강남구,신사동,5**,50,18711181,10800000000,569.3,1997,제2종근린생활,제2종일반주거,2026
서울,강남구,신사동,501,2,26876329,3250000000,120.9,2009,제1종근린생활,제3종일반주거,2025
서울,강남구,신사동,505-5,6,8733165,207500000,23.8,1987,업무,제3종일반주거,2025
서울,강남구,신사동,512-9,8,9028929,980000000,97.0,2003,제1종근린생활,제2종일반주거,2026
서울,강남구,신사동,514-8,7,29243405,4500000000,160.7,1986,제2종근린생활,제3종일반주거,2025
서울,강남구,신사동,522,1,15180266,1600000000,105.4,,제2종근린생활,제2종일반주거,2024
서울,강남구,신사동,549-1,1,9919924,830000000,83.7,1982,제2종근린생활,제3종일반주거,2025
서울,강남구,신사동,575,1,42209358,1750000000,41.5,1996,제1종근린생활,제3종일반주거,2026
서울,강남구,신사동,577-5,3,37333333,740000000,38.2,1985,제2종근린생활,제2종일반주거,2026
서울,강남구,신사동,579-3,4,31061866,769350000,20.5,2005,제1종근린생활,제3종일반주거,2026
서울,강남구,신사동,583-3,4,22213760,1675000000,78.8,2004,제1종근린생활,제3종일반주거,2026
서울,강남구,신사동,584-1,2,13904494,618750000,44.5,1991,제1종근린생활,제3종일반주거,2026
서울,강남구,신사동,6**,56,24543215,17825000000,653.0,2004,제2종근린생활,제2종일반주거,2026
서울,강남구,신사동,609,3,3607337,470000000,130.3,1997,제1종근린생활,제2종일반주거,2025
서울,강남구,신사동,613-5,2,10420225,305000000,29.3,2007,제1종근린생활,제2종일반주거,2026
서울,강남구,신사동,614-7,2,8483483,113000000,13.3,1978,판매,제3종일반주거,2026
서울,강남구,신사동,615,2,28640610,1200000000,41.9,1978,제1종근린생활,제3종일반주거,2025
서울,강남구,신사동,617-5,2,60050171,4250000000,66.2,1985,제1종근린생활,제3종일반주거,2026
서울,강남구,신사동,620,1,30487805,2000000000,65.6,2004,제2종근린생활,제2종일반주거,2025
서울,강남구,신사동,620-1,4,12947992,1775000000,137.2,2004,업무,제2종일반주거,2025
서울,강남구,신사동,640-2,1,19785531,1310000000,66.2,2005,제2종근린생활,제2종일반주거,2025
서울,강남구,신사동,658,2,23044828,540000000,20.5,1998,제1종근린생활,제2종일반주거,2025
서울,강남구,신사동,660-16,3,10377861,800000000,75.2,2005,제2종근린생활,제3종일반주거,2026
서울,강남구,신사동,660-17,3,10322922,585000000,56.7,2005,제2종근린생활,제3종일반주거,2025
서울,강남구,신사동,660-6,3,19809401,1850000000,93.4,1978,제1종근린생활,제3종일반주거,2026
서울,강남구,신사동,660-8,1,12188366,1100000000,90.2,1977,제2종근린생활,제3종일반주거,2026
서울,강남구,신사동,661-1,2,23741027,800000000,36.6,1977,제1종근린생활,제3종일반주거,2025
서울,강남구,신사동,661-18,3,4884721,125000000,25.6,1977,제1종근린생활,제3종일반주거,2025
서울,강남구,신사동,664,1,76678164,2890000000,37.7,1978,제1종근린생활,제3종일반주거,2026
서울,강남구,압구정동,415,7,45631068,1410000000,30.9,1982,제1종근린생활,제3종일반주거,2026
서울,강남구,압구정동,426,1,72811999,5000000000,68.7,1982,제1종근린생활,제3종일반주거,2026
서울,강남구,압구정동,455,4,51035818,630000000,49.2,1978,제2종근린생활,제3종일반주거,2026
서울,강남구,압구정동,456,4,42557878,1520030000,42.5,1979,교육연구,제3종일반주거,2026
서울,강남구,압구정동,481,2,58966565,3000000000,50.9,1980,제1종근린생활,제3종일반주거,2025
서울,강남구,역삼동,6**,69,13420785,12000000000,752.3,1999,제2종근린생활,제3종일반주거,2026
서울,강남구,역삼동,601-29,7,26051717,2700000000,106.2,2021,제2종근린생활,제3종일반주거,2026
서울,강남구,역삼동,603-7,6,16318893,240000000,14.8,2013,제2종근린생활,제3종일반주거,2024
서울,강남구,역삼동,609-17,1,12741434,2830000000,222.1,2004,제1종근린생활,제1종전용주거,2024
서울,강남구,역삼동,621-1,5,13242386,3529690000,233.8,2020,제1종근린생활,제1종전용주거,2026
서울,강남구,역삼동,636,1,4757085,47000000,9.9,2006,제2종근린생활,제2종일반주거,2025
서울,강남구,역삼동,642-1,12,6519522,248500000,43.5,2001,업무,일반상업,2026
서울,강남구,역삼동,642-16,2,14770434,3850000000,259.8,1994,업무,일반상업,2025
서울,강남구,역삼동,642-6,1,10466761,740000000,70.7,,제1종근린생활,일반상업,2026
서울,강남구,역삼동,642-9,13,4761905,80000000,16.8,1999,제1종근린생활,일반상업,2026
서울,강남구,역삼동,648,1,5530682,420000000,75.9,1985,제2종근린생활,일반상업,2024
서울,강남구,역삼동,656-29,4,6875300,137000000,19.7,2013,업무,제2종일반주거,2026
서울,강남구,역삼동,662-9,13,19400274,11767470000,606.6,2008,업무,제3종일반주거,2026
서울,강남구,역삼동,681-26,1,9152720,700000000,76.5,2002,제2종근린생활,제3종일반주거,2025
서울,강남구,역삼동,683-26,1,4824561,220000000,45.6,1992,업무,제3종일반주거,2025
서울,강남구,역삼동,684-7,1,14945641,582880000,39.0,2012,제1종근린생활,제2종일반주거,2026
서울,강남구,역삼동,697-3,14,16194326,495000000,34.6,2016,제2종근린생활,제2종일반주거,2025
서울,강남구,역삼동,7**,48,12548014,12200000000,831.4,2001,제2종근린생활,제3종일반주거,2026
서울,강남구,역삼동,701-1,7,8908046,270000000,34.9,2008,숙박,일반상업,2025
서울,강남구,역삼동,701-7,3,16054878,11000000000,685.2,2002,업무,일반상업,2026
서울,강남구,역삼동,702-10,8,6815063,272500000,40.2,2000,업무,일반상업,2026
서울,강남구,역삼동,702-13,3,6172840,210000000,35.2,1991,업무,일반상업,2026
서울,강남구,역삼동,702-2,9,8577084,390000000,45.5,1994,업무,일반상업,2026
서울,강남구,역삼동,702-23,2,6844639,247500000,33.9,1990,제2종근린생활,일반상업,2026
서울,강남구,역삼동,702-24,42,22116939,569290000,25.7,1989,제2종근린생활,일반상업,2025
서울,강남구,역삼동,705-1,1,8746356,360000000,41.2,1992,업무,일반상업,2024
서울,강남구,역삼동,706-20,2,5680204,213500000,37.5,2001,업무,일반상업,2025
서울,강남구,역삼동,707-24,5,15121631,460000000,30.4,,업무,일반상업,2026
서울,강남구,역삼동,707-25,1,18756215,543180000,29.0,,업무,일반상업,2026
서울,강남구,역삼동,707-26,1,18764997,644390000,34.3,,업무,일반상업,2026
서울,강남구,역삼동,707-30,1,18749407,869410000,46.4,,업무,일반상업,2026
서울,강남구,역삼동,707-32,1,18756010,733360000,39.1,,업무,일반상업,2026
서울,강남구,역삼동,707-33,1,18756010,733360000,39.1,,업무,일반상업,2026
서울,강남구,역삼동,707-34,18,16828119,612500000,36.7,2007,업무,일반상업,2026
서울,강남구,역삼동,707-35,1,18755965,723230000,38.6,,업무,일반상업,2026
서울,강남구,역삼동,707-38,7,7807665,299000000,37.6,1991,업무,일반상업,2026
서울,강남구,역삼동,708,2,4526350,140000000,30.9,1994,제1종근린생활,일반상업,2025
서울,강남구,역삼동,708-26,3,14324153,452500000,31.6,2004,제2종근린생활,일반상업,2025
서울,강남구,역삼동,708-33,1,9534916,2780000000,291.6,2002,업무,일반상업,2024
서울,강남구,역삼동,718-20,41,19621952,2611170000,133.1,2016,업무,일반상업,2025
서울,강남구,역삼동,718-27,4,12871535,1500000000,131.4,2003,제2종근린생활,일반상업,2026
서울,강남구,역삼동,725-42,3,6178799,1600000000,259.0,2020,제1종근린생활,제1종일반주거,2026
서울,강남구,역삼동,727-2,2,3703362,300000000,79.0,2012,제2종근린생활,제3종일반주거,2026
서울,강남구,역삼동,730-5,2,10271910,1690000000,165.6,,업무,제3종일반주거,2025
서울,강남구,역삼동,735-11,1,6568534,415000000,63.2,2003,제2종근린생활,일반상업,2025
서울,강남구,역삼동,736-22,2,9157185,1213550000,133.6,2006,제2종근린생활,일반상업,2025
서울,강남구,역삼동,738-28,1,8498706,985000000,115.9,2004,제1종근린생활,제3종일반주거,2025
서울,강남구,역삼동,744-8,1,16299187,941930000,57.8,2022,제1종근린생활,제2종일반주거,2026
서울,강남구,역삼동,755,4,9754224,193500000,13.5,1999,판매,제3종일반주거,2025
서울,강남구,역삼동,756-18,1,57923045,1400000000,24.2,1975,업무,제3종일반주거,2024
서울,강남구,역삼동,761-18,2,4602341,160000000,34.9,2010,제2종근린생활,제3종일반주거,2025
서울,강남구,역삼동,778-29,3,2035623,83000000,40.4,2017,제2종근린생활,제2종일반주거,2024
서울,강남구,역삼동,778-4,1,7109606,168000000,23.6,2022,제1종근린생활,제2종일반주거,2024
서울,강남구,역삼동,789-22,2,5882353,605000000,102.8,2002,제2종근린생활,제2종일반주거,2026
서울,강남구,역삼동,796-29,1,13893713,400000000,28.8,2012,판매,제2종일반주거,2025
서울,강남구,역삼동,797-3,3,13947001,12000000000,860.4,1980,제1종근린생활,제3종일반주거,2025
서울,강남구,역삼동,798-1,3,9118541,600000000,65.8,2021,제2종근린생활,제3종일반주거,2025
서울,강남구,역삼동,8**,19,14525376,12700000000,483.4,1996,제2종근린생활,제3종일반주거,2026
서울,강남구,역삼동,814-6,3,39591837,450000000,9.8,2006,제2종근린생활,제3종일반주거,2026
서울,강남구,역삼동,815,2,66453922,315500000,4.6,2002,제1종근린생활,제3종일반주거,2025
서울,강남구,역삼동,817-22,1,8479532,1624000000,191.5,1995,제2종근린생활,제2종일반주거,2025
서울,강남구,역삼동,817-23,1,8190883,1150000000,140.4,2004,제2종근린생활,제2종일반주거,2026
서울,강남구,역삼동,821,1,22626582,500500000,22.1,2005,제1종근린생활,일반상업,2025
서울,강남구,역삼동,824-11,2,10890111,845000000,77.0,1999,업무,일반상업,2026
서울,강남구,역삼동,824-13,1,5561008,340000000,61.1,2004,제1종근린생활,일반상업,2025
서울,강남구,역삼동,824-25,3,10141988,500000000,49.3,2004,제2종근린생활,일반상업,2025
서울,강남구,역삼동,825,2,20663620,10400000000,503.3,1996,제1종근린생활,일반상업,2025
서울,강남구,역삼동,825-13,2,21073078,6211500000,294.8,1998,업무,일반상업,2026
서울,강남구,역삼동,825-15,1,25699169,3400000000,132.3,,제1종근린생활,일반상업,2024
서울,강남구,역삼동,825-20,1,16554007,1200000000,72.5,2015,제2종근린생활,일반상업,2024
서울,강남구,역삼동,825-24,8,13996827,267000000,24.3,2014,제2종근린생활,일반상업,2025
서울,강남구,역삼동,828-10,6,6689692,225300000,37.0,1988,업무,제3종일반주거,2026
서울,강남구,역삼동,831,5,11521595,867000000,75.2,1985,업무,일반상업,2025
서울,강남구,역삼동,832-16,1,22376927,900000000,40.2,2018,제2종근린생활,일반상업,2026
서울,강남구,역삼동,837-11,10,3983804,152500000,42.3,1993,제1종근린생활,일반상업,2026
서울,강남구,역삼동,837-13,1,28317152,1050000000,37.1,2013,제1종근린생활,일반상업,2025
서울,강남구,역삼동,837-17,6,6384063,217500000,34.9,1999,업무,일반상업,2026
서울,강남구,역삼동,837-19,13,5357143,135000000,25.2,1998,업무,일반상업,2026
서울,강남구,역삼동,837-26,1,17134245,739000000,43.1,1992,제1종근린생활,일반상업,2024
서울,강남구,역삼동,837-36,10,9851138,455000000,45.0,2004,업무,일반상업,2026
서울,강남구,율현동,365,1,9168304,280000000,30.5,2015,제2종근린생활,,2025
서울,강남구,일원동,6**,3,7907404,4120000000,539.4,1997,제2종근린생활,제2종일반주거,2026
서울,강남구,일원동,615,1,48245614,770000000,16.0,1987,제2종근린생활,제3종일반주거,2025
서울,강남구,일원동,639-1,8,7401180,417865000,55.6,1996,제1종근린생활,제2종일반주거,2025
서울,강남구,일원동,642-5,1,10834236,200000000,18.5,2020,제1종근린생활,제2종일반주거,2025
서울,강남구,일원동,643-7,1,12207883,350000000,28.7,2021,제2종근린생활,제2종일반주거,2025
서울,강남구,일원동,682-3,1,12529101,592000000,47.2,2019,제1종근린생활,제2종일반주거,2026
서울,강남구,일원동,7**,13,66846361,510000000,6.6,1993,제1종근린생활,제2종일반주거,2026
서울,강남구,일원동,711-1,10,19338156,352500000,16.8,1992,제1종근린생활,제2종일반주거,2026
서울,강남구,일원동,716,13,31293463,374000000,10.8,1993,제1종근린생활,제3종일반주거,2026
서울,강남구,일원동,719,4,12919282,240000000,18.0,1994,제2종근린생활,제3종일반주거,2026
서울,강남구,일원동,731,3,64144737,490000000,6.1,1994,제1종근린생활,제2종일반주거,2025
서울,강남구,일원동,734,16,64811618,390000000,5.9,1993,제1종근린생활,제2종일반주거,2026
서울,강남구,일원동,735,1,62500000,1250000000,20.0,1993,제2종근린생활,제2종일반주거,2026
서울,강남구,일원동,739,4,58142702,1067500000,18.4,1993,제1종근린생활,제1종일반주거,2026
서울,강남구,일원동,743,1,21170131,550000000,26.0,,제2종근린생활,제3종일반주거,2024
서울,강남구,자곡동,631,22,8630307,280000000,32.3,2015,기타,제3종일반주거,2026
서울,강남구,자곡동,633,2,2840909,150000000,52.8,2016,제2종근린생활,제3종일반주거,2025
서울,강남구,자곡동,638,5,5635390,400000000,71.0,2015,제1종근린생활,제3종일반주거,2026
서울,강남구,자곡동,649,1,10226443,700000000,68.4,2017,제2종근린생활,준주거,2025
서울,강남구,자곡동,658,1,9758002,250000000,25.6,2014,제2종근린생활,일반상업,2025
서울,강남구,자곡동,669,1,13650014,500000000,36.6,2017,제1종근린생활,준주거,2025
서울,강남구,자곡동,687,1,7459207,320000000,42.9,2014,제2종근린생활,제2종일반주거,2025
서울,강남구,청담동,*,6,18498983,59000000000,987.1,1989,제1종근린생활,제3종일반주거,2026
서울,강남구,청담동,1*,6,20049096,10350000000,576.6,2014,제2종근린생활,제2종일반주거,2026
서울,강남구,청담동,1**,14,23270407,16950000000,701.4,2013,제2종근린생활,제3종일반주거,2026
서울,강남구,청담동,11-40,1,16735880,806000000,48.2,2003,제2종근린생활,제2종일반주거,2026
서울,강남구,청담동,118-17,1,23312883,950000000,40.8,2005,판매,제3종일반주거,2026
서울,강남구,청담동,122-35,5,7708873,82000000,10.7,2013,판매,제2종일반주거,2026
서울,강남구,청담동,130-9,3,13095238,330000000,25.2,1991,업무,제3종일반주거,2025
서울,강남구,청담동,131-14,3,8741259,200000000,22.9,1980,제1종근린생활,제3종일반주거,2026
서울,강남구,청담동,131-15,1,8099095,170000000,21.0,,제1종근린생활,제3종일반주거,2026
서울,강남구,청담동,132-16,8,24684380,687500000,29.2,2023,업무,제3종일반주거,2026
서울,강남구,청담동,133-6,1,32915361,210000000,6.4,1983,제1종근린생활,제3종일반주거,2026
서울,강남구,청담동,134-15,5,20853081,603250000,23.2,,제1종근린생활,제1종일반주거,2026
서울,강남구,청담동,134-20,6,11815963,912500000,82.0,,업무,제3종일반주거,2026
서울,강남구,청담동,18-28,2,13037707,953000000,67.8,2019,제2종근린생활,제2종일반주거,2024
서울,강남구,청담동,2*,6,17248571,9940000000,576.3,2016,제2종근린생활,제2종일반주거,2026
서울,강남구,청담동,23,1,17025090,475000000,27.9,1988,제1종근린생활,제3종일반주거,2026
서울,강남구,청담동,3*,5,22119837,9950000000,436.3,1987,제1종근린생활,제2종일반주거,2026
서울,강남구,청담동,4-1,7,29250000,9407510000,329.5,2007,제1종근린생활,제3종일반주거,2025
서울,강남구,청담동,48,3,10552970,575990000,90.8,2025,제1종근린생활,제3종일반주거,2026
서울,강남구,청담동,5*,3,16454921,10750000000,946.5,2002,제2종근린생활,제2종일반주거,2026
서울,강남구,청담동,5-29,4,7430594,357500000,49.7,1991,업무,제3종일반주거,2026
서울,강남구,청담동,58-12,1,26223776,3000000000,114.4,1997,제1종근린생활,제2종일반주거,2025
서울,강남구,청담동,6*,1,24967490,9600000000,384.5,2008,제1종근린생활,제2종일반주거,2025
서울,강남구,청담동,60,1,18872940,355000000,18.8,1999,제2종근린생활,제3종일반주거,2025
서울,강남구,청담동,7*,5,13091195,26600000000,2031.9,2004,제2종근린생활,제3종일반주거,2025
서울,강남구,청담동,76-12,1,13272912,718330000,54.1,2018,제1종근린생활,준주거,2025
서울,강남구,청담동,8*,6,26874561,48428720000,919.3,1992,제2종근린생활,제3종일반주거,2026
서울,강남구,청담동,9*,4,38704732,16175000000,451.2,1989,제2종근린생활,제2종일반주거,2025
서울,강동구,강일동,*,37,9091572,598560000,63.1,2023,제2종근린생활,용도미지정,2025
서울,강동구,강일동,1*,1,6071031,1200000000,197.7,2016,제2종근린생활,개발제한구역,2025
서울,강동구,강일동,114,1,7888742,297800000,37.8,2020,제2종근린생활,제2종일반주거,2025
서울,강동구,강일동,6**,1,3002147,4950000000,1648.8,2009,기타,일반상업,2026
서울,강동구,강일동,665,1,4183267,147000000,35.1,2009,제2종근린생활,제2종일반주거,2025
서울,강동구,강일동,670,1,4436728,115000000,25.9,2009,제2종근린생활,제2종일반주거,2026
서울,강동구,강일동,675,1,3087349,205000000,66.4,2010,제1종근린생활,일반상업,2025
서울,강동구,강일동,675-1,2,8999114,413500000,57.1,2011,제2종근린생활,일반상업,2025
서울,강동구,강일동,676,1,2911047,395000000,135.7,2011,교육연구,일반상업,2026
서울,강동구,강일동,679,18,3513514,32500000,10.8,2012,제1종근린생활,일반상업,2025
서울,강동구,강일동,679-1,14,5980243,242500000,47.0,2012,제1종근린생활,일반상업,2026
서울,강동구,강일동,695,1,12748756,615000000,48.2,2009,제2종근린생활,제2종일반주거,2026
서울,강동구,강일동,707,1,5224868,158000000,30.2,2011,제2종근린생활,제3종일반주거,2026
서울,강동구,강일동,72,1,23537703,334000000,14.2,2023,제2종근린생활,제2종일반주거,2025
서울,강동구,고덕동,*,4,14263413,455850000,39.2,2023,제2종근린생활,용도미지정,2025
서울,강동구,고덕동,1**,1,5956366,2580000000,433.2,1986,제2종근린생활,제2종일반주거,2026
서울,강동구,고덕동,191-4,1,17441860,135000000,7.7,1988,제2종근린생활,제2종일반주거,2024
서울,강동구,고덕동,191-5,1,18918919,98000000,5.2,,제1종근린생활,제2종일반주거,2026
서울,강동구,고덕동,210-1,4,14085635,1250000000,75.5,2020,제1종근린생활,준주거,2025
서울,강동구,고덕동,225-10,3,12970169,800000000,61.5,2021,제1종근린생활,제2종일반주거,2025
서울,강동구,고덕동,6,1,18359151,960000000,52.3,2023,제2종근린생활,용도미지정,2025
서울,강동구,고덕동,6**,1,5254436,2600000000,494.8,1988,제2종근린생활,제2종일반주거,2025
서울,강동구,고덕동,688,2,16185919,431500000,25.8,2016,제2종근린생활,제2종일반주거,2026
서울,강동구,고덕동,693,4,16336221,587500000,29.9,2019,제2종근린생활,제2종일반주거,2026
서울,강동구,고덕동,716-73,1,12343750,395000000,32.0,2025,제1종근린생활,제2종일반주거,2026
서울,강동구,길동,1**,1,4185452,2980000000,712.0,1989,제1종근린생활,제2종일반주거,2026
서울,강동구,길동,106-7,2,2749336,780000000,282.8,2010,제2종근린생활,제2종일반주거,2026
서울,강동구,길동,157-10,1,4050926,210000000,51.8,1984,제2종근린생활,제3종일반주거,2025
서울,강동구,길동,2**,1,7916542,18000000000,2273.7,1981,제2종근린생활,제3종일반주거,2024
서울,강동구,길동,252-113,4,7627765,600000000,78.7,1984,제2종근린생활,제3종일반주거,2026
서울,강동구,길동,3**,5,7759229,4639010000,750.0,1988,제1종근린생활,제3종일반주거,2026
서울,강동구,길동,320-2,1,9086362,272500000,30.0,,업무,제3종일반주거,2026
서울,강동구,길동,339-1,4,4195462,55000000,11.9,2009,제2종근린생활,제2종일반주거,2025
서울,강동구,길동,341-18,1,5102041,160000000,31.4,2018,제1종근린생활,제2종일반주거,2025
서울,강동구,길동,379-4,5,4679144,210000000,44.6,2018,제2종근린생활,제3종일반주거,2026
서울,강동구,길동,381-2,1,6752479,320000000,47.4,1997,제1종근린생활,제3종일반주거,2024
서울,강동구,길동,382-1,1,6194483,265000000,42.8,2020,제2종근린생활,제3종일반주거,2025
서울,강동구,길동,385-10,1,18025751,252000000,14.0,2022,제2종근린생활,일반상업,2026
서울,강동구,길동,385-6,1,2358973,1500000000,635.9,2013,업무,일반상업,2026
서울,강동구,길동,388-7,1,3554502,97500000,27.4,2015,제1종근린생활,일반상업,2025
서울,강동구,길동,4**,9,4125205,8400000000,2078.4,1985,제1종근린생활,제2종일반주거,2026
서울,강동구,길동,400,6,3947426,107370000,27.2,1994,제1종근린생활,제3종일반주거,2024
서울,강동구,길동,412-8,2,12519869,1575000000,267.4,2005,제2종근린생활,일반상업,2026
서울,강동구,길동,413-1,10,3906250,108500000,27.1,2002,업무,일반상업,2026
서울,강동구,길동,415-16,2,18450107,375000000,20.5,2014,제2종근린생활,일반상업,2026
서울,강동구,길동,456,1,34978541,244500000,7.0,2024,제1종근린생활,일반상업,2025
서울,강동구,길동,456-2,1,4582163,130500000,28.5,2006,제2종근린생활,일반상업,2026
서울,강동구,길동,459-2,17,7542791,520000000,99.3,1987,기타,일반상업,2025
서울,강동구,길동,474,2,12896825,270000000,18.9,2003,제1종근린생활,제3종일반주거,2026
서울,강동구,길동,54,13,14742015,110000000,7.9,1982,제1종근린생활,제3종일반주거,2025
서울,강동구,길동,9*,1,7530476,6758000000,897.4,1986,제1종근린생활,제3종일반주거,2026
서울,강동구,둔촌동,1**,1,34340659,13500000000,393.1,2018,제2종근린생활,개발제한구역,2026
서울,강동구,둔촌동,24-1,1,2463054,55000000,22.3,,제1종근린생활,제3종일반주거,2026
서울,강동구,둔촌동,30-4,1,457875,7500000,16.4,1984,제1종근린생활,제3종일반주거,2025
서울,강동구,둔촌동,35-2,1,853184,250000000,293.0,1990,제2종근린생활,제2종일반주거,2026
서울,강동구,둔촌동,4**,1,4008378,4000000000,997.9,1993,제2종근린생활,제2종일반주거,2025
서울,강동구,둔촌동,448-1,1,6033416,390000000,64.6,2021,제2종근린생활,제2종일반주거,2025
서울,강동구,둔촌동,461-4,2,8815542,177500000,20.5,2019,제2종근린생활,제2종일반주거,2024
서울,강동구,둔촌동,470-10,1,6950880,450000000,64.7,2017,제2종근린생활,제2종일반주거,2025
서울,강동구,둔촌동,484-14,1,4863813,100000000,20.6,2017,제2종근린생활,제2종일반주거,2026
서울,강동구,둔촌동,546,1,14157303,315000000,22.2,1998,제2종근린생활,제3종일반주거,2026
서울,강동구,둔촌동,556,1,8766745,890000000,101.5,2006,제2종근린생활,제3종일반주거,2024
서울,강동구,둔촌동,6*,1,7920899,26300000000,3320.3,2026,제1종근린생활,제3종일반주거,2026
서울,강동구,둔촌동,6**,1,12884384,15000000000,1164.2,1991,제1종근린생활,제3종일반주거,2026
서울,강동구,둔촌동,632,2,6171910,410000000,66.4,,제1종근린생활,제2종일반주거,2025
서울,강동구,둔촌동,633,1,29041991,1155000000,39.8,2025,제2종근린생활,용도미지정,2026
서울,강동구,둔촌동,7*,1,4913908,7500000000,1526.3,2019,제2종근린생활,제3종일반주거,2025
서울,강동구,둔촌동,77-34,1,6121968,520000000,84.9,2018,제2종근린생활,제2종일반주거,2025
서울,강동구,둔촌동,79-23,2,6713949,564000000,83.9,2007,기타,제2종일반주거,2026
서울,강동구,둔촌동,89,1,12057387,395000000,32.8,,제2종근린생활,제2종일반주거,2025
서울,강동구,명일동,1**,1,5130084,2800000000,545.8,1987,제2종근린생활,제2종일반주거,2025
서울,강동구,명일동,15,6,15349034,182500000,12.5,1984,판매,제3종일반주거,2025
서울,강동구,명일동,2**,2,7291434,2725000000,387.8,1986,기타,제2종일반주거,2026
서울,강동구,명일동,257,4,8608853,256000000,35.5,1985,제1종근린생활,제3종일반주거,2026
서울,강동구,명일동,260-1,1,4261364,30000000,7.0,,제1종근린생활,제3종일반주거,2026
서울,강동구,명일동,270,7,21196581,620000000,20.5,1984,제2종근린생활,제3종일반주거,2026
서울,강동구,명일동,28,3,8987179,70100000,7.8,1985,제1종근린생활,제3종일반주거,2024
서울,강동구,명일동,3**,5,7204611,4900000000,967.4,2006,제2종근린생활,제3종일반주거,2026
서울,강동구,명일동,306-7,1,792593,5350000,6.8,1984,판매,제3종일반주거,2026
서울,강동구,명일동,309-4,3,4909180,300000000,45.6,1981,제2종근린생활,제3종일반주거,2026
서울,강동구,명일동,324-1,2,9645062,750000000,77.8,1983,제1종근린생활,제3종일반주거,2024
서울,강동구,명일동,326-11,1,22918258,600000000,26.2,1981,제1종근린생활,제3종일반주거,2026
서울,강동구,명일동,334-1,1,8583691,220000000,25.6,1983,제1종근린생활,제3종일반주거,2025
서울,강동구,명일동,339-22,1,9582864,340000000,35.5,2018,제1종근린생활,제2종일반주거,2024
서울,강동구,명일동,344-15,1,2857716,570000000,199.5,2004,제2종근린생활,제2종일반주거,2024
서울,강동구,명일동,347-3,3,4870130,75000000,14.7,1985,판매,제3종일반주거,2026
서울,강동구,명일동,4*,2,12969714,10405765000,809.5,2006,제1종근린생활,일반상업,2026
서울,강동구,명일동,41,2,17283951,280000000,16.2,1987,제1종근린생활,제3종일반주거,2026
서울,강동구,명일동,44,1,8974359,210000000,23.4,1986,제1종근린생활,제3종일반주거,2026
서울,강동구,명일동,46-2,1,20586914,5500000000,267.2,2020,제2종근린생활,일반상업,2024
서울,강동구,명일동,46-3,2,17794098,699250000,40.7,2021,업무,일반상업,2025
서울,강동구,명일동,47,4,9588529,515000000,45.2,1992,제2종근린생활,일반상업,2026
서울,강동구,명일동,47-1,2,4821771,157500000,32.4,1997,업무,일반상업,2026
서울,강동구,명일동,47-12,1,7473545,565000000,75.6,1994,제1종근린생활,일반상업,2026
서울,강동구,명일동,47-4,2,3156583,402500000,141.4,1991,제2종근린생활,일반상업,2026
서울,강동구,명일동,48,3,13447867,550000000,33.8,1992,판매,일반상업,2026
서울,강동구,명일동,48-12,3,5388889,485000000,90.0,1995,제2종근린생활,일반상업,2026
서울,강동구,명일동,48-13,6,5131245,397500000,85.6,2004,교육연구,일반상업,2026
서울,강동구,명일동,8*,2,5159774,1540000000,278.1,1987,제2종근린생활,제2종일반주거,2026
서울,강동구,명일동,9*,1,5879971,3050000000,518.7,1987,제1종근린생활,제2종일반주거,2025
서울,강동구,상일동,1**,2,2232240,53875000,467.8,1986,기타,제2종일반주거,2024
서울,강동구,상일동,2**,1,4723164,4000000000,846.9,1990,제1종근린생활,제2종일반주거,2025
서울,강동구,상일동,501,19,6639752,718150000,108.2,2013,제2종근린생활,준주거,2025
서울,강동구,상일동,513,2,20638117,350000000,17.1,2019,제1종근린생활,제2종일반주거,2025
서울,강동구,상일동,519,10,16840802,853700000,50.5,2020,제1종근린생활,제2종일반주거,2026
서울,강동구,상일동,554-38,1,7312723,246000000,33.6,2024,제2종근린생활,제2종일반주거,2025
서울,강동구,상일동,559,2,7290464,265300000,36.4,2024,제2종근린생활,제2종일반주거,2026
서울,강동구,성내동,1**,4,7534772,1820000000,286.2,1992,제1종근린생활,제2종일반주거,2026
서울,강동구,성내동,111-64,1,8223684,400000000,48.6,2003,제1종근린생활,제3종일반주거,2025
서울,강동구,성내동,12-15,2,6558415,237000000,36.1,2017,제2종근린생활,제3종일반주거,2026
서울,강동구,성내동,163-16,2,4061896,294000000,72.4,1996,업무,근린상업,2025
서울,강동구,성내동,174-58,1,7680492,350000000,45.6,2022,제2종근린생활,제2종일반주거,2025
서울,강동구,성내동,25-1,3,4297521,156000000,36.3,2006,판매,제3종일반주거,2026
서울,강동구,성내동,287-13,1,6663141,252000000,37.8,2003,기타,제2종일반주거,2026
서울,강동구,성내동,288-11,1,5040824,284000000,56.3,2002,제1종근린생활,제2종일반주거,2026
서울,강동구,성내동,3**,5,15163002,3200000000,153.0,1990,제1종근린생활,제3종일반주거,2025
서울,강동구,성내동,320-23,1,4252029,330000000,77.6,2003,제2종근린생활,제3종일반주거,2025
서울,강동구,성내동,38-21,1,5687878,1440000000,253.2,1998,제2종근린생활,제2종일반주거,2026
서울,강동구,성내동,4*,1,21568310,86185890000,3996.0,1992,제1종근린생활,일반상업,2025
서울,강동구,성내동,4**,6,7234303,5800000000,680.6,1984,제1종근린생활,제2종일반주거,2026
서울,강동구,성내동,416,4,8856877,727500000,92.7,1980,제1종근린생활,제3종일반주거,2026
서울,강동구,성내동,421-22,2,10746685,616000000,57.3,2016,제2종근린생활,제2종일반주거,2025
서울,강동구,성내동,428-2,2,4903116,2355000000,785.8,2003,판매,제3종일반주거,2025
서울,강동구,성내동,429-2,1,18861454,550000000,29.2,1980,제1종근린생활,제3종일반주거,2026
서울,강동구,성내동,439-15,1,11784512,1400000000,118.8,2003,제1종근린생활,제3종일반주거,2025
서울,강동구,성내동,440,1,11631514,1500000000,129.0,1990,제1종근린생활,제3종일반주거,2026
서울,강동구,성내동,443-21,1,9457010,2400000000,253.8,2001,제1종근린생활,제2종일반주거,2025
서울,강동구,성내동,448-18,1,9615385,500000000,52.0,2002,제1종근린생활,제3종일반주거,2026
서울,강동구,성내동,449-13,22,37293767,1400540000,36.9,1981,제2종근린생활,제3종일반주거,2025
서울,강동구,성내동,449-15,1,8693492,350000000,40.3,1980,제1종근린생활,제3종일반주거,2025
서울,강동구,성내동,452-2,2,2199282,12250000,5.6,1996,제1종근린생활,제3종일반주거,2026
서울,강동구,성내동,454,21,3058943,51450000,15.8,2014,제2종근린생활,제2종일반주거,2026
서울,강동구,성내동,459-9,2,4166667,77500000,18.6,1995,제1종근린생활,제3종일반주거,2026
서울,강동구,성내동,460-1,9,4687500,267780000,51.7,1999,교육연구,제3종일반주거,2026
서울,강동구,성내동,464-31,1,10338542,397000000,38.4,2019,제1종근린생활,제2종일반주거,2026
서울,강동구,성내동,468-6,2,3793123,295000000,77.8,1999,제2종근린생활,제3종일반주거,2025
서울,강동구,성내동,5*,2,34066731,180000000,5.3,1961,제1종근린생활,근린상업,2025
서울,강동구,성내동,5**,9,6985449,3000000000,531.0,1998,제2종근린생활,제2종일반주거,2026
서울,강동구,성내동,547,3,9667674,320000000,33.1,1983,제2종근린생활,제3종일반주거,2026
서울,강동구,성내동,549-5,1,15321536,710000000,46.3,2018,제1종근린생활,제3종일반주거,2026
서울,강동구,성내동,556-2,1,5037116,190000000,37.7,2005,제2종근린생활,제2종일반주거,2024
서울,강동구,성내동,610,6,9319899,195000000,19.8,2024,업무,일반상업,2025
서울,강동구,성내동,64-13,1,10720730,1010000000,94.2,2007,판매,일반상업,2025
서울,강동구,암사동,2**,1,5286666,1515000000,286.6,,제2종근린생활,개발제한구역,2025
서울,강동구,암사동,4**,11,4819575,3600000000,689.3,1991,제1종근린생활,제2종일반주거,2026
서울,강동구,암사동,400-5,3,3813559,90000000,23.6,2004,제2종근린생활,제3종일반주거,2024
서울,강동구,암사동,413-3,1,5713449,195000000,34.1,2007,제1종근린생활,제3종일반주거,2026
서울,강동구,암사동,414-18,7,20020020,600000000,29.7,2008,판매,제3종일반주거,2026
서울,강동구,암사동,438,1,1131824,51000000,45.1,2009,제2종근린생활,제2종일반주거,2024
서울,강동구,암사동,446-16,1,4590314,200000000,43.6,1980,제1종근린생활,제3종일반주거,2026
서울,강동구,암사동,446-6,1,5007852,287000000,57.3,2008,제1종근린생활,제3종일반주거,2026
서울,강동구,암사동,451-14,1,3276366,370000000,112.9,1980,제2종근린생활,제3종일반주거,2024
서울,강동구,암사동,455-9,1,3754266,220000000,58.6,2019,제2종근린생활,제2종일반주거,2024
서울,강동구,암사동,480-1,6,1304280,17500000,16.3,1981,판매,제2종일반주거,2026
서울,강동구,암사동,496-21,1,6367925,135000000,21.2,2008,제2종근린생활,제2종일반주거,2026
서울,강동구,암사동,5**,4,4242175,6050000000,1351.6,1991,제1종근린생활,제3종일반주거,2026
서울,강동구,암사동,501-4,3,7531760,93000000,12.8,1999,판매,준주거,2025
서울,강동구,암사동,502-15,2,6059292,342350000,56.5,2021,제2종근린생활,준주거,2025
서울,강동구,암사동,502-6,1,7360406,435000000,59.1,2004,제1종근린생활,준주거,2026
서울,강동구,암사동,503-23,2,21592026,965000000,65.9,2005,제1종근린생활,준주거,2026
서울,강동구,암사동,508,1,4082915,195000000,47.8,2002,업무,제3종일반주거,2025
서울,강동구,암사동,509,7,4115226,40000000,9.7,2002,제1종근린생활,제3종일반주거,2026
서울,강동구,암사동,510-22,1,6093315,700000000,114.9,1978,제1종근린생활,제2종일반주거,2025
서울,강동구,암사동,511-3,1,1920932,155000000,80.7,1978,제1종근린생활,제2종일반주거,2025
서울,강동구,암사동,516-23,1,4047976,54000000,13.3,2008,제2종근린생활,제2종일반주거,2024
서울,강동구,암사동,675,3,4996741,230000000,46.0,2019,제1종근린생활,준주거,2026
서울,강동구,천호동,1*,1,5037295,1999000000,396.8,1985,제1종근린생활,제3종일반주거,2026
서울,강동구,천호동,1**,3,7035901,3900000000,554.3,1993,제2종근린생활,일반상업,2026
서울,강동구,천호동,151-2,1,3563596,130000000,36.5,1997,업무,제3종일반주거,2024
서울,강동구,천호동,164-70,1,6763285,140000000,20.7,2013,제1종근린생활,일반상업,2025
서울,강동구,천호동,166-4,3,4638834,350000000,75.4,1971,제2종근린생활,일반상업,2025
서울,강동구,천호동,167-32,1,2935421,30000000,10.2,2022,제1종근린생활,제2종일반주거,2025
서울,강동구,천호동,167-73,1,10812425,362000000,33.5,2020,제1종근린생활,준주거,2024
서울,강동구,천호동,167-89,4,6570154,294540000,44.8,2000,숙박,준주거,2025
서울,강동구,천호동,168-6,2,3486111,25100000,7.2,1990,제1종근린생활,제3종일반주거,2026
서울,강동구,천호동,169-12,1,13653846,355000000,26.0,2019,제1종근린생활,준주거,2025
서울,강동구,천호동,19-1,1,5802139,54250000,9.4,1985,제1종근린생활,제3종일반주거,2026
서울,강동구,천호동,2**,20,3891051,167500000,41.1,1992,업무,준주거,2026
서울,강동구,천호동,207-19,1,6228532,272000000,43.7,,제1종근린생활,제2종일반주거,2026
서울,강동구,천호동,210-14,1,10234542,240000000,23.4,2023,제1종근린생활,제2종일반주거,2024
서울,강동구,천호동,217-132,1,2377256,245000000,103.1,2000,제1종근린생활,제3종일반주거,2026
서울,강동구,천호동,223-2,1,5082592,200000000,39.4,2016,업무,제2종일반주거,2025
서울,강동구,천호동,223-4,2,4321301,85000000,19.7,2018,제2종근린생활,제2종일반주거,2025
서울,강동구,천호동,25-32,3,3289032,242000000,74.5,2011,제2종근린생활,제3종일반주거,2026
서울,강동구,천호동,274-2,5,7139457,900000000,126.1,2022,제1종근린생활,제2종일반주거,2026
서울,강동구,천호동,290-17,1,6051437,240000000,39.7,2021,제2종근린생활,제2종일반주거,2025
서울,강동구,천호동,290-32,1,5739210,250000000,43.6,2014,제2종근린생활,제2종일반주거,2026
서울,강동구,천호동,3*,1,6106749,7700000000,1260.9,1991,제1종근린생활,제3종일반주거,2025
서울,강동구,천호동,3**,8,8969457,4500000000,594.1,1991,제1종근린생활,제2종일반주거,2026
서울,강동구,천호동,302-1,2,6233382,301500000,48.5,2021,제1종근린생활,제2종일반주거,2024
서울,강동구,천호동,324-29,1,10032103,500000000,49.8,2022,제1종근린생활,제2종일반주거,2025
서울,강동구,천호동,325-9,2,3377882,182500000,52.5,2008,제2종근린생활,제2종일반주거,2026
서울,강동구,천호동,33-15,1,2638987,150000000,56.8,2022,제1종근린생활,제2종일반주거,2026
서울,강동구,천호동,331-9,1,13024036,466000000,35.8,2019,제2종근린생활,제2종일반주거,2026
서울,강동구,천호동,332-19,1,5760670,220000000,38.2,2018,제2종근린생활,제3종일반주거,2026
서울,강동구,천호동,337-146,1,9437751,94000000,10.0,2022,제2종근린생활,제2종일반주거,2026
서울,강동구,천호동,337-56,2,9266972,222500000,24.0,2017,제1종근린생활,제2종일반주거,2026
서울,강동구,천호동,339-4,1,5291402,275100000,52.0,2021,제2종근린생활,제2종일반주거,2024
서울,강동구,천호동,361-14,2,6956522,120000000,17.2,2016,제2종근린생활,제3종일반주거,2025
서울,강동구,천호동,39-19,1,2181025,60000000,27.5,2016,제2종근린생활,제2종일반주거,2025
서울,강동구,천호동,397-26,1,23010096,980000000,42.6,2023,제1종근린생활,제2종일반주거,2025
서울,강동구,천호동,4*,2,4252411,2800000000,658.4,1975,제2종근린생활,제2종일반주거,2025
서울,강동구,천호동,4**,7,24407179,6000000000,584.2,1992,숙박,일반상업,2026
서울,강동구,천호동,401-5,1,5424063,192500000,35.5,2015,제1종근린생활,제2종일반주거,2026
서울,강동구,천호동,414,1,10255089,398000000,38.8,2004,제1종근린생활,일반상업,2025
서울,강동구,천호동,425-3,4,7916940,592195000,73.0,2015,제1종근린생활,일반상업,2025
서울,강동구,천호동,425-5,5,11633333,442310000,27.4,2007,판매,일반상업,2026
서울,강동구,천호동,427-3,2,2828130,425000000,113.2,2008,제2종근린생활,일반상업,2026
서울,강동구,천호동,431-5,4,12197979,866670000,68.3,2004,제1종근린생활,일반상업,2026
서울,강동구,천호동,447-17,1,7704645,2450000000,318.0,2015,업무,일반상업,2024
서울,강동구,천호동,447-3,15,3945372,120000000,29.1,2004,업무,일반상업,2026
서울,강동구,천호동,449-49,3,2929688,60000000,20.5,1994,업무,일반상업,2026
서울,강동구,천호동,450,3,11748999,88000000,7.5,2007,제2종근린생활,일반상업,2026
서울,강동구,천호동,450-38,1,11397720,760000000,66.7,2003,제1종근린생활,일반상업,2025
서울,강동구,천호동,453-19,13,9363296,50000000,4.8,2003,판매,일반상업,2026
서울,강동구,천호동,53-21,1,3431186,90000000,26.2,2012,제2종근린생활,제2종일반주거,2026
서울,강동구,천호동,564,1,4822117,225000000,46.7,1998,제1종근린생활,준주거,2025
서울,강동구,천호동,565,3,4206349,53000000,21.2,1999,판매,일반상업,2025
서울,강동구,천호동,571,2,10801979,525000000,49.3,2017,제2종근린생활,일반상업,2026
서울,강북구,미아동,1**,12,5929158,1850000000,356.4,1982,제1종근린생활,제3종일반주거,2026
서울,강북구,미아동,1***,3,7663126,1010000000,131.8,2002,제2종근린생활,제2종일반주거,2026
서울,강북구,미아동,1351,1,2008813,1860000000,925.9,1996,제1종근린생활,제3종일반주거,2025
서울,강북구,미아동,1353,4,6954844,107500000,20.2,2004,제2종근린생활,제3종일반주거,2025
서울,강북구,미아동,1353-5,3,16450216,380000000,23.1,2004,제1종근린생활,제3종일반주거,2026
서울,강북구,미아동,1354-5,2,3826517,58500000,16.6,2004,제1종근린생활,제3종일반주거,2026
서울,강북구,미아동,1357-4,1,6646772,245000000,36.9,2003,제2종근린생활,제3종일반주거,2025
서울,강북구,미아동,1357-5,2,3559975,142500000,40.2,2003,제1종근린생활,제3종일반주거,2025
서울,강북구,미아동,1369,1,10828212,370000000,34.2,2019,제2종근린생활,제2종일반주거,2024
서울,강북구,미아동,160-3,1,15537709,445000000,28.6,2014,제1종근린생활,일반상업,2025
서울,강북구,미아동,2**,4,5077073,1890000000,247.6,1982,제1종근린생활,제2종일반주거,2026
서울,강북구,미아동,228-6,1,5396050,265000000,49.1,2002,제1종근린생활,제2종일반주거,2025
서울,강북구,미아동,3**,3,5728518,4800000000,941.2,1982,제2종근린생활,제3종일반주거,2026
서울,강북구,미아동,3-802,6,5381755,376305000,69.9,1995,제2종근린생활,제2종일반주거,2025
서울,강북구,미아동,312-6,1,3787879,65000000,17.2,2008,제2종근린생활,제2종일반주거,2024
서울,강북구,미아동,317-8,2,4848236,238000000,49.1,2016,제2종근린생활,제3종일반주거,2025
서울,강북구,미아동,35-4,12,8454472,32500000,3.9,2007,판매,일반상업,2026
서울,강북구,미아동,4**,1,11865524,5400000000,455.1,1980,제1종근린생활,준주거,2025
서울,강북구,미아동,403-27,1,5290131,320000000,60.5,1973,제1종근린생활,제2종일반주거,2025
서울,강북구,미아동,5*,2,7557023,3335000000,551.2,1980,제2종근린생활,제2종일반주거,2025
서울,강북구,미아동,6**,3,8014730,1380000000,184.7,1983,제2종근린생활,제3종일반주거,2025
서울,강북구,미아동,688-5,2,5999359,1575000000,276.4,1971,제1종근린생활,준주거,2024
서울,강북구,미아동,7*,2,6474809,631500000,98.3,1974,제2종근린생활,준주거,2025
서울,강북구,미아동,7**,2,5176314,4255000000,828.8,1976,제2종근린생활,제3종일반주거,2025
서울,강북구,미아동,701-3,2,3973741,155000000,39.0,1971,판매,준주거,2026
서울,강북구,미아동,754-92,1,4138514,98000000,23.7,2008,제2종근린생활,제2종일반주거,2025
서울,강북구,미아동,776-121,1,3546099,160000000,45.1,2015,제1종근린생활,제2종일반주거,2025
서울,강북구,미아동,777-6,1,1832720,259000000,141.3,1980,제2종근린생활,제3종일반주거,2025
서울,강북구,미아동,791-1233,1,2165752,75000000,34.6,2008,제2종근린생활,제2종일반주거,2024
서울,강북구,미아동,791-1344,1,3512881,150000000,42.7,2019,제1종근린생활,제2종일반주거,2026
서울,강북구,미아동,791-1716,1,1006543,60000000,59.6,2008,제1종근린생활,제2종일반주거,2025
서울,강북구,미아동,791-1717,1,1800180,60000000,33.3,2008,제1종근린생활,제2종일반주거,2024
서울,강북구,미아동,791-2806,1,1383604,80000000,57.8,2019,제1종근린생활,제2종일반주거,2025
서울,강북구,미아동,8**,2,6288379,2801000000,447.8,1992,제2종근린생활,준주거,2024
서울,강북구,미아동,80-44,2,8874659,253000000,28.5,2022,제2종근린생활,제2종일반주거,2024
서울,강북구,미아동,812,1,10542169,350000000,33.2,2010,제2종근린생활,제3종일반주거,2026
서울,강북구,번동,1**,2,3351828,2072500000,625.1,1998,제1종근린생활,제2종일반주거,2025
서울,강북구,번동,229-9,1,3348214,37500000,11.2,1991,제1종근린생활,제2종일반주거,2025
서울,강북구,번동,234-2,2,4318467,137500000,31.8,1991,제1종근린생활,제3종일반주거,2025
서울,강북구,번동,242-1,1,6499328,145000000,22.3,1991,교육연구,제3종일반주거,2024
서울,강북구,번동,242-4,2,7891416,210000000,28.5,1991,제1종근린생활,제3종일반주거,2025
서울,강북구,번동,242-5,1,12248744,390000000,31.8,1991,제1종근린생활,제3종일반주거,2026
서울,강북구,번동,4**,10,4652725,3250000000,665.1,1989,제1종근린생활,일반상업,2026
서울,강북구,번동,413-19,1,3769330,117000000,31.0,2014,제2종근린생활,제2종일반주거,2025
서울,강북구,번동,418-1,1,2324211,1420000000,611.0,1996,업무,일반상업,2025
서울,강북구,번동,418-3,1,14462081,410000000,28.4,2005,업무,일반상업,2025
서울,강북구,번동,427-30,1,5910318,319630000,54.1,2018,제2종근린생활,제3종일반주거,2025
서울,강북구,번동,430-46,1,4969940,198400000,39.9,2016,제2종근린생활,제3종일반주거,2025
서울,강북구,번동,446-13,3,2417795,100000000,48.9,1991,제1종근린생활,일반상업,2026
서울,강북구,번동,455-8,1,3601879,207000000,57.5,2012,제2종근린생활,제3종일반주거,2024
서울,강북구,번동,459-81,1,5324814,100000000,18.8,2013,제1종근린생활,제2종일반주거,2025
서울,강북구,번동,470-1,2,3616299,190000000,127.4,1998,교육연구,제2종일반주거,2026
서울,강북구,번동,510-10,1,4197967,190000000,45.3,2020,제2종근린생활,제2종일반주거,2025
서울,강북구,수유동,*,4,27940056,1100000000,50.6,1980,제2종근린생활,일반상업,2025
서울,강북구,수유동,1**,11,4633221,2800000000,479.5,1991,제2종근린생활,일반상업,2026
서울,강북구,수유동,120-10,2,5052051,165000000,32.7,2023,제2종근린생활,제2종일반주거,2025
서울,강북구,수유동,169-4,1,6530257,300000000,45.9,2012,제1종근린생활,제2종일반주거,2025
서울,강북구,수유동,172-99,1,3290676,90000000,27.4,2017,제2종근린생활,제2종일반주거,2026
서울,강북구,수유동,2**,8,5109707,1850000000,346.5,2000,제1종근린생활,제2종일반주거,2026
서울,강북구,수유동,223-7,1,15202703,450000000,29.6,2020,제2종근린생활,준주거,2025
서울,강북구,수유동,224-15,2,3823422,875000000,228.6,2005,판매,준주거,2025
서울,강북구,수유동,229-2,1,1806046,230000000,127.4,1990,제2종근린생활,일반상업,2024
서울,강북구,수유동,229-49,3,4532400,545000000,111.4,2005,제2종근린생활,일반상업,2026
서울,강북구,수유동,229-50,1,5217391,210000000,40.2,2005,제1종근린생활,일반상업,2025
서울,강북구,수유동,23-57,2,8552632,260000000,30.4,2024,제1종근린생활,제2종일반주거,2025
서울,강북구,수유동,252-87,1,562746,50000000,88.8,2019,제2종근린생활,제2종일반주거,2025
서울,강북구,수유동,270-180,1,2412451,186000000,77.1,1971,제1종근린생활,제2종일반주거,2025
서울,강북구,수유동,279-76,1,3825780,130000000,34.0,2017,제2종근린생활,준주거,2026
서울,강북구,수유동,290-4,1,3600000,90000000,25.0,2015,제2종근린생활,제2종일반주거,2025
서울,강북구,수유동,291-158,1,4423928,230000000,52.0,2018,제1종근린생활,제2종일반주거,2025
서울,강북구,수유동,291-225,1,3626220,130000000,35.8,2017,제2종근린생활,제2종일반주거,2025
서울,강북구,수유동,296-23,1,4784418,253000000,52.9,2023,제2종근린생활,제2종일반주거,2026
서울,강북구,수유동,3**,2,3171743,1625000000,510.9,1995,제2종근린생활,제2종일반주거,2026
서울,강북구,수유동,30-3,1,3603604,176000000,48.8,2003,제1종근린생활,제3종일반주거,2024
서울,강북구,수유동,308-12,1,3245582,90000000,27.7,2008,제2종근린생활,제2종일반주거,2025
서울,강북구,수유동,32-8,1,3815629,125000000,32.8,2008,제2종근린생활,제2종일반주거,2024
서울,강북구,수유동,322-19,1,3773946,197000000,52.2,2016,제1종근린생활,제3종일반주거,2026
서울,강북구,수유동,4*,4,5166465,2080385000,406.3,1988,제1종근린생활,일반상업,2026
서울,강북구,수유동,4**,14,3962264,1082500000,299.8,1994,기타,제2종일반주거,2026
서울,강북구,수유동,410-57,2,2804233,132500000,47.2,2016,제2종근린생활,제2종일반주거,2025
서울,강북구,수유동,410-80,1,6006006,280000000,46.6,2018,제1종근린생활,제2종일반주거,2026
서울,강북구,수유동,443-29,1,3664224,110000000,30.0,2008,제2종근린생활,제2종일반주거,2025
서울,강북구,수유동,449-6,1,1283697,40000000,31.2,2017,제2종근린생활,제2종일반주거,2026
서울,강북구,수유동,45-63,1,5796354,337000000,58.1,2022,제2종근린생활,일반상업,2025
서울,강북구,수유동,45-88,2,3721943,81750000,21.9,2001,업무,일반상업,2025
서울,강북구,수유동,473-9,2,5017240,160000000,32.4,2020,제1종근린생활,제2종일반주거,2024
서울,강북구,수유동,478-3,1,2880461,120000000,41.7,2022,제1종근린생활,제2종일반주거,2025
서울,강북구,수유동,484-4,1,4255319,160000000,37.6,2017,제2종근린생활,제2종일반주거,2025
서울,강북구,수유동,5*,3,11286565,2180000000,236.6,1970,제1종근린생활,제3종일반주거,2026
서울,강북구,수유동,5**,6,5775721,5500000000,871.7,2004,교육연구,제1종일반주거,2026
서울,강북구,수유동,50-19,1,4101151,253000000,61.7,2009,제1종근린생활,일반상업,2024
서울,강북구,수유동,51-64,1,2480510,70000000,28.2,1988,제2종근린생활,일반상업,2024
서울,강북구,수유동,511-13,1,3472714,98000000,28.2,2013,제1종근린생활,제2종일반주거,2026
서울,강북구,수유동,553-61,6,1828260,90000000,51.8,1992,제2종근린생활,제2종일반주거,2026
서울,강북구,수유동,560-41,1,3314146,190000000,57.3,2016,제2종근린생활,제2종일반주거,2026
서울,강북구,수유동,63,13,1611111,15000000,9.0,1998,판매,일반상업,2026
서울,강북구,수유동,695-16,1,5125041,311500000,60.8,1996,제1종근린생활,제2종일반주거,2025
서울,강북구,수유동,706-8,2,2301357,95000000,41.3,2008,제2종근린생활,제2종일반주거,2025
서울,강북구,수유동,733,1,3616704,97000000,26.8,2014,제2종근린생활,일반상업,2025
서울,강북구,수유동,741,1,8938148,250000000,28.0,2022,판매,제2종일반주거,2025
서울,강북구,수유동,9*,1,11137370,4100000000,368.1,1968,제2종근린생활,일반상업,2025
서울,강북구,수유동,9-14,1,5437409,225000000,41.4,2016,제2종근린생활,제2종일반주거,2025
서울,강북구,수유동,92-8,5,15354856,706710000,47.1,2021,제2종근린생활,일반상업,2025
서울,강북구,수유동,95-7,1,4038462,210000000,52.0,2005,업무,일반상업,2026
서울,강북구,우이동,1*,1,7290239,3565000000,489.0,1985,제2종근린생활,제2종일반주거,2024
서울,강북구,우이동,346,34,12280363,167500000,14.1,2021,숙박,자연녹지,2026
서울,강서구,가양동,1**,2,4704507,225425000,75.9,1984,제2종근린생활,준공업,2025
서울,강서구,가양동,1***,8,3953435,343000000,275.6,1993,제2종근린생활,제3종일반주거,2026
서울,강서구,가양동,1460,1,2147766,50000000,23.3,1993,제2종근린생활,제3종일반주거,2025
서울,강서구,가양동,1461,1,2489251,1870000000,751.2,1992,교육연구,제3종일반주거,2026
서울,강서구,가양동,1479-4,9,1958359,41000000,23.7,1995,제2종근린생활,일반상업,2026
서울,강서구,가양동,1479-6,1,4949406,450000000,90.9,,제2종근린생활,일반상업,2025
서울,강서구,가양동,1480-5,1,3869048,117000000,30.2,2002,업무,일반상업,2025
서울,강서구,가양동,1481,2,3966712,102500000,26.1,1992,제2종근린생활,제3종일반주거,2026
서울,강서구,가양동,1488,2,2151589,220000000,102.2,2000,제1종근린생활,제3종일반주거,2025
서울,강서구,가양동,1490,2,4700624,122500000,26.4,1993,제2종근린생활,제3종일반주거,2026
서울,강서구,가양동,1498,3,5737646,800000000,78.7,2013,제1종근린생활,준공업,2025
서울,강서구,가양동,194-2,3,11093183,275000000,109.5,2014,제1종근린생활,준공업,2025
서울,강서구,가양동,448-11,1,11023965,253000000,23.0,2018,제1종근린생활,준공업,2024
서울,강서구,가양동,449-4,1,5692675,715000000,125.6,2012,제2종근린생활,준공업,2026
서울,강서구,개화동,5**,1,6723066,778800000,115.8,1981,제1종근린생활,개발제한구역,2024
서울,강서구,공항동,*,1,17401392,4500000000,258.6,2002,제2종근린생활,제2종일반주거,2025
서울,강서구,공항동,1*,1,8211041,470000000,57.2,2024,제2종근린생활,제2종일반주거,2025
서울,강서구,공항동,1***,6,3230144,1575000000,347.7,2002,제1종근린생활,제2종일반주거,2026
서울,강서구,공항동,1377,2,6130049,214000000,34.9,2018,제2종근린생활,제3종일반주거,2025
서울,강서구,공항동,1398,6,9342183,601730000,64.4,2024,제2종근린생활,제3종일반주거,2025
서울,강서구,공항동,22-4,4,2405585,113700000,42.3,2004,제1종근린생활,제2종일반주거,2026
서울,강서구,공항동,3**,1,6761325,1200000000,177.5,1990,제1종근린생활,제2종일반주거,2025
서울,강서구,공항동,4*,10,34061626,2838050000,63.9,1967,제1종근린생활,근린상업,2025
서울,강서구,공항동,5*,2,5878295,11675000000,1986.1,1981,제1종근린생활,제3종일반주거,2025
서울,강서구,공항동,52-6,2,4915187,176000000,36.0,2016,제2종근린생활,제2종일반주거,2025
서울,강서구,공항동,6**,1,5360071,1700000000,317.2,2020,제1종근린생활,제2종일반주거,2025
서울,강서구,공항동,8-5,1,12000897,936670000,78.0,2024,제2종근린생활,제3종일반주거,2025
서울,강서구,내발산동,6**,2,4783459,930000000,328.5,1985,제2종근린생활,제3종일반주거,2026
서울,강서구,내발산동,670-16,2,4509835,282000000,62.5,2001,제1종근린생활,제3종일반주거,2026
서울,강서구,내발산동,689-1,1,11262040,456000000,40.5,2009,제2종근린생활,제2종일반주거,2024
서울,강서구,내발산동,704-20,1,4560657,150000000,32.9,2008,제1종근린생활,제2종일반주거,2026
서울,강서구,내발산동,709-10,1,5219985,280000000,53.6,2018,제2종근린생활,제2종일반주거,2026
서울,강서구,내발산동,709-23,1,4199894,79000000,18.8,2017,제2종근린생활,제2종일반주거,2025
서울,강서구,내발산동,718-20,1,6898854,620000000,89.9,2019,제1종근린생활,제2종일반주거,2025
서울,강서구,내발산동,750,4,3577259,438000000,122.6,2008,기타,근린상업,2025
서울,강서구,내발산동,750-11,2,2980818,565000000,189.6,2008,제2종근린생활,근린상업,2026
서울,강서구,내발산동,750-12,1,14003897,575000000,41.1,2008,제1종근린생활,근린상업,2025
서울,강서구,내발산동,750-5,2,3136955,615000000,196.0,2008,기타,근린상업,2025
서울,강서구,내발산동,750-7,1,2701809,245000000,90.7,2008,제2종근린생활,근린상업,2026
서울,강서구,내발산동,753,1,3119800,150000000,48.1,2008,제2종근린생활,제3종일반주거,2025
서울,강서구,내발산동,754-2,1,6790123,220000000,32.4,2009,제1종근린생활,준주거,2025
서울,강서구,등촌동,5**,8,15603280,4200000000,354.7,1980,제2종근린생활,제3종일반주거,2026
서울,강서구,등촌동,511-3,1,4333418,850000000,196.2,2024,제1종근린생활,제3종일반주거,2025
서울,강서구,등촌동,568-30,1,4721670,190000000,40.2,2015,제2종근린생활,제2종일반주거,2025
서울,강서구,등촌동,574-1,1,3532321,100000000,28.3,2016,제2종근린생활,제2종일반주거,2026
서울,강서구,등촌동,6**,10,6618234,4550000000,731.5,1998,제2종근린생활,준공업,2026
서울,강서구,등촌동,63-12,1,12147842,470000000,38.7,2008,제2종근린생활,준공업,2026
서울,강서구,등촌동,631,1,4523312,390000000,86.2,2004,제2종근린생활,준공업,2026
서울,강서구,등촌동,636-5,1,4101509,149500000,36.4,2016,제2종근린생활,준공업,2024
서울,강서구,등촌동,636-54,2,3411029,180000000,52.8,2010,제2종근린생활,준공업,2025
서울,강서구,등촌동,637,11,5528894,290000000,60.0,2007,기타,준공업,2026
서울,강서구,등촌동,637-10,2,3630862,48000000,13.2,1980,판매,준공업,2025
서울,강서구,등촌동,637-14,1,4979515,158000000,31.7,2012,제2종근린생활,준공업,2025
서울,강서구,등촌동,639-8,1,14282005,550000000,38.5,,제2종근린생활,준공업,2024
서울,강서구,등촌동,641-11,3,2324380,90000000,38.7,1995,업무,준공업,2026
서울,강서구,등촌동,648-11,1,17151163,590000000,34.4,2020,제1종근린생활,준주거,2025
서울,강서구,등촌동,649-14,1,10378510,170000000,16.4,2004,제2종근린생활,준주거,2025
서울,강서구,등촌동,651-12,4,4427919,327350000,73.9,2022,제2종근린생활,제3종일반주거,2025
서울,강서구,등촌동,654-26,1,1730299,72240000,41.8,2022,제2종근린생활,제2종일반주거,2025
서울,강서구,등촌동,655-27,1,8288530,370000000,44.6,1995,제2종근린생활,제3종일반주거,2024
서울,강서구,등촌동,656-28,1,5212306,205000000,39.3,2015,제2종근린생활,일반상업,2025
서울,강서구,등촌동,656-58,3,4078483,185000000,42.0,2018,업무,일반상업,2025
서울,강서구,등촌동,660-5,2,3171005,125000000,39.4,2003,제2종근린생활,제3종일반주거,2026
서울,강서구,등촌동,662-3,4,2881563,702440000,243.8,1997,기타,제2종일반주거,2025
서울,강서구,등촌동,669-1,12,4947134,302500000,55.2,2003,기타,제3종일반주거,2026
서울,강서구,등촌동,673-6,4,7368500,405000000,55.0,2003,제2종근린생활,제3종일반주거,2025
서울,강서구,등촌동,682-2,2,4887459,622500000,218.1,1997,제2종근린생활,준주거,2025
서울,강서구,등촌동,696,10,3402899,132500000,38.3,1995,제2종근린생활,준주거,2026
서울,강서구,등촌동,696-1,1,2612785,600000000,229.6,1995,제2종근린생활,준주거,2025
서울,강서구,등촌동,697-1,2,1726497,52500000,24.2,1995,제2종근린생활,준주거,2025
서울,강서구,등촌동,698-1,10,3658168,103500000,26.6,1995,교육연구,준주거,2026
서울,강서구,등촌동,699-2,5,2696078,100000000,36.7,1996,제2종근린생활,준주거,2026
서울,강서구,등촌동,7**,1,6005521,848400000,141.3,1994,제1종근린생활,준공업,2026
서울,강서구,등촌동,700,4,2869229,64650000,25.0,1997,제1종근린생활,준주거,2026
서울,강서구,등촌동,701,1,9367681,400000000,42.7,1994,제2종근린생활,제3종일반주거,2026
서울,강서구,등촌동,717,39,5472629,205000000,38.4,2006,교육연구,준공업,2026
서울,강서구,등촌동,726,1,15695849,900000000,57.3,2022,제2종근린생활,일반상업,2025
서울,강서구,등촌동,75-3,16,8779116,1311600000,149.4,2024,제1종근린생활,준공업,2024
서울,강서구,등촌동,849,1,22340811,258930000,11.6,,제1종근린생활,준공업,2026
서울,강서구,마곡동,1***,2,6985775,11758100000,1231.6,1990,기타,제3종일반주거,2026
서울,강서구,마곡동,7**,5,4941902,19975000000,5734.6,2018,교육연구,준공업,2026
서울,강서구,마곡동,717,1,3703704,320000000,86.4,2005,제1종근린생활,준공업,2025
서울,강서구,마곡동,723-2,3,6929106,194500000,28.1,1999,제2종근린생활,제3종일반주거,2025
서울,강서구,마곡동,739-1,10,4701584,494600000,95.2,2016,제1종근린생활,일반상업,2026
서울,강서구,마곡동,739-3,5,5006105,615000000,81.9,2015,기타,일반상업,2025
서울,강서구,마곡동,743-4,1,6897671,850000000,123.2,2014,업무,준주거,2025
서울,강서구,마곡동,744,2,6855634,370000000,57.9,2021,판매,용도미지정,2025
서울,강서구,마곡동,746-1,1,5756316,180000000,31.3,2016,제2종근린생활,준주거,2025
서울,강서구,마곡동,747,3,5440817,245000000,45.0,2016,업무,준주거,2025
서울,강서구,마곡동,757,30,6776587,215000000,32.4,2017,업무,일반상업,2026
서울,강서구,마곡동,757-2,7,6156357,322500000,44.3,2017,업무,일반상업,2026
서울,강서구,마곡동,757-3,9,5270092,160000000,30.4,2017,업무,일반상업,2026
서울,강서구,마곡동,757-5,8,6529268,286000000,44.3,2017,업무,일반상업,2026
서울,강서구,마곡동,758-2,2,16829435,418000000,23.6,2016,제2종근린생활,일반상업,2025
서울,강서구,마곡동,759,4,5932473,300000000,49.2,2017,업무,일반상업,2026
서울,강서구,마곡동,759-1,32,7453026,249500000,35.6,2017,업무,일반상업,2026
서울,강서구,마곡동,759-3,3,5533854,255000000,46.1,2017,업무,일반상업,2025
서울,강서구,마곡동,760,1,13758146,380000000,27.6,2017,판매,일반상업,2025
서울,강서구,마곡동,767,23,12340079,20911760000,1694.6,2024,업무,일반상업,2025
서울,강서구,마곡동,767-4,4,12565968,1116600000,49.3,2024,업무,일반상업,2026
서울,강서구,마곡동,768-2,5,7935093,500000000,60.8,2017,제2종근린생활,일반상업,2026
서울,강서구,마곡동,771-3,2,5549253,210000000,37.8,2019,업무,준공업,2026
서울,강서구,마곡동,771-4,1,3338392,220000000,65.9,2018,제2종근린생활,준공업,2024
서울,강서구,마곡동,772-5,3,5675369,600000000,119.7,2017,제2종근린생활,일반상업,2025
서울,강서구,마곡동,773,4,6839945,150000000,21.9,2017,제2종근린생활,일반상업,2026
서울,강서구,마곡동,773-1,2,13200143,562500000,44.4,2016,제2종근린생활,일반상업,2025
서울,강서구,마곡동,773-2,1,6707808,1000000000,149.1,2015,제2종근린생활,일반상업,2025
서울,강서구,마곡동,774,3,4792961,302340000,63.1,2016,제1종근린생활,준공업,2026
서울,강서구,마곡동,774-1,7,7631161,240000000,34.1,2019,업무,일반상업,2026
서울,강서구,마곡동,774-2,25,1857585,60000000,48.4,2018,업무,일반상업,2026
서울,강서구,마곡동,774-3,21,5831299,220000000,36.3,2018,업무,일반상업,2026
서울,강서구,마곡동,774-4,5,4586200,280000000,60.5,2016,업무,일반상업,2026
서울,강서구,마곡동,774-9,4,4785406,161000000,34.1,2017,업무,일반상업,2026
서울,강서구,마곡동,776,1,20572875,1300000000,63.2,2019,제2종근린생활,일반상업,2025
서울,강서구,마곡동,777-5,1,5614407,265000000,47.2,2018,제2종근린생활,준공업,2025
서울,강서구,마곡동,779,2,12913589,1111860000,86.1,2024,업무,준공업,2026
서울,강서구,마곡동,779-1,12,7824381,616170000,78.8,2025,업무,준공업,2025
서울,강서구,마곡동,782,6,6304859,321500000,50.0,2020,제2종근린생활,준공업,2026
서울,강서구,마곡동,782-3,6,29515019,923660000,31.6,2025,제2종근린생활,준공업,2026
서울,강서구,마곡동,783-2,486,7067639,74495000,10.5,2026,업무,준공업,2026
서울,강서구,마곡동,784,2,13467592,676775000,50.0,2015,제1종근린생활,준주거,2026
서울,강서구,마곡동,784-3,1,20263425,600000000,29.6,2016,제1종근린생활,준주거,2025
서울,강서구,마곡동,784-4,1,3469916,364480000,105.0,2015,제2종근린생활,준주거,2025
서울,강서구,마곡동,791-7,2,9573618,675000000,70.5,2020,제1종근린생활,준공업,2026
서울,강서구,마곡동,791-9,1,12057971,208000000,17.2,2020,제1종근린생활,준공업,2026
서울,강서구,마곡동,792-9,1,7257773,6230000000,858.4,2017,교육연구,준공업,2025
서울,강서구,마곡동,793-3,1,13592946,370000000,27.2,2015,제1종근린생활,준주거,2026
서울,강서구,마곡동,793-9,1,20945220,780000000,37.2,2015,제1종근린생활,준주거,2026
서울,강서구,마곡동,794,5,5315686,458850000,86.3,2015,제1종근린생활,일반상업,2026
서울,강서구,마곡동,794-1,3,5692168,520000000,92.7,2017,제2종근린생활,일반상업,2026
서울,강서구,마곡동,795-6,1,8064516,60000000,7.4,2017,제2종근린생활,일반상업,2025
서울,강서구,마곡동,796-3,1,6509646,550000000,84.5,2016,제1종근린생활,준공업,2026
서울,강서구,마곡동,797,4,8725071,227500000,35.1,2019,기타,일반상업,2026
서울,강서구,마곡동,797-1,9,6800078,330000000,46.2,2017,업무,일반상업,2026
서울,강서구,마곡동,797-11,19,5656109,107000000,17.7,2015,숙박,일반상업,2026
서울,강서구,마곡동,797-12,14,6890716,146500000,20.7,2017,숙박,일반상업,2026
서울,강서구,마곡동,797-14,3,33659731,900000000,32.7,2016,제1종근린생활,일반상업,2025
서울,강서구,마곡동,797-7,3,4529703,220000000,58.0,2018,업무,일반상업,2026
서울,강서구,마곡동,797-9,4,29833901,1700000000,57.0,2018,제2종근린생활,일반상업,2024
서울,강서구,마곡동,798-11,2,9716599,360000000,37.0,2019,업무,준주거,2026
서울,강서구,마곡동,798-12,2,9515869,397500000,41.8,2019,제2종근린생활,준주거,2026
서울,강서구,마곡동,798-14,2,8852803,422500000,47.7,2019,업무,준주거,2025
서울,강서구,마곡동,798-17,42,9655172,481500000,42.0,2020,제2종근린생활,준주거,2025
서울,강서구,마곡동,798-2,8,8071525,487500000,62.2,2019,업무,일반상업,2026
서울,강서구,마곡동,798-3,8,7417582,485000000,60.1,2019,업무,일반상업,2026
서울,강서구,마곡동,798-4,7,14462478,900000000,49.9,2019,제1종근린생활,준주거,2026
서울,강서구,마곡동,798-5,11,6035732,220000000,35.5,2019,업무,준주거,2026
서울,강서구,마곡동,798-6,1,5031606,199000000,39.6,2019,업무,준주거,2026
서울,강서구,마곡동,798-9,1,6896552,198000000,28.7,2020,업무,준주거,2026
서울,강서구,마곡동,799-1,3,6676136,375000000,41.8,2018,업무,일반상업,2026
서울,강서구,마곡동,799-11,24,6520533,247500000,36.1,2019,업무,준주거,2026
서울,강서구,마곡동,799-16,3,5521137,303000000,54.9,2019,업무,준주거,2026
서울,강서구,마곡동,799-17,11,23256042,929990000,44.6,2019,제2종근린생활,준주거,2026
서울,강서구,마곡동,799-2,1,24861878,450000000,18.1,2019,제2종근린생활,일반상업,2026
서울,강서구,마곡동,799-3,3,5083714,167000000,32.8,2019,업무,일반상업,2026
서울,강서구,마곡동,799-4,4,8161719,328500000,28.8,2019,업무,일반상업,2026
서울,강서구,마곡동,799-5,3,6052632,184000000,30.4,2019,업무,준주거,2025
서울,강서구,마곡동,799-6,12,9578816,336650000,37.4,2019,업무,준주거,2026
서울,강서구,마곡동,799-7,2,6042889,222500000,36.8,2019,업무,준주거,2026
서울,강서구,마곡동,799-9,7,7705319,237330000,34.3,2019,업무,준주거,2025
서울,강서구,마곡동,8**,1,9210522,27000000000,2931.4,2020,교육연구,준공업,2026
서울,강서구,마곡동,800,2,6531714,242000000,37.0,2019,제1종근린생활,준공업,2025
서울,강서구,마곡동,800-1,16,5844968,250000000,42.6,2018,업무,일반상업,2026
서울,강서구,마곡동,800-15,11,6051330,166600000,25.9,2019,제2종근린생활,준공업,2026
서울,강서구,마곡동,800-3,2,4699533,163500000,34.8,2018,업무,일반상업,2025
서울,강서구,마곡동,800-4,17,5693069,230000000,40.4,2018,업무,일반상업,2026
서울,강서구,마곡동,800-5,3,6293902,309660000,49.2,2018,업무,일반상업,2026
서울,강서구,마곡동,801-1,12,5500550,220000000,40.4,2018,업무,일반상업,2026
서울,강서구,방화동,1**,1,3392701,1202000000,354.3,2009,제2종근린생활,자연녹지,2025
서울,강서구,방화동,2**,1,5155421,680000000,131.9,1982,제2종근린생활,제3종일반주거,2024
서울,강서구,방화동,247-19,1,3086420,150000000,48.6,2016,제2종근린생활,제3종일반주거,2024
서울,강서구,방화동,249-153,1,26802218,1450000000,54.1,2020,제1종근린생활,제2종일반주거,2024
서울,강서구,방화동,249-303,1,3025719,140000000,46.3,2016,제2종근린생활,제3종일반주거,2025
서울,강서구,방화동,256-2,1,9627728,300000000,31.2,2022,제1종근린생활,제3종일반주거,2025
서울,강서구,방화동,281-35,2,6481481,98000000,15.1,2013,제1종근린생활,제3종일반주거,2024
서울,강서구,방화동,285-26,4,4198966,97500000,23.2,2022,제2종근린생활,제2종일반주거,2025
서울,강서구,방화동,285-28,1,4689655,68000000,14.5,2011,제1종근린생활,제2종일반주거,2026
서울,강서구,방화동,448-36,1,6034194,180000000,29.8,2016,제2종근린생활,제2종일반주거,2026
서울,강서구,방화동,450-15,1,4516129,840000000,186.0,2005,제1종근린생활,제2종일반주거,2026
서울,강서구,방화동,5**,4,8480434,1715000000,230.5,1994,제1종근린생활,제2종일반주거,2026
서울,강서구,방화동,567-4,5,2810116,140000000,49.8,2004,판매,제2종일반주거,2026
서울,강서구,방화동,579-1,1,17857143,700000000,39.2,1984,제1종근린생활,제2종일반주거,2024
서울,강서구,방화동,590-14,1,5027422,220000000,43.8,2015,제2종근린생활,제2종일반주거,2024
서울,강서구,방화동,6**,11,7141400,1400000000,196.0,1985,제1종근린생활,제2종일반주거,2026
서울,강서구,방화동,606-37,1,3364954,188000000,55.9,2015,제2종근린생활,제2종일반주거,2025
서울,강서구,방화동,612-147,1,9248885,331850000,35.9,2021,제1종근린생활,준주거,2024
서울,강서구,방화동,619-5,1,6476684,200000000,30.9,2016,제1종근린생활,근린상업,2026
서울,강서구,방화동,647-16,1,3391473,140000000,41.3,2017,제2종근린생활,제2종일반주거,2024
서울,강서구,방화동,817,1,3861556,135000000,35.0,1993,제2종근린생활,제3종일반주거,2025
서울,강서구,방화동,829,3,3066667,69000000,22.5,2002,업무,준주거,2025
서울,강서구,방화동,829-4,5,3785104,170000000,40.6,1997,제2종근린생활,준주거,2026
서울,강서구,방화동,829-5,9,2978407,80000000,26.9,1999,업무,준주거,2025
서울,강서구,방화동,830,1,3777778,85000000,22.5,2001,업무,준주거,2025
서울,강서구,방화동,830-1,2,6340357,163500000,26.2,1999,업무,준주거,2025
서울,강서구,방화동,830-3,1,2039984,150000000,73.5,2003,업무,준주거,2026
서울,강서구,방화동,849,4,3811181,252500000,67.0,2003,제2종근린생활,준주거,2026
서울,강서구,방화동,862,1,6223329,175000000,28.1,1999,제1종근린생활,제3종일반주거,2025
서울,강서구,염창동,2**,12,4701898,11150000000,2032.4,1994,제1종근린생활,준공업,2026
서울,강서구,염창동,242-10,3,3940887,400000000,101.5,2002,제2종근린생활,준공업,2025
서울,강서구,염창동,267,4,6216313,990010000,159.3,1995,제2종근린생활,준공업,2025
서울,강서구,염창동,271-9,1,4051383,246000000,60.7,2009,제2종근린생활,준공업,2024
서울,강서구,염창동,274-18,1,51046452,2000000000,39.2,2020,제1종근린생활,준주거,2024
서울,강서구,외발산동,2**,1,13598658,3000000000,220.6,2000,제2종근린생활,제1종일반주거,2025
서울,강서구,화곡동,1**,1,12491981,3700000000,296.2,1996,제1종근린생활,일반상업,2026
서울,강서구,화곡동,1***,7,5957006,1080000000,210.4,1990,제2종근린생활,제2종일반주거,2026
서울,강서구,화곡동,1007-5,1,5121785,225000000,43.9,2012,제2종근린생활,제2종일반주거,2025
서울,강서구,화곡동,1008-26,2,7789176,1575000000,184.8,2000,교육연구,제2종일반주거,2026
서울,강서구,화곡동,1017-24,2,5065456,149000000,29.4,2018,제2종근린생활,제2종일반주거,2025
서울,강서구,화곡동,102-288,2,2008929,60000000,33.6,2019,제2종근린생활,제2종일반주거,2025
서울,강서구,화곡동,102-41,1,2808660,240000000,85.4,2003,제1종근린생활,제2종일반주거,2025
서울,강서구,화곡동,1024-23,1,5673690,587000000,103.5,2008,제1종근린생활,제3종일반주거,2025
서울,강서구,화곡동,1037-14,1,3611457,145000000,40.2,2015,제2종근린생활,제2종일반주거,2025
서울,강서구,화곡동,1037-15,1,4024929,155000000,38.5,2015,제2종근린생활,제2종일반주거,2025
서울,강서구,화곡동,1037-26,1,4180214,180000000,43.1,2013,제2종근린생활,제2종일반주거,2025
서울,강서구,화곡동,105-123,1,3932244,65000000,16.5,2010,제2종근린생활,제2종일반주거,2025
서울,강서구,화곡동,1051-1,2,13525827,835000000,108.3,2013,제2종근린생활,일반상업,2024
서울,강서구,화곡동,1065-4,1,1322812,290000000,219.2,2019,제2종근린생활,일반상업,2026
서울,강서구,화곡동,1066-17,1,3009731,133000000,44.2,,제2종근린생활,제3종일반주거,2025
서울,강서구,화곡동,1079-35,1,2999017,61000000,20.3,2008,제2종근린생활,제2종일반주거,2025
서울,강서구,화곡동,1081-30,1,5322688,160000000,30.1,2014,제1종근린생활,제2종일반주거,2025
서울,강서구,화곡동,1104-14,2,3258991,134500000,41.3,2011,제2종근린생활,제3종일반주거,2024
서울,강서구,화곡동,1107,2,2983941,222500000,74.9,1991,제1종근린생활,일반상업,2026
서울,강서구,화곡동,1116-5,2,10492881,270000000,46.2,2020,제1종근린생활,일반상업,2026
서울,강서구,화곡동,1120-2,1,6329114,235000000,37.1,2016,제2종근린생활,제2종일반주거,2025
서울,강서구,화곡동,1130-7,1,9230769,150000000,16.2,,판매,제1종일반주거,2025
서울,강서구,화곡동,1145,1,3971256,210000000,52.9,2003,교육연구,제3종일반주거,2024
서울,강서구,화곡동,1162,1,4468275,200000000,44.8,2013,제2종근린생활,제3종일반주거,2025
서울,강서구,화곡동,1165-1,17,5003348,418430000,83.6,2015,제1종근린생활,제3종일반주거,2024
서울,강서구,화곡동,1170,1,8586967,900000000,104.8,,제1종근린생활,제3종일반주거,2026
서울,강서구,화곡동,1176,1,5948840,100000000,16.8,2023,제1종근린생활,제1종일반주거,2025
서울,강서구,화곡동,143-6,2,5504988,130000000,23.6,2016,제1종근린생활,일반상업,2026
서울,강서구,화곡동,156-22,1,5159959,250000000,48.4,2002,제2종근린생활,제2종일반주거,2024
서울,강서구,화곡동,161-20,2,2620280,40000000,15.3,2002,제1종근린생활,제2종일반주거,2026
서울,강서구,화곡동,163-30,1,4807339,131000000,27.2,2021,제1종근린생활,제2종일반주거,2024
서울,강서구,화곡동,2*,3,4197238,2620000000,624.2,1996,숙박,일반상업,2026
서울,강서구,화곡동,24-119,1,2625298,176000000,67.0,,제2종근린생활,일반상업,2025
서울,강서구,화곡동,24-123,1,3367876,65000000,19.3,2003,제2종근린생활,일반상업,2024
서울,강서구,화곡동,24-200,1,13261001,1100000000,83.0,2022,제2종근린생활,제2종일반주거,2026
서울,강서구,화곡동,24-539,2,2519315,75000000,29.8,2011,제2종근린생활,일반상업,2026
서울,강서구,화곡동,24-619,1,1888190,51000000,27.0,,제1종근린생활,일반상업,2024
서울,강서구,화곡동,29-65,1,3174603,160000000,50.4,2010,제2종근린생활,일반상업,2025
서울,강서구,화곡동,3**,7,4962131,3800000000,326.5,1991,제1종근린생활,제2종일반주거,2025
서울,강서구,화곡동,332-11,1,2555647,155000000,60.6,2008,제2종근린생활,제2종일반주거,2024
서울,강서구,화곡동,332-42,2,3664455,155000000,42.2,2015,제2종근린생활,제2종일반주거,2026
서울,강서구,화곡동,341-65,2,47361299,1395000000,33.3,2005,제1종근린생활,일반상업,2026
서울,강서구,화곡동,342-83,1,4685408,140000000,29.9,2012,제2종근린생활,일반상업,2026
서울,강서구,화곡동,343-35,1,4332756,150000000,34.6,2015,제2종근린생활,일반상업,2025
서울,강서구,화곡동,343-45,1,2786070,140000000,50.2,2002,제1종근린생활,일반상업,2025
서울,강서구,화곡동,343-49,1,3483743,105000000,30.1,2018,제2종근린생활,일반상업,2025
서울,강서구,화곡동,343-71,2,4656716,156000000,33.5,2015,제2종근린생활,일반상업,2026
서울,강서구,화곡동,350-29,1,2010339,70000000,34.8,2008,제2종근린생활,제2종일반주거,2025
서울,강서구,화곡동,351-20,1,4106571,205000000,49.9,2018,제2종근린생활,제2종일반주거,2026
서울,강서구,화곡동,351-89,1,5319149,100000000,18.8,1988,제1종근린생활,제2종일반주거,2024
서울,강서구,화곡동,355-30,1,5640866,271100000,48.1,2021,제2종근린생활,제2종일반주거,2025
서울,강서구,화곡동,360-5,2,5104535,195000000,38.1,2017,제2종근린생활,제2종일반주거,2024
서울,강서구,화곡동,367-33,1,2530277,87750000,34.7,2011,업무,제3종일반주거,2026
서울,강서구,화곡동,367-50,1,5453020,130000000,23.8,2013,제2종근린생활,제3종일반주거,2026
서울,강서구,화곡동,371-21,1,7148865,340000000,47.6,2018,제1종근린생활,제3종일반주거,2024
서울,강서구,화곡동,372-86,1,3348554,110000000,32.8,2010,제1종근린생활,제2종일반주거,2025
서울,강서구,화곡동,382-4,1,5457909,59000000,10.8,2011,업무,제3종일반주거,2026
서울,강서구,화곡동,398-8,1,3039514,80000000,26.3,2009,제2종근린생활,제2종일반주거,2025
서울,강서구,화곡동,400-10,1,2758077,35000000,12.7,,제2종근린생활,제2종일반주거,2024
서울,강서구,화곡동,400-95,1,3598670,184000000,51.1,2012,제2종근린생활,제3종일반주거,2025
서울,강서구,화곡동,403-14,2,3327758,90000000,27.0,2017,제2종근린생활,제2종일반주거,2025
서울,강서구,화곡동,409-248,2,4102564,82500000,20.7,1987,제1종근린생활,제3종일반주거,2026
서울,강서구,화곡동,410-31,1,897666,130000000,144.8,2021,제2종근린생활,제2종일반주거,2025
서울,강서구,화곡동,424-100,1,4272591,200000000,46.8,2018,제2종근린생활,제2종일반주거,2026
서울,강서구,화곡동,425-19,1,3219990,125000000,38.8,2014,제2종근린생활,제3종일반주거,2026
서울,강서구,화곡동,425-22,4,4667983,127500000,27.3,2015,제2종근린생활,제3종일반주거,2025
서울,강서구,화곡동,457-16,1,2350729,50000000,21.3,2008,제2종근린생활,제2종일반주거,2024
서울,강서구,화곡동,479-6,1,2937853,52000000,17.7,2002,제2종근린생활,제2종일반주거,2024
서울,강서구,화곡동,480-6,1,3134519,100430000,32.0,2017,제2종근린생활,제2종일반주거,2026
서울,강서구,화곡동,5*,1,2729463,725000000,265.6,1986,제1종근린생활,제2종일반주거,2026
서울,강서구,화곡동,504-12,1,3389831,166000000,49.0,2015,제2종근린생활,제2종일반주거,2024
서울,강서구,화곡동,56-499,1,3723932,150000000,40.3,2009,제2종근린생활,제2종일반주거,2025
서울,강서구,화곡동,59-9,1,7166667,215000000,30.0,2002,제2종근린생활,제2종일반주거,2025
서울,강서구,화곡동,61-105,2,3083889,113500000,37.6,2008,제2종근린생활,제2종일반주거,2026
서울,강서구,화곡동,7**,1,13252835,4500000000,339.6,2002,제2종근린생활,제3종일반주거,2025
서울,강서구,화곡동,76-1,1,3278689,90000000,27.4,2019,제2종근린생활,제1종일반주거,2024
서울,강서구,화곡동,782-1,1,27044138,980350000,36.2,2022,기타,제3종일반주거,2025
서울,강서구,화곡동,784-18,1,4653028,232000000,49.9,2016,제2종근린생활,제2종일반주거,2025
서울,강서구,화곡동,796-8,1,3148148,68000000,21.6,,제1종근린생활,제2종일반주거,2025
서울,강서구,화곡동,8**,13,4727358,1664030000,352.0,1985,제1종근린생활,일반상업,2026
서울,강서구,화곡동,815-29,1,2935943,165000000,56.2,2003,제2종근린생활,제2종일반주거,2025
서울,강서구,화곡동,821-19,1,3299293,84000000,25.5,2008,제2종근린생활,제2종일반주거,2025
서울,강서구,화곡동,858-23,1,4581318,180000000,39.3,2012,제1종근린생활,제2종일반주거,2025
서울,강서구,화곡동,864-16,1,3751804,130000000,34.6,2014,제2종근린생활,제2종일반주거,2025
서울,강서구,화곡동,865-6,1,4515576,158000000,35.0,2017,제2종근린생활,제2종일반주거,2024
서울,강서구,화곡동,870-4,1,2885708,127000000,44.0,2012,제2종근린생활,제2종일반주거,2025
서울,강서구,화곡동,870-56,1,2544529,90000000,35.4,2008,제1종근린생활,제2종일반주거,2026
서울,강서구,화곡동,881-1,1,3269978,160000000,48.9,2014,제1종근린생활,제3종일반주거,2025
서울,강서구,화곡동,894-27,1,2004794,92000000,45.9,2011,제2종근린생활,일반상업,2025
서울,강서구,화곡동,898-1,2,6456850,652500000,101.1,2006,제1종근린생활,일반상업,2026
서울,강서구,화곡동,9*,1,12205541,1000000000,81.9,1972,제2종근린생활,제2종일반주거,2024
서울,강서구,화곡동,9**,10,5906007,2750000000,443.5,1992,제1종근린생활,일반상업,2026
서울,강서구,화곡동,900-1,3,3456221,75000000,21.7,1997,제2종근린생활,일반상업,2025
서울,강서구,화곡동,91-10,1,2971768,160000000,53.8,,제2종근린생활,제3종일반주거,2025
서울,강서구,화곡동,913-1,1,3111758,235000000,75.5,1999,업무,일반상업,2025
서울,강서구,화곡동,914-3,1,2673797,110000000,41.1,2001,제1종근린생활,일반상업,2025
서울,강서구,화곡동,916-2,1,4962312,79000000,15.9,2016,제1종근린생활,일반상업,2025
서울,강서구,화곡동,918-38,3,3516174,150000000,42.7,2016,제2종근린생활,일반상업,2025
서울,강서구,화곡동,920-5,1,3533569,70000000,19.8,2014,제2종근린생활,일반상업,2025
서울,강서구,화곡동,925-26,1,3686636,80000000,21.7,2013,제2종근린생활,일반상업,2025
서울,강서구,화곡동,937-15,2,3997933,220000000,55.4,2022,제2종근린생활,일반상업,2025
서울,강서구,화곡동,956-23,1,2130326,34000000,16.0,2001,제1종근린생활,제2종일반주거,2026
서울,강서구,화곡동,964-18,1,4740313,230000000,48.5,2019,제1종근린생활,제2종일반주거,2026
서울,강서구,화곡동,980-21,2,7743203,545500000,72.3,2005,제1종근린생활,제2종일반주거,2024
서울,강서구,화곡동,982-17,2,7403071,268500000,36.2,2009,제1종근린생활,일반상업,2026
서울,강서구,화곡동,983-3,1,3620690,105000000,29.0,2011,제2종근린생활,제3종일반주거,2025
서울,강서구,화곡동,987-10,1,3698225,150000000,40.6,2016,제2종근린생활,일반상업,2025
서울,강서구,화곡동,998-5,3,15882353,378000000,23.8,2019,제1종근린생활,일반상업,2026
서울,관악구,남현동,1***,4,9115339,18000000000,1640.9,1994,제2종근린생활,일반상업,2026
서울,관악구,남현동,1053-24,1,5330287,280000000,52.5,2021,제2종근린생활,제2종일반주거,2025
서울,관악구,남현동,1053-8,1,4701457,300000000,63.8,2015,제2종근린생활,제2종일반주거,2024
서울,관악구,남현동,1059-1,2,17737287,500000000,31.9,2002,제1종근린생활,일반상업,2025
서울,관악구,남현동,1061-18,2,9999156,267500000,26.9,2005,제2종근린생활,일반상업,2026
서울,관악구,남현동,1065-3,1,7476421,650000000,86.9,1994,제2종근린생활,제2종일반주거,2026
서울,관악구,남현동,1083-8,1,11856564,410000000,34.6,2011,제1종근린생활,제2종일반주거,2025
서울,관악구,남현동,6**,2,7034090,10600000000,1447.9,1994,제2종근린생활,일반상업,2026
서울,관악구,남현동,602-152,1,5120078,420000000,82.0,2003,제2종근린생활,제2종일반주거,2026
서울,관악구,남현동,602-17,1,8914422,450000000,50.5,2016,제2종근린생활,일반상업,2026
서울,관악구,남현동,602-181,1,4649123,106000000,22.8,1997,제2종근린생활,제2종일반주거,2025
서울,관악구,봉천동,*,1,1150748,80000000,69.5,2001,제1종근린생활,제3종일반주거,2024
서울,관악구,봉천동,1**,3,3629683,2200000000,675.0,2007,제2종근린생활,제2종일반주거,2025
서울,관악구,봉천동,1***,36,5828444,232000000,117.8,2000,제2종근린생활,제3종일반주거,2026
서울,관악구,봉천동,100-581,2,5642126,165000000,29.3,2018,제2종근린생활,제2종일반주거,2024
서울,관악구,봉천동,1000,3,3584229,50000000,14.0,1992,판매,제3종일반주거,2025
서울,관악구,봉천동,1515-8,1,2876318,180000000,62.6,2004,제2종근린생활,제2종일반주거,2024
서울,관악구,봉천동,1517-7,1,2039627,350000000,171.6,2003,제1종근린생활,제2종일반주거,2026
서울,관악구,봉천동,1522-28,1,8836790,588000000,66.5,2010,제1종근린생활,제2종일반주거,2024
서울,관악구,봉천동,1574-1,2,4273081,600000000,142.8,2007,기타,제3종일반주거,2024
서울,관악구,봉천동,1629-2,4,2435714,904445000,368.2,1999,제1종근린생활,제2종일반주거,2024
서울,관악구,봉천동,1653-10,1,4308797,360000000,83.6,2003,제1종근린생활,제3종일반주거,2026
서울,관악구,봉천동,1659-8,1,10453497,680000000,65.0,2004,판매,준주거,2026
서울,관악구,봉천동,1680-24,1,10576255,914000000,86.4,2005,제2종근린생활,준주거,2026
서울,관악구,봉천동,1686-19,1,6648936,150000000,22.6,1997,업무,준주거,2026
서울,관악구,봉천동,1703,2,2704252,54000000,18.8,2000,제1종근린생활,제3종일반주거,2025
서울,관악구,봉천동,1706,2,2353142,275000000,116.9,2000,제2종근린생활,제3종일반주거,2026
서울,관악구,봉천동,1708,11,5249450,166880000,31.8,2000,기타,제3종일반주거,2025
서울,관악구,봉천동,1712,2,6754663,149000000,19.1,2003,제1종근린생활,제3종일반주거,2026
서울,관악구,봉천동,1717-3,1,10559006,340000000,32.2,2004,제1종근린생활,제3종일반주거,2024
서울,관악구,봉천동,1718,1,9550338,240000000,25.1,2005,제2종근린생활,제3종일반주거,2025
서울,관악구,봉천동,1718-2,3,3361610,372500000,110.8,2005,제1종근린생활,제3종일반주거,2026
서울,관악구,봉천동,1718-6,2,603942,104000000,125.1,2004,제2종근린생활,제3종일반주거,2025
서울,관악구,봉천동,1729,8,3089900,159660000,50.9,2015,판매,제2종일반주거,2025
서울,관악구,봉천동,1730-4,1,7216495,287000000,39.8,2019,제2종근린생활,제3종일반주거,2025
서울,관악구,봉천동,179-58,4,1503620,10000000,6.7,1988,제1종근린생활,제2종일반주거,2026
서울,관악구,봉천동,2*,1,4406892,1330000000,301.8,1988,제1종근린생활,제2종일반주거,2025
서울,관악구,봉천동,3*,2,7711544,1660000000,212.3,1970,제1종근린생활,준주거,2025
서울,관악구,봉천동,31-1,2,3529534,45500000,10.4,1987,판매,일반상업,2026
서울,관악구,봉천동,4*,1,5681350,1380000000,242.9,,제1종근린생활,제2종일반주거,2026
서울,관악구,봉천동,41-115,1,3373016,68000000,20.2,2011,제2종근린생활,제2종일반주거,2025
서울,관악구,봉천동,463-4,11,3572708,502740000,147.4,2006,제2종근린생활,준주거,2026
서울,관악구,봉천동,464-24,1,12426482,824000000,66.3,2007,제2종근린생활,제3종일반주거,2026
서울,관악구,봉천동,468-2,5,8536585,775000000,82.0,2004,제1종근린생활,제3종일반주거,2026
서울,관악구,봉천동,470-135,1,7717462,1180000000,152.9,2003,제2종근린생활,제3종일반주거,2026
서울,관악구,봉천동,480-3,1,4807118,805000000,167.5,2002,제2종근린생활,제3종일반주거,2026
서울,관악구,봉천동,49-59,1,2640264,120000000,45.4,2005,제2종근린생활,제2종일반주거,2025
서울,관악구,봉천동,6**,1,6781751,660000000,97.3,1987,제1종근린생활,제2종일반주거,2026
서울,관악구,봉천동,63-16,1,7388463,260000000,35.2,2015,제2종근린생활,제2종일반주거,2025
서울,관악구,봉천동,635-231,1,3277154,245000000,74.8,2002,제1종근린생활,제1종일반주거,2026
서울,관악구,봉천동,7**,4,6064307,2825000000,460.2,2015,제2종근린생활,제2종일반주거,2025
서울,관악구,봉천동,713-138,1,2095423,140100000,66.9,2020,제2종근린생활,제2종일반주거,2025
서울,관악구,봉천동,729-24,8,4690049,240000000,50.3,2000,업무,일반상업,2026
서울,관악구,봉천동,8**,13,10639807,2450000000,420.1,1983,제2종근린생활,일반상업,2026
서울,관악구,봉천동,854-5,1,7953169,197000000,24.8,2022,제2종근린생활,일반상업,2025
서울,관악구,봉천동,859-17,2,14060548,852500000,63.4,2010,판매,일반상업,2026
서울,관악구,봉천동,862-1,95,4885993,30000000,5.0,2006,판매,일반상업,2026
서울,관악구,봉천동,875-1,4,1000000,6750000,7.3,1998,제2종근린생활,준주거,2026
서울,관악구,봉천동,875-7,1,3057554,85000000,27.8,1990,제2종근린생활,준주거,2026
서울,관악구,봉천동,878-7,1,6021667,36130000,6.0,2005,제1종근린생활,준주거,2025
서울,관악구,봉천동,895-21,2,14312743,550000000,38.7,2003,제2종근린생활,준주거,2024
서울,관악구,봉천동,895-4,4,5470562,59000000,11.0,2018,제2종근린생활,준주거,2025
서울,관악구,봉천동,9**,5,4387050,1950000000,444.5,1985,제2종근린생활,제3종일반주거,2026
서울,관악구,봉천동,921-35,1,5185694,680000000,131.1,2011,제2종근린생활,준주거,2025
서울,관악구,봉천동,926-1,1,8231808,250000000,30.4,1975,제2종근린생활,제3종일반주거,2025
서울,관악구,봉천동,928-1,1,11926329,395000000,33.1,1994,제2종근린생활,준주거,2024
서울,관악구,봉천동,949-18,1,3781433,200000000,52.9,,제2종근린생활,제3종일반주거,2025
서울,관악구,봉천동,972-5,3,3454690,390000000,112.9,2006,교육연구,준주거,2025
서울,관악구,신림동,1**,11,3860376,3000000000,1065.0,2002,제2종근린생활,제2종일반주거,2026
서울,관악구,신림동,1***,49,4659081,3500000000,611.8,1996,제1종근린생활,일반상업,2026
서울,관악구,신림동,107-17,1,6751955,285000000,42.2,,제2종근린생활,제2종일반주거,2024
서울,관악구,신림동,110-64,1,7145693,180000000,25.2,1975,제1종근린생활,제2종일반주거,2026
서울,관악구,신림동,110-66,1,8237986,180000000,21.8,1975,제1종근린생활,제2종일반주거,2024
서울,관악구,신림동,1421-29,3,24111675,230000000,17.5,2004,제2종근린생활,일반상업,2026
서울,관악구,신림동,1422-5,11,5217391,25000000,4.3,2004,판매,일반상업,2026
서울,관악구,신림동,1424-28,2,5283774,3512500000,700.0,1997,기타,일반상업,2026
서울,관악구,신림동,1432-19,5,9239734,99000000,9.9,2018,제2종근린생활,일반상업,2026
서울,관악구,신림동,1437-19,2,4669335,250000000,57.3,2021,제2종근린생활,준주거,2024
서울,관악구,신림동,1474-15,1,9516559,250000000,26.3,2020,제1종근린생활,일반상업,2026
서울,관악구,신림동,1523-1,5,3418803,15000000,8.8,2013,판매,준주거,2026
서울,관악구,신림동,1525-6,1,4755112,300000000,63.1,1998,업무,준주거,2024
서울,관악구,신림동,1655-15,1,9714979,320400000,33.0,2021,판매,일반상업,2026
서울,관악구,신림동,1655-17,2,11547402,476000000,41.2,2021,제1종근린생활,일반상업,2025
서울,관악구,신림동,1669-3,1,3022453,70000000,23.2,2023,제2종근린생활,제3종일반주거,2025
서울,관악구,신림동,1700,1,2740741,37000000,13.5,1996,제2종근린생활,제3종일반주거,2026
서울,관악구,신림동,1733,1,4930524,110000000,22.3,,제1종근린생활,제2종일반주거,2025
서울,관악구,신림동,1735-3,1,2013423,135000000,67.0,2008,제2종근린생활,제3종일반주거,2024
서울,관악구,신림동,1735-9,4,3085548,350000000,115.1,2007,제2종근린생활,제3종일반주거,2025
서울,관악구,신림동,1738-1,3,3725173,295000000,86.6,2009,제2종근린생활,제2종일반주거,2025
서울,관악구,신림동,2**,4,2889710,980000000,343.9,1992,제2종근린생활,제2종일반주거,2026
서울,관악구,신림동,255-189,1,2572016,50000000,19.4,1991,제1종근린생활,제2종일반주거,2026
서울,관악구,신림동,298-4,1,8552491,400000000,46.8,1983,제1종근린생활,제1종일반주거,2026
서울,관악구,신림동,389-2,2,21659267,450000000,21.2,1969,제1종근린생활,제3종일반주거,2026
서울,관악구,신림동,4**,4,4464923,3200000000,743.1,1980,제1종근린생활,제2종일반주거,2026
서울,관악구,신림동,404-1,2,3769747,472500000,125.4,1996,제2종근린생활,제2종일반주거,2026
서울,관악구,신림동,473-11,1,7583801,1000000000,131.9,2012,제1종근린생활,제2종일반주거,2025
서울,관악구,신림동,5**,9,5529370,7720740000,1999.8,1996,제1종근린생활,제3종일반주거,2026
서울,관악구,신림동,509-2,1,4235792,240000000,56.7,2014,제2종근린생활,제2종일반주거,2025
서울,관악구,신림동,514-32,1,2886201,210000000,72.8,2001,제2종근린생활,제2종일반주거,2026
서울,관악구,신림동,529-15,1,8280565,170000000,20.5,2020,제2종근린생활,일반상업,2025
서울,관악구,신림동,538-39,2,7540922,265000000,35.3,2021,제2종근린생활,일반상업,2026
서울,관악구,신림동,541,3,2861230,40000000,12.1,1978,판매,제2종일반주거,2026
서울,관악구,신림동,542-4,6,3692156,305000000,86.4,2012,제1종근린생활,제2종일반주거,2026
서울,관악구,신림동,544-11,1,3990610,306000000,76.7,2009,기타,제2종일반주거,2025
서울,관악구,신림동,561-1,2,5341880,250000000,46.8,2015,제2종근린생활,제2종일반주거,2026
서울,관악구,신림동,570-3,1,4700353,200000000,42.6,2015,제2종근린생활,제2종일반주거,2025
서울,관악구,신림동,599-21,2,4143044,95000000,22.9,2008,제2종근린생활,제2종일반주거,2025
서울,관악구,신림동,611-83,1,7083586,350000000,49.4,2023,제2종근린생활,제2종일반주거,2025
서울,관악구,신림동,635-5,1,5981202,210000000,35.1,2014,제1종근린생활,제2종일반주거,2026
서울,관악구,신림동,7**,2,5113687,1475000000,283.7,2000,제2종근린생활,제2종일반주거,2025
서울,관악구,신림동,704-20,3,4322275,228000000,52.8,2015,제1종근린생활,준주거,2026
서울,관악구,신림동,725-14,1,4478567,140000000,31.3,2014,제1종근린생활,준주거,2026
서울,관악구,신림동,725-27,1,3531649,130000000,36.8,2016,제2종근린생활,준주거,2026
서울,관악구,신림동,725-7,1,4150477,235000000,56.6,2015,제1종근린생활,준주거,2026
서울,관악구,신림동,8*,1,3562410,1580000000,443.5,2003,제2종근린생활,제2종일반주거,2025
서울,관악구,신림동,86-1,1,3226639,250000000,77.5,1998,제2종근린생활,제2종일반주거,2024
서울,관악구,신림동,9*,4,3848651,2490000000,647.0,2008,제2종근린생활,제3종일반주거,2026
서울,광진구,광장동,1**,3,15856999,1000000000,69.4,1966,제1종근린생활,제2종일반주거,2026
서울,광진구,광장동,114,12,2651163,594500000,224.2,1992,기타,준주거,2025
서울,광진구,광장동,127,1,1044101,210000000,201.1,1993,제1종근린생활,준주거,2025
서울,광진구,광장동,145-8,12,22396169,374500000,16.4,1966,판매,제2종일반주거,2026
서울,광진구,광장동,2**,2,7262643,3300000000,455.1,1999,제2종근린생활,제3종일반주거,2025
서울,광진구,광장동,248-33,1,3292764,395000000,120.0,2015,제2종근린생활,제2종일반주거,2026
서울,광진구,광장동,285-16,3,13402259,700000000,52.2,1982,제2종근린생활,제2종일반주거,2026
서울,광진구,광장동,3**,1,44433624,2500280000,56.3,2003,제2종근린생활,제3종일반주거,2026
서울,광진구,광장동,413-16,1,6085281,695000000,114.2,2017,제2종근린생활,제3종일반주거,2026
서울,광진구,광장동,470-3,1,10043889,1190000000,118.5,2008,제1종근린생활,제3종일반주거,2026
서울,광진구,광장동,484,14,3677482,90000000,15.9,1990,제1종근린생활,제3종일반주거,2026
서울,광진구,광장동,566,2,2164502,25000000,11.6,1996,제2종근린생활,제3종일반주거,2026
서울,광진구,광장동,577,2,7575758,300000000,39.6,2000,제2종근린생활,제1종일반주거,2024
서울,광진구,구의동,199-18,1,3914499,152000000,38.8,2001,제1종근린생활,준주거,2026
서울,광진구,구의동,2*,2,3743458,2140000000,565.7,1990,제1종근린생활,제1종일반주거,2026
서울,광진구,구의동,2**,9,10549944,2300000000,285.0,1986,제1종근린생활,일반상업,2026
서울,광진구,구의동,235-16,1,7772021,300000000,38.6,2020,제2종근린생활,제3종일반주거,2025
서울,광진구,구의동,235-3,2,4674335,226000000,48.7,2016,제2종근린생활,제3종일반주거,2025
서울,광진구,구의동,236-25,1,21173624,350000000,16.5,2015,제1종근린생활,준주거,2026
서울,광진구,구의동,246-14,1,6311637,160000000,25.4,2006,업무,일반상업,2024
서울,광진구,구의동,246-68,3,15744856,82290000,5.7,2019,제1종근린생활,준주거,2026
서울,광진구,구의동,251-53,6,7896248,1057500000,136.6,1983,제2종근린생활,준주거,2025
서울,광진구,구의동,252-9,1,11904762,130000000,10.9,2014,제2종근린생활,준주거,2026
서울,광진구,구의동,29-1,1,1851338,200000000,108.0,2003,제1종근린생활,제2종일반주거,2026
서울,광진구,구의동,3*,3,5541482,350000000,63.2,1983,제2종근린생활,제1종일반주거,2026
서울,광진구,구의동,47-1,1,2573808,170000000,66.0,2013,제2종근린생활,제2종일반주거,2025
서울,광진구,구의동,5**,1,2971911,13600000000,4576.2,1992,업무,제2종일반주거,2025
서울,광진구,구의동,546-11,1,6606890,420000000,63.6,2006,제2종근린생활,준주거,2025
서울,광진구,구의동,546-4,330,1174345,15000000,11.3,1998,판매,준주거,2026
서울,광진구,구의동,547,2,6157275,350000000,56.6,2004,제1종근린생활,준주거,2025
서울,광진구,구의동,547-8,1,7461182,370000000,49.6,1991,업무,준주거,2025
서울,광진구,구의동,560-7,1,4317111,220000000,51.0,2023,제2종근린생활,제1종일반주거,2026
서울,광진구,구의동,587-64,1,3429135,434780000,126.8,2020,제1종근린생활,준주거,2025
서울,광진구,구의동,589-10,7,6750807,193500000,28.6,2004,업무,준주거,2026
서울,광진구,구의동,591-22,1,8010681,180000000,22.5,2016,제1종근린생활,제2종일반주거,2026
서울,광진구,구의동,6*,2,8659997,9800000000,1025.6,1987,제2종근린생활,제3종일반주거,2026
서울,광진구,구의동,617-14,1,6742464,255000000,37.8,2019,제2종근린생활,제1종일반주거,2025
서울,광진구,구의동,631-1,6,6084039,108500000,16.6,1997,제1종근린생활,준주거,2026
서울,광진구,구의동,659,2,6408622,435000000,88.1,2005,제2종근린생활,제3종일반주거,2025
서울,광진구,구의동,66-63,2,3575857,320000000,121.7,1979,제1종근린생활,제3종일반주거,2026
서울,광진구,구의동,665,1,10380828,1750000000,168.6,2015,판매,제3종일반주거,2025
서울,광진구,구의동,667,2,13077731,747000000,57.1,2017,업무,준주거,2026
서울,광진구,구의동,671,3,9776744,168160000,17.2,2021,판매,제2종일반주거,2025
서울,광진구,구의동,76-1,2,11425960,1500000000,131.3,2017,제2종근린생활,준주거,2026
서울,광진구,군자동,1**,4,5836191,2415000000,414.0,1998,제1종근린생활,제2종일반주거,2026
서울,광진구,군자동,117-11,2,2096440,66000000,31.9,2014,제1종근린생활,제2종일반주거,2025
서울,광진구,군자동,3*,2,4728980,1450000000,306.6,1991,제2종근린생활,제2종일반주거,2025
서울,광진구,군자동,3**,8,7123606,9230000000,1420.2,2010,숙박,제3종일반주거,2026
서울,광진구,군자동,341-50,1,4054597,202000000,49.8,2019,제2종근린생활,제3종일반주거,2025
서울,광진구,군자동,349-4,1,4994451,180000000,36.0,2015,제2종근린생활,제3종일반주거,2024
서울,광진구,군자동,354-6,3,1920615,300000000,156.2,2000,제1종근린생활,제3종일반주거,2026
서울,광진구,군자동,355,2,12920127,307500000,23.8,2024,제1종근린생활,준주거,2025
서울,광진구,군자동,355-16,1,6177800,123000000,19.9,2017,제2종근린생활,제3종일반주거,2026
서울,광진구,군자동,360-20,2,5584351,119000000,21.6,2008,제2종근린생활,제3종일반주거,2026
서울,광진구,군자동,4*,1,11994080,2350000000,195.9,,제2종근린생활,제1종일반주거,2025
서울,광진구,군자동,4**,6,7872570,4650000000,587.1,1992,제1종근린생활,제3종일반주거,2026
서울,광진구,군자동,464-4,1,6150794,310000000,50.4,2016,제1종근린생활,제3종일반주거,2024
서울,광진구,군자동,473-1,2,16250773,788000000,48.5,2019,제2종근린생활,일반상업,2025
서울,광진구,군자동,473-21,1,31187123,620000000,19.9,2020,제1종근린생활,준주거,2025
서울,광진구,군자동,6*,4,4611695,4500000000,975.8,1999,제2종근린생활,제1종일반주거,2026
서울,광진구,군자동,93-22,1,4166667,85000000,20.4,2013,제2종근린생활,제2종일반주거,2026
서울,광진구,능동,1*,1,16866561,330000000000,19565.3,1975,기타,제1종전용주거,2026
서울,광진구,능동,1**,1,8080683,2620000000,324.2,2023,제2종근린생활,제1종일반주거,2026
서울,광진구,능동,2**,1,9074307,13515000000,1489.4,1980,제2종근린생활,제3종일반주거,2025
서울,광진구,능동,237-11,2,7984262,1300000000,162.8,1996,업무,제3종일반주거,2026
서울,광진구,능동,3**,2,3832050,522500000,136.4,2004,제1종근린생활,제2종일반주거,2026
서울,광진구,능동,315-21,1,6487549,198000000,30.5,2017,제1종근린생활,제2종일반주거,2026
서울,광진구,자양동,*,1,14081131,2717940000,193.0,1987,제1종근린생활,용도미지정,2025
서울,광진구,자양동,1*,1,6432164,8300000000,1290.4,1995,제2종근린생활,제2종일반주거,2025
서울,광진구,자양동,1**,1,11876856,3800000000,320.0,2020,제2종근린생활,제3종일반주거,2025
서울,광진구,자양동,12-11,3,8870215,190000000,21.4,2007,제2종근린생활,제2종일반주거,2026
서울,광진구,자양동,13-50,1,3168686,102000000,32.2,2007,제1종근린생활,제2종일반주거,2024
서울,광진구,자양동,2*,1,3546477,1000000000,282.0,2018,기타,제3종일반주거,2026
서울,광진구,자양동,2**,1,29771398,2800000000,94.0,1994,제2종근린생활,준주거,2026
서울,광진구,자양동,2-2,1,56953304,2232000000,39.2,2022,제2종근린생활,일반상업,2026
서울,광진구,자양동,2-3,1,10676641,628000000,58.8,2022,제2종근린생활,일반상업,2025
서울,광진구,자양동,219-11,1,6758151,327500000,48.5,2017,제2종근린생활,준주거,2026
서울,광진구,자양동,222-2,2,6618107,177320000,35.3,2022,제1종근린생활,제3종일반주거,2024
서울,광진구,자양동,224-12,1,7309942,150000000,20.5,2002,제1종근린생활,제3종일반주거,2026
서울,광진구,자양동,227-102,1,13422819,360000000,26.8,2019,제2종근린생활,제3종일반주거,2024
서울,광진구,자양동,227-62,1,8921744,350000000,39.2,2017,제2종근린생활,제3종일반주거,2026
서울,광진구,자양동,227-78,1,8226390,250000000,30.4,2019,제2종근린생활,제3종일반주거,2025
서울,광진구,자양동,229-13,1,6138393,220000000,35.8,2019,제2종근린생활,제2종일반주거,2025
서울,광진구,자양동,229-45,1,5044256,530000000,105.1,2022,제2종근린생활,제2종일반주거,2024
서울,광진구,자양동,230-32,1,12369792,380000000,30.7,2019,제2종근린생활,제2종일반주거,2026
서울,광진구,자양동,4*,2,10479184,1549075000,146.5,1983,제1종근린생활,제2종일반주거,2026
서울,광진구,자양동,4**,1,22996822,8900000000,387.0,1974,제2종근린생활,제3종일반주거,2025
서울,광진구,자양동,471,1,24939662,620000000,24.9,1982,제1종근린생활,제2종일반주거,2025
서울,광진구,자양동,5*,1,25235867,3290000000,130.4,1973,제1종근린생활,제2종일반주거,2026
서울,광진구,자양동,5**,5,6857731,2400000000,432.6,1988,제2종근린생활,제3종일반주거,2026
서울,광진구,자양동,5-4,3,7587253,1000000000,123.0,2019,제2종근린생활,제2종일반주거,2026
서울,광진구,자양동,507-6,1,7086614,450000000,63.5,2006,제2종근린생활,준주거,2026
서울,광진구,자양동,57-90,1,6292906,220000000,35.0,2021,제1종근린생활,제3종일반주거,2026
서울,광진구,자양동,589-7,1,6913303,555000000,80.3,2017,제2종근린생활,제2종일반주거,2025
서울,광진구,자양동,595-9,1,7070707,350000000,49.5,2015,제2종근린생활,제2종일반주거,2026
서울,광진구,자양동,596-8,1,10926119,420000000,38.4,2007,제2종근린생활,제2종일반주거,2025
서울,광진구,자양동,597,2,6031746,380000000,63.0,2023,제2종근린생활,제2종일반주거,2026
서울,광진구,자양동,6*,1,9158714,1670000000,182.3,1989,제2종근린생활,준주거,2025
서울,광진구,자양동,6**,6,6828948,4250000000,706.6,1988,제2종근린생활,제3종일반주거,2026
서울,광진구,자양동,602,2,9652295,277600000,28.8,1978,판매,제2종일반주거,2025
서울,광진구,자양동,603-11,2,11097558,165000000,14.7,2022,제2종근린생활,제2종일반주거,2025
서울,광진구,자양동,617-39,1,5403580,160000000,29.6,2017,제2종근린생활,제2종일반주거,2025
서울,광진구,자양동,643-17,1,2726034,300000000,110.0,2009,제2종근린생활,제3종일반주거,2026
서울,광진구,자양동,643-8,1,8905229,545000000,61.2,2008,제2종근린생활,제3종일반주거,2025
서울,광진구,자양동,653-24,1,2503129,60000000,24.0,2019,제1종근린생활,제2종일반주거,2026
서울,광진구,자양동,670,2,6447831,220000000,34.1,1996,제2종근린생활,제3종일반주거,2024
서울,광진구,자양동,677-7,1,9954751,440000000,44.2,,제1종근린생활,제3종일반주거,2024
서울,광진구,자양동,678-13,2,6201132,230000000,37.1,2014,제2종근린생활,제2종일반주거,2026
서울,광진구,자양동,680-6,1,7947020,300000000,37.8,2020,제1종근린생활,준주거,2026
서울,광진구,자양동,686-2,1,23801743,437000000,18.4,2016,제2종근린생활,제3종일반주거,2026
서울,광진구,자양동,686-45,4,8671688,310880000,36.1,2008,제2종근린생활,제2종일반주거,2025
서울,광진구,자양동,695,16,43914474,780000000,16.1,1983,판매,제2종일반주거,2026
서울,광진구,자양동,7**,4,6668526,5500000000,824.8,1985,제2종근린생활,제3종일반주거,2025
서울,광진구,자양동,769-29,1,8809020,250000000,28.4,2023,제1종근린생활,제3종일반주거,2025
서울,광진구,자양동,769-39,1,6724304,280000000,41.6,2019,제2종근린생활,제3종일반주거,2026
서울,광진구,자양동,771-24,1,7635329,335420000,43.9,2021,제2종근린생활,제2종일반주거,2024
서울,광진구,자양동,775-10,1,7105460,190000000,26.7,2015,제1종근린생활,제3종일반주거,2025
서울,광진구,자양동,8*,1,12907587,4010000000,310.7,2016,제2종근린생활,제2종일반주거,2024
서울,광진구,자양동,831-1,1,6308786,550000000,87.2,1997,제2종근린생활,제3종일반주거,2025
서울,광진구,자양동,834-14,2,16535433,210000000,12.7,2021,제1종근린생활,제3종일반주거,2025
서울,광진구,자양동,859,2,10961994,625000000,54.6,2017,판매,준주거,2026
서울,광진구,자양동,861,13,21666933,814460000,36.9,2021,제2종근린생활,준주거,2026
서울,광진구,중곡동,1*,1,3878474,2400000000,618.8,1987,제1종근린생활,제2종일반주거,2024
서울,광진구,중곡동,1**,12,5842658,2890000000,526.0,1982,제1종근린생활,제2종일반주거,2026
서울,광진구,중곡동,101-49,1,37414966,330000000,8.8,2016,제2종근린생활,제1종일반주거,2026
서울,광진구,중곡동,119-3,1,9818182,270000000,27.5,2025,제1종근린생활,제3종일반주거,2026
서울,광진구,중곡동,126-64,1,285334,15000000,52.6,2019,제2종근린생활,제2종일반주거,2026
서울,광진구,중곡동,133-1,1,8377214,350000000,41.8,2018,제2종근린생활,제2종일반주거,2026
서울,광진구,중곡동,147-137,1,2654517,167500000,63.1,2006,제2종근린생활,제1종일반주거,2026
서울,광진구,중곡동,157-6,1,6248502,521500000,83.5,2019,제2종근린생활,일반상업,2026
서울,광진구,중곡동,18-106,1,6509033,245000000,37.6,2017,제2종근린생활,제2종일반주거,2025
서울,광진구,중곡동,194-44,1,7173601,150000000,20.9,2017,제2종근린생활,제2종일반주거,2025
서울,광진구,중곡동,194-70,1,6662804,230000000,34.5,2017,제2종근린생활,제2종일반주거,2026
서울,광진구,중곡동,2**,2,872576,126000000,144.4,1970,제1종근린생활,제2종일반주거,2025
서울,광진구,중곡동,229-2,2,9668743,202500000,20.9,2020,제1종근린생활,제2종일반주거,2026
서울,광진구,중곡동,231-1,1,1953774,1000000000,511.8,,제2종근린생활,제2종일반주거,2025
서울,광진구,중곡동,288-4,1,1282991,70000000,54.6,2013,제2종근린생활,제1종일반주거,2025
서울,광진구,중곡동,3*,2,4817398,4671075000,919.8,1986,제2종근린생활,제2종일반주거,2026
서울,광진구,중곡동,3**,1,5820106,2420000000,415.8,1984,제1종근린생활,제2종일반주거,2026
서울,광진구,중곡동,31-21,1,7885305,220000000,27.9,2014,제2종근린생활,제2종일반주거,2026
서울,광진구,중곡동,33-37,1,7169193,350000000,48.8,2015,제2종근린생활,제2종일반주거,2026
서울,광진구,중곡동,5**,2,6009950,4488000000,755.6,1984,제2종근린생활,제2종일반주거,2026
서울,광진구,중곡동,50-29,1,5973121,120000000,20.1,,제2종근린생활,제2종일반주거,2026
서울,광진구,중곡동,51-8,1,7897918,117600000,14.9,2009,제2종근린생활,제2종일반주거,2026
서울,광진구,중곡동,548-9,1,5837503,245000000,42.0,2016,제2종근린생활,제2종일반주거,2025
서울,광진구,중곡동,6**,3,5379960,7600000000,767.8,1988,제1종근린생활,제2종일반주거,2026
서울,광진구,중곡동,648-14,2,6323685,195000000,43.6,2015,제2종근린생활,일반상업,2025
서울,광진구,중곡동,690-1,1,4190476,132000000,31.5,2021,제2종근린생활,제2종일반주거,2026
서울,광진구,중곡동,70-6,1,3392967,220000000,64.8,2015,제1종근린생활,제1종일반주거,2024
서울,광진구,중곡동,76-19,1,8333333,80000000,9.6,2019,제2종근린생활,제1종일반주거,2025
서울,광진구,중곡동,89-9,2,3676675,124285000,44.1,1996,제1종근린생활,제2종일반주거,2025
서울,광진구,중곡동,9*,1,4524068,3000000000,663.1,1983,숙박,제2종일반주거,2026
서울,광진구,중곡동,92-3,1,8145818,1010000000,124.0,2002,제2종근린생활,제2종일반주거,2025
서울,광진구,중곡동,93-13,10,12820859,743725000,55.7,2025,제2종근린생활,준주거,2025
서울,광진구,중곡동,93-44,1,18563358,1150000000,62.0,2025,제1종근린생활,제3종일반주거,2025
서울,광진구,중곡동,93-9,1,5773536,490000000,84.9,1998,제1종근린생활,제3종일반주거,2026
서울,광진구,중곡동,94-31,1,4913464,335000000,68.2,2015,제2종근린생활,제2종일반주거,2026
서울,광진구,중곡동,94-33,1,4823826,345000000,71.5,2015,제2종근린생활,제2종일반주거,2025
서울,광진구,화양동,*,5,18212197,5450000000,299.2,1992,제2종근린생활,일반상업,2026
서울,광진구,화양동,1*,3,9919438,120000000000,12097.5,1980,업무,제2종일반주거,2026
서울,광진구,화양동,110-37,1,4392881,195000000,44.4,1999,업무,준주거,2026
서울,광진구,화양동,111-37,2,11331920,920000000,80.5,2022,제1종근린생활,준주거,2025
서울,광진구,화양동,116-2,4,4831525,292530000,64.4,2019,제2종근린생활,일반상업,2025
서울,광진구,화양동,174,2,34459752,1478670000,42.9,2023,제2종근린생활,일반상업,2026
서울,광진구,화양동,19-39,1,3560127,90000000,25.3,2012,제2종근린생활,준주거,2026
서울,광진구,화양동,193,2,18281774,1062500000,54.5,2020,제1종근린생활,일반상업,2025
서울,광진구,화양동,2*,3,7768947,37000000000,4762.6,2000,숙박,일반상업,2025
서울,광진구,화양동,4*,1,15200171,7100000000,467.1,1994,제1종근린생활,제2종일반주거,2024
서울,광진구,화양동,4**,4,4807616,6518390000,1101.6,1989,제2종근린생활,제3종일반주거,2026
서울,광진구,화양동,527,4,8394727,216500000,25.8,2005,업무,준주거,2026
서울,광진구,화양동,532,3,10021714,600000000,59.9,2021,제2종근린생활,제3종일반주거,2025
서울,광진구,화양동,7-3,26,7013201,216000000,30.3,2006,업무,일반상업,2026
서울,구로구,가리봉동,1**,1,4218870,990000000,234.7,2020,숙박,준공업,2025
서울,구로구,가리봉동,125-1,2,1948687,110900000,56.9,2016,제2종근린생활,제2종일반주거,2024
서울,구로구,가리봉동,127-11,52,7670159,1225000000,161.9,2025,제1종근린생활,준공업,2026
서울,구로구,가리봉동,137-4,1,2750159,130000000,47.3,2006,제1종근린생활,준공업,2025
서울,구로구,가리봉동,87-225,1,4180214,180000000,43.1,2016,제1종근린생활,제3종일반주거,2026
서울,구로구,개봉동,107,4,6383264,105000000,16.4,2011,제2종근린생활,제2종일반주거,2026
서울,구로구,개봉동,171-2,1,8176578,269500000,33.0,2024,제2종근린생활,준주거,2025
서울,구로구,개봉동,179-11,3,18394117,3977360000,216.2,2025,제1종근린생활,준주거,2026
서울,구로구,개봉동,203-15,2,6410256,515000000,80.3,1980,제1종근린생활,준주거,2025
서울,구로구,개봉동,203-7,1,4925502,800000000,162.4,2013,제1종근린생활,준주거,2026
서울,구로구,개봉동,274-3,1,4901961,120000000,24.5,1997,제1종근린생활,제1종일반주거,2026
서울,구로구,개봉동,3**,2,6606977,4707800000,944.5,1972,제2종근린생활,제3종일반주거,2026
서울,구로구,개봉동,316-11,1,2066698,88000000,42.6,2019,제2종근린생활,제2종일반주거,2025
서울,구로구,개봉동,33-35,3,3285714,23000000,7.0,2018,제2종근린생활,제2종일반주거,2026
서울,구로구,개봉동,345-13,1,5301794,195000000,36.8,1993,제1종근린생활,제2종일반주거,2024
서울,구로구,개봉동,347-10,1,3774824,230000000,60.9,2021,제2종근린생활,제3종일반주거,2026
서울,구로구,개봉동,361-1,2,1612227,52000000,39.3,1993,제1종근린생활,제2종일반주거,2026
서울,구로구,개봉동,361-2,2,3527337,220000000,62.4,2012,제2종근린생활,제2종일반주거,2025
서울,구로구,개봉동,4**,4,7769239,3190000000,417.3,1984,숙박,제3종일반주거,2026
서울,구로구,개봉동,403-86,6,1864079,286440000,71.9,2021,제2종근린생활,제3종일반주거,2025
서울,구로구,개봉동,476,1,2666667,60000000,22.5,1999,제1종근린생활,준공업,2025
서울,구로구,개봉동,478,2,10348106,272500000,26.6,2000,제2종근린생활,제3종일반주거,2025
서울,구로구,개봉동,501,1,5775253,480270000,83.2,2024,제2종근린생활,제3종일반주거,2026
서울,구로구,개봉동,503,2,13775323,877240000,66.7,2025,제1종근린생활,준주거,2026
서울,구로구,개봉동,68-247,2,3398010,67500000,20.3,2012,제1종근린생활,제2종일반주거,2026
서울,구로구,고척동,1**,2,3888535,1500000000,376.7,1991,기타,제2종일반주거,2025
서울,구로구,고척동,103-4,28,11333333,210000000,18.0,1986,제1종근린생활,준공업,2026
서울,구로구,고척동,141-1,1,1277139,60000000,47.0,1989,제1종근린생활,준공업,2026
서울,구로구,고척동,145-52,1,2419703,168000000,69.4,2014,제2종근린생활,제2종일반주거,2024
서울,구로구,고척동,161-62,1,4034172,170000000,42.1,2014,제2종근린생활,제2종일반주거,2024
서울,구로구,고척동,171-7,1,4812650,140000000,29.1,2018,제2종근린생활,제3종일반주거,2026
서울,구로구,고척동,186-5,24,2836603,399060000,131.5,2018,제2종근린생활,준공업,2025
서울,구로구,고척동,2**,1,7657695,936000000,122.2,2004,제2종근린생활,제2종일반주거,2025
서울,구로구,고척동,250-131,1,3131115,80000000,25.6,2018,제1종근린생활,제2종일반주거,2025
서울,구로구,고척동,269-1,11,1097046,13000000,11.8,1993,판매,제2종일반주거,2026
서울,구로구,고척동,3*,1,2798677,6000000000,2143.9,2002,기타,준공업,2025
서울,구로구,고척동,331,1,5361305,207000000,38.6,2001,제2종근린생활,제1종일반주거,2026
서울,구로구,고척동,50-71,1,4003371,570000000,142.4,2009,제2종근린생활,준공업,2025
서울,구로구,고척동,51-17,3,1792410,78400000,43.7,1980,제2종근린생활,준공업,2024
서울,구로구,고척동,7*,3,9830611,660000000,66.1,1973,제2종근린생활,준공업,2026
서울,구로구,고척동,73-3,78,739899,6250000,8.5,1998,판매,준공업,2026
서울,구로구,고척동,75-1,159,1867139,62090000,32.2,1998,업무,준공업,2026
서울,구로구,고척동,76-63,1,2231821,310000000,138.9,1991,제2종근린생활,준공업,2025
서울,구로구,고척동,83-6,5,5068995,180000000,32.3,1992,판매,준공업,2026
서울,구로구,고척동,9*,1,3136435,120000000,38.3,1995,제1종근린생활,제2종일반주거,2026
서울,구로구,고척동,92-11,2,4748341,102500000,20.4,,제1종근린생활,준공업,2025
서울,구로구,고척동,92-8,5,907441,15000000,16.5,1984,제2종근린생활,준공업,2026
서울,구로구,고척동,94-8,1,12020793,370000000,30.8,1984,판매,준공업,2025
서울,구로구,구로동,1**,3,5993513,3400000000,491.5,2003,제1종근린생활,제3종일반주거,2026
서울,구로구,구로동,1***,5,3297699,6400000000,1743.6,2010,제2종근린생활,준공업,2026
서울,구로구,구로동,104-10,1,2186444,110000000,50.3,1994,업무,일반상업,2024
서울,구로구,구로동,106-4,2,2924607,196500000,67.2,1993,업무,일반상업,2026
서울,구로구,구로동,106-9,4,2517869,73000000,27.5,1989,업무,일반상업,2025
서울,구로구,구로동,107,4,3064460,83750000,26.5,1989,업무,일반상업,2025
서울,구로구,구로동,107-7,9,3246753,87000000,26.2,1989,업무,일반상업,2026
서울,구로구,구로동,107-8,3,2925707,81000000,26.2,1989,업무,일반상업,2026
서울,구로구,구로동,108,1,2761341,140000000,50.7,1999,업무,일반상업,2024
서울,구로구,구로동,110-4,1,1824913,1400000000,767.2,1997,기타,일반상업,2025
서울,구로구,구로동,110-5,2,3586510,239000000,66.7,2004,업무,일반상업,2025
서울,구로구,구로동,110-8,1,4666188,130000000,27.9,,업무,일반상업,2026
서울,구로구,구로동,111-29,1,2832861,110000000,38.8,2016,업무,제3종일반주거,2025
서울,구로구,구로동,1128-3,1,1355969,250000000,184.4,,제2종근린생활,준공업,2025
서울,구로구,구로동,1256,3,3470667,310000000,89.3,1992,제1종근린생활,준공업,2026
서울,구로구,구로동,1258,223,6836248,140000000,18.9,1996,판매,준공업,2026
서울,구로구,구로동,1260,1,12138728,420000000,34.6,,제2종근린생활,준공업,2025
서울,구로구,구로동,1262,4,2701525,62000000,20.9,1998,제1종근린생활,준공업,2025
서울,구로구,구로동,1263,1,8173077,170000000,20.8,1999,제1종근린생활,제3종일반주거,2025
서울,구로구,구로동,1272,1,5588235,190000000,34.0,2003,제1종근린생활,준공업,2025
서울,구로구,구로동,170-13,1,5184332,450000000,86.8,2009,제2종근린생활,준공업,2024
서울,구로구,구로동,182-4,2,5166372,1055440000,210.9,2007,업무,준공업,2026
서울,구로구,구로동,187-10,5,3967066,530000000,133.6,2005,교육연구,준공업,2025
서울,구로구,구로동,197-10,1,4218107,574000000,136.1,2004,제2종근린생활,준공업,2025
서울,구로구,구로동,197-28,6,5017129,500000000,83.6,2005,제1종근린생활,준공업,2026
서울,구로구,구로동,197-33,1,4118333,1200000000,291.4,2004,제1종근린생활,준공업,2024
서울,구로구,구로동,197-5,1,1810151,250000000,138.1,2007,제2종근린생활,준공업,2026
서울,구로구,구로동,212-1,1,4811153,1270000000,264.0,2003,제1종근린생활,준공업,2026
서울,구로구,구로동,212-13,2,4198548,582500000,138.2,2004,제2종근린생활,준공업,2026
서울,구로구,구로동,212-16,1,3310345,1200000000,362.5,2002,제2종근린생활,준공업,2025
서울,구로구,구로동,212-30,1,4304273,1100000000,255.6,2003,업무,준공업,2025
서울,구로구,구로동,212-8,12,3404255,160000000,47.0,2005,기타,준공업,2026
서울,구로구,구로동,222-12,1,3767330,500000000,132.7,,제2종근린생활,준공업,2026
서울,구로구,구로동,222-8,2,6631300,775000000,109.8,2006,제2종근린생활,준공업,2026
서울,구로구,구로동,235-2,1,3365530,1000000000,297.1,2005,제2종근린생활,준공업,2026
서울,구로구,구로동,235-3,6,9910915,475060000,47.9,2023,업무,준공업,2025
서울,구로구,구로동,3*,1,5942792,2597000000,437.0,,제1종근린생활,제2종일반주거,2024
서울,구로구,구로동,3**,3,6107940,750000000,164.3,1992,제1종근린생활,제2종일반주거,2026
서울,구로구,구로동,3-25,99,1031992,10000000,10.3,2007,판매,일반상업,2026
서울,구로구,구로동,314,6,4394048,160000000,24.4,1984,판매,제3종일반주거,2026
서울,구로구,구로동,339-39,1,5633537,239200000,42.5,,제2종근린생활,제2종일반주거,2026
서울,구로구,구로동,339-82,1,4593849,333100000,72.5,2022,제2종근린생활,제2종일반주거,2025
서울,구로구,구로동,4*,2,4967071,4255000000,987.7,1987,제1종근린생활,제3종일반주거,2026
서울,구로구,구로동,4**,33,4276115,75000000,16.4,1984,제1종근린생활,제3종일반주거,2026
서울,구로구,구로동,429-259,1,5462910,190000000,34.8,2019,제1종근린생활,제2종일반주거,2025
서울,구로구,구로동,454,1,3242434,98570000,30.4,2007,제2종근린생활,제2종일반주거,2026
서울,구로구,구로동,46,2,976630,86750000,88.9,2006,제2종근린생활,일반상업,2025
서울,구로구,구로동,49,6,1631698,393500000,241.7,1997,제2종근린생활,일반상업,2025
서울,구로구,구로동,5**,5,5796198,2400000000,689.3,2000,제1종근린생활,제3종일반주거,2026
서울,구로구,구로동,501,30,1903278,10000000,4.0,2007,판매,일반상업,2026
서울,구로구,구로동,508-7,5,5111336,187000000,36.7,2019,제2종근린생활,제3종일반주거,2025
서울,구로구,구로동,570-86,1,8388901,390000000,46.5,2022,제2종근린생활,제2종일반주거,2025
서울,구로구,구로동,6**,6,8972187,245000000,27.3,1976,판매,준공업,2026
서울,구로구,구로동,603-9,9,8730159,300000000,39.6,2003,제2종근린생활,준주거,2025
서울,구로구,구로동,606-1,35,9756098,250000000,25.3,1981,제1종근린생활,준공업,2026
서울,구로구,구로동,607-1,2,2962963,80000000,27.0,,업무,준공업,2024
서울,구로구,구로동,609-1,4,4942955,157500000,31.6,1988,제1종근린생활,준공업,2026
서울,구로구,구로동,609-24,2,2748473,158510000,60.9,1988,제1종근린생활,준공업,2026
서울,구로구,구로동,610-17,1,5319149,100000000,18.8,1987,제2종근린생활,준공업,2026
서울,구로구,구로동,610-8,15,7701422,135000000,16.9,1986,업무,준공업,2026
서울,구로구,구로동,611-26,21,2758913,80000000,31.0,2004,제2종근린생활,준공업,2026
서울,구로구,구로동,614-33,4,2420635,61000000,25.2,1992,업무,준공업,2025
서울,구로구,구로동,614-50,2,6737043,612500000,90.8,2018,업무,준공업,2025
서울,구로구,구로동,636-62,27,4093567,89000000,17.1,1995,판매,준공업,2026
서울,구로구,구로동,642-108,1,5434783,650000000,119.6,2006,제2종근린생활,준공업,2025
서울,구로구,구로동,685-124,1,4347826,101000000,23.2,1987,판매,준공업,2024
서울,구로구,구로동,685-140,1,5286344,48000000,9.1,1988,판매,준공업,2025
서울,구로구,구로동,685-212,1,19461477,730000000,37.5,1986,판매,준공업,2026
서울,구로구,구로동,685-70,3,1801802,40000000,22.2,1989,제1종근린생활,준공업,2025
서울,구로구,구로동,7**,7,4342834,1100000000,292.6,1985,제1종근린생활,제2종일반주거,2026
서울,구로구,구로동,735-160,1,7317073,150000000,20.5,,제2종근린생활,제2종일반주거,2025
서울,구로구,구로동,735-194,1,3923278,45000000,11.5,,제2종근린생활,제2종일반주거,2024
서울,구로구,구로동,735-2,1,3017642,130000000,43.1,1965,제2종근린생활,제2종일반주거,2026
서울,구로구,구로동,735-95,1,5384299,131000000,24.3,,판매,제2종일반주거,2025
서울,구로구,구로동,736-4,1,8270159,1200000000,145.1,1963,제1종근린생활,제2종일반주거,2025
서울,구로구,구로동,736-5,1,10678057,1000000000,93.6,1963,제1종근린생활,제2종일반주거,2025
서울,구로구,구로동,744-11,4,3777473,27500000,7.3,,제1종근린생활,제2종일반주거,2024
서울,구로구,구로동,780-5,1,7740586,185000000,23.9,,제1종근린생활,제2종일반주거,2025
서울,구로구,구로동,780-80,1,3991060,125000000,31.3,1996,제1종근린생활,제2종일반주거,2025
서울,구로구,구로동,791-40,1,4844961,150000000,31.0,1994,제1종근린생활,제2종일반주거,2025
서울,구로구,구로동,793-48,1,3833703,225000000,58.7,,제2종근린생활,제2종일반주거,2024
서울,구로구,구로동,797-12,1,4368280,130000000,29.8,1995,제2종근린생활,제2종일반주거,2025
서울,구로구,구로동,803-7,2,1367989,120000000,87.7,1998,제1종근린생활,제2종일반주거,2026
서울,구로구,구로동,806-8,1,4392765,170000000,38.7,,제1종근린생활,제2종일반주거,2024
서울,구로구,구로동,806-9,1,4304698,230000000,53.4,1997,제1종근린생활,제2종일반주거,2026
서울,구로구,구로동,810,4,6289517,115670000,18.4,2004,제2종근린생활,준공업,2026
서울,구로구,구로동,811,2,9010868,387500000,43.2,2005,제1종근린생활,준공업,2025
서울,구로구,구로동,830,2,10495499,333280000,26.2,2016,제2종근린생활,준공업,2026
서울,구로구,구로동,832,104,9431292,2229420000,236.4,2020,업무,준공업,2026
서울,구로구,구로동,851,2,5538514,1300000000,234.7,2010,제2종근린생활,준공업,2024
서울,구로구,구로동,97-1,8,3394945,90000000,26.5,1989,업무,일반상업,2026
서울,구로구,구로동,97-2,7,3131939,185000000,47.7,2005,제2종근린생활,일반상업,2026
서울,구로구,구로동,97-5,2,2639703,272500000,105.3,2009,제2종근린생활,일반상업,2026
서울,구로구,구로동,98,3,1239934,105010000,80.7,1996,제1종근린생활,일반상업,2026
서울,구로구,구로동,98-16,1,2745478,85000000,31.0,1990,제1종근린생활,일반상업,2025
서울,구로구,궁동,1**,2,6862331,8145000000,1989.5,2002,제1종근린생활,제1종일반주거,2026
서울,구로구,궁동,100,1,1903747,125000000,65.7,1997,제1종근린생활,제2종일반주거,2025
서울,구로구,궁동,202-16,1,2234138,50000000,22.4,2004,제2종근린생활,제2종일반주거,2026
서울,구로구,궁동,212-1,1,2629774,115000000,43.7,2011,제2종근린생활,제2종일반주거,2025
서울,구로구,신도림동,2**,5,6797649,1560000000,228.0,1976,제2종근린생활,준공업,2026
서울,구로구,신도림동,276-5,5,4060325,210000000,51.7,2016,제2종근린생활,준공업,2025
서울,구로구,신도림동,3**,1,16240357,800000000,49.3,1968,제1종근린생활,준공업,2025
서울,구로구,신도림동,309-6,1,5639098,330000000,58.5,2002,제2종근린생활,준공업,2025
서울,구로구,신도림동,337,34,9841107,192000000,19.5,2007,업무,일반상업,2026
서울,구로구,신도림동,338,3,9681093,800000000,112.2,2008,제2종근린생활,준주거,2026
서울,구로구,신도림동,4**,51,8536585,228000000,26.7,1980,판매,준공업,2026
서울,구로구,신도림동,400-1,11,3944773,144000000,35.5,2002,업무,준공업,2026
서울,구로구,신도림동,400-3,18,7546221,1200000000,159.0,2010,제1종근린생활,준공업,2025
서울,구로구,신도림동,410-13,10,5681818,145000000,23.2,1987,업무,준공업,2026
서울,구로구,신도림동,410-15,2,4390254,142500000,32.4,1988,업무,준공업,2025
서울,구로구,신도림동,412-3,1,5330383,530000000,99.4,2006,제1종근린생활,준주거,2025
서울,구로구,신도림동,432-1,4,8813443,581900000,47.2,2006,제1종근린생활,준주거,2026
서울,구로구,신도림동,437-1,1,6541078,500000000,76.4,2003,제2종근린생활,준주거,2025
서울,구로구,신도림동,639,3,4663793,32840000,7.0,1996,제2종근린생활,준공업,2025
서울,구로구,신도림동,642,1,14949109,470000000,31.4,1999,제2종근린생활,제3종일반주거,2025
서울,구로구,신도림동,644,1,5438638,920000000,169.2,,교육연구,제3종일반주거,2025
서울,구로구,신도림동,649,2,8115102,325000000,49.8,2004,제2종근린생활,제3종일반주거,2025
서울,구로구,오류동,1*,1,15933716,1000000000,62.8,,제1종근린생활,일반상업,2024
서울,구로구,오류동,1**,1,2653395,3700000000,1394.4,1996,제2종근린생활,준주거,2024
서울,구로구,오류동,156,1,9330144,390000000,41.8,2007,제2종근린생활,제2종일반주거,2026
서울,구로구,오류동,171-8,1,5254919,235000000,44.7,2022,제1종근린생활,제2종일반주거,2025
서울,구로구,오류동,33-33,1,12812500,697000000,54.4,2007,제1종근린생활,일반상업,2025
서울,구로구,오류동,338,1,2189909,125000000,57.1,1998,기타,제2종일반주거,2025
서울,구로구,오류동,357,2,6280213,200000000,31.8,2018,제2종근린생활,준주거,2025
서울,구로구,오류동,38-7,2,14722783,119340000,10.7,1972,제1종근린생활,일반상업,2026
서울,구로구,오류동,44-10,4,2207924,134500000,30.8,1993,제1종근린생활,일반상업,2026
서울,구로구,오류동,47-1,1,8660415,129300000,14.9,1986,판매,일반상업,2024
서울,구로구,오류동,5*,1,10002609,1150000000,115.0,1999,제2종근린생활,일반상업,2025
서울,구로구,오류동,6-109,1,1516875,80000000,52.7,2019,제2종근린생활,일반상업,2026
서울,구로구,오류동,6-16,8,2889246,22250000,7.5,2019,제2종근린생활,일반상업,2025
서울,구로구,오류동,8*,1,3857719,3900000000,1011.0,1996,기타,제3종일반주거,2025
서울,구로구,온수동,*,2,4379311,2800000000,639.4,1994,제2종근린생활,제2종일반주거,2025
서울,구로구,온수동,141,1,3623188,85000000,23.5,2010,제1종근린생활,제2종일반주거,2026
서울,구로구,온수동,4*,1,8349966,7399740000,886.2,1994,제1종근린생활,제2종일반주거,2025
서울,구로구,천왕동,277-12,5,15510714,434300000,46.7,2012,제1종근린생활,준주거,2026
서울,구로구,천왕동,277-9,3,4358974,425000000,79.2,2012,교육연구,준주거,2025
서울,구로구,천왕동,279-3,1,2731942,250000000,91.5,2012,제2종근린생활,준주거,2025
서울,구로구,천왕동,279-4,1,23668639,800000000,33.8,2014,제1종근린생활,준주거,2024
서울,구로구,천왕동,281-1,1,4480024,305000000,68.1,2017,제1종근린생활,제2종일반주거,2025
서울,구로구,천왕동,3*,1,7114942,2658000000,373.6,2015,제2종근린생활,개발제한구역,2026
서울,구로구,항동,*,1,5447032,145000000,26.6,,판매,제2종일반주거,2026
서울,구로구,항동,1-5,1,4162504,125000000,30.0,,판매,제2종일반주거,2026
서울,구로구,항동,242-2,1,26752274,1000000000,37.4,2019,제1종근린생활,준주거,2024
서울,구로구,항동,242-5,3,2787649,191400000,68.7,2020,제1종근린생활,준주거,2025
서울,구로구,항동,242-6,1,6208719,235000000,37.8,2019,제2종근린생활,준주거,2024
서울,구로구,항동,246-1,9,5140300,570000000,108.0,2021,제2종근린생활,준주거,2026
서울,금천구,가산동,1**,6,2926721,5775000000,1418.6,1991,제1종근린생활,준주거,2026
서울,금천구,가산동,142-2,1,3142678,100000000,31.8,2019,제2종근린생활,준주거,2026
서울,금천구,가산동,2**,4,2933114,2300000000,810.7,2009,제2종근린생활,준공업,2025
서울,금천구,가산동,219-6,1,4353443,1550000000,356.0,2018,제2종근린생활,준공업,2024
서울,금천구,가산동,234-41,4,7608007,225000000,29.6,2020,제1종근린생활,준공업,2026
서울,금천구,가산동,327-27,1,2458303,650000000,264.4,2008,제2종근린생활,준공업,2025
서울,금천구,가산동,327-30,1,11314894,765000000,67.6,2023,제2종근린생활,준공업,2025
서울,금천구,가산동,327-5,1,4529742,161440000,35.6,2021,제2종근린생활,준공업,2026
서울,금천구,가산동,345-13,2,2680160,300000000,113.7,2009,제2종근린생활,준공업,2025
서울,금천구,가산동,345-19,1,5322657,113000000,21.2,2020,업무,준공업,2024
서울,금천구,가산동,345-29,2,3360202,212500000,64.4,2017,제2종근린생활,준공업,2026
서울,금천구,가산동,345-9,1,3647258,280000000,76.8,2002,제2종근린생활,준공업,2025
서울,금천구,가산동,371-106,2,8662770,960000000,111.3,2018,제2종근린생활,준공업,2026
서울,금천구,가산동,371-41,1,15763274,570000000,36.2,2018,제2종근린생활,준공업,2024
서울,금천구,가산동,371-50,1,7101022,1855000000,261.2,2009,제2종근린생활,준공업,2025
서울,금천구,가산동,426-5,1,2633728,1000000000,379.7,2004,제2종근린생활,준공업,2025
서울,금천구,가산동,429-1,5,4022989,250000000,61.8,2006,제2종근린생활,준공업,2026
서울,금천구,가산동,448,1,9543011,710000000,74.4,2001,제2종근린생활,준공업,2025
서울,금천구,가산동,452-1,1,8228435,344360000,41.8,2024,업무,준공업,2024
서울,금천구,가산동,459-22,1,3282828,325000000,99.0,2010,업무,준공업,2026
서울,금천구,가산동,459-24,2,6766055,147500000,21.8,2021,업무,준공업,2026
서울,금천구,가산동,470-5,1,6196999,570000000,92.0,2005,제2종근린생활,준공업,2024
서울,금천구,가산동,470-8,1,5343082,570000000,106.7,2010,제1종근린생활,준공업,2025
서울,금천구,가산동,481-11,9,3809977,1062010000,279.4,2004,업무,준공업,2026
서울,금천구,가산동,481-2,1,4650752,263000000,56.6,2012,제2종근린생활,준공업,2025
서울,금천구,가산동,481-4,2,6973875,520000000,150.9,2009,제2종근린생활,준공업,2026
서울,금천구,가산동,5**,3,5900816,8702000000,1458.1,1986,업무,준공업,2026
서울,금천구,가산동,505-14,2,3491740,1360000000,429.9,2005,제1종근린생활,준공업,2026
서울,금천구,가산동,517-4,2,12212864,638000000,52.2,2020,제2종근린생활,준공업,2026
서울,금천구,가산동,543-1,5,4896581,580000000,141.8,2012,업무,준공업,2025
서울,금천구,가산동,549-1,3,6881903,585000000,94.2,2022,업무,준공업,2026
서울,금천구,가산동,550-1,3,8179727,376840000,62.8,2005,제1종근린생활,준공업,2025
서울,금천구,가산동,550-9,2,5353141,1225000000,218.6,2018,업무,준공업,2026
서울,금천구,가산동,554-2,2,14976959,585000000,39.1,2022,제2종근린생활,준공업,2025
서울,금천구,가산동,6*,1,3262659,171305000000,52504.7,2007,업무,준공업,2025
서울,금천구,가산동,60-15,1,9481601,353000000,37.2,2005,제1종근린생활,준공업,2025
서울,금천구,가산동,60-17,2,8493993,2397500000,214.5,2010,제2종근린생활,준공업,2025
서울,금천구,가산동,60-19,1,5096368,1100000000,215.8,2005,제2종근린생활,준공업,2025
서울,금천구,가산동,60-24,8,3456639,472500000,136.9,2004,제2종근린생활,준공업,2026
서울,금천구,가산동,60-25,2,4362595,863500000,184.6,2009,제2종근린생활,준공업,2025
서울,금천구,가산동,60-26,3,7685739,450000000,58.6,2023,업무,준공업,2026
서울,금천구,가산동,60-3,2,5162400,565000000,110.2,2009,제2종근린생활,준공업,2025
서울,금천구,가산동,60-4,2,3486280,465000000,133.4,2001,제2종근린생활,준공업,2025
서울,금천구,가산동,60-44,1,4043393,410000000,101.4,2007,제2종근린생활,준공업,2026
서울,금천구,가산동,60-73,2,9418107,1690000000,166.6,2005,제2종근린생활,준공업,2025
서울,금천구,가산동,60-9,2,13048955,551095000,42.6,2024,제1종근린생활,준공업,2026
서울,금천구,가산동,680,3,4499438,455000000,132.8,2006,제2종근린생활,준공업,2026
서울,금천구,가산동,685,1,4219918,525000000,124.4,2010,제2종근린생활,준공업,2026
서울,금천구,가산동,691,6,5150855,239500000,44.6,2018,업무,준공업,2026
서울,금천구,가산동,714-1,21,8683128,277100000,31.6,2024,제1종근린생활,준공업,2026
서울,금천구,가산동,715,1,2584586,220000000,85.1,2004,제2종근린생활,준공업,2026
서울,금천구,가산동,769,1,2340860,367000000,156.8,1998,제1종근린생활,준공업,2025
서울,금천구,가산동,772,9,1995395,487500000,245.1,1998,제2종근린생활,준공업,2026
서울,금천구,독산동,1**,2,4942930,16100000000,2760.4,2008,기타,준공업,2026
서울,금천구,독산동,1***,3,5879646,12500000000,1994.2,2023,제2종근린생활,준공업,2026
서울,금천구,독산동,1000-12,4,9285932,431010000,46.4,2024,제2종근린생활,준공업,2025
서울,금천구,독산동,1006-62,1,5378612,255000000,47.4,2014,제2종근린생활,준공업,2024
서울,금천구,독산동,1008-11,1,7821403,662160000,84.7,2023,제2종근린생활,근린상업,2025
서울,금천구,독산동,1022-111,2,3390862,102000000,30.8,2022,제2종근린생활,제2종일반주거,2025
서울,금천구,독산동,1093-4,6,2509461,95550000,43.0,1991,교육연구,제3종일반주거,2026
서울,금천구,독산동,1131,1,9463585,434000000,45.9,1996,제1종근린생활,준공업,2025
서울,금천구,독산동,1150,9,7025761,400000000,58.7,2017,판매,준주거,2026
서울,금천구,독산동,1155,6,6327893,451000000,62.9,2018,판매,준주거,2026
서울,금천구,독산동,193-34,1,1887340,195000000,103.3,2016,제2종근린생활,제2종일반주거,2026
서울,금천구,독산동,197-8,1,3961635,190000000,48.0,2013,제2종근린생활,제2종일반주거,2024
서울,금천구,독산동,2**,3,3882722,780000000,200.9,1983,숙박,제3종일반주거,2026
서울,금천구,독산동,291-1,1,5576023,560000000,100.4,2014,제2종근린생활,준공업,2025
서울,금천구,독산동,291-5,1,14577778,820000000,56.2,2004,판매,준공업,2025
서울,금천구,독산동,292-21,1,10176844,610000000,59.9,2022,제1종근린생활,근린상업,2024
서울,금천구,독산동,293-5,5,5111821,50000000,7.8,1994,판매,일반상업,2025
서울,금천구,독산동,335-23,1,7777058,240000000,30.9,2022,제1종근린생활,준공업,2024
서울,금천구,독산동,495-5,1,5699316,266500000,46.8,2017,제1종근린생활,준공업,2025
서울,금천구,독산동,711-2,3,2161235,160000000,29.2,2002,제1종근린생활,준공업,2026
서울,금천구,독산동,876-8,1,3088680,200270000,64.8,2017,제2종근린생활,준주거,2026
서울,금천구,독산동,882-3,1,3125000,60000000,19.2,2011,제2종근린생활,제2종일반주거,2025
서울,금천구,독산동,889-23,1,3607383,215000000,59.6,2008,제1종근린생활,제2종일반주거,2026
서울,금천구,독산동,9**,3,4402980,757560000,224.2,1980,제1종근린생활,제2종일반주거,2026
서울,금천구,독산동,920-6,2,3774226,120000000,31.8,2022,제2종근린생활,제2종일반주거,2025
서울,금천구,독산동,973-40,1,3259098,120000000,36.8,2015,제2종근린생활,준주거,2025
서울,금천구,독산동,988-5,1,2963976,65000000,21.9,2014,제2종근린생활,제2종일반주거,2025
서울,금천구,독산동,991-27,1,3275668,320000000,97.7,2014,제2종근린생활,제2종일반주거,2025
서울,금천구,시흥동,1**,1,3116742,11500000000,3689.8,1988,제2종근린생활,준주거,2024
서울,금천구,시흥동,1031,20,5947316,406000000,47.0,2019,제2종근린생활,준공업,2026
서울,금천구,시흥동,113-15,2,16054772,770000000,253.7,1998,제2종근린생활,준주거,2025
서울,금천구,시흥동,121-7,3,12247475,481000000,39.3,2015,제1종근린생활,준주거,2025
서울,금천구,시흥동,2**,4,7597590,870000000,114.5,2000,제1종근린생활,제2종일반주거,2026
서울,금천구,시흥동,5-13,1,1984127,50000000,25.2,1999,제2종근린생활,제2종일반주거,2025
서울,금천구,시흥동,8**,9,4673345,1400000000,303.6,1982,제2종근린생활,제2종일반주거,2026
서울,금천구,시흥동,802-6,1,3658055,24070000,6.6,2017,제2종근린생활,제2종일반주거,2025
서울,금천구,시흥동,803-3,1,7207207,1000000000,138.8,1987,제2종근린생활,제2종일반주거,2025
서울,금천구,시흥동,819-3,1,6719912,244000000,36.3,2013,제1종근린생활,제2종일반주거,2026
서울,금천구,시흥동,823-63,2,4621192,177500000,38.4,2018,제2종근린생활,제2종일반주거,2026
서울,금천구,시흥동,849-9,1,2492877,70000000,28.1,2012,제2종근린생활,제2종일반주거,2025
서울,금천구,시흥동,858-28,1,3101737,100000000,32.2,2016,제2종근린생활,제2종일반주거,2026
서울,금천구,시흥동,888-14,1,3314394,280000000,84.5,2021,제2종근린생활,일반상업,2026
서울,금천구,시흥동,889-8,2,29267867,1580000000,53.8,2008,제1종근린생활,일반상업,2026
서울,금천구,시흥동,890-2,1,6650750,195000000,29.3,2018,제2종근린생활,제3종일반주거,2024
서울,금천구,시흥동,9**,4,6782036,1915000000,439.6,1982,제2종근린생활,제2종일반주거,2025
서울,금천구,시흥동,911-15,3,3605172,145000000,39.9,2017,제2종근린생활,준주거,2025
서울,금천구,시흥동,912-20,2,6035722,115000000,19.5,1997,제1종근린생활,제2종일반주거,2025
서울,금천구,시흥동,962-6,10,2723312,350000000,128.5,1987,제1종근린생활,제2종일반주거,2026
서울,금천구,시흥동,973-3,2,8913001,951880000,113.8,2022,제2종근린생활,제2종일반주거,2025
서울,금천구,시흥동,984,145,8836395,205000000,22.9,1987,제2종근린생활,준공업,2026
서울,금천구,시흥동,985,3,2120291,225000000,71.4,1978,제2종근린생활,준공업,2026
서울,금천구,시흥동,985-12,3,13580247,550000000,40.5,1978,업무,준공업,2025
서울,금천구,시흥동,985-8,1,1900585,65000000,34.2,1978,제1종근린생활,준공업,2026
서울,금천구,시흥동,985-9,1,4335629,170000000,39.2,1978,제1종근린생활,준공업,2025
서울,금천구,시흥동,986-4,1,4970179,150000000,30.2,1979,제1종근린생활,준공업,2025
서울,금천구,시흥동,992-7,1,10582011,280000000,26.5,2020,제1종근린생활,일반상업,2026
서울,금천구,시흥동,994-1,1,2000185,216500000,108.2,2020,제2종근린생활,일반상업,2024
서울,금천구,시흥동,994-9,9,9281156,544400000,61.4,2022,제1종근린생활,일반상업,2026
서울,금천구,시흥동,995-11,7,431548,37200000,672.0,1984,제2종근린생활,일반상업,2025
서울,금천구,시흥동,995-15,1,12644889,120000000,9.5,,제1종근린생활,준주거,2026
서울,노원구,공릉동,1**,1,4423148,120000000,27.1,1984,제2종근린생활,제2종일반주거,2025
서울,노원구,공릉동,111,2,9019027,280000000,30.1,2000,제1종근린생활,제3종일반주거,2026
서울,노원구,공릉동,254,2,7546711,190000000,24.5,1985,제1종근린생활,제3종일반주거,2026
서울,노원구,공릉동,3**,4,6913258,1422500000,259.9,1998,제2종근린생활,제2종일반주거,2026
서울,노원구,공릉동,362-12,1,6861683,190000000,27.7,2018,제1종근린생활,제3종일반주거,2025
서울,노원구,공릉동,4**,1,6509357,4800000000,737.4,2012,제2종근린생활,제3종일반주거,2026
서울,노원구,공릉동,421-19,4,2290170,279000000,54.0,2004,제2종근린생활,제2종일반주거,2025
서울,노원구,공릉동,437-4,3,2465458,205000000,88.4,2006,제2종근린생활,제2종일반주거,2025
서울,노원구,공릉동,5**,2,6993742,2225000000,317.7,2022,제1종근린생활,제2종일반주거,2026
서울,노원구,공릉동,513-6,1,2747253,140000000,51.0,2022,제1종근린생활,제3종일반주거,2025
서울,노원구,공릉동,6**,4,3561239,587500000,447.2,1978,제1종근린생활,일반상업,2025
서울,노원구,공릉동,661-3,2,2416490,175000000,72.4,2004,제2종근린생활,일반상업,2026
서울,노원구,공릉동,670-11,3,4101162,250000000,59.3,2004,제1종근린생활,일반상업,2025
서울,노원구,공릉동,670-2,2,2683953,275000000,95.8,,기타,일반상업,2025
서울,노원구,공릉동,670-20,1,6143480,310000000,50.5,2016,판매,일반상업,2026
서울,노원구,공릉동,684-41,2,13046666,432500000,33.2,2024,제2종근린생활,근린상업,2025
서울,노원구,공릉동,714,2,1543210,30000000,19.4,1994,제1종근린생활,제3종일반주거,2025
서울,노원구,공릉동,726,2,6911376,287500000,41.6,2001,제1종근린생활,제3종일반주거,2025
서울,노원구,공릉동,740,7,2201700,53900000,24.5,1997,제1종근린생활,제2종일반주거,2026
서울,노원구,공릉동,758,1,10182043,330000000,32.4,2022,제1종근린생활,제2종일반주거,2024
서울,노원구,공릉동,89-1,2,5816555,650000000,111.8,2004,제1종근린생활,제3종일반주거,2024
서울,노원구,공릉동,90-1,3,10257913,350000000,34.1,2003,제1종근린생활,제3종일반주거,2026
서울,노원구,상계동,1**,6,3088670,862500000,316.1,1984,제1종근린생활,제2종일반주거,2026
서울,노원구,상계동,1***,14,7382614,4362355000,852.0,1994,제1종근린생활,제3종일반주거,2026
서울,노원구,상계동,1110-6,1,2796053,51000000,18.2,1994,제1종근린생활,제3종일반주거,2026
서울,노원구,상계동,1117-6,2,1633549,458000000,281.1,2022,제1종근린생활,준주거,2025
서울,노원구,상계동,1255,1,1469724,50000000,34.0,1998,제2종근린생활,제3종일반주거,2025
서울,노원구,상계동,1258,1,5251142,138000000,26.3,2004,판매,일반상업,2025
서울,노원구,상계동,1262,1,8484848,700000000,82.5,2003,업무,일반상업,2026
서울,노원구,상계동,1270,1,4316239,101000000,23.4,1995,제1종근린생활,제3종일반주거,2024
서울,노원구,상계동,1280,1,3599114,130000000,36.1,1997,제1종근린생활,제3종일반주거,2024
서울,노원구,상계동,1285,3,2592795,47500000,18.3,1999,제2종근린생활,제3종일반주거,2026
서울,노원구,상계동,1313-1,2,12291265,450000000,35.4,2011,제1종근린생활,준주거,2025
서울,노원구,상계동,1318,4,4923434,130000000,24.8,2009,판매,제2종일반주거,2026
서울,노원구,상계동,1370-4,1,7380074,600000000,81.3,2004,제1종근린생활,제2종일반주거,2025
서울,노원구,상계동,1373-2,1,8479299,319500000,37.7,2005,제1종근린생활,제2종일반주거,2026
서울,노원구,상계동,1380-14,1,3592507,140000000,39.0,1996,제1종근린생활,제2종일반주거,2026
서울,노원구,상계동,1381-6,1,4544781,306500000,67.4,1996,제1종근린생활,제2종일반주거,2026
서울,노원구,상계동,140-274,1,4527559,230000000,50.8,2006,제1종근린생활,제3종일반주거,2025
서울,노원구,상계동,1410,3,10726325,350000000,32.2,2023,제1종근린생활,제3종일반주거,2026
서울,노원구,상계동,173-1,2,7579891,145000000,26.6,1989,제1종근린생활,제3종일반주거,2025
서울,노원구,상계동,197-3,1,5542722,457330000,82.5,2019,제1종근린생활,제2종일반주거,2026
서울,노원구,상계동,292-1,139,3741026,15000000,3.9,2005,제1종근린생활,준주거,2026
서울,노원구,상계동,3**,1,5794862,300000000,51.8,1986,제1종근린생활,준주거,2026
서울,노원구,상계동,357-2,2,4588998,3657500000,796.2,1994,제2종근린생활,제2종일반주거,2026
서울,노원구,상계동,366-3,1,4775295,1970000000,412.5,2004,교육연구,제2종일반주거,2026
서울,노원구,상계동,379,1,5006007,250000000,49.9,2015,제2종근린생활,제2종일반주거,2026
서울,노원구,상계동,395-24,1,2120026,130000000,61.3,2002,제1종근린생활,제2종일반주거,2026
서울,노원구,상계동,4**,2,1704158,441000000,279.6,1988,제1종근린생활,제2종일반주거,2025
서울,노원구,상계동,450,7,3852740,45000000,11.7,1996,제1종근린생활,제2종일반주거,2025
서울,노원구,상계동,5**,2,19802336,2067500000,124.7,2006,제1종근린생활,제2종일반주거,2026
서울,노원구,상계동,581-6,1,2971138,210000000,70.7,1989,제2종근린생활,제2종일반주거,2024
서울,노원구,상계동,591-2,1,15539054,565000000,36.4,2002,제1종근린생활,제2종일반주거,2024
서울,노원구,상계동,602-3,1,28571429,950000000,33.2,1987,제1종근린생활,제3종일반주거,2026
서울,노원구,상계동,603-8,3,6813339,350410000,51.4,2014,제2종근린생활,제3종일반주거,2025
서울,노원구,상계동,630,1,7079646,200000000,28.2,1989,제1종근린생활,제3종일반주거,2024
서울,노원구,상계동,649,2,31617971,915000000,24.5,1988,제1종근린생활,준주거,2025
서울,노원구,상계동,649-1,1,7900000,158000000,20.0,1989,판매,준주거,2024
서울,노원구,상계동,649-2,1,2519380,143000000,56.8,1989,제1종근린생활,준주거,2026
서울,노원구,상계동,651,3,21093286,925000000,33.7,1988,제1종근린생활,준주거,2026
서울,노원구,상계동,651-2,1,4407895,201000000,45.6,1989,제2종근린생활,준주거,2025
서울,노원구,상계동,651-5,1,4993065,360000000,72.1,1989,제2종근린생활,준주거,2025
서울,노원구,상계동,651-7,1,4851974,177000000,36.5,1989,제2종근린생활,준주거,2026
서울,노원구,상계동,666-3,1,1238305,45000000,36.3,1988,제1종근린생활,제3종일반주거,2024
서울,노원구,상계동,680,1,20710974,670000000,32.4,2020,제2종근린생활,제3종일반주거,2026
서울,노원구,상계동,692-2,1,4046399,300000000,74.1,1988,제1종근린생활,제3종일반주거,2025
서울,노원구,상계동,692-4,1,8952551,300000000,33.5,1988,제1종근린생활,제3종일반주거,2025
서울,노원구,상계동,693-1,13,1138298,10800000,11.0,1989,판매,준주거,2026
서울,노원구,상계동,7**,3,6462585,5700000000,882.0,1989,숙박,일반상업,2026
서울,노원구,상계동,716-3,1,14180672,1350000000,95.2,1988,제1종근린생활,준주거,2025
서울,노원구,상계동,717-1,1,11174968,700000000,62.6,1994,제1종근린생활,준주거,2024
서울,노원구,상계동,724-1,4,9552686,732500000,76.7,1990,제2종근린생활,일반상업,2025
서울,노원구,상계동,724-3,1,9282927,690000000,74.3,1989,제2종근린생활,일반상업,2025
서울,노원구,상계동,725-2,1,8741259,50000000,5.7,1988,제1종근린생활,준주거,2024
서울,노원구,상계동,726-1,1,6393101,430000000,67.3,1988,제2종근린생활,준주거,2026
서울,노원구,상계동,728-3,2,17912210,537500000,41.4,1988,제1종근린생활,일반상업,2026
서울,노원구,상계동,730-3,2,139236,19500000,140.0,1988,제1종근린생활,준주거,2025
서울,노원구,상계동,731-3,1,12378095,825000000,66.6,1989,제1종근린생활,일반상업,2025
서울,노원구,상계동,749-6,2,4696770,285000000,60.7,1988,제2종근린생활,준주거,2026
서울,노원구,상계동,749-8,1,951950,130560000,137.2,1988,제1종근린생활,준주거,2025
서울,노원구,상계동,757,1,10000000,228000000,22.8,1988,제1종근린생활,제3종일반주거,2026
서울,노원구,상계동,764-1,1,4022989,140000000,34.8,1990,기타,제3종일반주거,2026
서울,노원구,상계동,995,2,5938634,180000000,30.3,1995,제1종근린생활,제2종일반주거,2025
서울,노원구,월계동,1*,1,14187328,309000000,21.8,1986,제1종근린생활,제3종일반주거,2026
서울,노원구,월계동,13,3,14714715,480000000,21.8,1986,제2종근린생활,제3종일반주거,2026
서울,노원구,월계동,18,15,3214627,98000000,10.3,2002,제1종근린생활,제3종일반주거,2026
서울,노원구,월계동,3**,1,4645528,441000000,94.9,2006,제2종근린생활,준주거,2026
서울,노원구,월계동,321-2,1,3659094,240000000,65.6,2004,제2종근린생활,제3종일반주거,2026
서울,노원구,월계동,376-62,2,5270278,59500000,11.3,2011,제2종근린생활,제2종일반주거,2025
서울,노원구,월계동,380-1,2,5487583,310500000,58.2,2006,제1종근린생활,준주거,2025
서울,노원구,월계동,4**,3,5141829,1200000000,204.1,2000,제1종근린생활,제2종일반주거,2026
서울,노원구,월계동,410-3,8,3445218,216260000,62.3,2025,제2종근린생활,준주거,2026
서울,노원구,월계동,445,1,8196721,90000000,11.0,,제2종근린생활,제2종일반주거,2026
서울,노원구,월계동,5*,1,6412605,350000000,54.6,1986,제1종근린생활,제2종일반주거,2026
서울,노원구,월계동,502-5,2,5364442,142130000,26.4,2012,제2종근린생활,제2종일반주거,2025
서울,노원구,월계동,562,1,5339287,550000000,103.0,1994,제1종근린생활,제3종일반주거,2024
서울,노원구,월계동,582,2,2988056,594000000,191.2,1993,교육연구,제3종일반주거,2026
서울,노원구,월계동,635-4,9,3281171,70000000,19.8,2002,업무,제3종일반주거,2026
서울,노원구,월계동,7*,1,7522743,1290000000,171.5,1987,제1종근린생활,제2종일반주거,2025
서울,노원구,월계동,776,5,4778761,284000000,47.2,2007,판매,준주거,2026
서울,노원구,월계동,926,1,9569378,360000000,37.6,1999,제1종근린생활,제2종일반주거,2025
서울,노원구,월계동,947,2,7633574,85000000,11.9,2006,제2종근린생활,제2종일반주거,2025
서울,노원구,월계동,951,3,3630974,200000000,55.5,2020,제1종근린생활,제3종일반주거,2026
서울,노원구,중계동,1**,1,4253403,1275000000,299.8,1993,제1종근린생활,제3종일반주거,2025
서울,노원구,중계동,157-26,2,3841352,400000000,104.1,2004,제2종근린생활,제3종일반주거,2024
서울,노원구,중계동,358-6,1,6250000,165000000,26.4,1992,제1종근린생활,제3종일반주거,2024
서울,노원구,중계동,359-10,17,1040053,7790000,9.6,1994,제1종근린생활,준주거,2026
서울,노원구,중계동,359-3,2,2982522,870000000,291.7,1992,기타,제3종일반주거,2026
서울,노원구,중계동,359-7,1,6987296,192500000,27.6,1992,제2종근린생활,제3종일반주거,2025
서울,노원구,중계동,359-9,3,6174900,370000000,59.9,1992,제1종근린생활,준주거,2026
서울,노원구,중계동,360-15,7,6112105,410000000,67.1,1995,제2종근린생활,제3종일반주거,2026
서울,노원구,중계동,360-2,2,6374567,1774475000,577.5,1996,제1종근린생활,제3종일반주거,2026
서울,노원구,중계동,360-9,22,5924596,169250000,27.8,2000,업무,준주거,2026
서울,노원구,중계동,361-1,4,6608967,275000000,29.5,1993,제2종근린생활,제3종일반주거,2025
서울,노원구,중계동,363,1,21441202,485000000,22.6,1993,제1종근린생활,제3종일반주거,2026
서울,노원구,중계동,363-2,1,17731959,430000000,24.2,1993,제2종근린생활,제3종일반주거,2026
서울,노원구,중계동,364,3,18353175,370000000,20.2,1993,제1종근린생활,제3종일반주거,2025
서울,노원구,중계동,364-13,6,10803511,160000000,14.5,1993,제1종근린생활,제3종일반주거,2026
서울,노원구,중계동,364-17,1,8000000,120000000,15.0,1996,교육연구,준주거,2026
서울,노원구,중계동,364-19,1,12261042,372000000,30.3,1997,판매,준주거,2026
서울,노원구,중계동,364-20,1,8400898,1533500000,182.5,1995,제1종근린생활,준주거,2026
서울,노원구,중계동,364-22,1,8103054,1170000000,144.4,1993,교육연구,준주거,2025
서울,노원구,중계동,364-24,1,24621212,780000000,31.7,1995,제1종근린생활,준주거,2025
서울,노원구,중계동,366-13,10,1290321,12755000,9.9,1996,제2종근린생활,준주거,2026
서울,노원구,중계동,366-6,4,7295429,365000000,33.6,1993,교육연구,일반상업,2026
서울,노원구,중계동,366-9,2,6907237,1070000000,154.9,2018,교육연구,일반상업,2026
서울,노원구,중계동,369-7,1,4709018,106000000,22.5,1992,판매,제3종일반주거,2025
서울,노원구,중계동,434-2,1,1479290,45000000,30.4,1996,제1종근린생활,제3종일반주거,2026
서울,노원구,중계동,435-1,1,1050273,75000000,71.4,1991,제2종근린생활,제3종일반주거,2024
서울,노원구,중계동,5**,28,1310004,55215000,33.1,1991,판매,일반상업,2026
서울,노원구,중계동,503,1,11644444,393000000,33.8,1990,제2종근린생활,제3종일반주거,2026
서울,노원구,중계동,505,4,4493439,59000000,15.1,1989,판매,제3종일반주거,2026
서울,노원구,중계동,506,1,19359068,531600000,27.5,2005,판매,일반상업,2025
서울,노원구,중계동,509-1,6,8666461,95000000,12.1,2004,판매,일반상업,2026
서울,노원구,중계동,511-2,9,4908897,872750000,177.8,1991,제2종근린생활,제3종일반주거,2024
서울,노원구,중계동,512,3,13806361,300000000,28.6,1991,제1종근린생활,제3종일반주거,2025
서울,노원구,중계동,583,2,3874902,202500000,52.3,1997,제2종근린생활,제3종일반주거,2026
서울,노원구,중계동,584-1,10,1485241,55750000,28.9,1997,제1종근린생활,제3종일반주거,2025
서울,노원구,중계동,586,2,5406574,125000000,23.1,1998,제2종근린생활,제3종일반주거,2025
서울,노원구,중계동,588,1,3906250,135000000,34.6,1999,제2종근린생활,제3종일반주거,2025
서울,노원구,중계동,591,2,6522630,346500000,35.1,2000,제1종근린생활,제3종일반주거,2026
서울,노원구,중계동,9*,2,2266238,2500000000,1103.2,,제2종근린생활,제2종일반주거,2026
서울,노원구,하계동,1**,2,8422442,754150000,157.1,2001,제1종근린생활,제2종일반주거,2025
서울,노원구,하계동,2**,1,14323277,517500000,36.1,2007,제2종근린생활,제1종일반주거,2025
서울,노원구,하계동,250-3,3,3517398,232500000,66.1,1998,제1종근린생활,제3종일반주거,2024
서울,노원구,하계동,256-12,4,4980354,279280000,55.2,2004,제1종근린생활,준주거,2024
서울,노원구,하계동,270,1,23809524,330000000,13.9,1988,제1종근린생활,제3종일반주거,2025
서울,노원구,하계동,271-3,2,6588385,119500000,19.1,1988,제1종근린생활,제3종일반주거,2026
서울,노원구,하계동,274-1,1,6496416,145000000,22.3,1990,교육연구,제3종일반주거,2024
서울,노원구,하계동,280,2,6793490,115000000,16.9,1989,제1종근린생활,제3종일반주거,2026
서울,노원구,하계동,353,2,2239366,122500000,54.8,1999,제2종근린생활,제2종일반주거,2025
서울,노원구,하계동,354,2,3530178,216500000,64.2,1999,제1종근린생활,제3종일반주거,2025
서울,노원구,하계동,6*,2,4231387,790000000,186.7,1990,제2종근린생활,제2종일반주거,2025
서울,도봉구,도봉동,30-1,2,1937984,25000000,12.9,1995,제2종근린생활,준공업,2026
서울,도봉구,도봉동,5**,1,3286722,1100000000,334.7,1986,제1종근린생활,제2종일반주거,2026
서울,도봉구,도봉동,559-22,1,9904259,1200000000,121.2,2023,제1종근린생활,제2종일반주거,2025
서울,도봉구,도봉동,595,1,4278729,105000000,24.5,1992,제1종근린생활,제2종일반주거,2024
서울,도봉구,도봉동,6**,7,4883880,2300000000,585.6,1985,제1종근린생활,준주거,2026
서울,도봉구,도봉동,601-20,2,2947646,67000000,22.7,2003,업무,준주거,2026
서울,도봉구,도봉동,601-46,1,2179632,116000000,53.2,2004,제1종근린생활,준주거,2026
서울,도봉구,도봉동,603-10,2,3531096,69000000,19.5,1994,제1종근린생활,제2종일반주거,2026
서울,도봉구,도봉동,615-4,1,3566334,50000000,14.0,2008,제2종근린생활,제2종일반주거,2026
서울,도봉구,도봉동,625-33,1,2644292,208000000,78.7,2017,제2종근린생활,제3종일반주거,2025
서울,도봉구,도봉동,632-1,2,4288463,200000000,46.5,2016,제2종근린생활,준주거,2026
서울,도봉구,도봉동,636-20,2,3828605,665000000,163.0,2003,제2종근린생활,제2종일반주거,2026
서울,도봉구,도봉동,657,4,3360662,80000000,23.3,2010,판매,제2종일반주거,2026
서울,도봉구,도봉동,87,1,3267974,50000000,15.3,1987,제1종근린생활,준공업,2026
서울,도봉구,방학동,271-4,1,4138889,149000000,36.0,1990,제1종근린생활,제3종일반주거,2025
서울,도봉구,방학동,307-2,7,2138057,260000000,123.0,1999,제2종근린생활,제2종일반주거,2025
서울,도봉구,방학동,4**,2,19062155,980000000,56.1,2003,제1종근린생활,제3종일반주거,2024
서울,도봉구,방학동,531,1,640236,187000000,292.1,1992,제1종근린생활,제2종일반주거,2024
서울,도봉구,방학동,6**,5,3645696,2000000000,591.2,1994,제1종근린생활,제3종일반주거,2025
서울,도봉구,방학동,682-12,1,3381494,110000000,32.5,2016,제2종근린생활,제3종일반주거,2026
서울,도봉구,방학동,694-14,1,2529511,90000000,35.6,2021,제2종근린생활,제2종일반주거,2025
서울,도봉구,방학동,7**,3,3838742,1990000000,636.3,1983,제2종근린생활,준공업,2026
서울,도봉구,방학동,707,1,10840108,200000000,18.4,2021,제1종근린생활,준공업,2025
서울,도봉구,방학동,711-1,4,8524043,242060000,28.4,2021,제1종근린생활,준공업,2025
서울,도봉구,방학동,716-1,2,14315691,614000000,42.9,2004,제1종근린생활,준주거,2026
서울,도봉구,방학동,716-5,4,2302225,130945000,38.0,2003,제1종근린생활,준주거,2025
서울,도봉구,방학동,717-6,1,11203704,363000000,32.4,2025,판매,근린상업,2026
서울,도봉구,방학동,719-3,1,3634658,310000000,85.3,,제1종근린생활,준주거,2025
서울,도봉구,방학동,720-1,5,1328856,124660000,73.5,2001,제2종근린생활,제3종일반주거,2026
서울,도봉구,방학동,720-33,7,4154519,340000000,53.4,2003,제1종근린생활,준공업,2026
서울,도봉구,방학동,724-17,1,2808989,90000000,32.0,2009,제2종근린생활,준공업,2024
서울,도봉구,방학동,734,1,1026694,15000000,14.6,1994,제1종근린생활,제3종일반주거,2025
서울,도봉구,쌍문동,137-1,1,5157854,134620000,26.1,2022,제2종근린생활,제3종일반주거,2026
서울,도봉구,쌍문동,2**,1,860289,200000000,232.5,1988,제2종근린생활,제1종일반주거,2024
서울,도봉구,쌍문동,20,2,2306530,487640000,211.8,1997,교육연구,제3종일반주거,2026
서울,도봉구,쌍문동,215-1,3,3621795,56500000,15.6,1992,제1종근린생활,제3종일반주거,2026
서울,도봉구,쌍문동,248-2,1,1352669,680000000,502.7,,제1종근린생활,제1종일반주거,2026
서울,도봉구,쌍문동,280,1,2138123,100000000,46.8,2003,제1종근린생활,제1종일반주거,2025
서울,도봉구,쌍문동,3**,1,3409376,1632000000,478.7,1991,제1종근린생활,제3종일반주거,2026
서울,도봉구,쌍문동,45-6,1,12778386,350000000,27.4,1989,제1종근린생활,제3종일반주거,2026
서울,도봉구,쌍문동,460-2,1,2177377,41000000,18.8,2016,제2종근린생활,제1종일반주거,2025
서울,도봉구,쌍문동,460-328,1,2633559,175000000,66.4,2018,제1종근린생활,제1종일반주거,2025
서울,도봉구,쌍문동,494-1,2,1251125,95000000,74.9,2020,업무,제1종일반주거,2025
서울,도봉구,쌍문동,554-11,1,1925298,50000000,26.0,2009,제1종근린생활,준주거,2026
서울,도봉구,쌍문동,59-5,1,5122951,100000000,19.5,2002,제2종근린생활,제3종일반주거,2026
서울,도봉구,쌍문동,6**,3,2374784,110000000,46.3,1991,제2종근린생활,준주거,2026
서울,도봉구,쌍문동,639-3,2,3836317,90000000,23.5,2012,제2종근린생활,준주거,2026
서울,도봉구,쌍문동,653,1,3621614,500000000,138.1,2002,제2종근린생활,준주거,2026
서울,도봉구,쌍문동,668-2,2,3682866,167500000,45.5,2016,제2종근린생활,준주거,2025
서울,도봉구,쌍문동,7**,2,9840123,4850000000,492.9,1983,기타,제2종일반주거,2025
서울,도봉구,쌍문동,711,27,6728919,282480000,40.1,2018,판매,제2종일반주거,2025
서울,도봉구,쌍문동,723,4,4272373,163500000,36.7,1998,제2종근린생활,제3종일반주거,2025
서울,도봉구,쌍문동,75-3,1,2325581,130000000,55.9,2023,제2종근린생활,제2종일반주거,2025
서울,도봉구,쌍문동,75-45,1,2934816,95000000,32.4,2017,제2종근린생활,제2종일반주거,2024
서울,도봉구,쌍문동,8*,3,3460208,1048000000,347.6,1989,제1종근린생활,제3종일반주거,2025
서울,도봉구,쌍문동,81-13,1,4831461,215000000,44.5,2022,제1종근린생활,제2종일반주거,2025
서울,도봉구,쌍문동,88-11,1,2707475,230000000,85.0,2016,제2종근린생활,일반상업,2024
서울,도봉구,창동,*,1,5207429,600000000,115.2,1993,제1종근린생활,일반상업,2026
서울,도봉구,창동,10,2,2440505,117500000,32.2,1991,제2종근린생활,일반상업,2026
서울,도봉구,창동,10-3,3,3032465,180000000,63.1,1991,제2종근린생활,일반상업,2026
서울,도봉구,창동,135-14,1,20987654,680000000,32.4,1989,제1종근린생활,제2종일반주거,2025
서울,도봉구,창동,14,3,4381394,290000000,51.8,2005,제1종근린생활,일반상업,2026
서울,도봉구,창동,15-1,1,5368934,3350000000,624.0,1993,업무,일반상업,2025
서울,도봉구,창동,2**,1,3710141,1110000000,299.2,2013,기타,준공업,2025
서울,도봉구,창동,26,3,16597510,265000000,13.5,1988,제1종근린생활,제3종일반주거,2026
서울,도봉구,창동,27-3,2,5419155,245000000,45.2,1988,판매,제3종일반주거,2026
서울,도봉구,창동,296-1,3,4307692,98000000,22.8,2004,제1종근린생활,준주거,2025
서울,도봉구,창동,299,2,5787037,150000000,25.9,1987,제2종근린생활,제3종일반주거,2025
서울,도봉구,창동,3**,2,6778808,1925000000,284.0,2007,기타,제1종일반주거,2026
서울,도봉구,창동,3-4,2,26138103,712500000,49.9,1991,제1종근린생활,일반상업,2026
서울,도봉구,창동,307-2,2,4934211,75000000,15.2,1990,제1종근린생활,제3종일반주거,2025
서울,도봉구,창동,331-2,2,4398243,330000000,75.4,1992,제2종근린생활,일반상업,2026
서울,도봉구,창동,333-1,1,561973,90000000,160.2,1995,제2종근린생활,일반상업,2026
서울,도봉구,창동,333-2,1,13888889,640000000,46.1,1992,제1종근린생활,일반상업,2026
서울,도봉구,창동,347-1,1,14212679,695000000,48.9,,제1종근린생활,제3종일반주거,2026
서울,도봉구,창동,360-1,4,5400531,302500000,56.1,2015,제2종근린생활,제2종일반주거,2026
서울,도봉구,창동,38-1,4,6312312,107000000,16.6,1988,판매,제3종일반주거,2026
서울,도봉구,창동,4,11,3570859,224000000,63.0,1992,제2종근린생활,일반상업,2026
서울,도봉구,창동,442-44,1,5004052,247000000,49.4,2003,제1종근린생활,제3종일반주거,2025
서울,도봉구,창동,45,3,20693277,348000000,16.8,1992,판매,제3종일반주거,2025
서울,도봉구,창동,475-11,1,6185878,410000000,66.3,2022,제1종근린생활,제2종일반주거,2025
서울,도봉구,창동,5,5,3482143,195000000,56.0,1990,제2종근린생활,일반상업,2026
서울,도봉구,창동,5**,3,4080522,3000000000,735.2,2006,제2종근린생활,제2종일반주거,2026
서울,도봉구,창동,5-1,3,3541913,297000000,42.4,1991,업무,일반상업,2026
서울,도봉구,창동,520-3,1,6142506,100000000,16.3,2022,제1종근린생활,제2종일반주거,2025
서울,도봉구,창동,581-28,2,1642350,21890000,13.2,1985,판매,준공업,2025
서울,도봉구,창동,593-14,1,3404255,40000000,11.8,1994,제2종근린생활,준공업,2025
서울,도봉구,창동,6,4,1514286,15750000,11.0,1990,제2종근린생활,일반상업,2026
서울,도봉구,창동,6**,7,2892377,1684000000,582.2,1988,제2종근린생활,준공업,2025
서울,도봉구,창동,608-167,1,3634652,193000000,53.1,2006,제1종근린생활,준공업,2026
서울,도봉구,창동,621-8,1,5628470,223000000,39.6,2012,제2종근린생활,준공업,2025
서울,도봉구,창동,624-1,1,9861111,355000000,36.0,2005,제2종근린생활,준공업,2026
서울,도봉구,창동,659-29,1,11655012,800000000,68.6,2004,제1종근린생활,일반상업,2025
서울,도봉구,창동,661-13,1,1254622,190000000,151.4,2003,제2종근린생활,일반상업,2026
서울,도봉구,창동,674-109,1,2710027,110000000,40.6,,제2종근린생활,준공업,2025
서울,도봉구,창동,7**,1,5863461,1990000000,339.4,1987,제1종근린생활,준주거,2026
서울,도봉구,창동,700-72,1,7462687,620000000,83.1,2019,제1종근린생활,제2종일반주거,2025
서울,도봉구,창동,731-106,1,3599194,125000000,34.7,2017,제2종근린생활,준주거,2026
서울,도봉구,창동,731-112,1,3043478,119000000,39.1,2012,제2종근린생활,준주거,2025
서울,도봉구,창동,731-121,3,2289201,112560000,49.2,2020,제2종근린생활,준주거,2026
서울,도봉구,창동,731-130,1,3024614,145000000,47.9,2013,제2종근린생활,준주거,2025
서울,도봉구,창동,731-19,7,22790113,1288000000,57.5,2024,제2종근린생활,준주거,2024
서울,도봉구,창동,731-40,1,2636783,120000000,45.5,2012,제2종근린생활,준주거,2025
서울,도봉구,창동,804,1,409762,533330000,1301.6,1995,제2종근린생활,준공업,2025
서울,도봉구,창동,808,1,5408874,295000000,54.5,1997,제2종근린생활,제3종일반주거,2026
서울,도봉구,창동,819,1,7166907,149000000,20.8,2003,제1종근린생활,준공업,2026
서울,도봉구,창동,9-1,2,2804183,155000000,55.9,1992,교육연구,일반상업,2026
서울,동대문구,답십리동,*,1,15957447,2100000000,131.6,2011,제2종근린생활,제3종일반주거,2025
서울,동대문구,답십리동,1003-2,3,2406262,498000000,207.0,2017,제2종근린생활,제2종일반주거,2026
서울,동대문구,답십리동,1009,1,19881784,370000000,18.6,2018,제2종근린생활,제3종일반주거,2025
서울,동대문구,답십리동,1012,5,7326007,520000000,71.0,2020,제2종근린생활,제2종일반주거,2026
서울,동대문구,답십리동,2**,1,27085125,315000000,11.6,1964,제1종근린생활,제3종일반주거,2026
서울,동대문구,답십리동,320-28,1,2626217,116000000,44.2,2020,제2종근린생활,제2종일반주거,2026
서울,동대문구,답십리동,4**,5,6051437,1320000000,209.4,1973,제2종근린생활,제2종일반주거,2026
서울,동대문구,답십리동,41,1,5565863,30000000,5.4,1989,판매,제3종일반주거,2025
서울,동대문구,답십리동,42,1,4306220,135000000,31.4,,제2종근린생활,제3종일반주거,2026
서울,동대문구,답십리동,482-5,1,6084071,110000000,18.1,2023,제1종근린생활,제2종일반주거,2024
서울,동대문구,답십리동,488-338,2,7633957,785000000,183.0,2019,제1종근린생활,준주거,2024
서울,동대문구,답십리동,492-1,2,19420059,730000000,37.6,1980,제1종근린생활,일반상업,2026
서울,동대문구,답십리동,493-1,3,25254763,575000000,22.8,2024,제2종근린생활,일반상업,2025
서울,동대문구,답십리동,493-5,6,3096149,112500000,36.5,1999,업무,일반상업,2026
서울,동대문구,답십리동,494-1,1,4967710,200000000,40.3,2016,제2종근린생활,일반상업,2026
서울,동대문구,답십리동,494-2,3,1606046,35500000,12.0,1994,판매,일반상업,2026
서울,동대문구,답십리동,498-5,1,16447368,450000000,27.4,2005,제2종근린생활,일반상업,2026
서울,동대문구,답십리동,530-11,1,5270555,150000000,28.5,,제1종근린생활,일반상업,2026
서울,동대문구,답십리동,530-15,2,16756528,502500000,31.0,2016,제2종근린생활,일반상업,2026
서울,동대문구,답십리동,530-6,20,3639192,60000000,15.7,1983,제1종근린생활,일반상업,2026
서울,동대문구,답십리동,542-1,2,11702221,417500000,34.9,1981,제1종근린생활,제2종일반주거,2026
서울,동대문구,답십리동,645-8,1,7203907,295000000,41.0,1991,제1종근린생활,제3종일반주거,2026
서울,동대문구,답십리동,9*,1,5894985,2800000000,475.0,1983,숙박,제2종일반주거,2024
서울,동대문구,답십리동,9**,3,6121157,2400000000,391.6,1985,제1종근린생활,제2종일반주거,2026
서울,동대문구,답십리동,952,2,4543647,165000000,35.8,1982,제1종근린생활,일반상업,2026
서울,동대문구,답십리동,952-4,2,5257431,261750000,55.2,1982,업무,일반상업,2026
서울,동대문구,답십리동,952-7,2,3765897,305000000,81.0,1982,업무,일반상업,2026
서울,동대문구,답십리동,961-2,1,8994083,304000000,33.8,,제1종근린생활,일반상업,2026
서울,동대문구,답십리동,961-9,5,4904146,220000000,44.9,1980,판매,일반상업,2026
서울,동대문구,답십리동,998,1,8006005,320000000,40.0,,제1종근린생활,제3종일반주거,2025
서울,동대문구,답십리동,999,1,12965517,470000000,36.2,2006,제2종근린생활,일반상업,2025
서울,동대문구,신설동,1**,4,4985073,3214000000,701.8,1992,제2종근린생활,준주거,2026
서울,동대문구,신설동,100-22,85,1785080,11400000,7.2,1992,판매,일반상업,2026
서울,동대문구,신설동,109-13,1,14925373,450000000,30.2,2007,제2종근린생활,일반상업,2025
서울,동대문구,신설동,114-26,8,5915265,809120000,137.5,1991,제1종근린생활,준주거,2025
서울,동대문구,신설동,8*,1,6170808,1500000000,243.1,1990,제2종근린생활,제2종일반주거,2025
서울,동대문구,신설동,89-191,1,5131714,150000000,29.2,2013,제2종근린생활,제2종일반주거,2025
서울,동대문구,신설동,9*,7,6238734,3200000000,294.5,1991,제2종근린생활,준주거,2026
서울,동대문구,신설동,92-72,1,5655340,23300000,4.1,,제1종근린생활,일반상업,2024
서울,동대문구,신설동,97-8,1,878187,2140000000,2436.8,2004,제1종근린생활,준주거,2025
서울,동대문구,용두동,1**,11,4454887,2370000000,532.0,1985,제1종근린생활,제2종일반주거,2026
서울,동대문구,용두동,104-3,1,34751773,1470000000,42.3,2016,제2종근린생활,일반상업,2024
서울,동대문구,용두동,144-31,3,3818704,359340000,94.1,2022,제1종근린생활,제2종일반주거,2025
서울,동대문구,용두동,2*,2,18711339,1650000000,85.4,1974,제1종근린생활,일반상업,2025
서울,동대문구,용두동,2**,6,5498541,9328225000,1486.9,1985,제1종근린생활,제2종일반주거,2026
서울,동대문구,용두동,231-5,2,4169884,15000000,3.6,1964,판매,제3종일반주거,2025
서울,동대문구,용두동,236-1,2,2498945,100000000,39.3,2004,제2종근린생활,제2종일반주거,2025
서울,동대문구,용두동,236-4,1,3947368,90000000,22.8,2004,제2종근린생활,제2종일반주거,2025
서울,동대문구,용두동,237-22,1,6388889,230000000,36.0,2003,제2종근린생활,제2종일반주거,2025
서울,동대문구,용두동,237-63,1,4429134,450000000,101.6,2003,제2종근린생활,제2종일반주거,2024
서울,동대문구,용두동,255-48,1,4478713,668000000,149.2,,업무,일반상업,2025
서울,동대문구,용두동,3*,3,3501631,10100000000,2884.4,1991,제2종근린생활,제3종일반주거,2026
서울,동대문구,용두동,39-413,1,5345395,65000000,12.2,2025,제1종근린생활,제2종일반주거,2025
서울,동대문구,용두동,39-546,1,6391818,400000000,62.6,2015,제1종근린생활,제2종일반주거,2026
서울,동대문구,용두동,39-831,1,19607843,150000000,7.6,2026,제2종근린생활,제2종일반주거,2026
서울,동대문구,용두동,40-13,1,5559052,530000000,95.3,2005,제1종근린생활,제3종일반주거,2025
서울,동대문구,용두동,7**,3,4564473,3000000000,657.2,1992,제1종근린생활,제2종일반주거,2026
서울,동대문구,용두동,787,15,4366812,30000000,6.9,2005,제1종근린생활,일반상업,2026
서울,동대문구,용두동,788,18,3577379,123000000,34.4,2006,판매,일반상업,2025
서울,동대문구,용두동,790,5,5228075,400000000,76.5,2009,제2종근린생활,준주거,2026
서울,동대문구,용두동,797,6,8185655,284500000,38.3,2023,업무,일반상업,2025
서울,동대문구,용두동,798,1,8563023,553000000,64.6,2023,제1종근린생활,일반상업,2026
서울,동대문구,이문동,1**,3,7109082,2885000000,780.5,1994,업무,제3종일반주거,2025
서울,동대문구,이문동,2**,6,7109976,2306155000,392.8,1994,제2종근린생활,제2종일반주거,2026
서울,동대문구,이문동,225-2,1,19849537,343000000,17.3,2003,제1종근린생활,제3종일반주거,2026
서울,동대문구,이문동,255-182,1,4124150,97000000,23.5,,업무,제2종일반주거,2025
서울,동대문구,이문동,292-10,6,3901390,172275000,44.4,2008,판매,제2종일반주거,2026
서울,동대문구,이문동,3**,1,5084807,2800000000,550.7,2008,제2종근린생활,제1종일반주거,2024
서울,동대문구,이문동,54,2,9501798,185000000,19.5,2000,제1종근린생활,제3종일반주거,2026
서울,동대문구,이문동,64,3,2755158,2700000000,980.0,2000,제1종근린생활,제3종일반주거,2025
서울,동대문구,이문동,73,1,3096713,65000000,21.0,1997,제2종근린생활,제3종일반주거,2026
서울,동대문구,이문동,8*,2,10380418,4696620000,452.4,1991,제2종근린생활,준주거,2025
서울,동대문구,장안동,1**,3,5099312,8100000000,1608.1,1984,제2종근린생활,제3종일반주거,2025
서울,동대문구,장안동,107-8,2,5740911,650000000,113.3,2005,교육연구,제3종일반주거,2025
서울,동대문구,장안동,2**,1,6345506,4900000000,772.2,1985,제1종근린생활,제3종일반주거,2025
서울,동대문구,장안동,3**,12,4747865,4650000000,1184.9,1987,제2종근린생활,일반상업,2026
서울,동대문구,장안동,329-2,1,10461957,154000000,14.7,2007,제2종근린생활,제3종일반주거,2024
서울,동대문구,장안동,329-3,7,2486218,230000000,92.5,2007,제2종근린생활,제3종일반주거,2025
서울,동대문구,장안동,335-4,1,5802461,910000000,156.8,2023,제2종근린생활,일반상업,2025
서울,동대문구,장안동,335-6,2,3703135,254625000,43.8,1978,제2종근린생활,일반상업,2026
서울,동대문구,장안동,335-8,1,5039307,500000000,99.2,2005,제2종근린생활,일반상업,2026
서울,동대문구,장안동,347-8,2,2603508,617500000,237.2,2006,제1종근린생활,제3종일반주거,2026
서울,동대문구,장안동,364-3,1,14695179,1094350000,74.5,2024,제1종근린생활,일반상업,2025
서울,동대문구,장안동,366-7,1,7997699,278000000,34.8,2024,제2종근린생활,일반상업,2024
서울,동대문구,장안동,371-1,9,3809824,30250000,8.0,2002,판매,제3종일반주거,2026
서울,동대문구,장안동,374-1,1,6471601,188000000,29.0,2004,제1종근린생활,일반상업,2025
서울,동대문구,장안동,4**,3,4646644,3000000000,651.4,1987,제2종근린생활,제2종일반주거,2026
서울,동대문구,장안동,408-5,2,6828456,220000000,32.3,2022,제1종근린생활,제2종일반주거,2025
서울,동대문구,장안동,415-10,1,1194469,260000000,217.7,2019,제1종근린생활,일반상업,2026
서울,동대문구,장안동,416-1,1,6733641,248000000,36.8,2020,제1종근린생활,일반상업,2026
서울,동대문구,장안동,93-30,1,4244482,250000000,58.9,2014,제1종근린생활,제2종일반주거,2025
서울,동대문구,전농동,*,1,2451746,9100000000,3711.6,1994,제2종근린생활,제3종일반주거,2025
서울,동대문구,전농동,1**,3,8967461,350000000,39.0,2002,제2종근린생활,제2종일반주거,2026
서울,동대문구,전농동,10,2,3304188,65300000,19.8,2000,교육연구,제3종일반주거,2026
서울,동대문구,전농동,124-36,1,6093190,170000000,27.9,2022,제2종근린생활,제3종일반주거,2025
서울,동대문구,전농동,127-359,5,19695400,475250000,26.9,2025,제2종근린생활,일반상업,2026
서울,동대문구,전농동,127-45,2,6281407,350000000,55.7,2017,제1종근린생활,제3종일반주거,2025
서울,동대문구,전농동,127-57,2,7106244,305000000,42.9,2019,제2종근린생활,제3종일반주거,2026
서울,동대문구,전농동,127-60,1,9655172,280000000,29.0,2019,제1종근린생활,제3종일반주거,2025
서울,동대문구,전농동,2**,2,13693673,2250000000,204.1,2000,기타,제2종일반주거,2025
서울,동대문구,전농동,295-431,13,11051081,210000000,20.4,1969,판매,근린상업,2026
서울,동대문구,전농동,295-48,4,10864180,195000000,18.0,1969,판매,근린상업,2025
서울,동대문구,전농동,295-52,11,9960159,230000000,27.0,1967,제1종근린생활,근린상업,2026
서울,동대문구,전농동,295-7,1,13619480,764870000,56.2,2024,제2종근린생활,근린상업,2025
서울,동대문구,전농동,3*,2,8538251,5500000000,644.2,1983,제2종근린생활,근린상업,2025
서울,동대문구,전농동,3**,2,8289812,1000000000,120.6,2023,제2종근린생활,제2종일반주거,2026
서울,동대문구,전농동,3-92,3,2652241,17160000,6.5,2018,제2종근린생활,제3종일반주거,2025
서울,동대문구,전농동,4**,2,8730578,986000000,175.7,1991,제1종근린생활,제3종일반주거,2025
서울,동대문구,전농동,493-71,3,17579722,460000000,24.5,1965,업무,제3종일반주거,2026
서울,동대문구,전농동,493-72,11,22002200,305000000,13.2,1966,제1종근린생활,제3종일반주거,2026
서울,동대문구,전농동,5**,1,5969912,1500000000,251.3,,제1종근린생활,제3종일반주거,2026
서울,동대문구,전농동,558-97,1,9393939,124000000,13.2,2026,제1종근린생활,제2종일반주거,2026
서울,동대문구,전농동,6,9,1813565,14000000,7.5,1992,제1종근린생활,제3종일반주거,2026
서울,동대문구,전농동,6*,1,6763326,940170000,139.0,1989,제1종근린생활,제2종일반주거,2026
서울,동대문구,전농동,6**,9,9504220,1340000000,141.0,1976,제1종근린생활,제3종일반주거,2026
서울,동대문구,전농동,602-23,19,741356,27800000,47.2,2024,제1종근린생활,제3종일반주거,2024
서울,동대문구,전농동,620-15,2,10872453,232500000,21.7,2023,제1종근린생활,일반상업,2026
서울,동대문구,전농동,620-47,15,9318337,273400000,29.3,2023,업무,일반상업,2026
서울,동대문구,전농동,620-56,1,17006803,550000000,32.3,2023,제1종근린생활,일반상업,2024
서울,동대문구,전농동,620-6,1,10119048,170000000,16.8,2023,제2종근린생활,일반상업,2025
서울,동대문구,전농동,690,3,14039855,470000000,33.1,2014,제2종근린생활,제2종일반주거,2026
서울,동대문구,전농동,97-4,5,13459746,743240000,55.2,2024,제2종근린생활,제2종일반주거,2025
서울,동대문구,제기동,1**,8,13117641,1050000000,61.7,1971,제2종근린생활,제2종일반주거,2026
서울,동대문구,제기동,1***,5,6823897,550000000,104.1,1965,제1종근린생활,제2종일반주거,2026
서울,동대문구,제기동,1015,12,2671841,34750000,11.6,1985,판매,제3종일반주거,2026
서울,동대문구,제기동,1046-1,13,1359272,131850000,62.6,1987,제1종근린생활,제3종일반주거,2024
서울,동대문구,제기동,1140-5,112,1538272,7000000,4.5,2007,판매,일반상업,2026
서울,동대문구,제기동,1212,1,8549383,277000000,32.4,2004,제1종근린생활,제3종일반주거,2025
서울,동대문구,제기동,2**,2,6581129,5554000000,948.5,1978,제2종근린생활,제2종일반주거,2025
서울,동대문구,제기동,272-6,2,1398864,37500000,26.9,2008,제1종근린생활,제2종일반주거,2025
서울,동대문구,제기동,3**,1,17376914,420000000,24.2,1949,제2종근린생활,제3종일반주거,2025
서울,동대문구,제기동,346-9,4,4257581,215750000,40.3,1969,제1종근린생활,제3종일반주거,2026
서울,동대문구,제기동,4**,4,5285020,2950000000,613.9,1985,제2종근린생활,일반상업,2025
서울,동대문구,제기동,6**,3,11742424,1250000000,79.2,1976,제1종근린생활,제2종일반주거,2026
서울,동대문구,제기동,615-1,2,7856547,1115000000,179.4,2015,제1종근린생활,제2종일반주거,2026
서울,동대문구,제기동,7**,1,6307490,1200000000,190.2,1973,제1종근린생활,제3종일반주거,2026
서울,동대문구,제기동,8**,4,10572207,670000000,60.9,1985,제1종근린생활,제2종일반주거,2026
서울,동대문구,제기동,892-71,504,8695652,60000000,6.6,1976,판매,일반상업,2026
서울,동대문구,제기동,9**,2,26818594,2030000000,69.3,1959,제2종근린생활,제2종일반주거,2026
서울,동대문구,청량리동,2**,3,43394407,1140000000,89.3,1984,제1종근린생활,일반상업,2026
서울,동대문구,청량리동,235-4,14,12405405,525000000,37.0,1978,제2종근린생활,일반상업,2026
서울,동대문구,청량리동,4**,2,15099903,1072975000,96.5,1953,제1종근린생활,제3종일반주거,2025
서울,동대문구,청량리동,5*,2,4542422,1875000000,400.7,1990,제1종근린생활,제2종일반주거,2025
서울,동대문구,청량리동,51-10,4,3873658,329600000,85.1,2004,제2종근린생활,제2종일반주거,2025
서울,동대문구,청량리동,6**,3,6815989,5554690000,815.0,1984,제2종근린생활,일반상업,2026
서울,동대문구,청량리동,60,4,1637500,29500000,18.0,1997,제1종근린생활,제3종일반주거,2025
서울,동대문구,청량리동,7**,7,6564029,1650000000,251.4,1961,제1종근린생활,일반상업,2026
서울,동대문구,청량리동,738,21,4256939,30000000,6.6,1997,판매,일반상업,2026
서울,동대문구,청량리동,774,23,3360117,40850000,7.0,1997,판매,일반상업,2026
서울,동대문구,회기동,1*,3,9215046,2200000000,238.7,1988,제2종근린생활,제3종일반주거,2025
서울,동대문구,회기동,1**,2,3429598,1775000000,567.1,2006,제2종근린생활,제2종일반주거,2025
서울,동대문구,회기동,3*,1,61964849,5500000000,88.8,1959,제1종근린생활,제3종일반주거,2026
서울,동대문구,회기동,4*,1,6259781,2080000000,332.3,2020,제1종근린생활,제2종일반주거,2026
서울,동대문구,회기동,5*,2,5217758,2267750000,521.0,2002,제2종근린생활,제3종일반주거,2025
서울,동대문구,회기동,6*,7,10666035,1784200000,135.7,2010,제1종근린생활,제2종일반주거,2026
서울,동대문구,휘경동,1**,1,5669662,2650000000,467.4,2016,제2종근린생활,준주거,2025
서울,동대문구,휘경동,109,1,3019165,230000000,76.2,2003,제2종근린생활,제3종일반주거,2025
서울,동대문구,휘경동,122-6,1,7381453,316000000,42.8,1997,제2종근린생활,제2종일반주거,2025
서울,동대문구,휘경동,192-7,2,4435784,290000000,64.8,2018,제2종근린생활,제2종일반주거,2025
서울,동대문구,휘경동,2**,1,8206839,2460000000,299.8,1992,제1종근린생활,준주거,2025
서울,동대문구,휘경동,264-2,1,8012821,450000000,56.2,2006,제1종근린생활,준주거,2026
서울,동대문구,휘경동,286-13,1,11746988,195000000,16.6,2006,제1종근린생활,제2종일반주거,2025
서울,동대문구,휘경동,3**,1,4712866,19500000000,4137.6,2012,업무,제2종일반주거,2025
서울,동대문구,휘경동,322-2,1,19378882,780000000,40.2,2020,제1종근린생활,준주거,2025
서울,동대문구,휘경동,363,2,3660179,155000000,42.3,1992,제2종근린생활,제3종일반주거,2026
서울,동대문구,휘경동,366,3,1940606,66000000,34.0,2007,제1종근린생활,제3종일반주거,2026
서울,동대문구,휘경동,369,4,4452791,540000000,121.0,2016,제2종근린생활,준주거,2026
서울,동대문구,휘경동,372,1,10230736,470000000,45.9,2019,제2종근린생활,제2종일반주거,2026
서울,동대문구,휘경동,377,12,22184126,698140000,29.8,2021,제1종근린생활,제2종일반주거,2025
서울,동대문구,휘경동,57-1,1,3600501,287500000,79.8,2002,교육연구,제3종일반주거,2025
서울,동작구,노량진동,1*,1,19980020,200000000,10.0,1957,제2종근린생활,제3종일반주거,2025
서울,동작구,노량진동,1**,7,7225614,4220200000,746.1,1989,제1종근린생활,제3종일반주거,2026
서울,동작구,노량진동,118-5,1,4408714,680000000,154.2,1981,제2종근린생활,제3종일반주거,2025
서울,동작구,노량진동,16-1,6,18958859,836500000,49.1,2020,판매,유통상업,2026
서울,동작구,노량진동,2*,2,6241386,2400000000,384.5,1993,제1종근린생활,일반상업,2025
서울,동작구,노량진동,2**,18,9019840,1890000000,161.2,1984,제1종근린생활,제2종일반주거,2026
서울,동작구,노량진동,206-10,1,6217277,190000000,30.6,2025,제1종근린생활,제2종일반주거,2026
서울,동작구,노량진동,218-7,1,3468365,512000000,147.6,2003,제2종근린생활,제2종일반주거,2024
서울,동작구,노량진동,283-3,4,9314764,133000000,11.1,1993,제1종근린생활,제3종일반주거,2026
서울,동작구,노량진동,3*,2,11061017,2558750000,231.3,1983,제2종근린생활,일반상업,2026
서울,동작구,노량진동,3**,5,15885087,1400000000,35.6,1976,제2종근린생활,제3종일반주거,2025
서울,동작구,노량진동,307-117,1,4679803,190000000,40.6,,판매,제3종일반주거,2026
서울,동작구,노량진동,307-212,1,102110,48000000,470.1,,제1종근린생활,제3종일반주거,2025
서울,동작구,노량진동,325,1,4440497,75000000,16.9,2001,제1종근린생활,제3종일반주거,2026
서울,동작구,노량진동,325-4,1,12837838,380000000,29.6,2001,제1종근린생활,제2종일반주거,2026
서울,동작구,노량진동,330,1,3909465,190000000,48.6,2001,제1종근린생활,제3종일반주거,2026
서울,동작구,노량진동,41-5,1,14285714,620000000,43.4,1985,제2종근린생활,일반상업,2026
서울,동작구,노량진동,45-3,2,6360941,107840000,14.4,2005,제2종근린생활,일반상업,2026
서울,동작구,노량진동,5*,3,10974660,10000000000,911.2,2017,제2종근린생활,제3종일반주거,2026
서울,동작구,노량진동,57-1,7,4095625,2049000000,500.3,2015,교육연구,일반상업,2026
서울,동작구,노량진동,7*,2,14695594,1746500000,118.1,1976,숙박,일반상업,2025
서울,동작구,노량진동,71-2,1,3741497,22000000,5.9,2004,제2종근린생활,일반상업,2025
서울,동작구,노량진동,8*,2,7216193,3360000000,489.9,2009,제2종근린생활,제3종일반주거,2026
서울,동작구,노량진동,84-27,2,5375244,285000000,53.1,2025,제2종근린생활,제2종일반주거,2026
서울,동작구,대방동,1*,2,4454234,1297500000,270.7,1992,제2종근린생활,제2종일반주거,2026
서울,동작구,대방동,381-29,1,6299796,340000000,54.0,2016,제2종근린생활,제2종일반주거,2025
서울,동작구,대방동,4**,3,5586785,3150000000,475.8,1987,제1종근린생활,제3종일반주거,2026
서울,동작구,대방동,404-17,1,6474104,325000000,50.2,2016,제2종근린생활,제3종일반주거,2024
서울,동작구,대방동,41,1,5405405,138000000,25.5,1997,제2종근린생활,제3종일반주거,2025
서울,동작구,대방동,501,13,5563891,170000000,27.4,1993,판매,제3종일반주거,2026
서울,동작구,동작동,1**,2,6620146,341650000,51.8,,제2종근린생활,제2종일반주거,2026
서울,동작구,동작동,102-71,1,4901961,160000000,32.6,2009,제2종근린생활,제1종일반주거,2024
서울,동작구,동작동,333,3,19321597,450000000,25.4,2013,제2종근린생활,제2종일반주거,2025
서울,동작구,본동,1**,6,26534583,1350000000,64.6,1966,제1종근린생활,제3종일반주거,2025
서울,동작구,본동,148-2,1,6830601,150000000,22.0,1992,제1종근린생활,제3종일반주거,2024
서울,동작구,본동,187-7,1,7998418,353930000,44.2,,제1종근린생활,제3종일반주거,2025
서울,동작구,본동,2**,1,10102843,167000000,16.5,,제1종근린생활,제3종일반주거,2025
서울,동작구,본동,3**,5,22452270,670910000,23.6,1984,제1종근린생활,제3종일반주거,2025
서울,동작구,본동,4**,1,68288320,1759790000,25.8,2005,제2종근린생활,제3종일반주거,2025
서울,동작구,본동,47-40,1,13020833,350000000,26.9,2003,제2종근린생활,제2종일반주거,2025
서울,동작구,본동,481,7,3363519,156000000,46.4,1993,기타,제2종일반주거,2026
서울,동작구,사당동,1**,10,12854398,4750000000,382.1,1994,제1종근린생활,제2종일반주거,2026
서울,동작구,사당동,1***,7,10100514,2300000000,146.1,1975,제2종근린생활,제3종일반주거,2025
서울,동작구,사당동,1047-5,1,6057547,360000000,59.4,2017,제2종근린생활,제2종일반주거,2025
서울,동작구,사당동,105,4,4726633,150000000,30.5,1993,제2종근린생활,제2종일반주거,2025
서울,동작구,사당동,1050-33,1,8920188,190000000,21.3,2021,제2종근린생활,제2종일반주거,2026
서울,동작구,사당동,1051-19,1,5782769,345000000,59.7,2023,제2종근린생활,제3종일반주거,2024
서울,동작구,사당동,1051-34,1,5500728,340000000,61.8,2016,제2종근린생활,제3종일반주거,2026
서울,동작구,사당동,1131,1,4415584,510000000,115.5,2011,제2종근린생활,제3종일반주거,2026
서울,동작구,사당동,1138,3,4444444,110000000,24.8,,제2종근린생활,제2종일반주거,2025
서울,동작구,사당동,1139,1,7747816,204000000,26.3,1999,제2종근린생활,제2종일반주거,2026
서울,동작구,사당동,1157,1,7098912,900000000,126.8,2013,제2종근린생활,제2종일반주거,2026
서울,동작구,사당동,120,1,3860029,2600000000,673.6,1992,교육연구,제3종일반주거,2025
서울,동작구,사당동,147-29,2,13537065,461000000,40.6,2010,제1종근린생활,일반상업,2025
서울,동작구,사당동,161-30,1,7863806,126450000,16.1,2002,제1종근린생활,제2종일반주거,2026
서울,동작구,사당동,169-8,20,14958235,151500000,9.8,1990,제1종근린생활,제3종일반주거,2026
서울,동작구,사당동,180-55,3,1734355,120000000,69.2,1996,제1종근린생활,제1종일반주거,2025
서울,동작구,사당동,2**,7,8193619,3300000000,441.5,1986,제2종근린생활,제3종일반주거,2026
서울,동작구,사당동,252-17,2,14118473,890000000,63.0,2006,제2종근린생활,제3종일반주거,2026
서울,동작구,사당동,272-26,1,14800000,370000000,25.0,2024,제1종근린생활,제2종일반주거,2026
서울,동작구,사당동,278-73,2,1889368,50000000,26.8,2002,제2종근린생활,제2종일반주거,2026
서울,동작구,사당동,300-46,1,4886988,240000000,49.1,2017,제1종근린생활,제2종일반주거,2025
서울,동작구,사당동,419-18,1,7588533,270000000,35.6,2010,제2종근린생활,제2종일반주거,2025
서울,동작구,사당동,43-19,2,6503299,138000000,21.2,2012,제2종근린생활,제2종일반주거,2026
서울,동작구,사당동,437-31,1,4515491,137000000,30.3,2007,제1종근린생활,제2종일반주거,2024
서울,동작구,사당동,44-107,2,9943182,245000000,24.6,2023,제2종근린생활,제2종일반주거,2026
서울,동작구,사당동,44-20,1,3709532,165000000,44.5,2023,제1종근린생활,제2종일반주거,2026
서울,동작구,사당동,57-11,1,4256757,189000000,44.4,2015,제2종근린생활,제1종일반주거,2026
서울,동작구,사당동,6*,3,9295730,5641880000,781.8,1973,기타,제2종일반주거,2026
서울,동작구,사당동,64-107,1,907738,18300000,20.2,1996,제2종근린생활,제2종일반주거,2025
서울,동작구,사당동,7*,3,9470315,1450000000,153.1,1972,제2종근린생활,제2종일반주거,2025
서울,동작구,사당동,8*,2,10156784,2795000000,300.8,1984,제2종근린생활,제3종일반주거,2025
서울,동작구,사당동,89-69,3,7903637,1332000000,56.4,1982,기타,제2종일반주거,2025
서울,동작구,상도1동,2**,1,11450534,5750000000,502.2,1985,제1종근린생활,제3종일반주거,2025
서울,동작구,상도1동,3**,2,8980552,1450000000,161.5,1990,제2종근린생활,제2종일반주거,2025
서울,동작구,상도1동,4**,2,5804749,3850000000,663.2,2004,제2종근린생활,제2종일반주거,2026
서울,동작구,상도1동,5**,1,4492536,5360000000,1193.1,2008,제2종근린생활,제3종일반주거,2024
서울,동작구,상도1동,522,2,6155090,565000000,92.2,2020,제2종근린생활,제3종일반주거,2025
서울,동작구,상도1동,549,2,5003011,232770000,46.7,2013,제2종근린생활,제3종일반주거,2026
서울,동작구,상도1동,698,8,7736611,694250000,97.8,2012,제2종근린생활,제3종일반주거,2025
서울,동작구,상도1동,7**,1,17425482,18000000000,1033.0,1987,제2종근린생활,준주거,2025
서울,동작구,상도1동,720-2,1,8062349,600000000,74.4,2008,제1종근린생활,제2종일반주거,2025
서울,동작구,상도동,1*,1,12714858,1080000000,84.9,1964,제2종근린생활,제3종일반주거,2026
서울,동작구,상도동,1**,1,8845042,5200000000,587.9,2011,제2종근린생활,준주거,2025
서울,동작구,상도동,198-47,2,3568879,650000000,182.1,2022,제1종근린생활,제2종일반주거,2026
서울,동작구,상도동,2**,2,6531535,1950000000,298.6,1974,제2종근린생활,제2종일반주거,2026
서울,동작구,상도동,211-135,1,2147122,169000000,78.7,2014,제2종근린생활,제1종일반주거,2026
서울,동작구,상도동,235-11,2,7858169,195000000,25.1,2011,제2종근린생활,제2종일반주거,2025
서울,동작구,상도동,242-62,1,8720930,390000000,44.7,,제2종근린생활,제2종일반주거,2025
서울,동작구,상도동,256-9,2,6572085,170000000,25.8,2018,제2종근린생활,제2종일반주거,2024
서울,동작구,상도동,279-433,1,1572327,150000000,95.4,1994,제2종근린생활,제2종일반주거,2025
서울,동작구,상도동,299-147,1,5782424,177000000,30.6,,제1종근린생활,제2종일반주거,2026
서울,동작구,상도동,299-167,2,4776477,219000000,45.9,2021,제2종근린생활,제2종일반주거,2026
서울,동작구,상도동,299-216,1,3113795,165000000,53.0,2011,제2종근린생활,제2종일반주거,2025
서울,동작구,상도동,3**,2,6279006,8572500000,1485.0,2009,제2종근린생활,제2종일반주거,2026
서울,동작구,상도동,323-4,1,2798377,400000000,142.9,2005,제1종근린생활,제2종일반주거,2026
서울,동작구,상도동,350-20,2,8698195,1020000000,124.6,1966,제2종근린생활,제3종일반주거,2025
서울,동작구,상도동,356-1,1,4159239,70000000,16.8,2016,제2종근린생활,제2종일반주거,2025
서울,동작구,상도동,358-5,1,6711409,210000000,31.3,2012,제2종근린생활,제3종일반주거,2026
서울,동작구,상도동,361-15,1,5547337,300000000,54.1,2013,제2종근린생활,제2종일반주거,2025
서울,동작구,상도동,363-164,2,17934783,660000000,36.8,,제2종근린생활,준주거,2025
서울,동작구,상도동,4**,1,8388307,961300000,114.6,1984,제2종근린생활,제2종일반주거,2026
서울,동작구,상도동,414,2,4833968,100000000,22.2,1997,제2종근린생활,제3종일반주거,2025
서울,동작구,상도동,436,1,5705706,190000000,33.3,2004,제1종근린생활,제2종일반주거,2026
서울,동작구,상도동,465-1,1,8547009,320000000,37.4,2015,제1종근린생활,제2종일반주거,2026
서울,동작구,상도동,488,2,578790,7750000,13.4,1972,판매,제3종일반주거,2025
서울,동작구,상도동,506,3,11142061,1200000000,107.7,2016,제2종근린생활,제3종일반주거,2025
서울,동작구,상도동,529,2,9097629,410000000,45.1,2010,제1종근린생활,제2종일반주거,2024
서울,동작구,상도동,531,1,34774855,780000000,22.4,2012,제2종근린생활,제2종일반주거,2024
서울,동작구,상도동,535,1,19080460,830000000,43.5,2016,제1종근린생활,준주거,2026
서울,동작구,상도동,56-187,1,3267045,92000000,28.2,2008,제2종근린생활,제2종일반주거,2026
서울,동작구,상도동,900,1,28879310,1340000000,46.4,2016,제2종근린생활,제3종일반주거,2025
서울,동작구,상도동,904,1,7831969,220000000,28.1,2021,제2종근린생활,제2종일반주거,2026
서울,동작구,신대방동,341-138,1,3472222,40000000,11.5,2012,제2종근린생활,제3종일반주거,2025
서울,동작구,신대방동,349-7,1,7540368,1408390000,186.8,,제1종근린생활,제3종일반주거,2025
서울,동작구,신대방동,395-66,1,2213978,128300000,58.0,2003,기타,일반상업,2026
서울,동작구,신대방동,395-67,10,4241115,470000000,110.3,1996,업무,일반상업,2026
서울,동작구,신대방동,395-68,1,2959309,72000000,24.3,1996,제2종근린생활,일반상업,2025
서울,동작구,신대방동,395-73,3,4572241,225000000,49.2,2000,업무,일반상업,2026
서울,동작구,신대방동,565,4,10582011,96250000,9.4,1988,제1종근린생활,제3종일반주거,2026
서울,동작구,신대방동,565-22,2,10800108,1200000000,111.1,1995,제1종근린생활,제3종일반주거,2025
서울,동작구,신대방동,599-34,2,2821960,110000000,39.0,2012,제2종근린생활,제2종일반주거,2026
서울,동작구,신대방동,6**,1,7579315,2260000000,298.2,1979,제2종근린생활,제2종일반주거,2025
서울,동작구,신대방동,686-1,1,23260212,1230000000,52.9,,기타,준주거,2026
서울,동작구,신대방동,686-48,4,8339289,271950000,34.9,2022,업무,준주거,2026
서울,동작구,신대방동,707,3,2232143,15000000,6.7,1996,제2종근린생활,제3종일반주거,2026
서울,동작구,신대방동,708,1,4507550,400000000,88.7,1996,제2종근린생활,일반상업,2026
서울,동작구,신대방동,713,1,8523333,400000000,46.9,2003,제1종근린생활,제1종일반주거,2024
서울,동작구,신대방동,719,5,11046134,385000000,44.7,2006,판매,준주거,2026
서울,동작구,신대방동,724,4,13920735,307100000,19.7,2021,제2종근린생활,준주거,2026
서울,동작구,흑석동,10,2,5021529,460000000,91.4,1988,제2종근린생활,제3종일반주거,2026
서울,동작구,흑석동,28,13,18002572,420000000,23.3,1988,판매,제3종일반주거,2026
서울,동작구,흑석동,327,1,9722222,350000000,36.0,,제1종근린생활,제2종일반주거,2026
서울,동작구,흑석동,332,2,18988857,675000000,35.5,2010,판매,준주거,2026
서울,동작구,흑석동,335-1,2,12965604,469500000,38.6,2011,제1종근린생활,제3종일반주거,2026
서울,동작구,흑석동,336,2,5266965,420000000,79.8,2012,제2종근린생활,제2종일반주거,2025
서울,동작구,흑석동,341,2,9204390,467500000,58.1,2019,제2종근린생활,제1종일반주거,2025
서울,동작구,흑석동,343,1,7464836,1467960000,196.6,2025,제2종근린생활,제2종일반주거,2026
서울,동작구,흑석동,5*,1,15373578,3000000000,195.1,1995,제2종근린생활,제2종일반주거,2025
서울,마포구,공덕동,1**,2,13974486,2800000000,169.6,1996,제2종근린생활,제2종일반주거,2026
서울,마포구,공덕동,115-62,13,6020388,602400000,100.1,2004,업무,제2종일반주거,2026
서울,마포구,공덕동,2**,3,10421249,1848000000,177.3,1971,제1종근린생활,제2종일반주거,2026
서울,마포구,공덕동,256-13,8,5261368,493500000,112.1,1985,업무,일반상업,2026
서울,마포구,공덕동,256-30,1,27370421,403440000,14.7,,제1종근린생활,준주거,2025
서울,마포구,공덕동,256-5,3,1954607,273000000,139.7,1967,제1종근린생활,준주거,2025
서울,마포구,공덕동,29-5,1,3968254,90000000,22.7,2002,업무,제2종일반주거,2025
서울,마포구,공덕동,404,8,5871464,596570000,101.6,1990,제1종근린생활,준주거,2024
서울,마포구,공덕동,43,1,4230769,110000000,26.0,2004,제1종근린생활,제2종일반주거,2026
서울,마포구,공덕동,456,7,5669429,260000000,45.9,2002,업무,일반상업,2026
서울,마포구,공덕동,467,9,13126355,3030000000,262.8,2009,판매,일반상업,2026
서울,마포구,공덕동,475,4,14193095,459500000,33.1,2013,제2종근린생활,준주거,2026
서울,마포구,공덕동,476,3,20625889,1400000000,58.4,2015,제2종근린생활,준주거,2026
서울,마포구,공덕동,478,2,23173664,1150000000,50.2,2018,제2종근린생활,준주거,2025
서울,마포구,공덕동,479,2,6809276,188500000,30.5,2021,업무,준주거,2026
서울,마포구,구수동,1*,1,12065095,1290000000,106.9,2012,제2종근린생활,제3종일반주거,2025
서울,마포구,노고산동,1**,3,28270573,2470000000,87.4,1970,제2종근린생활,일반상업,2025
서울,마포구,노고산동,1-21,1,3558719,300000000,84.3,2020,제1종근린생활,일반상업,2025
서울,마포구,노고산동,1-51,1,10196375,270000000,26.5,2010,제2종근린생활,제2종일반주거,2025
서울,마포구,노고산동,106-5,1,5023390,1600000000,318.5,2006,교육연구,일반상업,2026
서울,마포구,노고산동,107-17,39,4966140,52000000,10.4,2006,업무,일반상업,2026
서울,마포구,노고산동,3*,4,9702280,2390000000,432.0,1988,제2종근린생활,제2종일반주거,2026
서울,마포구,노고산동,31-90,7,2416526,110000000,26.1,1999,제1종근린생활,일반상업,2025
서울,마포구,노고산동,4*,1,11065759,5568290000,503.2,1983,제1종근린생활,준주거,2025
서울,마포구,노고산동,5*,13,14622533,2215460000,151.5,1984,제2종근린생활,일반상업,2026
서울,마포구,노고산동,54-63,2,1656992,210670000,127.1,2003,제2종근린생활,준주거,2025
서울,마포구,노고산동,57-18,2,6436141,187500000,29.7,1999,기타,일반상업,2025
서울,마포구,노고산동,57-26,6,5508377,152500000,24.2,2006,숙박,일반상업,2026
서울,마포구,당인동,1*,1,12968639,1100000000,84.8,1993,제2종근린생활,제2종일반주거,2024
서울,마포구,당인동,15-40,1,4675259,185000000,39.6,2008,제1종근린생활,제2종일반주거,2025
서울,마포구,대흥동,*,2,6951103,820000000,138.3,1984,제2종근린생활,제3종일반주거,2025
서울,마포구,대흥동,12-33,19,4442402,140000000,31.7,2000,업무,일반상업,2026
서울,마포구,대흥동,12-41,1,10581149,650000000,61.4,2014,제1종근린생활,일반상업,2026
서울,마포구,대흥동,255-1,1,7912746,370000000,46.8,2018,제2종근린생활,제3종일반주거,2025
서울,마포구,대흥동,262-1,2,29446876,740000000,25.1,,제1종근린생활,준주거,2026
서울,마포구,대흥동,3**,5,7849193,2440000000,310.9,1986,제2종근린생활,제2종일반주거,2026
서울,마포구,대흥동,34-13,1,11831727,270000000,22.8,2021,제2종근린생활,제2종일반주거,2025
서울,마포구,대흥동,4**,3,13677218,3500000000,236.0,2017,제1종근린생활,제2종일반주거,2026
서울,마포구,대흥동,5**,2,16569575,12250000000,1101.0,2015,교육연구,제2종일반주거,2025
서울,마포구,대흥동,802,3,3576188,644000000,180.1,2000,제1종근린생활,제3종일반주거,2026
서울,마포구,대흥동,803,1,16636958,1120000000,67.3,2007,제1종근린생활,제3종일반주거,2025
서울,마포구,대흥동,806,1,21636241,640000000,29.6,2020,제2종근린생활,제2종일반주거,2025
서울,마포구,도화동,1**,1,13779558,9050000000,656.8,1973,제2종근린생활,제2종일반주거,2025
서울,마포구,도화동,173,9,5484147,150000000,24.2,1987,업무,일반상업,2026
서울,마포구,도화동,2*,2,18878932,3275000000,173.9,1976,제2종근린생활,제2종일반주거,2025
서울,마포구,도화동,2**,1,15043547,4180000000,277.9,1984,제1종근린생활,제3종일반주거,2024
서울,마포구,도화동,353,4,6451060,207500000,32.0,2000,제1종근린생활,제3종일반주거,2026
서울,마포구,도화동,357,2,3736921,200000000,53.5,1996,제2종근린생활,제3종일반주거,2025
서울,마포구,도화동,36,8,6639174,141000000,20.2,1988,업무,일반상업,2025
서울,마포구,도화동,37,5,6059340,145000000,23.9,1988,업무,일반상업,2026
서울,마포구,도화동,5**,1,7742205,143000000000,18470.2,2015,숙박,일반상업,2025
서울,마포구,도화동,51-1,7,4235424,385000000,92.4,1985,업무,일반상업,2026
서울,마포구,도화동,536,4,6345566,190000000,26.2,1983,제1종근린생활,일반상업,2026
서울,마포구,도화동,538,18,3234605,195000000,58.4,1984,업무,일반상업,2026
서울,마포구,도화동,541,4,3644215,297000000,81.3,1984,업무,일반상업,2026
서울,마포구,도화동,544,17,4784689,170000000,26.2,1984,기타,일반상업,2025
서울,마포구,도화동,550,8,11180347,430000000,43.3,1997,제1종근린생활,제3종일반주거,2026
서울,마포구,도화동,555,4,7986347,262500000,33.2,2004,제1종근린생활,일반상업,2026
서울,마포구,도화동,556,1,2765805,77000000,27.8,2005,제2종근린생활,일반상업,2026
서울,마포구,도화동,559,2,27588781,1420000000,60.5,2006,제1종근린생활,일반상업,2025
서울,마포구,도화동,560,1,24344063,900000000,37.0,2006,제1종근린생활,일반상업,2025
서울,마포구,도화동,563,1,16688062,390000000,23.4,2007,제2종근린생활,일반상업,2025
서울,마포구,도화동,571,1,8869180,600000000,67.6,2015,업무,일반상업,2025
서울,마포구,도화동,6*,1,6566976,4800000000,730.9,1993,제1종근린생활,제2종일반주거,2025
서울,마포구,도화동,82,4,4485584,149975000,27.7,1991,판매,제3종일반주거,2026
서울,마포구,동교동,1**,41,14678778,4400000000,361.3,1992,제2종근린생활,제2종일반주거,2026
서울,마포구,동교동,113-29,9,20981661,778000000,34.0,2022,제2종근린생활,제2종일반주거,2026
서울,마포구,동교동,162-1,1,15034515,2570000000,170.9,1992,제1종근린생활,근린상업,2024
서울,마포구,동교동,164-22,5,14754755,2211000000,149.8,1996,제2종근린생활,제3종일반주거,2025
서울,마포구,동교동,165-8,16,6968783,553860000,83.6,1999,기타,근린상업,2026
서울,마포구,동교동,166-14,26,4602501,54940000,5.8,2007,기타,근린상업,2025
서울,마포구,동교동,166-15,1,3036437,15000000,4.9,,기타,근린상업,2024
서울,마포구,동교동,185-7,3,9428730,340000000,36.1,2018,제2종근린생활,제3종일반주거,2025
서울,마포구,동교동,2**,5,10966613,4950000000,457.6,2018,제2종근린생활,제3종일반주거,2026
서울,마포구,마포동,136-1,43,7321171,305000000,41.7,1987,업무,준주거,2026
서울,마포구,마포동,3**,1,10159011,1840000000,181.1,2004,제1종근린생활,제3종일반주거,2026
서울,마포구,마포동,301,1,5653710,480000000,84.9,2016,제1종근린생활,제3종일반주거,2026
서울,마포구,마포동,34-1,1,6528418,425000000,65.1,1986,업무,준주거,2024
서울,마포구,마포동,35-1,12,6194081,180000000,29.1,1986,업무,준주거,2026
서울,마포구,마포동,350,2,10814249,510000000,47.2,1992,제2종근린생활,준주거,2026
서울,마포구,마포동,407,1,5482074,315000000,57.5,2013,제2종근린생활,제2종일반주거,2024
서울,마포구,망원동,3**,9,11727291,5900000000,503.1,1991,제2종근린생활,제2종일반주거,2026
서울,마포구,망원동,382-12,1,6560460,142690000,21.8,2002,제2종근린생활,제2종일반주거,2026
서울,마포구,망원동,384-25,1,6994144,430000000,61.5,2002,제2종근린생활,제2종일반주거,2025
서울,마포구,망원동,384-48,2,4139346,135000000,33.1,2008,제2종근린생활,제2종일반주거,2025
서울,마포구,망원동,4**,9,9503802,3200000000,287.8,1990,제2종근린생활,제2종일반주거,2026
서울,마포구,망원동,408-19,1,8623994,225000000,26.1,2010,제1종근린생활,제2종일반주거,2025
서울,마포구,망원동,415-57,1,6688963,120000000,17.9,2008,제2종근린생활,제2종일반주거,2025
서울,마포구,망원동,418-27,5,5315615,128000000,22.1,2007,제2종근린생활,제2종일반주거,2026
서울,마포구,망원동,420-5,1,13333333,240000000,18.0,2014,제2종근린생활,제2종일반주거,2025
서울,마포구,망원동,425-13,1,3944349,275000000,69.7,2009,제2종근린생활,제2종일반주거,2024
서울,마포구,망원동,433-11,2,8202624,291250000,36.1,2016,제2종근린생활,제2종일반주거,2025
서울,마포구,망원동,455-66,1,11904762,255000000,21.4,2008,제1종근린생활,제2종일반주거,2026
서울,마포구,망원동,468-21,1,3024194,135000000,44.6,2002,제2종근린생활,제2종일반주거,2024
서울,마포구,망원동,469-39,1,12243286,310000000,25.3,2023,제1종근린생활,제2종일반주거,2025
서울,마포구,망원동,486-14,1,5999021,245000000,40.8,2015,제2종근린생활,제2종일반주거,2025
서울,마포구,망원동,5*,3,12105984,1760000000,181.4,1984,제2종근린생활,제2종일반주거,2025
서울,마포구,망원동,517,3,15611814,185000000,11.8,2009,판매,제2종일반주거,2025
서울,마포구,상수동,*,2,7169829,9000000000,1255.3,2003,업무,제3종일반주거,2025
서울,마포구,상수동,1**,3,12158254,1850000000,152.2,1971,제2종근린생활,제2종일반주거,2025
서울,마포구,상수동,157-1,6,11962484,914250000,75.4,2005,제2종근린생활,제3종일반주거,2025
서울,마포구,상수동,3**,20,10073752,3365000000,290.0,1996,제2종근린생활,제2종일반주거,2026
서울,마포구,상수동,334-13,15,12399861,886980000,70.0,2017,제2종근린생활,제2종일반주거,2025
서울,마포구,상수동,336-11,4,11736313,1277500000,89.7,2010,제2종근린생활,제2종일반주거,2025
서울,마포구,상수동,346-3,1,5085760,255000000,50.1,2008,제2종근린생활,제2종일반주거,2025
서울,마포구,상수동,351-16,3,8363866,1324000000,158.3,2007,제1종근린생활,제2종일반주거,2025
서울,마포구,상수동,353-25,2,6996289,405000000,57.8,2014,제2종근린생활,제2종일반주거,2026
서울,마포구,상수동,8*,2,10213095,1765000000,196.5,1985,제2종근린생활,제2종일반주거,2025
서울,마포구,상수동,9*,3,16662012,7160000000,489.8,2000,제2종근린생활,제2종일반주거,2025
서울,마포구,상암동,*,31,5026982,396160000,76.6,2022,제2종근린생활,제3종일반주거,2026
서울,마포구,상암동,1*,3,8538558,950000000,111.3,1997,제2종근린생활,제3종일반주거,2025
서울,마포구,상암동,1***,4,11557571,1680000000,136.5,2010,제2종근린생활,제3종일반주거,2025
서울,마포구,상암동,1595-1,19,7712706,10260000000,1432.3,2016,제2종근린생활,일반상업,2025
서울,마포구,상암동,1596,2,27780849,1162500000,41.6,2017,판매,일반상업,2025
서울,마포구,상암동,1601,23,4924615,736900000,79.2,2007,교육연구,일반상업,2026
서울,마포구,상암동,1605,1,11061395,1738630000,157.2,2007,판매,일반상업,2025
서울,마포구,상암동,1641,17,14930704,1700000000,118.4,2010,기타,제3종일반주거,2026
서울,마포구,상암동,1654,1,33228676,1270000000,38.2,2007,제1종근린생활,일반상업,2024
서울,마포구,상암동,1680,1,7023616,172500000,24.6,2005,제2종근린생활,제3종일반주거,2025
서울,마포구,상암동,1687,2,4956102,350000000,70.6,2005,제2종근린생활,제3종일반주거,2025
서울,마포구,상암동,1740,3,4365809,370000000,87.0,2012,제2종근린생활,준주거,2025
서울,마포구,상암동,2*,1,17610063,980000000,55.6,2009,제1종근린생활,제3종일반주거,2026
서울,마포구,상암동,2-147,1,6746121,300000000,44.5,2018,제2종근린생활,제3종일반주거,2024
서울,마포구,상암동,3*,1,10732405,3300000000,307.5,2023,제2종근린생활,제3종일반주거,2025
서울,마포구,서교동,2**,1,8599467,5100000000,593.1,2023,제2종근린생활,제2종일반주거,2025
서울,마포구,서교동,247-46,1,4942085,320000000,64.8,2017,제2종근린생활,제2종일반주거,2026
서울,마포구,서교동,3**,62,11854843,5900000000,487.9,1994,제2종근린생활,제2종일반주거,2026
서울,마포구,서교동,328-18,3,13596886,482950000,35.5,1997,제1종근린생활,제2종일반주거,2025
서울,마포구,서교동,354-9,3,9303117,2632410000,283.0,2018,제2종근린생활,근린상업,2025
서울,마포구,서교동,357-1,29,8986486,215000000,15.2,1989,판매,제2종일반주거,2026
서울,마포구,서교동,358-135,4,10369066,675000000,67.8,2017,제2종근린생활,제3종일반주거,2024
서울,마포구,서교동,371-14,1,15443135,29221500000,1892.2,1981,기타,근린상업,2025
서울,마포구,서교동,393-1,1,20684169,260000000,12.6,2019,제1종근린생활,일반상업,2026
서울,마포구,서교동,394-44,2,7864475,1415000000,179.7,2011,업무,일반상업,2025
서울,마포구,서교동,4**,19,12488571,5800000000,452.8,2002,제2종근린생활,제2종일반주거,2026
서울,마포구,서교동,465-1,2,6991175,262500000,37.6,2004,제1종근린생활,제2종일반주거,2026
서울,마포구,서교동,467-1,2,6131857,175000000,28.7,2001,업무,제2종일반주거,2025
서울,마포구,서교동,486,1,6669733,145000000,21.7,2004,제2종근린생활,제3종일반주거,2026
서울,마포구,서교동,487,9,476536,105000000,220.3,2005,판매,제2종일반주거,2026
서울,마포구,서교동,490,7,5165306,600000000,65.1,2012,판매,제3종일반주거,2026
서울,마포구,서교동,494,1,37476281,1185000000,31.6,2020,제1종근린생활,준주거,2025
서울,마포구,성산동,1*,1,11656337,2050000000,175.9,1970,제2종근린생활,제2종일반주거,2024
서울,마포구,성산동,1**,1,11738785,13000000000,1107.4,1984,제1종근린생활,제3종일반주거,2025
서울,마포구,성산동,152-7,1,9803922,250000000,25.5,1986,제1종근린생활,제2종일반주거,2025
서울,마포구,성산동,2**,3,11746464,3050000000,302.5,2021,제2종근린생활,제2종일반주거,2026
서울,마포구,성산동,200-34,1,10068259,295000000,29.3,2016,제1종근린생활,제2종일반주거,2026
서울,마포구,성산동,23-16,1,12385193,445000000,35.9,2017,제2종근린생활,제2종일반주거,2026
서울,마포구,성산동,242-15,3,6833333,123000000,18.0,2002,업무,제2종일반주거,2026
서울,마포구,성산동,256-5,1,6204299,280000000,45.1,2014,제2종근린생활,제2종일반주거,2024
서울,마포구,성산동,3*,1,6030217,7300000000,1210.6,2007,제2종근린생활,제2종일반주거,2026
서울,마포구,성산동,446,11,21111111,500000000,18.5,1986,제1종근린생활,제3종일반주거,2025
서울,마포구,성산동,5*,2,9876592,6100000000,621.1,1980,제2종근린생활,제3종일반주거,2024
서울,마포구,성산동,591-4,4,2786986,427700000,153.6,2007,제2종근린생활,유통상업,2026
서울,마포구,성산동,591-5,1,5714936,251000000,43.9,2016,제2종근린생활,유통상업,2024
서울,마포구,성산동,591-6,1,6319711,148450000,23.5,2018,제2종근린생활,유통상업,2025
서울,마포구,성산동,593-5,3,6848404,200000000,30.1,2018,제2종근린생활,유통상업,2026
서울,마포구,성산동,6**,1,11688198,6650000000,569.0,1980,제1종근린생활,제3종일반주거,2026
서울,마포구,성산동,628-10,1,4911132,105000000,21.4,2009,제2종근린생활,제2종일반주거,2026
서울,마포구,성산동,646-7,1,6616257,280000000,42.3,2019,제1종근린생활,제2종일반주거,2025
서울,마포구,성산동,667,1,4420432,90000000,20.4,2013,제1종근린생활,제2종일반주거,2026
서울,마포구,신공덕동,*,3,9906303,2400000000,242.3,2002,제2종근린생활,제2종일반주거,2026
서울,마포구,신공덕동,1*,3,13675658,2895000000,211.7,1956,제2종근린생활,제3종일반주거,2026
서울,마포구,신공덕동,139-217,1,4664179,100000000,21.4,2022,제2종근린생활,제2종일반주거,2024
서울,마포구,신공덕동,167,2,7620507,266000000,34.4,2005,제2종근린생활,일반상업,2026
서울,마포구,신공덕동,172,1,10218978,490000000,48.0,2011,제1종근린생활,준주거,2026
서울,마포구,신공덕동,178,4,27364273,1250000000,45.7,2025,제2종근린생활,일반상업,2026
서울,마포구,신수동,2*,1,11467472,3150000000,274.7,1989,제1종근린생활,제3종일반주거,2025
서울,마포구,신수동,2**,1,10386705,1300000000,125.2,1961,제1종근린생활,제2종일반주거,2025
서울,마포구,신수동,22-35,1,3909508,750000000,191.8,2002,제2종근린생활,제3종일반주거,2026
서울,마포구,신수동,3*,1,10946907,1600000000,146.2,1975,제1종근린생활,제3종일반주거,2025
서울,마포구,신수동,4**,2,5758210,901500000,151.4,1991,제2종근린생활,제2종일반주거,2025
서울,마포구,신수동,42-8,3,7028112,280000000,39.8,2016,제2종근린생활,제3종일반주거,2025
서울,마포구,신수동,445-5,1,8733624,100000000,11.4,1996,판매,제3종일반주거,2026
서울,마포구,신수동,450,4,5761792,250000000,33.5,1997,제2종근린생활,제2종일반주거,2025
서울,마포구,신수동,62-15,1,4863222,160000000,32.9,2025,제2종근린생활,제2종일반주거,2026
서울,마포구,신수동,9*,5,14562606,3670000000,332.4,2023,제2종근린생활,제2종일반주거,2026
서울,마포구,아현동,275-2,4,10357608,396450000,38.6,2023,제1종근린생활,준주거,2025
서울,마포구,아현동,327-4,2,6034695,465275000,77.1,2019,제2종근린생활,준주거,2026
서울,마포구,아현동,331-29,2,9948324,400000000,40.3,2019,제2종근린생활,준주거,2025
서울,마포구,아현동,402,1,8802817,225000000,25.6,2004,제1종근린생활,제2종일반주거,2024
서울,마포구,아현동,437-3,24,5593733,120000000,19.6,1987,업무,준주거,2026
서울,마포구,아현동,733,1,12562157,480000000,38.2,2005,제1종근린생활,준주거,2025
서울,마포구,아현동,737,1,8968610,300000000,33.4,2006,업무,준주거,2025
서울,마포구,아현동,777,3,17470694,700000000,44.4,2014,제1종근린생활,제2종일반주거,2026
서울,마포구,아현동,780,1,9667388,357500000,37.0,2016,제2종근린생활,제2종일반주거,2025
서울,마포구,아현동,797,2,4461490,285000000,63.9,2025,제1종근린생활,제2종일반주거,2026
서울,마포구,아현동,801,2,10700113,377500000,35.3,2015,제2종근린생활,제2종일반주거,2025
서울,마포구,아현동,804,8,8724400,427930000,44.7,2022,제2종근린생활,제2종일반주거,2025
서울,마포구,연남동,2**,13,12718290,3700000000,230.9,1991,제2종근린생활,제2종일반주거,2026
서울,마포구,연남동,226-2,1,9259259,180000000,19.4,2004,제2종근린생활,제2종일반주거,2025
서울,마포구,연남동,229-25,1,19700709,277780000,14.1,2015,제1종근린생활,제2종일반주거,2026
서울,마포구,연남동,3**,9,15025920,4480000000,261.0,1992,제2종근린생활,제2종일반주거,2026
서울,마포구,연남동,4**,3,6194657,1665000000,246.1,1989,제1종근린생활,제2종일반주거,2026
서울,마포구,연남동,487-88,1,4658747,400000000,85.9,2002,제2종근린생활,제2종일반주거,2025
서울,마포구,연남동,5**,3,10710598,4460000000,416.4,1996,제2종근린생활,제2종일반주거,2026
서울,마포구,연남동,562-3,3,4849565,250000000,50.5,2013,제2종근린생활,제2종일반주거,2026
서울,마포구,연남동,573,2,18290598,428000000,23.4,2003,제1종근린생활,제2종일반주거,2025
서울,마포구,염리동,*,1,10222985,1490000000,145.8,1966,제1종근린생활,준주거,2024
서울,마포구,염리동,1**,2,32412819,5810000000,199.8,1977,제2종근린생활,제3종일반주거,2026
서울,마포구,염리동,10-152,1,12587822,430000000,34.2,2021,제2종근린생활,제3종일반주거,2026
서울,마포구,염리동,174-14,1,9361233,935000000,99.9,2003,제1종근린생활,제3종일반주거,2026
서울,마포구,염리동,174-18,2,7489658,307500000,46.3,1980,교육연구,제3종일반주거,2025
서울,마포구,염리동,520,1,8896078,220000000,24.7,2001,제1종근린생활,제2종일반주거,2026
서울,마포구,염리동,532,1,18750000,225000000,12.0,2021,제2종근린생활,제2종일반주거,2025
서울,마포구,염리동,533,1,22350230,485000000,21.7,2022,제2종근린생활,제2종일반주거,2025
서울,마포구,염리동,8*,1,37593985,900000000,23.9,1956,제2종근린생활,제2종일반주거,2025
서울,마포구,용강동,1**,1,7798135,5980000000,766.8,1997,제2종근린생활,제2종일반주거,2025
서울,마포구,용강동,116-9,1,2888655,110000000,38.1,2007,제2종근린생활,제2종일반주거,2025
서울,마포구,용강동,149-45,1,5192308,135000000,26.0,2002,제2종근린생활,제2종일반주거,2025
서울,마포구,용강동,380,1,1858974,145000000,78.0,2003,제1종근린생활,제3종일반주거,2025
서울,마포구,용강동,4*,1,12374582,3700000000,299.0,1993,제1종근린생활,제3종일반주거,2026
서울,마포구,용강동,4**,4,11206126,8625000000,764.0,2018,제2종근린생활,제2종일반주거,2026
서울,마포구,용강동,494-121,2,11308190,1078500000,95.4,2002,제2종근린생활,제2종일반주거,2025
서울,마포구,용강동,494-77,1,9517766,450000000,47.3,2001,제2종근린생활,제2종일반주거,2026
서울,마포구,용강동,5*,2,27729235,18750000000,1317.4,1969,제1종근린생활,제3종일반주거,2026
서울,마포구,중동,114,1,3151287,251000000,79.6,2018,제1종근린생활,제2종일반주거,2026
서울,마포구,중동,129,1,4491690,300000000,66.8,2015,제2종근린생활,제2종일반주거,2025
서울,마포구,중동,3*,1,4140572,2400000000,579.6,1983,제1종근린생활,제2종일반주거,2024
서울,마포구,중동,390,2,14050837,300000000,21.4,1994,제2종근린생활,제3종일반주거,2025
서울,마포구,창전동,*,5,8554139,6050000000,707.3,2005,제1종근린생활,제2종일반주거,2026
서울,마포구,창전동,1**,1,10472334,16500000000,1575.6,2022,제2종근린생활,제3종일반주거,2026
서울,마포구,창전동,34-4,1,4705882,192000000,40.8,2009,제2종근린생활,제2종일반주거,2025
서울,마포구,창전동,4**,2,6737985,8880000000,1348.1,1994,제2종근린생활,제2종일반주거,2025
서울,마포구,창전동,439,1,11080502,362000000,32.7,2003,제1종근린생활,제2종일반주거,2024
서울,마포구,창전동,444,1,15773810,530000000,33.6,2007,제1종근린생활,제2종일반주거,2025
서울,마포구,합정동,2**,1,27642276,680000000,24.6,1961,제1종근린생활,제1종일반주거,2025
서울,마포구,합정동,3**,15,14016596,6310000000,295.0,1993,제2종근린생활,제2종일반주거,2026
서울,마포구,합정동,376-4,1,15873016,160000000,10.1,1986,제2종근린생활,제2종일반주거,2026
서울,마포구,합정동,381-16,2,8425945,309000000,36.4,2006,제2종근린생활,일반상업,2026
서울,마포구,합정동,382-20,1,9062075,200000000,22.1,2021,제2종근린생활,일반상업,2026
서울,마포구,합정동,4**,7,10121457,2900000000,285.4,2017,제2종근린생활,제2종일반주거,2025
서울,마포구,합정동,434-27,1,6802721,210000000,30.9,2015,제2종근린생활,제2종일반주거,2026
서울,마포구,합정동,438-10,2,9924235,145000000,14.6,2008,제2종근린생활,제2종일반주거,2026
서울,마포구,합정동,440-10,3,8100289,184000000,20.9,2009,제2종근린생활,제2종일반주거,2026
서울,마포구,합정동,448-3,1,6739453,500000000,74.2,2006,제2종근린생활,제2종일반주거,2025
서울,마포구,합정동,451-8,1,15315315,170000000,11.1,1976,제1종근린생활,제2종일반주거,2026
서울,마포구,합정동,453-13,1,11958815,403610000,33.8,2024,제2종근린생활,제2종일반주거,2024
서울,마포구,합정동,473,3,12283237,665000000,41.5,2016,판매,준주거,2026
서울,마포구,현석동,225,1,20446944,672500000,32.9,2016,제1종근린생활,제2종일반주거,2025
서울,서대문구,남가좌동,*,1,6192299,1375000000,222.0,1976,제1종근린생활,제2종일반주거,2026
서울,서대문구,남가좌동,3**,4,5806355,2335000000,413.2,1976,제2종근린생활,제2종일반주거,2026
서울,서대문구,남가좌동,345-4,2,4818071,49500000,10.3,1992,제1종근린생활,제2종일반주거,2026
서울,서대문구,남가좌동,379-2,9,6483623,179260000,27.6,2005,제1종근린생활,제3종일반주거,2025
서울,서대문구,남가좌동,384,1,9794270,246130000,25.1,,제2종근린생활,제2종일반주거,2025
서울,서대문구,남가좌동,388,1,11764706,592000000,50.3,2018,제2종근린생활,제3종일반주거,2025
서울,서대문구,남가좌동,389,1,11922295,1700000000,142.6,2019,제2종근린생활,제2종일반주거,2026
서울,서대문구,남가좌동,390,1,2444988,100000000,40.9,2020,제2종근린생활,제2종일반주거,2024
서울,서대문구,남가좌동,396,10,14386792,260000000,50.8,2024,판매,준주거,2026
서울,서대문구,냉천동,1**,2,26336979,1610000000,221.6,1950,제2종근린생활,제3종일반주거,2026
서울,서대문구,냉천동,261-2,1,6763285,98000000,14.5,2011,제2종근린생활,제2종일반주거,2024
서울,서대문구,대현동,1**,2,6676666,3300000000,574.2,1982,제1종근린생활,준주거,2026
서울,서대문구,대현동,101-1,2,3662420,172500000,47.1,,제1종근린생활,일반상업,2024
서울,서대문구,대현동,104-5,1,7919708,217000000,27.4,2014,숙박,일반상업,2025
서울,서대문구,대현동,110-20,23,5204678,160000000,29.3,2001,업무,일반상업,2026
서울,서대문구,대현동,145,36,4224462,20000000,3.8,2007,판매,일반상업,2026
서울,서대문구,대현동,27-27,1,21237080,776640000,36.6,2023,제1종근린생활,일반상업,2024
서울,서대문구,대현동,3*,2,45112032,2939500000,65.2,1969,제1종근린생활,일반상업,2026
서울,서대문구,대현동,37-18,2,13279625,3000000000,225.9,2022,제1종근린생활,일반상업,2026
서울,서대문구,대현동,37-32,1,4390587,125000000,28.5,2017,제1종근린생활,일반상업,2024
서울,서대문구,대현동,4*,5,17374311,5771920000,227.6,1967,제1종근린생활,일반상업,2026
서울,서대문구,대현동,45-5,2,4544457,1450000000,319.1,2004,제2종근린생활,준주거,2026
서울,서대문구,대현동,5*,1,10844172,6169900000,569.0,1963,제2종근린생활,준주거,2024
서울,서대문구,대현동,6*,1,1239685,1325000000,1068.8,2011,제2종근린생활,제2종일반주거,2025
서울,서대문구,대현동,60-4,9,16668618,882000000,52.9,1971,제1종근린생활,제3종일반주거,2025
서울,서대문구,대현동,90-13,4,5718068,350000000,51.6,2022,제1종근린생활,일반상업,2026
서울,서대문구,대현동,90-35,1,4000800,200000000,50.0,2018,제1종근린생활,일반상업,2025
서울,서대문구,미근동,2*,1,64693172,1497000000,23.1,1955,제1종근린생활,일반상업,2026
서울,서대문구,미근동,3*,1,10106931,5000000000,494.7,1972,제2종근린생활,일반상업,2026
서울,서대문구,미근동,3**,1,10791489,146000000000,13529.2,2015,숙박,일반상업,2026
서울,서대문구,북가좌동,312-13,1,4520796,250000000,55.3,2016,제2종근린생활,제2종일반주거,2025
서울,서대문구,북가좌동,312-17,1,7864841,270000000,34.3,2014,제2종근린생활,제2종일반주거,2025
서울,서대문구,북가좌동,322-5,1,8648076,245000000,28.3,2016,제2종근린생활,제2종일반주거,2026
서울,서대문구,북가좌동,326-12,1,3480278,150000000,43.1,2014,제2종근린생활,제3종일반주거,2026
서울,서대문구,북가좌동,335-26,1,3267262,150000000,45.9,2015,제2종근린생활,제3종일반주거,2026
서울,서대문구,북가좌동,336-30,1,4587950,265000000,57.8,2013,제2종근린생활,제2종일반주거,2026
서울,서대문구,북가좌동,338-19,2,4225441,33500000,7.8,1977,판매,제2종일반주거,2026
서울,서대문구,북가좌동,340-33,1,3528302,187000000,53.0,2017,제2종근린생활,제2종일반주거,2025
서울,서대문구,북가좌동,344-12,1,3994954,380000000,95.1,2015,제2종근린생활,제2종일반주거,2024
서울,서대문구,북가좌동,481,2,13255323,977315000,73.7,2012,제2종근린생활,제2종일반주거,2024
서울,서대문구,북가좌동,487,8,6698397,437500000,82.7,2014,제1종근린생활,제3종일반주거,2026
서울,서대문구,북가좌동,68-3,1,7236842,220000000,30.4,2000,제2종근린생활,제2종일반주거,2025
서울,서대문구,북아현동,*,2,10304835,2478840000,299.5,1974,제2종근린생활,제2종일반주거,2026
서울,서대문구,북아현동,1**,5,15619506,1688000000,108.1,1994,제1종근린생활,제2종일반주거,2026
서울,서대문구,북아현동,1010,1,3578399,220000000,61.5,2008,제2종근린생활,제2종일반주거,2025
서울,서대문구,북아현동,1011,3,12295082,300000000,24.4,2015,제2종근린생활,제2종일반주거,2025
서울,서대문구,북아현동,1013,2,6631054,465500000,70.2,2018,판매,제2종일반주거,2025
서울,서대문구,북아현동,1017,1,23153693,580000000,25.0,,제2종근린생활,제2종일반주거,2024
서울,서대문구,북아현동,114-1,1,9270279,1480000000,159.6,1975,판매,제2종일반주거,2026
서울,서대문구,북아현동,129-61,1,11944756,1280000000,107.2,,제1종근린생활,제2종일반주거,2025
서울,서대문구,북아현동,129-75,1,10806175,945000000,87.4,1999,제2종근린생활,제2종일반주거,2025
서울,서대문구,북아현동,154-6,1,38809144,1460000000,37.6,2023,제2종근린생활,근린상업,2026
서울,서대문구,북아현동,2**,1,13736264,1500000000,109.2,1984,제1종근린생활,준주거,2026
서울,서대문구,북아현동,221-7,1,7770530,405000000,52.1,1984,기타,준주거,2025
서울,서대문구,북아현동,3*,3,29990628,1280000000,42.7,1966,제2종근린생활,제2종일반주거,2025
서울,서대문구,북아현동,5*,1,12964564,600000000,46.3,1957,제1종근린생활,제2종일반주거,2024
서울,서대문구,북아현동,635,1,48054636,1161000000,24.2,2005,제1종근린생활,제2종일반주거,2025
서울,서대문구,북아현동,998,2,8270306,688815000,80.7,2022,제2종근린생활,준주거,2026
서울,서대문구,연희동,1**,18,7312766,1950000000,284.3,1973,제1종근린생활,제3종일반주거,2026
서울,서대문구,연희동,132-83,2,8928473,122500000,14.2,2011,제1종근린생활,제1종일반주거,2026
서울,서대문구,연희동,137-11,1,2564030,117330000,45.8,2025,제2종근린생활,제3종일반주거,2026
서울,서대문구,연희동,151-84,3,5719424,100500000,17.6,2016,제2종근린생활,제3종일반주거,2025
서울,서대문구,연희동,164-3,1,3282789,210000000,64.0,2014,제2종근린생활,준주거,2024
서울,서대문구,연희동,170-49,2,3799873,180000000,47.4,1985,제2종근린생활,제2종일반주거,2025
서울,서대문구,연희동,185-6,1,3023432,320000000,105.8,2002,제2종근린생활,제2종일반주거,2025
서울,서대문구,연희동,194-30,1,4166667,210000000,50.4,2007,제1종근린생활,제3종일반주거,2025
서울,서대문구,연희동,194-60,1,5434079,420000000,77.3,2004,제2종근린생활,제3종일반주거,2024
서울,서대문구,연희동,195-12,3,4347826,115000000,26.4,1973,제1종근린생활,제1종일반주거,2025
서울,서대문구,연희동,4**,1,12261024,2700000000,220.2,2022,제1종근린생활,제1종전용주거,2026
서울,서대문구,연희동,413-135,1,7614986,500000000,65.7,2023,제1종근린생활,제2종일반주거,2025
서울,서대문구,연희동,700,1,3482587,105000000,30.2,1993,제2종근린생활,제3종일반주거,2025
서울,서대문구,연희동,88-11,1,5287897,135000000,25.5,,업무,제3종일반주거,2025
서울,서대문구,영천동,1**,1,3237198,220000000,68.0,,제2종근린생활,제3종일반주거,2026
서울,서대문구,영천동,3**,1,78487713,2076000000,26.4,,제1종근린생활,일반상업,2025
서울,서대문구,옥천동,1**,1,4572110,920000000,201.2,1994,제2종근린생활,제3종일반주거,2024
서울,서대문구,창천동,*,4,10397249,2315000000,261.6,1993,제1종근린생활,제3종일반주거,2026
서울,서대문구,창천동,1*,4,14428842,3088950000,312.1,1979,제2종근린생활,제3종일반주거,2025
서울,서대문구,창천동,1**,2,5030473,1040000000,206.7,2011,제2종근린생활,제1종일반주거,2026
서울,서대문구,창천동,112-23,3,12873220,476300000,39.0,2021,제1종근린생활,준주거,2025
서울,서대문구,창천동,2*,6,8532720,3044560000,356.8,1970,제1종근린생활,일반상업,2026
서울,서대문구,창천동,20-26,13,4935065,140000000,29.2,2000,업무,일반상업,2026
서울,서대문구,창천동,29-81,4,3874152,82500000,22.8,2005,제1종근린생활,일반상업,2026
서울,서대문구,창천동,3*,4,13615638,5339275000,434.8,1997,제1종근린생활,제3종일반주거,2025
서울,서대문구,창천동,31-80,3,4426325,32000000,15.1,1993,판매,제2종일반주거,2026
서울,서대문구,창천동,318,1,2349182,375000000,159.6,2002,제2종근린생활,제2종일반주거,2026
서울,서대문구,창천동,4**,1,10447336,4400000000,421.2,1989,제2종근린생활,제3종일반주거,2025
서울,서대문구,창천동,5*,4,13773666,1630000000,136.8,1979,제1종근린생활,제3종일반주거,2025
서울,서대문구,창천동,501-11,1,7373272,160000000,21.7,2022,제2종근린생활,제2종일반주거,2024
서울,서대문구,창천동,7*,1,13803211,8100000000,586.8,1984,제1종근린생활,일반상업,2024
서울,서대문구,창천동,72-22,3,14309472,483780000,37.3,2021,제2종근린생활,일반상업,2025
서울,서대문구,창천동,72-31,5,11697903,717490000,106.2,2023,판매,일반상업,2024
서울,서대문구,충정로2가,4*,1,4734901,21500000000,4540.8,1990,제2종근린생활,제3종일반주거,2026
서울,서대문구,충정로2가,7*,5,2807869,122030000,43.5,1963,제1종근린생활,제3종일반주거,2026
서울,서대문구,충정로2가,9*,1,66725979,750000000,11.2,,제1종근린생활,준주거,2024
서울,서대문구,충정로3가,*,2,21732534,1175000000,57.4,1984,제2종근린생활,제2종일반주거,2026
서울,서대문구,충정로3가,1**,4,12967248,7075000000,402.8,1974,제2종근린생활,제3종일반주거,2026
서울,서대문구,충정로3가,1-39,2,3494608,242250000,69.3,2003,제2종근린생활,제2종일반주거,2025
서울,서대문구,충정로3가,250-14,1,6116827,1114180000,182.2,1971,업무,준주거,2025
서울,서대문구,충정로3가,3**,1,20124184,6320000000,314.0,,제2종근린생활,제3종일반주거,2026
서울,서대문구,충정로3가,32-10,1,16620499,360000000,21.7,2001,제1종근린생활,제2종일반주거,2025
서울,서대문구,충정로3가,464,3,11178049,3941380000,349.5,1996,업무,준주거,2026
서울,서대문구,충정로3가,465,3,4152637,145000000,36.9,2004,제2종근린생활,준주거,2026
서울,서대문구,합동,3*,1,7310447,7400000000,1012.2,2000,제2종근린생활,제3종일반주거,2025
서울,서대문구,홍은동,*,1,9592760,530000000,55.2,1985,제1종근린생활,제2종일반주거,2026
서울,서대문구,홍은동,192-11,1,2773540,200000000,72.1,2016,제2종근린생활,제2종일반주거,2026
서울,서대문구,홍은동,2**,1,2753457,320769070000,116496.8,1990,숙박,제2종일반주거,2025
서울,서대문구,홍은동,265-47,1,2355919,121000000,51.4,2002,제1종근린생활,제1종일반주거,2025
서울,서대문구,홍은동,265-77,1,2179916,150000000,68.8,2021,제2종근린생활,제1종일반주거,2025
서울,서대문구,홍은동,274-55,1,4088934,160000000,39.1,,제2종근린생활,준주거,2024
서울,서대문구,홍은동,324-3,1,3760103,116300000,30.9,2002,제1종근린생활,제2종일반주거,2025
서울,서대문구,홍은동,355,2,8229167,197500000,24.0,1987,제2종근린생활,제3종일반주거,2024
서울,서대문구,홍은동,396-1,1,4793336,305000000,63.6,2023,제2종근린생활,제3종일반주거,2024
서울,서대문구,홍은동,396-21,1,3044607,129000000,42.4,2010,제2종근린생활,제3종일반주거,2025
서울,서대문구,홍은동,397-2,1,2233140,100000000,44.8,2000,제2종근린생활,제3종일반주거,2025
서울,서대문구,홍은동,4*,3,5521936,437000000,175.5,1971,제2종근린생활,제2종일반주거,2026
서울,서대문구,홍은동,4**,1,4605438,1560000000,338.7,2013,기타,제2종일반주거,2026
서울,서대문구,홍은동,410-22,1,3581377,180000000,50.3,2013,제2종근린생활,제2종일반주거,2025
서울,서대문구,홍은동,464,2,10171260,545000000,48.4,2017,제2종근린생활,제3종일반주거,2026
서울,서대문구,홍은동,467,1,8124287,570000000,70.2,2020,제2종근린생활,제2종일반주거,2025
서울,서대문구,홍은동,469,1,4145012,1308000000,315.6,2023,제2종근린생활,제1종일반주거,2025
서울,서대문구,홍은동,470,5,4899559,200000000,41.5,2023,제2종근린생활,제2종일반주거,2026
서울,서대문구,홍제동,1**,5,7390856,4807150000,337.1,1977,제1종근린생활,제3종일반주거,2026
서울,서대문구,홍제동,104-20,2,4153897,145500000,35.2,1972,제2종근린생활,제3종일반주거,2026
서울,서대문구,홍제동,104-6,1,6766159,671000000,99.2,1974,제2종근린생활,제3종일반주거,2024
서울,서대문구,홍제동,122-9,3,6549785,198000000,30.2,2018,제2종근린생활,제3종일반주거,2026
서울,서대문구,홍제동,141-2,1,12899065,800000000,62.0,,제2종근린생활,제3종일반주거,2025
서울,서대문구,홍제동,156-384,1,7870370,170000000,21.6,2022,제2종근린생활,제1종일반주거,2026
서울,서대문구,홍제동,2**,5,7806483,1590000000,384.8,2002,제1종근린생활,제2종일반주거,2026
서울,서대문구,홍제동,260-27,1,8215962,245000000,29.8,2018,제2종근린생활,제2종일반주거,2025
서울,서대문구,홍제동,277-5,1,3850782,160000000,41.6,2017,제2종근린생활,제2종일반주거,2025
서울,서대문구,홍제동,279-177,1,3923576,230000000,58.6,2019,제2종근린생활,제2종일반주거,2026
서울,서대문구,홍제동,279-45,1,3896564,110000000,28.2,2020,제1종근린생활,제2종일반주거,2025
서울,서대문구,홍제동,3**,2,9387441,215280000,32.5,1968,제1종근린생활,준주거,2025
서울,서대문구,홍제동,306-2,2,21188341,189000000,8.9,1968,제1종근린생활,준주거,2025
서울,서대문구,홍제동,321-3,1,3795136,103000000,27.1,1995,제1종근린생활,제1종일반주거,2025
서울,서대문구,홍제동,331,3,4504505,55000000,16.4,1992,판매,제2종일반주거,2026
서울,서대문구,홍제동,431,1,4410143,240000000,54.4,1977,제2종근린생활,제2종일반주거,2025
서울,서대문구,홍제동,453,1,6823821,275000000,40.3,1994,기타,제3종일반주거,2026
서울,서대문구,홍제동,453-1,1,2450980,130000000,53.0,1997,제1종근린생활,제3종일반주거,2026
서울,서대문구,홍제동,455,1,3037206,160000000,52.7,1996,제2종근린생활,제1종일반주거,2026
서울,서대문구,홍제동,459,1,5096154,106000000,20.8,2000,판매,제3종일반주거,2025
서울,서대문구,홍제동,461,2,3064692,250000000,119.9,2001,제1종근린생활,제2종일반주거,2026
서울,서대문구,홍제동,474,4,7210495,517035000,68.4,2024,제2종근린생활,제2종일반주거,2026
서울,서대문구,홍제동,478,6,6675826,241545000,41.8,2025,제2종근린생활,제1종일반주거,2025
서울,서대문구,홍제동,90-19,1,6049607,200000000,33.1,,제1종근린생활,제3종일반주거,2025
서울,서초구,내곡동,1**,1,12636890,2882980000,228.1,2001,제1종근린생활,제1종일반주거,2025
서울,서초구,내곡동,378,1,5834448,480000000,82.3,2015,제2종근린생활,준주거,2024
서울,서초구,내곡동,411,1,6501678,155000000,23.8,2014,판매,제3종일반주거,2026
서울,서초구,반포동,1**,1,15144728,7100000000,468.8,2024,제2종근린생활,제2종일반주거,2025
서울,서초구,반포동,1-1,5,34474206,1470000000,40.3,2023,제1종근린생활,제3종일반주거,2025
서울,서초구,반포동,1141,20,16129032,85000000,5.0,1988,판매,제3종일반주거,2026
서울,서초구,반포동,1313,11,25132275,300000000,13.6,1997,판매,제3종일반주거,2026
서울,서초구,반포동,1341,1,11092330,1050000000,94.7,1982,판매,제3종일반주거,2025
서울,서초구,반포동,18-3,3,26707900,1010000000,35.6,2009,제1종근린생활,제3종일반주거,2025
서울,서초구,반포동,18-4,4,12571938,349000000,27.0,2009,제2종근린생활,제3종일반주거,2026
서울,서초구,반포동,19-1,23,8845644,145000000,22.6,1979,판매,일반상업,2026
서울,서초구,반포동,2-8,7,30216648,1100000000,34.0,1977,판매,제3종일반주거,2026
서울,서초구,반포동,20-45,5,16384420,820000000,36.3,2009,업무,제3종일반주거,2026
서울,서초구,반포동,30-25,2,12789544,265500000,17.3,1981,제2종근린생활,제3종일반주거,2026
서울,서초구,반포동,32-1,2,13436044,750000000,55.8,2007,제2종근린생활,제3종일반주거,2024
서울,서초구,반포동,32-2,1,18427518,675000000,36.6,1986,제1종근린생활,제3종일반주거,2025
서울,서초구,반포동,4*,1,7189794,26500000000,3685.8,1991,교육연구,제3종일반주거,2026
서울,서초구,반포동,5*,1,8430005,18000000000,2135.2,1991,제2종근린생활,제3종일반주거,2024
서울,서초구,반포동,57-2,7,17400306,2693350000,150.3,1994,제2종근린생활,제3종일반주거,2025
서울,서초구,반포동,60-4,6,55790091,970000000,15.5,1987,제2종근린생활,제3종일반주거,2025
서울,서초구,반포동,60-5,2,75163399,690000000,9.2,1989,제1종근린생활,제3종일반주거,2025
서울,서초구,반포동,65-1,16,43231808,675000000,15.1,1984,제1종근린생활,제3종일반주거,2025
서울,서초구,반포동,7**,14,12754027,5950000000,675.8,1996,제2종근린생활,제2종일반주거,2026
서울,서초구,반포동,70-1,20,35733279,515600000,17.2,1987,판매,제1종일반주거,2026
서울,서초구,반포동,703-15,1,11663808,680000000,58.3,1997,제2종근린생활,제3종일반주거,2025
서울,서초구,반포동,706-6,16,16258381,1437155000,88.4,2003,제2종근린생활,제3종일반주거,2024
서울,서초구,반포동,745-6,1,16441359,450000000,27.4,1978,제1종근린생활,제3종일반주거,2025
서울,서초구,반포동,746-5,5,5259751,650000000,123.6,1984,업무,제3종일반주거,2026
서울,서초구,반포동,746-9,1,5155532,953000000,184.8,1978,업무,제3종일반주거,2025
서울,서초구,반포동,79-7,3,16130398,2286000000,141.7,2002,기타,제1종일반주거,2026
서울,서초구,반포동,85-9,1,16175936,890000000,55.0,2003,제1종근린생활,제1종일반주거,2025
서울,서초구,반포동,885,6,9119067,244000000,14.3,1974,판매,제3종일반주거,2026
서울,서초구,반포동,9*,1,8536023,13150000000,1540.5,,제1종근린생활,제2종일반주거,2024
서울,서초구,방배동,1***,5,4757287,13000000000,2732.6,1995,업무,제3종일반주거,2025
서울,서초구,방배동,1-1,1,2323330,24000000,10.3,2021,제2종근린생활,제2종일반주거,2025
서울,서초구,방배동,1-146,1,723553,29000000,40.1,2021,제2종근린생활,제2종일반주거,2024
서울,서초구,방배동,1001-9,2,3692308,600000000,162.5,1987,제2종근린생활,제3종일반주거,2025
서울,서초구,방배동,1002-3,1,9387236,479500000,51.1,2018,제2종근린생활,제2종일반주거,2025
서울,서초구,방배동,1024-6,3,4270672,420000000,96.0,1983,제2종근린생활,제3종일반주거,2026
서울,서초구,방배동,1026-27,1,6843658,580000000,84.8,2019,제2종근린생활,제3종일반주거,2025
서울,서초구,방배동,1038,35,28985507,228000000,6.9,1992,제1종근린생활,제3종일반주거,2026
서울,서초구,방배동,1549,7,11433905,723330000,71.8,2007,제2종근린생활,일반상업,2025
서울,서초구,방배동,2***,6,9493671,510000000,52.1,1973,제2종근린생활,제3종일반주거,2025
서울,서초구,방배동,2525,2,22999646,1072500000,50.5,1991,판매,제2종일반주거,2025
서울,서초구,방배동,3001-2,2,5473280,325000000,60.1,2006,제2종근린생활,일반상업,2026
서울,서초구,방배동,3282,4,5056686,755000000,100.1,2021,판매,제2종일반주거,2024
서울,서초구,방배동,3283,1,24857955,700000000,28.2,2021,제2종근린생활,제2종일반주거,2026
서울,서초구,방배동,3284,6,26331219,996110000,37.8,,제1종근린생활,제2종일반주거,2026
서울,서초구,방배동,3285,5,5414673,339500000,73.0,,제1종근린생활,제2종일반주거,2025
서울,서초구,방배동,4**,10,10017657,4920000000,449.1,2004,제2종근린생활,제2종일반주거,2026
서울,서초구,방배동,424-28,2,10824138,560000000,53.4,2013,제2종근린생활,제2종일반주거,2026
서울,서초구,방배동,426-7,2,14840504,264470000,17.8,2021,제2종근린생활,제3종일반주거,2026
서울,서초구,방배동,456-1,6,7236035,166100000,22.9,1983,판매,제2종일반주거,2026
서울,서초구,방배동,467-42,3,4290822,108000000,25.2,2020,제1종근린생활,제2종일반주거,2025
서울,서초구,방배동,7**,11,14752471,5940000000,399.8,1983,제2종근린생활,제3종일반주거,2026
서울,서초구,방배동,725,3,31256855,1425000000,45.6,1983,판매,제2종일반주거,2026
서울,서초구,방배동,750-12,2,3618432,178525000,104.2,1978,업무,준주거,2025
서울,서초구,방배동,754-1,1,23245002,1000000000,43.0,2006,제1종근린생활,준주거,2025
서울,서초구,방배동,755-5,5,5890805,255000000,42.4,1999,업무,준주거,2026
서울,서초구,방배동,758-2,1,13524264,680000000,50.3,1976,판매,제3종일반주거,2025
서울,서초구,방배동,760-2,1,26770833,1285000000,48.0,1977,제1종근린생활,제3종일반주거,2025
서울,서초구,방배동,765-34,1,6831368,365000000,53.4,2016,제2종근린생활,제3종일반주거,2025
서울,서초구,방배동,767-21,5,11124926,1700000000,152.8,1989,제2종근린생활,제2종일반주거,2025
서울,서초구,방배동,767-5,2,6121256,104000000,17.7,2017,제1종근린생활,제2종일반주거,2025
서울,서초구,방배동,770-1,9,20463511,400000000,18.9,1975,판매,제3종일반주거,2026
서울,서초구,방배동,774,2,3471271,750000000,216.1,2001,제2종근린생활,제3종일반주거,2025
서울,서초구,방배동,785-4,2,7782763,503000000,64.6,2015,제1종근린생활,제2종일반주거,2026
서울,서초구,방배동,789-22,1,11169900,190000000,17.0,2012,제2종근린생활,제2종일반주거,2026
서울,서초구,방배동,789-24,2,12850318,300000000,25.2,2018,제2종근린생활,제2종일반주거,2025
서울,서초구,방배동,793-15,1,12172478,590000000,48.5,2021,제2종근린생활,제2종일반주거,2025
서울,서초구,방배동,8**,22,11012445,5700000000,520.1,1992,제2종근린생활,제2종일반주거,2026
서울,서초구,방배동,814-8,7,4878049,160000000,29.5,1987,업무,제2종일반주거,2026
서울,서초구,방배동,816-1,1,5563690,76000000,13.7,2004,판매,제2종일반주거,2025
서울,서초구,방배동,823-8,2,7286333,185000000,25.4,2017,제2종근린생활,제2종일반주거,2026
서울,서초구,방배동,831-9,3,7322569,195000000,26.6,1988,업무,제2종일반주거,2025
서울,서초구,방배동,854-20,1,13347023,390000000,29.2,2017,제2종근린생활,제2종일반주거,2025
서울,서초구,방배동,866-20,1,12344228,525000000,42.5,2005,제2종근린생활,일반상업,2025
서울,서초구,방배동,896-6,1,4852781,89000000,18.3,2001,제2종근린생활,제3종일반주거,2026
서울,서초구,방배동,9**,13,13889229,11000000000,728.3,1988,제2종근린생활,제3종일반주거,2026
서울,서초구,방배동,901-2,1,22991938,770000000,33.5,1981,제1종근린생활,제2종일반주거,2025
서울,서초구,방배동,907-9,1,37524054,1170000000,31.2,1978,제1종근린생활,제3종일반주거,2025
서울,서초구,방배동,923-10,1,17676408,1240000000,70.2,2015,제2종근린생활,제2종일반주거,2026
서울,서초구,방배동,923-6,7,7915567,420000000,18.8,2007,판매,제2종일반주거,2026
서울,서초구,방배동,925-11,2,13041619,832500000,63.9,2008,제2종근린생활,제3종일반주거,2026
서울,서초구,방배동,952-2,1,5904150,717000000,121.4,2022,제1종근린생활,일반상업,2024
서울,서초구,방배동,982-2,4,14479408,1265000000,99.4,1980,업무,제2종일반주거,2026
서울,서초구,방배동,983-11,1,7034875,470000000,66.8,1979,업무,제3종일반주거,2025
서울,서초구,서초동,1***,77,13037298,11400000000,819.9,1991,제2종근린생활,제3종일반주거,2026
서울,서초구,서초동,1302-1,17,8966708,353400000,37.4,1988,제2종근린생활,제3종일반주거,2026
서울,서초구,서초동,1303-16,21,14437367,486400000,33.7,2013,제1종근린생활,일반상업,2026
서울,서초구,서초동,1303-31,3,25278059,2900000000,116.3,2011,제1종근린생활,일반상업,2025
서울,서초구,서초동,1306-4,8,17791569,1783650000,106.8,2010,제1종근린생활,일반상업,2026
서울,서초구,서초동,1307-7,3,14414414,400000000,29.0,1990,업무,일반상업,2026
서울,서초구,서초동,1308,1,66903915,1880000000,28.1,1978,제1종근린생활,일반상업,2024
서울,서초구,서초동,1308-25,5,5599104,202000000,35.7,2000,업무,일반상업,2026
서울,서초구,서초동,1308-4,3,10125889,410000000,36.5,1990,제2종근린생활,일반상업,2026
서울,서초구,서초동,1310,2,10919633,780000000,71.6,1979,제1종근린생활,용도미지정,2025
서울,서초구,서초동,1315,10,34814051,745000000,20.8,1979,판매,제1종일반주거,2026
서울,서초구,서초동,1317-11,1,63451777,3500000000,55.2,2005,제2종근린생활,일반상업,2025
서울,서초구,서초동,1317-16,13,18759071,324500000,20.1,,기타,일반상업,2026
서울,서초구,서초동,1319-11,1,9285714,390000000,42.0,1999,업무,일반상업,2026
서울,서초구,서초동,1319-13,1,16463354,8300000000,504.2,1997,제1종근린생활,일반상업,2025
서울,서초구,서초동,1321,4,13771331,2208750000,162.9,1995,업무,일반상업,2026
서울,서초구,서초동,1321-11,23,25963494,24944610000,932.2,,업무,일반상업,2025
서울,서초구,서초동,1321-6,1,15161187,19000000000,1253.2,1996,업무,일반상업,2025
서울,서초구,서초동,1327-34,1,16229335,600810000,37.0,2021,제1종근린생활,일반상업,2024
서울,서초구,서초동,1328-11,2,35470661,1912500000,47.6,2005,업무,일반상업,2025
서울,서초구,서초동,1328-7,1,15447992,2700000000,174.8,2003,제1종근린생활,일반상업,2025
서울,서초구,서초동,1330-10,2,23733241,1000000000,42.1,2008,제2종근린생활,일반상업,2026
서울,서초구,서초동,1330-16,1,11210567,1290000000,115.1,1996,제1종근린생활,일반상업,2024
서울,서초구,서초동,1330-20,2,41061687,1465000000,64.6,2013,제2종근린생활,일반상업,2026
서울,서초구,서초동,1330-4,23,9129641,565000000,43.3,2009,판매,일반상업,2026
서울,서초구,서초동,1332-2,1,24118071,335000000,13.9,1978,판매,제3종일반주거,2024
서울,서초구,서초동,1332-4,22,15858702,1548265000,67.0,2002,제2종근린생활,제3종일반주거,2025
서울,서초구,서초동,1337,4,13479775,810300000,60.8,2007,업무,일반상업,2025
서울,서초구,서초동,1337-14,1,6830031,262000000,38.4,2006,업무,일반상업,2026
서울,서초구,서초동,1337-20,3,14873002,10300000000,692.5,1994,업무,일반상업,2026
서울,서초구,서초동,1337-3,9,7274283,168000000,23.4,2014,숙박,일반상업,2026
서울,서초구,서초동,1338,1,10218680,500000000,48.9,2002,업무,일반상업,2026
서울,서초구,서초동,1338-21,1,4949433,161500000,32.6,1991,업무,일반상업,2024
서울,서초구,서초동,1344-13,1,8722198,400000000,45.9,2005,제1종근린생활,일반상업,2024
서울,서초구,서초동,1355-3,6,9247113,6300000000,619.4,1993,업무,일반상업,2026
서울,서초구,서초동,1355-8,7,2506266,39000000,22.7,1993,업무,일반상업,2026
서울,서초구,서초동,1362-27,16,15707947,1422190000,73.1,,제2종근린생활,일반상업,2026
서울,서초구,서초동,1436-1,1,79928952,450000000,5.6,,제1종근린생활,제3종일반주거,2025
서울,서초구,서초동,1438-16,3,4027927,375000000,131.4,1991,제2종근린생활,제3종일반주거,2025
서울,서초구,서초동,1445-13,3,5880483,277500000,47.2,2006,제1종근린생활,일반상업,2026
서울,서초구,서초동,1445-14,15,10586286,15796750000,1492.2,1988,업무,일반상업,2025
서울,서초구,서초동,1445-3,119,5785124,70000000,11.8,1997,판매,일반상업,2026
서울,서초구,서초동,1446-11,2,5397677,4598500000,1383.6,2003,제1종근린생활,준주거,2026
서울,서초구,서초동,1478-11,1,5792400,250000000,43.2,2018,제2종근린생활,제2종일반주거,2025
서울,서초구,서초동,1487-110,1,9006550,330000000,36.6,2017,제2종근린생활,제3종일반주거,2025
서울,서초구,서초동,1495-2,1,126929,100000000,787.8,1996,기타,제2종일반주거,2025
서울,서초구,서초동,1498-5,4,7650683,358765000,47.0,2017,판매,준주거,2025
서울,서초구,서초동,1524-1,1,4817629,237750000,49.4,2020,제2종근린생활,제3종일반주거,2025
서울,서초구,서초동,1542-1,7,14325069,520000000,36.3,2006,업무,일반상업,2025
서울,서초구,서초동,1553-5,8,14958117,737500000,50.1,2008,업무,일반상업,2026
서울,서초구,서초동,1562-2,1,10968379,222000000,20.2,2013,제2종근린생활,제2종일반주거,2026
서울,서초구,서초동,1565-1,2,9753086,395000000,40.5,2016,업무,제2종일반주거,2025
서울,서초구,서초동,1573-1,6,13789028,500000000,34.8,1996,업무,제3종일반주거,2026
서울,서초구,서초동,1573-10,2,11676525,885000000,74.6,,제1종근린생활,일반상업,2025
서울,서초구,서초동,1583-10,3,12050360,335000000,27.8,2009,제1종근린생활,제3종일반주거,2025
서울,서초구,서초동,1588-3,4,4987760,156500000,31.2,2002,업무,일반상업,2026
서울,서초구,서초동,1588-7,1,5167959,200000000,38.7,1996,업무,일반상업,2026
서울,서초구,서초동,1589-14,1,2967711,125000000,42.1,1990,제1종근린생활,일반상업,2025
서울,서초구,서초동,1589-5,1,5354919,129000000,24.1,,업무,일반상업,2025
서울,서초구,서초동,1589-7,2,4515473,122500000,27.1,1992,업무,일반상업,2024
서울,서초구,서초동,1589-8,8,5506912,119500000,21.7,1989,업무,일반상업,2026
서울,서초구,서초동,1589-9,1,7139215,140000000,19.6,,업무,일반상업,2024
서울,서초구,서초동,1591-3,2,5255705,157500000,29.8,2000,업무,일반상업,2026
서울,서초구,서초동,1591-6,1,19034226,895370000,47.0,2023,숙박,일반상업,2026
서울,서초구,서초동,1593-7,1,21164021,1200000000,56.7,2003,제1종근린생활,일반상업,2026
서울,서초구,서초동,1595-1,1,16903573,880000000,52.1,2022,숙박,일반상업,2024
서울,서초구,서초동,1597-6,1,11388394,1725000000,151.5,,제2종근린생활,일반상업,2025
서울,서초구,서초동,1598-3,2,5942592,351000000,59.3,1991,업무,일반상업,2025
서울,서초구,서초동,1599-11,2,7404181,340000000,45.9,1992,업무,일반상업,2025
서울,서초구,서초동,1599-2,1,14602588,158000000,10.8,2004,제1종근린생활,일반상업,2026
서울,서초구,서초동,1600-11,37,4926108,50000000,10.2,2005,업무,일반상업,2026
서울,서초구,서초동,1601-10,6,2923568,130000000,44.5,2018,업무,일반상업,2026
서울,서초구,서초동,1601-2,1,5962733,144000000,24.2,1999,업무,일반상업,2026
서울,서초구,서초동,1601-7,3,23891372,695000000,29.1,2024,제2종근린생활,일반상업,2025
서울,서초구,서초동,1603-68,1,7416384,153000000,20.6,1984,제2종근린생활,제3종일반주거,2025
서울,서초구,서초동,1603-69,2,8207756,575000000,72.1,1984,제1종근린생활,제3종일반주거,2026
서울,서초구,서초동,1617-2,1,9011420,505000000,56.0,2015,제2종근린생활,제2종일반주거,2024
서울,서초구,서초동,1626-10,1,11043873,730000000,66.1,2017,제2종근린생활,제3종일반주거,2024
서울,서초구,서초동,1638-2,1,9637188,340000000,35.3,2018,제2종근린생활,제3종일반주거,2025
서울,서초구,서초동,1641-13,4,40080439,1867500000,51.7,1989,제2종근린생활,제3종일반주거,2026
서울,서초구,서초동,1656-4,3,11779141,384000000,64.5,2010,제1종근린생활,일반상업,2026
서울,서초구,서초동,1658-19,1,7404856,430000000,58.1,2018,제2종근린생활,제3종일반주거,2025
서울,서초구,서초동,1665-4,1,9056502,335000000,37.0,2017,제2종근린생활,제3종일반주거,2025
서울,서초구,서초동,1674-5,1,11815920,285000000,24.1,2013,업무,일반상업,2025
서울,서초구,서초동,1675-10,1,9700625,667500000,68.8,2022,제1종근린생활,일반상업,2024
서울,서초구,서초동,1677-1,8,2932013,74500000,25.8,2006,제2종근린생활,일반상업,2026
서울,서초구,서초동,1678-1,2,6485599,2750000000,425.1,1996,제2종근린생활,일반상업,2026
서울,서초구,서초동,1678-2,5,12281317,2344200000,199.5,1996,제2종근린생활,일반상업,2025
서울,서초구,서초동,1678-4,6,13729618,847805000,61.8,2008,업무,일반상업,2025
서울,서초구,서초동,1684-1,1,8468984,385000000,45.5,1989,교육연구,제3종일반주거,2026
서울,서초구,서초동,1685-3,8,9496391,775000000,83.4,2004,제2종근린생활,일반상업,2026
서울,서초구,서초동,1685-8,11,19633508,1750000000,88.4,2004,제1종근린생활,제3종일반주거,2026
서울,서초구,서초동,1687,1,24739583,1425000000,57.6,1993,제2종근린생활,제3종일반주거,2025
서울,서초구,서초동,1687-2,2,5801463,190000000,34.2,1994,제1종근린생활,제3종일반주거,2026
서울,서초구,서초동,1688-6,1,7056056,360000000,51.0,2004,제2종근린생활,일반상업,2025
서울,서초구,서초동,1695-5,1,9575923,700000000,73.1,2004,업무,제3종일반주거,2025
서울,서초구,서초동,1699-8,3,10735373,500000000,45.8,2004,업무,일반상업,2025
서울,서초구,서초동,1712-2,3,8371385,279000000,33.1,1989,업무,제2종일반주거,2026
서울,서초구,서초동,1713-1,2,8654816,763125000,77.3,2004,제2종근린생활,제2종일반주거,2026
서울,서초구,서초동,1714-16,1,11262783,2500000000,222.0,1991,업무,제2종일반주거,2026
서울,서초구,서초동,1718-4,3,6133829,74800000,12.2,1990,업무,제2종일반주거,2026
서울,서초구,서초동,1755-1,2,17611620,182500000,10.0,2020,제1종근린생활,제3종일반주거,2025
서울,서초구,서초동,1757-1,33,22725926,787450000,27.8,2021,제1종근린생활,제3종일반주거,2026
서울,서초구,신원동,2**,3,11948529,5200000000,435.2,2022,제1종근린생활,제1종전용주거,2026
서울,서초구,신원동,441-43,1,19047619,2100000000,110.2,2022,제1종근린생활,제1종일반주거,2025
서울,서초구,신원동,559,1,6523569,155000000,23.8,2017,업무,제3종일반주거,2024
서울,서초구,신원동,659,1,8658009,500000000,57.8,2015,업무,준주거,2026
서울,서초구,양재동,*,7,11829345,8700000000,977.3,1993,제2종근린생활,제2종일반주거,2026
서울,서초구,양재동,1*,3,10094722,6000000000,594.4,1991,제2종근린생활,제3종일반주거,2025
서울,서초구,양재동,1**,8,7734616,14000000000,1348.1,1998,제2종근린생활,제2종일반주거,2026
서울,서초구,양재동,1-7,18,12492392,159635000,14.8,1978,판매,제2종일반주거,2025
서울,서초구,양재동,11-11,4,17814270,1573000000,88.3,2022,제2종근린생활,일반상업,2026
서울,서초구,양재동,11-4,1,14553548,1700000000,116.8,2022,제2종근린생활,일반상업,2025
서울,서초구,양재동,116-12,1,2931596,135000000,46.0,2022,제2종근린생활,제2종일반주거,2026
서울,서초구,양재동,12-10,5,11078546,189000000,17.1,2005,제2종근린생활,일반상업,2026
서울,서초구,양재동,153,30,8778110,132500000,12.2,1991,판매,제3종일반주거,2026
서울,서초구,양재동,154-2,1,16470588,350000000,21.2,1991,제1종근린생활,제3종일반주거,2026
서울,서초구,양재동,2*,2,13067204,7885000000,605.0,1993,제2종근린생활,제3종일반주거,2026
서울,서초구,양재동,2**,10,8596852,4250000000,644.2,1990,제2종근린생활,제2종일반주거,2026
서울,서초구,양재동,20-24,7,13608166,1959410000,144.0,1990,제1종근린생활,제3종일반주거,2026
서울,서초구,양재동,215,389,8443724,225000000,38.4,2005,업무,일반상업,2026
서울,서초구,양재동,217,3,5000000,226000000,45.2,2003,업무,일반상업,2026
서울,서초구,양재동,270,1,11421411,319000000,27.9,2016,제1종근린생활,제2종일반주거,2025
서울,서초구,양재동,275-1,1,4059829,76000000,18.7,1991,제1종근린생활,일반상업,2024
서울,서초구,양재동,275-2,1,4408060,105000000,23.8,1992,기타,일반상업,2025
서울,서초구,양재동,275-6,1,3837719,315000000,82.1,1991,업무,일반상업,2026
서울,서초구,양재동,3**,17,9404489,7550000000,845.2,1992,제2종근린생활,제2종일반주거,2026
서울,서초구,양재동,329-4,1,12072435,240000000,19.9,2016,제1종근린생활,제2종일반주거,2026
서울,서초구,양재동,359-6,1,8899676,385000000,43.3,2016,제2종근린생활,제2종일반주거,2025
서울,서초구,양재동,384-3,1,7989773,500000000,62.6,2017,제2종근린생활,제2종일반주거,2025
서울,서초구,양재동,397-7,2,13836693,405000000,29.3,2016,제1종근린생활,제2종일반주거,2024
서울,서초구,양재동,6*,1,8206735,35000000000,4264.8,1992,업무,제3종일반주거,2024
서울,서초구,양재동,6-37,2,6627436,185000000,27.9,1987,제2종근린생활,제2종일반주거,2024
서울,서초구,양재동,8*,5,7762087,8600000000,1069.3,1993,제1종근린생활,제3종일반주거,2026
서울,서초구,양재동,81-15,4,7850304,750000000,95.5,2021,제2종근린생활,제3종일반주거,2024
서울,서초구,양재동,9*,2,8871638,3200000000,360.7,1989,제1종근린생활,제2종일반주거,2026
서울,서초구,우면동,*,2,7211110,7000000000,970.9,1994,제2종근린생활,제2종일반주거,2025
서울,서초구,우면동,65-1,1,2608696,15000000,5.8,1994,제1종근린생활,준주거,2024
서울,서초구,우면동,66-1,8,3376906,310000000,91.8,1995,제2종근린생활,준주거,2026
서울,서초구,우면동,66-2,3,3667840,120000000,36.2,1995,제2종근린생활,준주거,2025
서울,서초구,우면동,67,1,12684989,300000000,23.6,1994,제2종근린생활,제2종일반주거,2025
서울,서초구,우면동,686,1,11843011,516000000,43.6,2015,제2종근린생활,준주거,2024
서울,서초구,우면동,687,2,6264543,350000000,55.9,2015,제2종근린생활,준주거,2025
서울,서초구,우면동,7*,1,6690921,3200000000,478.3,2004,제1종근린생활,제1종전용주거,2026
서울,서초구,우면동,717,1,9464871,260000000,27.5,2013,제2종근린생활,제3종일반주거,2026
서울,서초구,우면동,784,1,16666667,700000000,42.0,2013,판매,제3종일반주거,2025
서울,서초구,우면동,787,1,7175007,239430000,33.4,2015,제2종근린생활,준주거,2026
서울,서초구,우면동,788,3,18193750,582200000,32.0,2013,제1종근린생활,제3종일반주거,2026
서울,서초구,잠원동,*,2,14227226,6950000000,488.5,1987,제2종근린생활,제2종일반주거,2025
서울,서초구,잠원동,1*,1,4174864,8000000000,1916.2,2007,제1종근린생활,제3종일반주거,2026
서울,서초구,잠원동,167-2,2,23243200,975000000,42.0,2025,제2종근린생활,용도미지정,2026
서울,서초구,잠원동,17-22,1,4019293,150000000,37.3,1993,제1종근린생활,제2종일반주거,2024
서울,서초구,잠원동,2*,7,12366921,11500000000,775.9,2013,제2종근린생활,제2종일반주거,2026
서울,서초구,잠원동,20-9,1,18576736,1950000000,105.0,2010,제1종근린생활,제3종일반주거,2024
서울,서초구,잠원동,27-2,5,22288262,2700000000,121.1,2022,제1종근린생활,제3종일반주거,2026
서울,서초구,잠원동,3*,4,12546083,6575000000,524.7,1992,제2종근린생활,제3종일반주거,2025
서울,서초구,잠원동,37-9,1,24361723,1250000000,51.3,1982,제2종근린생활,제3종일반주거,2025
서울,서초구,잠원동,4*,2,11201877,4660000000,438.7,1991,제1종근린생활,제2종일반주거,2025
서울,서초구,잠원동,45-23,1,6461676,145000000,22.4,2010,제2종근린생활,제2종일반주거,2025
서울,서초구,잠원동,49-8,1,34277198,690000000,20.1,1989,판매,제3종일반주거,2024
서울,서초구,잠원동,5*,1,74642326,34325020000,459.9,1972,제2종근린생활,제3종일반주거,2026
서울,서초구,잠원동,50-5,3,26392425,1550000000,47.2,1982,판매,제3종일반주거,2026
서울,서초구,잠원동,56-3,9,22381874,650000000,17.4,1992,제2종근린생활,제3종일반주거,2026
서울,서초구,잠원동,6*,1,9900223,132960000,13.4,1975,판매,제3종일반주거,2025
서울,서초구,잠원동,63-34,6,19918094,270000000,13.4,1992,제1종근린생활,제3종일반주거,2025
서울,서초구,잠원동,69-12,6,15556159,85870000,5.5,,제1종근린생활,제3종일반주거,2025
서울,서초구,잠원동,69-13,1,26666667,800000000,30.0,,제2종근린생활,제3종일반주거,2025
서울,서초구,잠원동,69-18,4,27778322,705000000,25.2,1983,제1종근린생활,제3종일반주거,2026
서울,서초구,잠원동,69-21,3,23930589,504000000,14.5,1983,판매,제3종일반주거,2026
서울,서초구,잠원동,69-23,2,16308455,182975000,11.2,,교육연구,제3종일반주거,2026
서울,서초구,잠원동,69-7,1,26647564,930000000,34.9,,제1종근린생활,제3종일반주거,2025
서울,서초구,잠원동,70,3,24716418,490000000,34.4,1980,판매,제1종일반주거,2026
서울,서초구,잠원동,73,2,30616144,1925000000,62.9,,제2종근린생활,제3종일반주거,2026
서울,서초구,잠원동,75-17,1,38281979,820000000,21.4,,판매,제3종일반주거,2026
서울,서초구,잠원동,75-18,6,16221832,225000000,10.5,1983,제2종근린생활,제3종일반주거,2026
서울,성동구,금호동1가,1**,1,10869565,600000000,55.2,2014,제1종근린생활,제3종일반주거,2024
서울,성동구,금호동1가,1***,2,15147975,2189380000,324.9,1971,제2종근린생활,제2종일반주거,2025
서울,성동구,금호동1가,1794,2,11928048,275000000,29.6,1986,제1종근린생활,제3종일반주거,2024
서울,성동구,금호동1가,628,1,15023474,160000000,10.6,2011,제1종근린생활,제3종일반주거,2026
서울,성동구,금호동1가,633,2,4272145,87500000,19.6,2001,제2종근린생활,제3종일반주거,2025
서울,성동구,금호동1가,65,1,2040122,60000000,29.4,1996,제1종근린생활,제1종일반주거,2024
서울,성동구,금호동2가,1,1,21497585,890000000,41.4,2016,제2종근린생활,제3종일반주거,2025
서울,성동구,금호동2가,1208,2,7791640,140000000,17.5,,기타,제2종일반주거,2026
서울,성동구,금호동2가,1217,1,8071135,590000000,73.1,2012,제2종근린생활,제3종일반주거,2026
서울,성동구,금호동2가,4**,2,11896375,3205000000,269.2,1994,제1종근린생활,제2종일반주거,2026
서울,성동구,금호동2가,455,1,3090939,570000000,184.4,,제1종근린생활,제2종일반주거,2024
서울,성동구,금호동2가,7**,1,10374940,647500000,62.4,1964,제1종근린생활,제2종일반주거,2025
서울,성동구,금호동3가,1***,2,10461508,10450000000,998.9,2024,제1종근린생활,제2종일반주거,2024
서울,성동구,금호동3가,2**,1,21665044,1780000000,82.2,1967,제1종근린생활,제3종일반주거,2025
서울,성동구,금호동3가,339-2,1,5499649,470000000,85.5,,제1종근린생활,근린상업,2024
서울,성동구,금호동3가,700,1,1786727,63000000,35.3,2012,제2종근린생활,제2종일반주거,2026
서울,성동구,금호동4가,1***,9,11146097,2250000000,238.4,1988,제2종근린생활,제2종일반주거,2026
서울,성동구,금호동4가,1418-9,1,11523392,500000000,43.4,2002,제2종근린생활,제2종일반주거,2025
서울,성동구,금호동4가,340,4,9740758,494250000,62.1,2007,제2종근린생활,제3종일반주거,2025
서울,성동구,금호동4가,800,1,4392846,140000000,31.9,2001,제2종근린생활,제3종일반주거,2026
서울,성동구,금호동4가,9**,1,14982246,1730000000,115.5,1966,제2종근린생활,제2종일반주거,2026
서울,성동구,도선동,1**,1,5052167,10900000000,2157.5,,숙박,일반상업,2025
서울,성동구,도선동,2**,1,10361160,2800000000,270.2,1989,제1종근린생활,일반상업,2025
서울,성동구,도선동,22-1,3,4852557,450000000,92.1,2009,제2종근린생활,일반상업,2026
서울,성동구,도선동,257,1,27224705,670000000,24.6,2020,제2종근린생활,일반상업,2025
서울,성동구,도선동,3*,3,28600334,67000000000,2342.6,1972,업무,일반상업,2025
서울,성동구,도선동,4**,1,8823529,3870000000,438.6,1990,제2종근린생활,제2종일반주거,2025
서울,성동구,도선동,69,4,7985983,170000000,22.9,2006,판매,일반상업,2026
서울,성동구,도선동,9*,2,8146988,4940000000,606.7,1996,숙박,일반상업,2026
서울,성동구,마장동,4**,2,10800212,1824000000,145.8,1997,제1종근린생활,제2종일반주거,2025
서울,성동구,마장동,5**,1,4767751,12000000000,2516.9,1984,업무,제3종일반주거,2025
서울,성동구,마장동,7**,19,13531800,2617000000,359.9,1985,제1종근린생활,제2종일반주거,2026
서울,성동구,마장동,766-25,2,10017531,400000000,39.9,2004,제1종근린생활,제3종일반주거,2024
서울,성동구,마장동,784,1,15171504,230000000,15.2,1986,판매,제3종일반주거,2025
서울,성동구,마장동,818,1,4326047,190000000,43.9,1998,제2종근린생활,제3종일반주거,2025
서울,성동구,사근동,182-12,2,3665260,112890000,30.8,2021,제2종근린생활,제2종일반주거,2025
서울,성동구,상왕십리동,1*,1,9529687,10500000000,1101.8,1979,제2종근린생활,일반상업,2026
서울,성동구,상왕십리동,811,7,9203197,380000000,42.5,2014,제1종근린생활,제3종일반주거,2026
서울,성동구,성수동1가,*,2,24262266,5650000000,217.9,1980,제2종근린생활,준공업,2026
서울,성동구,성수동1가,1*,8,34388581,20350000000,633.7,1982,제2종근린생활,준공업,2026
서울,성동구,성수동1가,13-17,1,12579526,217500000,17.3,2022,제1종근린생활,준공업,2026
서울,성동구,성수동1가,13-207,1,10189573,430000000,42.2,2019,업무,준공업,2026
서울,성동구,성수동1가,2*,2,25276783,9125000000,409.2,1974,제1종근린생활,준공업,2026
서울,성동구,성수동1가,2**,5,18362369,6150000000,378.8,1986,제1종근린생활,제3종일반주거,2026
서울,성동구,성수동1가,244-3,1,44893378,1200000000,26.7,2007,제1종근린생활,제3종일반주거,2026
서울,성동구,성수동1가,291,1,71111111,3200000000,45.0,2006,제1종근린생활,제2종일반주거,2026
서울,성동구,성수동1가,6**,37,24737631,7100000000,227.6,1984,제2종근린생활,제2종일반주거,2026
서울,성동구,성수동1가,656-591,3,18325253,2230000000,121.4,2017,제1종근린생활,준공업,2025
서울,성동구,성수동1가,671-6,5,4476248,182000000,41.1,2014,제2종근린생활,제2종일반주거,2026
서울,성동구,성수동1가,685-201,10,246534,35200000,276.2,1981,제2종근린생활,준주거,2025
서울,성동구,성수동1가,685-290,2,47642332,5750000000,120.7,,제1종근린생활,제2종일반주거,2025
서울,성동구,성수동1가,685-308,1,3339625,230000000,68.9,2003,제2종근린생활,준주거,2024
서울,성동구,성수동1가,685-696,9,10549212,731300000,76.4,2011,판매,일반상업,2026
서울,성동구,성수동1가,718,1,12152011,550000000,45.3,2017,제1종근린생활,제3종일반주거,2025
서울,성동구,성수동1가,721,1,22574296,1147000000,50.8,2024,제1종근린생활,준주거,2025
서울,성동구,성수동2가,1*,1,23065500,7300000000,316.5,1971,제2종근린생활,준공업,2026
서울,성동구,성수동2가,2**,41,18353613,4990000000,304.7,1992,제2종근린생활,준공업,2026
서울,성동구,성수동2가,231-1,26,7560444,84565000,12.1,2001,판매,준공업,2025
서울,성동구,성수동2가,269-25,1,13941084,1150000000,82.5,2015,제2종근린생활,준공업,2026
서울,성동구,성수동2가,269-63,4,21323731,921825000,48.8,2021,제1종근린생활,준공업,2025
서울,성동구,성수동2가,273-36,6,10083540,697000000,69.1,2019,제2종근린생활,준공업,2025
서울,성동구,성수동2가,273-52,11,20281933,1701000000,81.2,2020,제2종근린생활,준공업,2025
서울,성동구,성수동2가,277-101,2,13201121,317500000,24.0,2013,제1종근린생활,준공업,2024
서울,성동구,성수동2가,277-43,2,11527778,830000000,72.0,2010,제1종근린생활,준공업,2025
서울,성동구,성수동2가,279-50,2,6474697,271500000,41.8,1999,제1종근린생활,준공업,2026
서울,성동구,성수동2가,280,1,13525433,999800000,73.9,2020,업무,준공업,2025
서울,성동구,성수동2가,280-6,4,13999102,1247320000,89.1,2020,업무,준공업,2026
서울,성동구,성수동2가,281-16,2,8795788,284820000,32.2,2010,업무,준공업,2025
서울,성동구,성수동2가,284-124,2,19377142,674220000,34.5,2024,제2종근린생활,준공업,2024
서울,성동구,성수동2가,284-55,1,12792398,700000000,54.7,2014,제2종근린생활,준공업,2025
서울,성동구,성수동2가,284-62,11,13870370,471870000,34.0,2018,제2종근린생활,준공업,2025
서울,성동구,성수동2가,289-13,2,7395093,1290000000,174.4,2004,업무,준공업,2026
서울,성동구,성수동2가,289-18,2,29713747,935000000,31.5,2023,제2종근린생활,준공업,2025
서울,성동구,성수동2가,3**,64,28924449,5096250000,189.5,1990,제2종근린생활,준공업,2026
서울,성동구,성수동2가,302-8,1,17182497,1610000000,93.7,2019,업무,준공업,2025
서울,성동구,성수동2가,308-4,1,11313606,1540800000,136.2,2010,업무,준공업,2025
서울,성동구,성수동2가,315-61,2,15596929,915000000,57.9,2018,업무,준공업,2026
서울,성동구,성수동2가,315-70,5,18907785,1780000000,46.1,1993,제2종근린생활,준공업,2026
서울,성동구,성수동2가,321-79,1,17437335,1120000000,64.2,2003,제2종근린생활,준공업,2026
서울,성동구,성수동2가,323,2,6765239,640000000,94.6,2015,제2종근린생활,준공업,2025
서울,성동구,성수동2가,325-2,1,13939394,1196000000,85.8,2011,업무,준공업,2025
서울,성동구,성수동2가,335-121,2,23783784,1100000000,46.2,1970,제2종근린생활,준주거,2025
서울,성동구,성수동2가,335-123,1,19099890,870000000,45.6,,제1종근린생활,제3종일반주거,2025
서울,성동구,성수동2가,335-14,1,65597668,1800000000,27.4,1972,제1종근린생활,준주거,2025
서울,성동구,성수동2가,351,1,33177132,1770000000,53.4,2007,제2종근린생활,제3종일반주거,2025
서울,성동구,성수동2가,543,1,56951424,1700000000,29.8,2005,제1종근린생활,제3종일반주거,2026
서울,성동구,성수동2가,6**,1,21685254,4200000000,193.7,1959,제2종근린생활,제2종일반주거,2025
서울,성동구,성수동2가,7**,1,23384155,15000000000,641.5,1968,제1종근린생활,제3종일반주거,2026
서울,성동구,송정동,6*,7,11364316,2280000000,317.5,1973,제2종근린생활,제3종일반주거,2026
서울,성동구,송정동,7*,12,12895975,1700000000,125.6,1983,제1종근린생활,제2종일반주거,2026
서울,성동구,송정동,9*,1,7562483,3280000000,433.7,1980,제1종근린생활,제2종일반주거,2026
서울,성동구,옥수동,100,8,24873580,250000000,9.9,1998,제2종근린생활,제3종일반주거,2024
서울,성동구,옥수동,2**,1,14063951,4240000000,301.5,1982,제1종근린생활,제2종일반주거,2024
서울,성동구,옥수동,220-1,4,24600582,512000000,22.5,1982,제1종근린생활,제3종일반주거,2025
서울,성동구,옥수동,3**,1,6224563,7800000000,1253.1,1988,제2종근린생활,제2종일반주거,2026
서울,성동구,옥수동,4,8,67903886,460000000,6.2,1990,제1종근린생활,제1종일반주거,2026
서울,성동구,옥수동,428,4,7029831,217500000,30.8,1986,제2종근린생활,제3종일반주거,2026
서울,성동구,옥수동,475,1,11760513,330000000,28.1,2004,제2종근린생활,제2종일반주거,2026
서울,성동구,옥수동,560,1,24615385,400000000,16.2,2011,판매,제3종일반주거,2026
서울,성동구,옥수동,561,4,9746252,1000000000,92.3,2012,제2종근린생활,제2종일반주거,2026
서울,성동구,용답동,1*,1,10053682,2135000000,212.4,1976,제2종근린생활,제2종일반주거,2024
서울,성동구,용답동,2**,3,7235246,6500000000,898.4,1989,판매,일반상업,2026
서울,성동구,용답동,228-1,12,2609428,51500000,21.2,1990,제1종근린생활,준주거,2026
서울,성동구,용답동,229-1,3,3574650,282000000,79.9,2022,제2종근린생활,일반상업,2025
서울,성동구,용답동,229-13,2,5720785,25150000,4.4,1991,제1종근린생활,일반상업,2025
서울,성동구,용답동,234,8,3532232,197500000,44.8,1979,판매,유통상업,2026
서울,성동구,용답동,238-1,2,4786078,391595000,81.8,2009,제2종근린생활,유통상업,2025
서울,성동구,용답동,238-6,6,5436193,478385000,76.1,2024,제2종근린생활,유통상업,2025
서울,성동구,용답동,238-7,9,1114033,74070000,49.4,2023,제1종근린생활,유통상업,2026
서울,성동구,용답동,26-21,1,8692366,230000000,26.5,2023,제1종근린생활,제2종일반주거,2025
서울,성동구,용답동,5*,3,8054383,4700000000,620.8,1971,제2종근린생활,제2종일반주거,2026
서울,성동구,용답동,7*,1,8797234,4300000000,488.8,1983,제1종근린생활,준주거,2026
서울,성동구,응봉동,100,6,19195755,138500000,7.0,1986,제1종근린생활,제3종일반주거,2026
서울,성동구,응봉동,15,1,8748481,360000000,41.2,,제2종근린생활,제3종일반주거,2025
서울,성동구,응봉동,264-95,1,9220839,200000000,21.7,2006,제1종근린생활,제1종일반주거,2026
서울,성동구,응봉동,98,1,16639389,305000000,18.3,1990,기타,제3종일반주거,2026
서울,성동구,하왕십리동,1066,3,6429698,500000000,78.4,2015,제2종근린생활,제3종일반주거,2026
서울,성동구,하왕십리동,1070,6,7305437,297000000,43.2,2016,제1종근린생활,제3종일반주거,2026
서울,성동구,하왕십리동,1070-1,3,8504194,1460000000,132.6,,판매,일반상업,2026
서울,성동구,하왕십리동,258,1,3652174,420000000,115.0,,제1종근린생활,제2종일반주거,2025
서울,성동구,하왕십리동,890-181,9,2664303,365140000,72.0,2017,제1종근린생활,제3종일반주거,2026
서울,성동구,하왕십리동,903-3,12,5856288,210000000,33.0,2005,제1종근린생활,제3종일반주거,2025
서울,성동구,하왕십리동,970-79,1,5243446,42000000,8.0,2023,제2종근린생활,제2종일반주거,2026
서울,성동구,하왕십리동,990,1,4966393,133000000,26.8,1989,제1종근린생활,제2종일반주거,2025
서울,성동구,행당동,*,1,9366702,4480000000,478.3,1994,제2종근린생활,제2종일반주거,2024
서울,성동구,행당동,1**,3,7006001,6900000000,984.9,2012,제2종근린생활,제3종일반주거,2026
서울,성동구,행당동,140,10,4143649,678750000,163.8,2003,교육연구,제3종일반주거,2025
서울,성동구,행당동,147,5,6672705,221000000,33.1,1998,교육연구,제3종일반주거,2025
서울,성동구,행당동,19-54,10,11576712,374370000,44.8,1977,판매,제2종일반주거,2025
서울,성동구,행당동,192-29,1,12639181,420000000,33.2,2004,제2종근린생활,준주거,2026
서울,성동구,행당동,2**,1,9525754,1400000000,147.0,1966,제2종근린생활,준주거,2026
서울,성동구,행당동,286-37,1,7122507,175000000,24.6,2022,제2종근린생활,준주거,2025
서울,성동구,행당동,3*,2,14695341,1640000000,111.6,1960,제1종근린생활,제2종일반주거,2025
서울,성동구,행당동,3**,7,6586673,1950000000,166.5,1983,제1종근린생활,제2종일반주거,2026
서울,성동구,행당동,344,3,4012346,90000000,38.8,1995,제2종근린생활,제3종일반주거,2026
서울,성동구,행당동,346,4,2838915,50500000,14.0,2000,제2종근린생활,제3종일반주거,2026
서울,성동구,행당동,347,6,7186275,85000000,12.3,2000,제1종근린생활,제3종일반주거,2026
서울,성동구,행당동,376,1,5024028,230000000,45.8,2011,제2종근린생활,제2종일반주거,2026
서울,성동구,행당동,380,1,8059580,395000000,49.0,2018,제1종근린생활,제3종일반주거,2025
서울,성동구,홍익동,146-1,1,4716981,140000000,29.7,2018,제1종근린생활,준주거,2025
서울,성동구,홍익동,150,1,23173787,1122770000,48.4,2026,제1종근린생활,준주거,2026
서울,성동구,홍익동,2**,1,7275992,2350000000,323.0,1988,제1종근린생활,준주거,2026
서울,성동구,홍익동,298,2,7025623,252500000,35.9,2019,제2종근린생활,제2종일반주거,2026
서울,성동구,홍익동,3**,2,7772721,10650000000,1431.2,1976,제1종근린생활,제2종일반주거,2025
서울,성북구,길음동,1***,8,4944225,2900000000,572.9,1984,제1종근린생활,제3종일반주거,2026
서울,성북구,길음동,1191,1,4956118,288000000,58.1,2013,제1종근린생활,제3종일반주거,2025
서울,성북구,길음동,1205,1,3368705,200000000,59.4,2018,제1종근린생활,제3종일반주거,2026
서울,성북구,길음동,1236,2,3595829,100000000,27.8,2012,제2종근린생활,제3종일반주거,2026
서울,성북구,길음동,1276,3,3267974,40000000,12.2,1998,제1종근린생활,제3종일반주거,2025
서울,성북구,길음동,1279,1,19444444,560000000,28.8,2003,제2종근린생활,제3종일반주거,2025
서울,성북구,길음동,1284,2,26617251,1580000000,59.4,2010,제2종근린생활,제3종일반주거,2024
서울,성북구,길음동,1285,1,17445055,635000000,36.4,2010,제2종근린생활,제3종일반주거,2026
서울,성북구,길음동,1286,4,6990521,272500000,33.3,2010,제2종근린생활,제1종일반주거,2026
서울,성북구,길음동,1286-10,1,13274336,525000000,39.6,2010,제2종근린생활,제3종일반주거,2025
서울,성북구,길음동,1288,2,9951624,288000000,28.9,2019,제2종근린생활,제3종일반주거,2026
서울,성북구,길음동,3*,1,1791531,77000000,43.0,1980,제1종근린생활,일반상업,2024
서울,성북구,길음동,5**,1,9277298,2000000000,215.6,1991,제1종근린생활,제3종일반주거,2024
서울,성북구,길음동,535-8,23,22027601,328330000,13.2,1963,제1종근린생활,제3종일반주거,2026
서울,성북구,돈암동,*,2,5266286,2574055000,522.8,2018,제2종근린생활,제3종일반주거,2026
서울,성북구,돈암동,1,1,2886003,40000000,13.9,1989,제1종근린생활,제3종일반주거,2026
서울,성북구,돈암동,2-45,1,5598731,353000000,63.0,2009,제2종근린생활,제3종일반주거,2026
서울,성북구,돈암동,413-124,2,2152290,95000000,40.9,2019,제2종근린생활,제1종일반주거,2025
서울,성북구,돈암동,42-32,3,8839985,237000000,26.8,1972,제2종근린생활,제3종일반주거,2026
서울,성북구,돈암동,524,2,15968586,610000000,38.2,2005,제1종근린생활,제1종일반주거,2024
서울,성북구,돈암동,609-1,2,3262339,180750000,40.9,2000,제2종근린생활,제1종일반주거,2026
서울,성북구,돈암동,644,1,5736138,960000000,167.4,2016,제2종근린생활,제1종일반주거,2026
서울,성북구,돈암동,74-226,1,2262443,20000000,8.8,1997,제1종근린생활,제2종일반주거,2024
서울,성북구,동선동1가,*,1,3275586,1350000000,412.1,1994,제2종근린생활,일반상업,2024
서울,성북구,동선동1가,1*,1,5961066,4731000000,793.6,1990,제2종근린생활,준주거,2025
서울,성북구,동선동1가,1**,2,8507065,5900000000,684.1,1985,제1종근린생활,준주거,2026
서울,성북구,동선동1가,1-2,11,16025641,62500000,3.9,2008,판매,일반상업,2026
서울,성북구,동선동1가,114-1,2,4758963,103500000,21.8,1999,제1종근린생활,일반상업,2026
서울,성북구,동선동1가,121-6,4,2769977,217000000,78.3,2000,제1종근린생활,준주거,2026
서울,성북구,동선동1가,6*,2,30109925,975000000,32.4,1962,제1종근린생활,준주거,2024
서울,성북구,동선동2가,1*,1,24080968,1035000000,43.0,1989,제1종근린생활,제2종일반주거,2025
서울,성북구,동선동2가,1**,1,6594131,1200000000,182.0,1995,제1종근린생활,제2종일반주거,2024
서울,성북구,동선동2가,5*,1,36902601,1220000000,33.1,,제2종근린생활,제2종일반주거,2026
서울,성북구,동선동3가,1**,1,13781513,410000000,29.8,,제1종근린생활,제2종일반주거,2024
서울,성북구,동선동4가,1**,5,7146852,1600000000,282.9,1969,제1종근린생활,일반상업,2026
서울,성북구,동선동4가,2**,1,2962327,4000000000,1350.3,1990,제1종근린생활,제2종일반주거,2026
서울,성북구,동선동5가,173-5,1,3580863,122000000,34.1,2008,제2종근린생활,제1종일반주거,2026
서울,성북구,동선동5가,5*,1,3925571,1000000000,254.7,2006,제2종근린생활,제2종일반주거,2026
서울,성북구,동소문동1가,1*,1,8216663,5012000000,610.0,1968,제2종근린생활,제3종일반주거,2026
서울,성북구,동소문동1가,2*,3,5338230,4925000000,936.6,1969,제2종근린생활,제3종일반주거,2026
서울,성북구,동소문동1가,4*,2,4806688,3450000000,717.8,1993,제2종근린생활,제2종일반주거,2025
서울,성북구,동소문동3가,*,1,8894971,2600000000,292.3,1989,제1종근린생활,제3종일반주거,2025
서울,성북구,동소문동3가,1*,1,12735812,1600000000,125.6,1989,제1종근린생활,제3종일반주거,2025
서울,성북구,동소문동3가,5*,1,4865002,958600000,197.0,2025,제2종근린생활,제3종일반주거,2025
서울,성북구,동소문동3가,7*,2,4336362,1700000000,925.1,1994,제2종근린생활,제3종일반주거,2025
서울,성북구,동소문동4가,1**,2,4409449,1400000000,317.5,2008,제2종근린생활,제2종일반주거,2025
서울,성북구,동소문동4가,111,1,4226096,240000000,56.8,2008,제1종근린생활,제2종일반주거,2025
서울,성북구,동소문동4가,278-2,1,2984481,300000000,100.5,1992,제2종근린생활,제3종일반주거,2026
서울,성북구,동소문동5가,15,4,5286692,263500000,55.4,2018,제2종근린생활,일반상업,2026
서울,성북구,동소문동5가,7*,3,9773977,1600000000,197.4,1970,제2종근린생활,일반상업,2024
서울,성북구,동소문동6가,1**,6,13167498,1010000000,107.4,1954,제2종근린생활,준주거,2026
서울,성북구,동소문동6가,111,1,5382131,700000000,130.1,2024,제2종근린생활,준주거,2026
서울,성북구,동소문동6가,2*,1,6786793,2000000000,294.7,1996,제1종근린생활,제3종일반주거,2025
서울,성북구,동소문동6가,213,1,5024424,360000000,71.6,2015,제2종근린생활,제2종일반주거,2025
서울,성북구,동소문동7가,*,1,6773363,3500000000,516.7,1996,제2종근린생활,제2종일반주거,2025
서울,성북구,동소문동7가,117-6,1,1635837,260000000,158.9,1990,제1종근린생활,제2종일반주거,2026
서울,성북구,보문동2가,1**,3,6211566,1000000000,161.0,1984,제1종근린생활,준주거,2025
서울,성북구,보문동2가,56-12,1,3074111,185000000,60.2,2006,제2종근린생활,제2종일반주거,2026
서울,성북구,보문동2가,7*,1,11864144,1530000000,129.0,1999,제1종근린생활,제2종일반주거,2025
서울,성북구,보문동2가,8*,1,13173276,1465000000,111.2,1997,제2종근린생활,준주거,2026
서울,성북구,보문동3가,2-1,1,8928571,225000000,25.2,,제2종근린생활,제3종일반주거,2025
서울,성북구,보문동4가,116,1,6689370,275000000,41.1,2011,제2종근린생활,준주거,2026
서울,성북구,보문동5가,195,1,6743467,240000000,35.6,2019,제2종근린생활,제2종일반주거,2025
서울,성북구,보문동6가,1**,1,9665402,1273900000,131.8,1990,제1종근린생활,제2종일반주거,2025
서울,성북구,보문동6가,36-2,1,3844492,89000000,23.2,1994,제1종근린생활,제2종일반주거,2025
서울,성북구,보문동6가,7*,1,6070324,1130780000,186.3,2010,제2종근린생활,제2종일반주거,2026
서울,성북구,보문동7가,1**,5,4622078,9000000000,1867.6,2002,제2종근린생활,제3종일반주거,2026
서울,성북구,보문동7가,3*,2,5838299,2175000000,372.5,2004,숙박,제3종일반주거,2026
서울,성북구,보문동7가,6*,1,4488986,2150000000,479.0,1989,제2종근린생활,제2종일반주거,2026
서울,성북구,삼선동1가,104,2,4873923,299430000,70.8,2011,제2종근린생활,제2종일반주거,2025
서울,성북구,삼선동1가,9*,1,5147536,635000000,123.4,2011,제2종근린생활,제2종일반주거,2025
서울,성북구,삼선동2가,198,1,1496742,340000000,227.2,1997,제2종근린생활,제2종일반주거,2025
서울,성북구,삼선동3가,115-1,1,10167371,650000000,63.9,2008,제1종근린생활,제3종일반주거,2025
서울,성북구,삼선동3가,116,1,7741287,231000000,29.8,2012,제2종근린생활,제2종일반주거,2025
서울,성북구,삼선동3가,34-2,1,4353862,345000000,79.2,2003,제1종근린생활,제2종일반주거,2025
서울,성북구,삼선동3가,7,1,4744646,144000000,30.4,2008,제2종근린생활,제2종일반주거,2025
서울,성북구,삼선동4가,3*,2,11281739,445000000,75.6,1970,제1종근린생활,제2종일반주거,2025
서울,성북구,삼선동4가,3**,1,4253234,11460000000,2694.4,2004,제1종근린생활,제3종일반주거,2025
서울,성북구,삼선동4가,315,1,9915930,460000000,46.4,2013,제2종근린생활,제2종일반주거,2024
서울,성북구,삼선동4가,6*,1,5029283,1915000000,380.8,2009,제2종근린생활,제2종일반주거,2024
서울,성북구,삼선동4가,94,1,7243334,345000000,47.6,2001,제1종근린생활,제3종일반주거,2025
서울,성북구,삼선동5가,3**,1,9796371,3180000000,324.6,2023,제2종근린생활,제3종일반주거,2025
서울,성북구,삼선동5가,64-2,5,5965640,288010000,53.3,2024,제2종근린생활,제2종일반주거,2024
서울,성북구,상월곡동,*,2,6591168,4400000000,667.6,2022,제2종근린생활,제2종일반주거,2025
서울,성북구,상월곡동,101,2,2887205,199000000,67.1,2003,제2종근린생활,제3종일반주거,2025
서울,성북구,상월곡동,2*,1,3823074,790000000,206.6,1993,제1종근린생활,제3종일반주거,2025
서울,성북구,상월곡동,55-41,2,1261818,32000000,25.6,2013,제1종근린생활,제2종일반주거,2026
서울,성북구,상월곡동,57-5,1,10653080,230000000,21.6,1974,제1종근린생활,제2종일반주거,2025
서울,성북구,상월곡동,7*,2,5138928,2765000000,538.0,1984,제1종근린생활,제2종일반주거,2026
서울,성북구,석관동,1**,7,6084902,1700000000,289.8,1989,제1종근린생활,제2종일반주거,2026
서울,성북구,석관동,10,4,3881593,242500000,64.4,1998,제2종근린생활,제3종일반주거,2025
서울,성북구,석관동,135-2,1,4832231,204500000,42.3,2003,제1종근린생활,제2종일반주거,2026
서울,성북구,석관동,175-14,2,4735758,207000000,43.7,2019,제2종근린생활,준주거,2025
서울,성북구,석관동,175-23,1,4808793,210000000,43.7,2019,제2종근린생활,준주거,2025
서울,성북구,석관동,176-27,1,5798457,248000000,42.8,2016,제2종근린생활,준주거,2026
서울,성북구,석관동,2**,1,7495089,4350000000,580.4,2023,제2종근린생활,제2종일반주거,2025
서울,성북구,석관동,3**,7,6246480,1220000000,242.2,1975,제2종근린생활,제2종일반주거,2026
서울,성북구,석관동,338-577,2,4658385,105000000,22.5,2023,제1종근린생활,제2종일반주거,2025
서울,성북구,석관동,410,1,16761543,530000000,31.6,2019,제2종근린생활,제2종일반주거,2025
서울,성북구,석관동,6*,1,13439083,610000000,45.4,1972,제2종근린생활,제2종일반주거,2024
서울,성북구,석관동,8*,1,8851532,595000000,67.2,1989,제1종근린생활,제2종일반주거,2026
서울,성북구,성북동,1*,4,10736786,3900000000,274.6,1983,제1종근린생활,제1종전용주거,2026
서울,성북구,성북동,1**,2,21908791,2360000000,111.0,1987,제2종근린생활,제1종일반주거,2026
서울,성북구,성북동,184-113,1,7432086,290000000,39.0,2018,제2종근린생활,제2종일반주거,2025
서울,성북구,성북동,2**,3,16888722,1800000000,106.6,1966,제2종근린생활,제1종일반주거,2025
서울,성북구,성북동,3**,2,9767637,13437555000,1294.2,1990,제1종근린생활,제1종전용주거,2026
서울,성북구,성북동,7*,1,5453969,2750000000,504.2,2021,제2종근린생활,제1종일반주거,2025
서울,성북구,성북동,9*,2,3808887,342000000,89.8,1968,제2종근린생활,제1종일반주거,2024
서울,성북구,성북동1가,115-1,1,1603592,50000000,31.2,2001,제2종근린생활,제2종일반주거,2026
서울,성북구,성북동1가,35-18,6,6140351,166500000,26.2,2002,업무,제3종일반주거,2026
서울,성북구,성북동1가,6*,1,7654368,2840000000,371.0,2000,제1종근린생활,제2종일반주거,2026
서울,성북구,성북동1가,7*,2,29805153,1325975000,45.6,1963,제2종근린생활,제2종일반주거,2025
서울,성북구,안암동1가,*,4,9105477,147000000,16.2,2017,제2종근린생활,제2종일반주거,2026
서울,성북구,안암동1가,3**,2,3249747,985000000,255.8,2001,제1종근린생활,제2종일반주거,2025
서울,성북구,안암동1가,361-1,2,10872696,377500000,34.7,2005,제1종근린생활,제3종일반주거,2026
서울,성북구,안암동1가,8*,1,2431167,441500000,181.6,1992,제1종근린생활,제2종일반주거,2025
서울,성북구,안암동2가,1**,1,5426647,725000000,133.6,2008,제2종근린생활,제2종일반주거,2025
서울,성북구,안암동2가,67,2,3684591,80625000,21.9,2014,제2종근린생활,제2종일반주거,2024
서울,성북구,안암동2가,68,2,3535892,77375000,21.9,2014,제2종근린생활,제2종일반주거,2024
서울,성북구,안암동2가,9*,1,4360660,1300000000,298.1,2008,제2종근린생활,제2종일반주거,2025
서울,성북구,안암동3가,138,10,3243258,132500000,27.9,2024,제2종근린생활,제2종일반주거,2025
서울,성북구,안암동3가,8*,1,4776163,2600000000,544.4,2015,제2종근린생활,제2종일반주거,2025
서울,성북구,안암동4가,41-17,1,4411765,267000000,60.5,2021,제2종근린생활,제2종일반주거,2025
서울,성북구,안암동5가,1*,2,5294747,14000000000,2644.1,2005,제2종근린생활,제2종일반주거,2025
서울,성북구,안암동5가,1**,6,9018924,3475000000,410.2,1998,제2종근린생활,제3종일반주거,2025
서울,성북구,안암동5가,147-5,1,2808503,650000000,231.4,2002,제2종근린생활,제2종일반주거,2025
서울,성북구,장위동,2**,3,4867091,1000000000,205.8,1984,제2종근린생활,제2종일반주거,2026
서울,성북구,장위동,219-116,1,5379960,80000000,14.9,2021,제1종근린생활,제2종일반주거,2026
서울,성북구,장위동,230-104,1,4355717,120000000,27.6,2022,제2종근린생활,제2종일반주거,2025
서울,성북구,장위동,230-99,1,2523004,85000000,33.7,2002,제1종근린생활,제2종일반주거,2025
서울,성북구,장위동,246-152,1,3019324,150000000,49.7,2020,제2종근린생활,제3종일반주거,2026
서울,성북구,장위동,246-153,1,4025765,200000000,49.7,2020,제2종근린생활,제3종일반주거,2026
서울,성북구,장위동,316-3,1,3875000,155000000,40.0,2008,교육연구,제3종일반주거,2026
서울,성북구,장위동,319,1,10533035,330000000,31.3,2017,제2종근린생활,제3종일반주거,2025
서울,성북구,장위동,322,1,19777675,427000000,21.6,2021,제1종근린생활,제2종일반주거,2025
서울,성북구,장위동,322-22,4,15613193,433550000,29.4,2022,제1종근린생활,제2종일반주거,2026
서울,성북구,장위동,323,3,15145793,374880000,41.8,2022,제2종근린생활,제2종일반주거,2024
서울,성북구,장위동,4*,1,3543793,1062500000,299.8,1986,제2종근린생활,근린상업,2025
서울,성북구,장위동,50-39,8,7337190,177500000,24.5,2024,제2종근린생활,근린상업,2025
서울,성북구,장위동,50-50,4,9631389,550000000,57.2,2005,기타,근린상업,2026
서울,성북구,장위동,6*,1,1537071,425000000,276.5,1993,제1종근린생활,제2종일반주거,2026
서울,성북구,장위동,66-310,1,7575758,125000000,16.5,2022,제1종근린생활,제2종일반주거,2026
서울,성북구,장위동,7*,1,16868320,1673000000,99.2,1970,제1종근린생활,제2종일반주거,2024
서울,성북구,정릉동,1**,4,5680641,2735000000,347.6,1976,제2종근린생활,준주거,2026
서울,성북구,정릉동,1031-1,2,2814832,193750000,78.9,2008,제2종근린생활,제1종일반주거,2025
서울,성북구,정릉동,1034,1,4413928,180000000,40.8,,제2종근린생활,제3종일반주거,2025
서울,성북구,정릉동,165-93,1,2640950,89000000,33.7,2023,제2종근린생활,제2종일반주거,2026
서울,성북구,정릉동,192-203,1,3754881,125000000,33.3,2017,제2종근린생활,제2종일반주거,2025
서울,성북구,정릉동,2**,3,5880561,1930000000,328.2,1984,제2종근린생활,제1종일반주거,2026
서울,성북구,정릉동,210,1,9523810,180000000,18.9,2003,제2종근린생활,제2종일반주거,2024
서울,성북구,정릉동,239,4,8478201,250000000,29.1,2005,제2종근린생활,제3종일반주거,2026
서울,성북구,정릉동,266-165,1,3153153,140000000,44.4,2008,제2종근린생활,제2종일반주거,2025
서울,성북구,정릉동,3**,4,4747148,1440000000,303.3,1992,제1종근린생활,제2종일반주거,2025
서울,성북구,정릉동,394-1,1,3000000,94500000,31.5,2018,제2종근린생활,제2종일반주거,2024
서울,성북구,정릉동,396-28,2,2961239,172600000,58.3,2016,제1종근린생활,제2종일반주거,2025
서울,성북구,정릉동,401-46,1,4438353,680000000,153.2,2007,제1종근린생활,제2종일반주거,2025
서울,성북구,정릉동,412-59,2,1668130,19000000,11.4,2008,제1종근린생활,제2종일반주거,2025
서울,성북구,정릉동,446-3,1,10322761,55330000,5.4,2018,제1종근린생활,제3종일반주거,2026
서울,성북구,정릉동,5**,2,9789803,3250000000,332.0,,제2종근린생활,제1종일반주거,2026
서울,성북구,정릉동,508-45,1,2170630,230000000,106.0,,제2종근린생활,제1종일반주거,2025
서울,성북구,정릉동,6**,1,3059143,900000000,294.2,1994,제1종근린생활,제1종일반주거,2026
서울,성북구,정릉동,7**,1,2180549,400000000,183.4,1988,제1종근린생활,제2종일반주거,2026
서울,성북구,정릉동,774-4,1,3164557,30000000,9.5,2015,제2종근린생활,제2종일반주거,2026
서울,성북구,정릉동,8**,2,3171288,771060000,342.6,1991,제2종근린생활,제1종일반주거,2026
서울,성북구,정릉동,800-26,1,3995434,105000000,26.3,2017,제2종근린생활,제2종일반주거,2025
서울,성북구,종암동,*,3,5671346,2000000000,352.6,1970,제1종근린생활,제2종일반주거,2025
서울,성북구,종암동,1*,1,10021937,1621850000,161.8,1989,제2종근린생활,제3종일반주거,2025
서울,성북구,종암동,1**,1,3285079,3000000000,913.2,2010,제2종근린생활,제2종일반주거,2026
서울,성북구,종암동,10-77,2,5866315,205000000,34.3,2019,제2종근린생활,제3종일반주거,2026
서울,성북구,종암동,103-15,1,5365250,130000000,24.2,2018,제1종근린생활,제2종일반주거,2026
서울,성북구,종암동,104-1,2,3318016,119000000,35.9,1999,교육연구,제3종일반주거,2025
서울,성북구,종암동,132,3,5588235,230000000,34.0,2008,판매,준주거,2026
서울,성북구,종암동,2*,3,11310712,680000000,60.1,1983,제2종근린생활,제2종일반주거,2025
서울,성북구,종암동,3*,1,4329671,2530000000,584.3,2002,제2종근린생활,제2종일반주거,2025
서울,성북구,종암동,3-1244,1,3869969,75000000,19.4,2017,제2종근린생활,준주거,2025
서울,성북구,종암동,3-1342,12,3457214,68000000,17.5,1980,판매,준주거,2026
서울,성북구,종암동,3-87,1,2684221,131500000,49.0,2021,제1종근린생활,제2종일반주거,2025
서울,성북구,종암동,3-91,11,8752735,470000000,54.8,2008,기타,제2종일반주거,2026
서울,성북구,종암동,3-952,1,4787100,190000000,39.7,2017,제2종근린생활,제2종일반주거,2025
서울,성북구,종암동,4*,1,5393924,1930000000,357.8,2016,기타,제2종일반주거,2024
서울,성북구,종암동,5*,1,4731692,440000000,93.0,,제2종근린생활,제3종일반주거,2025
서울,성북구,종암동,52-1,1,5121639,280000000,54.7,2016,제2종근린생활,제3종일반주거,2026
서울,성북구,종암동,62-93,5,4049026,235000000,59.4,2019,제2종근린생활,제3종일반주거,2026
서울,성북구,종암동,79-278,2,13095238,330000000,25.2,2010,제1종근린생활,제2종일반주거,2026
서울,성북구,종암동,8*,2,5580928,3455000000,688.8,1983,제2종근린생활,제2종일반주거,2025
서울,성북구,하월곡동,1*,4,4471019,1660000000,362.7,1986,제1종근린생활,제2종일반주거,2026
서울,성북구,하월곡동,1**,1,7228415,13916000000,1925.2,1969,제1종근린생활,일반상업,2026
서울,성북구,하월곡동,2*,3,5416179,1350000000,339.4,1999,제2종근린생활,준주거,2026
서울,성북구,하월곡동,222,8,7025750,222500000,30.1,2003,제2종근린생활,제3종일반주거,2026
서울,성북구,하월곡동,225-6,1,7154882,510000000,71.3,2006,제1종근린생활,제3종일반주거,2026
서울,성북구,하월곡동,226-3,1,6255865,200000000,32.0,2007,제2종근린생활,제3종일반주거,2025
서울,성북구,하월곡동,227,6,5337912,102500000,23.3,2007,제1종근린생활,준주거,2026
서울,성북구,하월곡동,229,4,4274753,3956500000,1148.6,2011,판매,일반상업,2026
서울,성북구,하월곡동,230,1,10790318,740000000,68.6,2011,판매,일반상업,2024
서울,성북구,하월곡동,3*,1,5976699,890050000,148.9,1989,제2종근린생활,제2종일반주거,2025
서울,성북구,하월곡동,46-73,1,6463397,460000000,71.2,1989,업무,준주거,2025
서울,성북구,하월곡동,6*,1,6093717,10942000000,1795.6,1985,제2종근린생활,제3종일반주거,2025
서울,성북구,하월곡동,79-107,3,2109464,270000000,124.8,2006,제1종근린생활,제3종일반주거,2024
서울,성북구,하월곡동,8*,2,37395136,1225000000,29.2,1951,제2종근린생활,일반상업,2025
서울,성북구,하월곡동,90-1851,1,4624408,205000000,44.3,2016,제2종근린생활,제2종일반주거,2026
서울,성북구,하월곡동,90-211,1,20754717,1100000000,53.0,2021,제1종근린생활,준주거,2026
서울,성북구,하월곡동,90-238,1,2789700,130000000,46.6,2021,제2종근린생활,준주거,2026
서울,송파구,가락동,1*,2,7333907,5450000000,729.6,1997,업무,제3종일반주거,2026
서울,송파구,가락동,1**,11,7096470,4865000000,601.4,1993,제2종근린생활,제2종일반주거,2026
서울,송파구,가락동,102,2,4709104,31750000,6.8,1993,제1종근린생활,제3종일반주거,2026
서울,송파구,가락동,123-12,1,7520835,792320000,105.4,2022,제1종근린생활,제3종일반주거,2025
서울,송파구,가락동,128-1,1,5025126,150000000,29.8,2001,제2종근린생활,제2종일반주거,2025
서울,송파구,가락동,140,2,42971169,5100000000,90.6,1997,제2종근린생활,제3종일반주거,2026
서울,송파구,가락동,142,1,3688063,262000000,71.0,1995,제2종근린생활,제3종일반주거,2025
서울,송파구,가락동,159-8,1,8304836,510000000,61.4,2019,제1종근린생활,제3종일반주거,2025
서울,송파구,가락동,166-10,1,12399955,1100000000,88.7,2017,제1종근린생활,준주거,2025
서울,송파구,가락동,166-17,1,4963272,250000000,50.4,2013,제2종근린생활,준주거,2025
서울,송파구,가락동,166-2,2,21214025,825000000,39.4,2003,제1종근린생활,준주거,2026
서울,송파구,가락동,176,2,9615385,90000000,9.4,1984,제1종근린생활,제3종일반주거,2026
서울,송파구,가락동,182-15,1,9207068,203200000,22.1,2019,제2종근린생활,제2종일반주거,2024
서울,송파구,가락동,192,1,6602113,150000000,22.7,1984,제1종근린생활,제3종일반주거,2025
서울,송파구,가락동,199,3,8573388,500000000,58.3,1985,교육연구,제3종일반주거,2026
서울,송파구,가락동,199-6,1,7602339,130000000,17.1,1985,판매,제3종일반주거,2026
서울,송파구,가락동,2*,1,6661486,4800000000,720.6,2003,제2종근린생활,제2종일반주거,2025
서울,송파구,가락동,3*,1,6270426,3185000000,507.9,1988,제2종근린생활,제2종일반주거,2026
서울,송파구,가락동,52-3,1,3004821,268000000,89.2,2019,제2종근린생활,제2종일반주거,2026
서울,송파구,가락동,7*,2,4795290,4052500000,845.1,1991,제1종근린생활,제2종일반주거,2026
서울,송파구,가락동,78,2,5384505,3575000000,505.0,2001,제1종근린생활,일반상업,2025
서울,송파구,가락동,79-4,1,4656863,95000000,20.4,1991,업무,일반상업,2025
서울,송파구,가락동,79-7,2,3850419,107500000,27.9,1990,제2종근린생활,일반상업,2026
서울,송파구,가락동,80,8,6738227,564000000,48.6,2006,판매,일반상업,2026
서울,송파구,가락동,9*,3,7771886,11960000000,1538.9,1996,제1종근린생활,제3종일반주거,2025
서울,송파구,가락동,913,16,17829891,666500000,38.3,2018,제2종근린생활,제3종일반주거,2026
서울,송파구,가락동,96-1,13,10152990,120000000,14.7,1986,판매,제3종일반주거,2026
서울,송파구,가락동,98-2,1,3632761,55000000,15.1,1990,제2종근린생활,일반상업,2025
서울,송파구,가락동,98-7,2,8752859,3150000000,356.2,1990,제2종근린생활,일반상업,2026
서울,송파구,가락동,99-1,1,48500882,2200000000,45.4,1990,제1종근린생활,일반상업,2026
서울,송파구,가락동,99-3,4,6141618,191250000,31.1,1992,제1종근린생활,일반상업,2025
서울,송파구,가락동,99-6,11,4792715,210000000,46.4,1998,업무,일반상업,2026
서울,송파구,가락동,99-7,7,7739735,512000000,76.2,2007,업무,일반상업,2026
서울,송파구,거여동,*,1,3414893,9270000000,2714.6,1988,제2종근린생활,제2종일반주거,2026
서울,송파구,거여동,22-4,1,12475050,500000000,40.1,2022,제2종근린생활,준주거,2025
서울,송파구,거여동,258-136,1,7658923,300000000,39.2,1990,제1종근린생활,제3종일반주거,2026
서울,송파구,거여동,290-1,5,3827751,80000000,20.9,1998,제2종근린생활,제3종일반주거,2026
서울,송파구,거여동,293-1,6,1961890,60000000,32.0,1999,제1종근린생활,제3종일반주거,2025
서울,송파구,거여동,362,2,4640771,107000000,21.2,1992,제1종근린생활,제3종일반주거,2026
서울,송파구,거여동,37-3,2,9424125,2267500000,287.7,2002,제2종근린생활,준주거,2026
서울,송파구,거여동,4*,1,10765962,5320000000,494.2,1993,제1종근린생활,제3종일반주거,2025
서울,송파구,거여동,5**,1,5186000,10800000000,2082.5,1996,기타,준주거,2026
서울,송파구,거여동,5-19,1,7014590,250000000,35.6,1995,제1종근린생활,제2종일반주거,2025
서울,송파구,거여동,547-1,1,7237636,300000000,41.4,2016,제2종근린생활,제2종일반주거,2026
서울,송파구,거여동,603,7,16716387,647760000,38.8,2024,업무,준주거,2026
서울,송파구,거여동,603-1,4,2702703,80000000,29.6,2022,제2종근린생활,준주거,2025
서울,송파구,거여동,604-2,1,5782313,255000000,44.1,2022,제2종근린생활,일반상업,2025
서울,송파구,거여동,604-3,7,12838574,910170000,67.3,2023,제1종근린생활,일반상업,2025
서울,송파구,거여동,605-4,2,4845037,247500000,51.0,2022,제2종근린생활,일반상업,2025
서울,송파구,거여동,639,1,50314815,2717000000,54.0,2024,제1종근린생활,제1종일반주거,2025
서울,송파구,거여동,651,2,16260570,753250000,46.6,2021,제2종근린생활,제3종일반주거,2025
서울,송파구,거여동,654,1,13848631,430000000,31.0,2021,제2종근린생활,제3종일반주거,2026
서울,송파구,거여동,697,3,11206299,641400000,57.2,2021,제2종근린생활,제3종일반주거,2025
서울,송파구,마천동,1**,4,5734173,1725000000,330.3,1981,제2종근린생활,제2종일반주거,2025
서울,송파구,마천동,14-2,2,5380314,225000000,41.8,2019,제2종근린생활,제2종일반주거,2026
서울,송파구,마천동,140-2,1,18105159,182500000,10.1,1968,제1종근린생활,제2종일반주거,2025
서울,송파구,마천동,140-3,1,11342155,300000000,26.4,1977,제1종근린생활,제2종일반주거,2025
서울,송파구,마천동,175,4,16232688,140000000,8.7,1998,제1종근린생활,제2종일반주거,2026
서울,송파구,마천동,181,9,2237136,30000000,13.4,1998,제1종근린생활,제2종일반주거,2026
서울,송파구,마천동,191-17,1,9005265,1300000000,144.4,1998,제1종근린생활,제2종일반주거,2026
서울,송파구,마천동,197-20,1,6405329,1000000000,156.1,2002,제2종근린생활,제2종일반주거,2025
서울,송파구,마천동,25-6,1,3133846,310000000,98.9,1994,제2종근린생활,제2종일반주거,2024
서울,송파구,마천동,319,2,5681818,150000000,26.4,2006,제2종근린생활,제2종일반주거,2026
서울,송파구,마천동,362-17,1,10228435,300000000,29.3,2006,제1종근린생활,제2종일반주거,2025
서울,송파구,마천동,5**,1,4446824,4900000000,1101.9,2014,기타,제2종일반주거,2024
서울,송파구,마천동,582,2,8115942,280000000,34.5,2011,제1종근린생활,제2종일반주거,2025
서울,송파구,마천동,600,1,6788866,300000000,44.2,2019,제1종근린생활,준주거,2025
서울,송파구,마천동,607,1,6682390,170000000,25.4,,제2종근린생활,제2종일반주거,2026
서울,송파구,마천동,7*,1,3953760,6300000000,1593.4,1991,제2종근린생활,제1종일반주거,2025
서울,송파구,마천동,88-18,1,9090909,300000000,33.0,2017,제1종근린생활,제2종일반주거,2026
서울,송파구,문정동,1,1,3996075,448000000,112.1,,제2종근린생활,제3종일반주거,2025
서울,송파구,문정동,1**,2,24450858,3050000000,124.7,1991,제1종근린생활,제2종일반주거,2026
서울,송파구,문정동,100-4,1,6761442,195000000,28.8,2020,제2종근린생활,제2종일반주거,2026
서울,송파구,문정동,145,1,22440393,800000000,35.6,1989,제2종근린생활,제3종일반주거,2026
서울,송파구,문정동,150,42,46886705,682500000,13.7,1988,판매,제3종일반주거,2026
서울,송파구,문정동,150-20,9,23021583,550000000,18.0,1988,제1종근린생활,제3종일반주거,2026
서울,송파구,문정동,3*,1,7013416,3100000000,442.0,1988,제2종근린생활,제2종일반주거,2024
서울,송파구,문정동,4*,2,5847543,21700000000,3711.0,1997,판매,제3종일반주거,2026
서울,송파구,문정동,5*,3,7875176,26000000000,3169.2,1992,업무,제3종일반주거,2026
서울,송파구,문정동,58,2,2242264,125000000,55.9,1995,제2종근린생활,제3종일반주거,2025
서울,송파구,문정동,6*,1,11247142,12200000000,1084.7,2023,제2종근린생활,제3종일반주거,2024
서울,송파구,문정동,618,1,8299430,204000000,24.6,2016,업무,유통상업,2024
서울,송파구,문정동,620,10,8528434,471030000,55.2,2013,업무,유통상업,2026
서울,송파구,문정동,628,17,5483634,141000000,25.2,2008,판매,유통상업,2026
서울,송파구,문정동,632,1,8536065,400000000,46.9,2008,업무,유통상업,2025
서울,송파구,문정동,634,119,4497354,100000000,22.7,2008,판매,유통상업,2026
서울,송파구,문정동,639-5,6,7817221,253750000,31.3,2017,업무,일반상업,2026
서울,송파구,문정동,641-3,29,13298629,4575000000,245.9,2016,업무,일반상업,2025
서울,송파구,문정동,641-4,1,14237856,680000000,47.8,2016,제2종근린생활,일반상업,2026
서울,송파구,문정동,642,3,11254019,700000000,62.2,2017,제2종근린생활,일반상업,2025
서울,송파구,문정동,643-1,49,12552721,1104000000,88.3,2016,업무,일반상업,2026
서울,송파구,문정동,644-2,1,19585898,700000000,35.7,2016,제2종근린생활,일반상업,2025
서울,송파구,문정동,645,4,8834538,622500000,65.5,2017,제2종근린생활,일반상업,2025
서울,송파구,문정동,645-2,2,5562440,312135000,55.8,2017,제2종근린생활,일반상업,2026
서울,송파구,문정동,651,7,11235389,710000000,75.7,2016,제2종근린생활,일반상업,2026
서울,송파구,문정동,651-10,2,8825150,442500000,48.3,2015,업무,일반상업,2026
서울,송파구,문정동,651-11,1,16586422,532590000,32.1,2024,제2종근린생활,일반상업,2025
서울,송파구,문정동,651-15,4,7704570,300000000,38.4,2015,업무,일반상업,2026
서울,송파구,문정동,651-3,2,7977955,382500000,48.2,2015,업무,일반상업,2026
서울,송파구,문정동,651-6,17,9067725,320000000,35.3,2018,업무,일반상업,2026
서울,송파구,문정동,652,2,15181038,725000000,43.3,2018,제1종근린생활,일반상업,2025
서울,송파구,문정동,652-3,3,8471417,314390000,36.9,2022,제2종근린생활,일반상업,2025
서울,송파구,문정동,652-4,1,6265664,300000000,47.9,2018,제2종근린생활,일반상업,2025
서울,송파구,문정동,652-5,5,18633540,225000000,22.5,2017,판매,일반상업,2026
서울,송파구,문정동,72-2,1,7403625,290000000,39.2,2016,제2종근린생활,제3종일반주거,2025
서울,송파구,문정동,8*,1,4458663,5700000000,1278.4,2003,제1종근린생활,제2종일반주거,2025
서울,송파구,문정동,88-18,3,5361930,213000000,37.1,2017,제2종근린생활,제2종일반주거,2026
서울,송파구,문정동,88-4,1,5658852,210000000,37.1,2017,제2종근린생활,제2종일반주거,2026
서울,송파구,방이동,1**,6,9031665,17700000000,2454.0,1996,업무,제3종일반주거,2026
서울,송파구,방이동,117-14,1,7635943,198000000,25.9,2014,제2종근린생활,제2종일반주거,2024
서울,송파구,방이동,130,1,3796119,178000000,46.9,2015,제2종근린생활,제2종일반주거,2025
서울,송파구,방이동,136-13,1,10515247,400000000,38.0,1998,제2종근린생활,제2종일반주거,2025
서울,송파구,방이동,143-1,1,3182870,55000000,17.3,2002,제2종근린생활,제2종일반주거,2024
서울,송파구,방이동,166-4,1,3034959,103310000,34.0,2018,제2종근린생활,제2종일반주거,2024
서울,송파구,방이동,172-22,1,7870792,346000000,44.0,2023,제2종근린생활,제2종일반주거,2026
서울,송파구,방이동,177-2,2,7376247,1975000000,268.0,2004,제2종근린생활,제3종일반주거,2025
서울,송파구,방이동,180-8,3,7172937,2263000000,247.0,1996,제1종근린생활,제3종일반주거,2025
서울,송파구,방이동,181,1,6158125,1550000000,251.7,1996,제1종근린생활,제3종일반주거,2025
서울,송파구,방이동,196-13,3,6283410,670000000,106.6,2019,제2종근린생활,제2종일반주거,2025
서울,송파구,방이동,2*,1,9820794,21000000000,2138.3,1991,기타,일반상업,2025
서울,송파구,방이동,2**,9,6015619,4500000000,1009.5,1989,제1종근린생활,제2종일반주거,2026
서울,송파구,방이동,212-8,18,10174419,110000000,10.3,1991,제2종근린생활,제3종일반주거,2026
서울,송파구,방이동,225,2,8735502,1168725000,158.0,1985,제2종근린생활,제3종일반주거,2025
서울,송파구,방이동,28-3,3,49342367,1250000000,37.0,2024,제1종근린생활,일반상업,2025
서울,송파구,방이동,3*,4,7984803,8775000000,1099.1,2001,숙박,일반상업,2026
서울,송파구,방이동,39,4,10241357,513600000,59.7,2020,제2종근린생활,일반상업,2025
서울,송파구,방이동,39-2,1,4351119,2700000000,620.5,1995,업무,일반상업,2026
서울,송파구,방이동,4**,1,7592828,1503380000,198.0,2025,제2종근린생활,개발제한구역,2025
서울,송파구,방이동,43,1,25220054,659000000,26.1,2017,제1종근린생활,일반상업,2026
서울,송파구,방이동,49,4,8616081,500000000,58.0,2018,업무,일반상업,2024
서울,송파구,방이동,49-15,8,8398899,213500000,25.4,2023,제2종근린생활,일반상업,2026
서울,송파구,방이동,5*,1,8179187,3250000000,397.4,,제2종근린생활,제3종일반주거,2025
서울,송파구,방이동,50,1,16868237,530000000,31.4,2019,제2종근린생활,일반상업,2026
서울,송파구,방이동,51-11,1,7352438,2150000000,292.4,1995,업무,일반상업,2026
서울,송파구,방이동,6*,1,16114692,14500000000,899.8,1987,제2종근린생활,제3종일반주거,2026
서울,송파구,방이동,89-11,18,70516413,1242500000,20.7,1988,제1종근린생활,제3종일반주거,2026
서울,송파구,방이동,89-14,1,55857899,1478000000,26.5,1988,제1종근린생활,제3종일반주거,2026
서울,송파구,삼전동,*,3,10781106,27250000000,2756.7,2015,제1종근린생활,준주거,2026
서울,송파구,삼전동,1*,1,5688479,8200000000,1441.5,2005,제1종근린생활,제2종일반주거,2024
서울,송파구,삼전동,1**,5,8482915,7900000000,672.1,1995,제2종근린생활,제3종일반주거,2026
서울,송파구,삼전동,182-7,3,3859413,721740000,208.9,2024,제2종근린생활,제3종일반주거,2025
서울,송파구,삼전동,182-8,1,3308155,600000000,181.4,2019,제2종근린생활,제3종일반주거,2025
서울,송파구,삼전동,2*,1,14062734,27200000000,1934.2,1982,제1종근린생활,준주거,2025
서울,송파구,삼전동,22-1,2,2814925,130000000,47.7,1978,제2종근린생활,제3종일반주거,2025
서울,송파구,삼전동,3*,1,6390248,12980000000,2031.2,2020,기타,제2종일반주거,2025
서울,송파구,삼전동,33-12,1,7407407,300000000,40.5,2017,제2종근린생활,제3종일반주거,2025
서울,송파구,삼전동,4*,1,8876279,4380000000,493.4,1997,제1종근린생활,제2종일반주거,2025
서울,송파구,삼전동,5*,1,8400462,6330000000,753.5,2015,제1종근린생활,제2종일반주거,2026
서울,송파구,삼전동,52-12,1,1220053,55000000,45.1,2019,제1종근린생활,제2종일반주거,2025
서울,송파구,삼전동,6*,1,5658940,3640000000,643.2,1992,제2종근린생활,제2종일반주거,2025
서울,송파구,삼전동,61-1,2,8853541,295000000,33.3,2022,제2종근린생활,제2종일반주거,2026
서울,송파구,삼전동,66-16,1,9057971,325000000,35.9,2019,제2종근린생활,제2종일반주거,2025
서울,송파구,삼전동,69-18,1,4376071,485000000,110.8,2016,제2종근린생활,제2종일반주거,2025
서울,송파구,삼전동,9-8,1,10251575,78500000000,7657.4,2025,제1종근린생활,제3종일반주거,2026
서울,송파구,석촌동,*,1,10956660,4950000000,451.8,1987,제1종근린생활,제3종일반주거,2025
서울,송파구,석촌동,1*,1,10119362,4400000000,434.8,2020,제2종근린생활,제3종일반주거,2026
서울,송파구,석촌동,1**,5,14520202,11760000000,808.4,1986,제2종근린생활,제3종일반주거,2026
서울,송파구,석촌동,2**,22,8629932,5850000000,651.0,1990,제2종근린생활,제2종일반주거,2026
서울,송파구,석촌동,214-14,1,36057692,900000000,25.0,2023,제1종근린생활,제2종일반주거,2024
서울,송파구,석촌동,218-4,1,8976661,50000000,5.6,2022,제2종근린생활,제2종일반주거,2025
서울,송파구,석촌동,24-3,1,24512699,830000000,33.9,2015,제2종근린생활,준주거,2026
서울,송파구,석촌동,247-9,3,7871720,135000000,17.2,2000,제1종근린생활,제2종일반주거,2026
서울,송파구,석촌동,254-1,1,17857143,600000000,33.6,2017,제1종근린생활,제2종일반주거,2025
서울,송파구,석촌동,254-5,2,3210938,411000000,128.0,1984,제2종근린생활,제2종일반주거,2025
서울,송파구,석촌동,277-2,3,11312217,199500000,17.7,1983,판매,제2종일반주거,2026
서울,송파구,석촌동,287-11,2,9160089,617250000,55.5,2002,제1종근린생활,준주거,2026
서울,송파구,석촌동,6*,1,6717652,9100000000,1354.6,1991,제2종근린생활,제3종일반주거,2026
서울,송파구,송파동,1*,1,16723842,5850000000,349.8,2011,제2종근린생활,제3종일반주거,2025
서울,송파구,송파동,1**,6,9731889,6162500000,922.1,1993,제1종근린생활,제2종일반주거,2026
서울,송파구,송파동,121,12,14615010,225000000,15.8,1984,제1종근린생활,제3종일반주거,2026
서울,송파구,송파동,131-1,1,7092790,425000000,59.9,,제2종근린생활,제2종일반주거,2026
서울,송파구,송파동,143,1,4255319,160000000,37.6,2015,제1종근린생활,제2종일반주거,2026
서울,송파구,송파동,161,1,76086957,980000000,12.9,1985,제1종근린생활,제3종일반주거,2026
서울,송파구,송파동,162,2,6822400,275000000,80.2,2001,제2종근린생활,제3종일반주거,2025
서울,송파구,송파동,163-14,1,9536785,280000000,29.4,1997,제2종근린생활,제3종일반주거,2026
서울,송파구,송파동,166-4,1,10447501,600000000,57.4,1985,제1종근린생활,제3종일반주거,2025
서울,송파구,송파동,167-1,1,16341256,770000000,47.1,,제1종근린생활,제3종일반주거,2025
서울,송파구,송파동,18-8,1,5293613,247000000,46.7,2016,제2종근린생활,준주거,2025
서울,송파구,송파동,2*,3,11375545,8250000000,725.2,1989,제2종근린생활,제2종일반주거,2026
서울,송파구,송파동,243,3,5107527,95000000,18.6,2012,제1종근린생활,제3종일반주거,2025
서울,송파구,송파동,32-1,2,9687500,372000000,38.4,1999,업무,준주거,2026
서울,송파구,송파동,33,1,21815009,500000000,22.9,1995,제2종근린생활,제2종일반주거,2025
서울,송파구,송파동,4*,5,11558227,6500000000,562.4,2006,제2종근린생활,제2종일반주거,2026
서울,송파구,송파동,58-1,1,8721247,800000000,91.7,2002,제1종근린생활,준주거,2026
서울,송파구,송파동,58-15,1,30738523,1540000000,50.1,2018,제1종근린생활,준주거,2026
서울,송파구,송파동,85,2,8134344,915005000,112.9,2021,업무,준주거,2025
서울,송파구,신천동,*,1,8474984,207900000000,24531.0,2011,업무,일반상업,2026
서울,송파구,신천동,11,2,16568063,900000000,56.7,1979,제2종근린생활,제1종일반주거,2025
서울,송파구,신천동,11-10,4,7109875,250000000,35.4,2001,업무,일반상업,2026
서울,송파구,신천동,11-4,1,33207902,1412000000,42.5,2013,판매,일반상업,2026
서울,송파구,신천동,11-8,2,3659243,1000000000,273.4,2006,기타,일반상업,2025
서울,송파구,신천동,11-9,8,19583333,470000000,18.0,1988,판매,일반상업,2026
서울,송파구,신천동,17-4,4,20582732,762500000,37.4,2008,제2종근린생활,제3종일반주거,2026
서울,송파구,신천동,20-6,7,30826141,525000000,16.2,2008,제2종근린생활,제3종일반주거,2026
서울,송파구,신천동,7,62,30455154,546500000,18.5,1979,제1종근린생활,제1종일반주거,2026
서울,송파구,신천동,7-14,2,11352434,800000000,70.5,2008,판매,일반상업,2025
서울,송파구,신천동,7-19,2,13922753,1600000000,114.7,1996,제1종근린생활,일반상업,2024
서울,송파구,신천동,7-28,30,7941446,341305000,36.8,1996,업무,일반상업,2026
서울,송파구,오금동,1,1,13647562,1883500000,138.0,1994,제1종근린생활,준주거,2026
서울,송파구,오금동,1*,1,8293337,9400000000,1133.4,1990,제2종근린생활,제3종일반주거,2026
서울,송파구,오금동,1**,2,5881757,17850000000,3377.3,1991,제1종근린생활,제3종일반주거,2025
서울,송파구,오금동,113-2,1,4265292,182000000,42.7,2009,제2종근린생활,제3종일반주거,2026
서울,송파구,오금동,19,1,11778563,100000000,8.5,1988,판매,제3종일반주거,2024
서울,송파구,오금동,2,36,9225203,306000000,26.7,1988,제2종근린생활,제3종일반주거,2026
서울,송파구,오금동,3*,1,7034490,8550000000,1215.4,2003,제2종근린생활,제3종일반주거,2024
서울,송파구,오금동,39-5,1,11813538,370000000,31.3,2016,제1종근린생활,제2종일반주거,2025
서울,송파구,오금동,43,18,33111111,650000000,22.5,1984,제1종근린생활,제3종일반주거,2025
서울,송파구,오금동,5*,1,4727301,3090000000,653.6,,제2종근린생활,제2종일반주거,2026
서울,송파구,오금동,618-3,19,14668104,680160000,40.1,2022,제1종근린생활,제3종일반주거,2025
서울,송파구,오금동,9*,1,4372819,3020000000,690.6,1991,제2종근린생활,제2종일반주거,2025
서울,송파구,잠실동,1**,7,10396840,9450000000,908.9,1992,제2종근린생활,제3종일반주거,2026
서울,송파구,잠실동,175-2,2,2195035,362500000,163.2,1991,제1종근린생활,일반상업,2024
서울,송파구,잠실동,175-6,1,9279307,1800000000,194.0,2009,업무,일반상업,2025
서울,송파구,잠실동,176-8,1,4103370,470000000,114.5,2012,제2종근린생활,일반상업,2025
서울,송파구,잠실동,184-10,1,5222587,79540000,15.2,,제2종근린생활,일반상업,2026
서울,송파구,잠실동,184-3,1,52237443,2288000000,43.8,1976,제1종근린생활,일반상업,2025
서울,송파구,잠실동,19-9,25,10508617,107000000,11.9,2008,판매,제3종일반주거,2026
서울,송파구,잠실동,194,2,11025791,1370000000,114.3,2013,판매,준주거,2025
서울,송파구,잠실동,196,3,6552007,320000000,48.2,1991,업무,제3종일반주거,2026
서울,송파구,잠실동,199-5,1,3965833,260000000,65.6,1994,제2종근린생활,제2종일반주거,2025
서울,송파구,잠실동,2**,14,11670646,4000000000,348.4,1992,제2종근린생활,제3종일반주거,2026
서울,송파구,잠실동,208-7,4,17992124,177500000,10.2,1976,제1종근린생활,제3종일반주거,2026
서울,송파구,잠실동,209-2,2,27689332,1188750000,54.9,1976,제2종근린생활,제3종일반주거,2025
서울,송파구,잠실동,212-41,1,6178010,295000000,47.8,2016,제1종근린생활,제2종일반주거,2026
서울,송파구,잠실동,22-6,10,24756494,317500000,15.5,2008,판매,제3종일반주거,2026
서울,송파구,잠실동,230-2,3,4889976,40000000,8.2,1981,판매,제2종일반주거,2026
서울,송파구,잠실동,241-14,2,6602993,429750000,74.4,2022,제1종근린생활,제2종일반주거,2026
서울,송파구,잠실동,249,1,3200439,700000000,218.7,2018,제1종근린생활,준주거,2026
서울,송파구,잠실동,250-5,2,43601004,1390000000,31.9,2010,제1종근린생활,준주거,2025
서울,송파구,잠실동,27-1,1,59728275,2330000000,39.0,1978,제1종근린생활,제3종일반주거,2025
서울,송파구,잠실동,27-2,1,76282478,2290000000,30.0,1980,제2종근린생활,제3종일반주거,2025
서울,송파구,잠실동,27-6,5,56320401,1407000000,24.6,1978,제1종근린생활,제1종일반주거,2025
서울,송파구,잠실동,27-9,1,81096,9000000,111.0,1978,기타,제3종일반주거,2026
서울,송파구,잠실동,294-6,1,11721803,450000000,38.4,2015,제2종근린생활,제3종일반주거,2026
서울,송파구,잠실동,299-1,2,3943399,255000000,64.9,2003,제2종근린생활,제2종일반주거,2026
서울,송파구,잠실동,3**,2,12195474,4150000000,426.2,2004,제2종근린생활,제2종일반주거,2026
서울,송파구,잠실동,312-16,1,9542744,240000000,25.2,2016,제2종근린생활,제2종일반주거,2026
서울,송파구,잠실동,320,2,14280556,309400000,21.0,1983,제1종근린생활,제3종일반주거,2026
서울,송파구,잠실동,329-16,1,5980485,190000000,31.8,2023,제2종근린생활,제2종일반주거,2025
서울,송파구,잠실동,329-5,1,9892284,450000000,45.5,2023,제2종근린생활,제2종일반주거,2026
서울,송파구,잠실동,330-3,2,5362913,445000000,103.9,1983,제2종근린생활,제2종일반주거,2025
서울,송파구,잠실동,337-2,1,6620324,200000000,30.2,2015,제2종근린생활,준주거,2025
서울,송파구,잠실동,35-2,8,16181269,660000000,31.2,2007,제2종근린생활,제3종일반주거,2026
서울,송파구,잠실동,35-3,12,10561529,706000000,68.9,2007,교육연구,제2종일반주거,2026
서울,송파구,잠실동,40,3,15078943,850000000,56.4,2005,제2종근린생활,일반상업,2025
서울,송파구,잠실동,44-3,5,9763314,100000000,10.0,2006,제1종근린생활,제3종일반주거,2026
서울,송파구,잠실동,85,19,83408072,1090000000,12.3,1986,제2종근린생활,제3종일반주거,2026
서울,송파구,장지동,8**,8,14464937,37047990000,2561.2,1984,교육연구,제1종일반주거,2026
서울,송파구,장지동,835,1,13780624,495000000,35.9,2008,제2종근린생활,제2종일반주거,2024
서울,송파구,장지동,837,3,8674788,235000000,27.1,2008,제1종근린생활,제2종일반주거,2026
서울,송파구,장지동,841-4,11,3877023,71880000,19.6,2008,제2종근린생활,준주거,2025
서울,송파구,장지동,841-7,1,3777505,400000000,105.9,2008,제1종근린생활,준주거,2025
서울,송파구,장지동,849,1,14012739,440000000,31.4,2008,제1종근린생활,제3종일반주거,2025
서울,송파구,장지동,854,1,19524317,550000000,28.2,2007,제2종근린생활,제3종일반주거,2026
서울,송파구,장지동,880-1,3,6015196,720000000,65.6,2014,제2종근린생활,준주거,2026
서울,송파구,장지동,881,5,4867364,400000000,82.2,2017,제2종근린생활,근린상업,2026
서울,송파구,장지동,881-5,1,4141566,275000000,66.4,2016,제2종근린생활,근린상업,2025
서울,송파구,장지동,883,5,5335462,260000000,47.7,2016,제2종근린생활,준주거,2026
서울,송파구,장지동,884,11,9705405,746860000,66.6,2016,제1종근린생활,준주거,2026
서울,송파구,장지동,894,4,16270602,400000000,24.6,2015,제2종근린생활,준주거,2025
서울,송파구,장지동,895,2,10995381,587500000,51.6,2016,제2종근린생활,준주거,2026
서울,송파구,장지동,904-2,2,4061282,281000000,62.7,2019,제2종근린생활,준주거,2025
서울,송파구,풍납동,219,1,7333333,44000000,6.0,1985,제2종근린생활,제2종일반주거,2025
서울,송파구,풍납동,259-8,1,3583754,270000000,75.3,1997,제2종근린생활,제2종일반주거,2025
서울,송파구,풍납동,3**,1,5690678,2810000000,493.8,1992,제2종근린생활,제2종일반주거,2025
서울,송파구,풍납동,391,1,7742673,745000000,96.2,1987,제1종근린생활,제3종일반주거,2025
서울,송파구,풍납동,4**,3,8544502,3100000000,292.0,2002,제2종근린생활,제3종일반주거,2025
서울,송파구,풍납동,405,2,13146969,475000000,36.1,1980,제1종근린생활,제2종일반주거,2026
서울,송파구,풍납동,406-1,2,1562500,15000000,9.6,1987,제1종근린생활,제2종일반주거,2026
서울,송파구,풍납동,5**,3,19746394,50242330000,2544.4,1990,판매,제2종일반주거,2025
서울,송파구,풍납동,506,5,2487562,85000000,19.4,1995,제1종근린생활,제3종일반주거,2025
서울,송파구,풍납동,508,2,9456838,195000000,20.6,1995,제1종근린생활,제3종일반주거,2026
서울,송파구,풍납동,514-1,2,8249027,212000000,25.7,2019,제1종근린생활,제3종일반주거,2026
서울,양천구,목동,199-46,5,2560521,80000000,31.7,1992,제1종근린생활,제2종일반주거,2026
서울,양천구,목동,2**,1,2803443,2130000000,759.8,1998,기타,제2종일반주거,2025
서울,양천구,목동,200,5,3030303,22000000,4.8,1992,제2종근린생활,제3종일반주거,2026
서울,양천구,목동,231-186,1,5055612,100000000,19.8,2018,제1종근린생활,제1종일반주거,2025
서울,양천구,목동,3**,1,4433615,2229000000,502.8,1983,기타,제1종일반주거,2025
서울,양천구,목동,315-15,1,3198653,95000000,29.7,2011,제2종근린생활,제1종일반주거,2026
서울,양천구,목동,315-32,1,4481793,80000000,17.8,2011,제2종근린생활,제2종일반주거,2026
서울,양천구,목동,315-84,1,3158806,73000000,23.1,2011,제2종근린생활,제2종일반주거,2026
서울,양천구,목동,324-94,1,2714441,50000000,18.4,2007,제2종근린생활,제2종일반주거,2025
서울,양천구,목동,4**,6,16173475,4400000000,205.8,1984,제2종근린생활,제3종일반주거,2026
서울,양천구,목동,405,1,7219570,121000000,16.8,1994,교육연구,제3종일반주거,2026
서울,양천구,목동,406-271,1,8240978,580000000,70.4,2003,제2종근린생활,제3종일반주거,2025
서울,양천구,목동,406-28,8,15552591,502970000,32.3,2018,제1종근린생활,제3종일반주거,2026
서울,양천구,목동,5**,3,4988662,3300000000,493.7,1994,제2종근린생활,제3종일반주거,2026
서울,양천구,목동,527-16,1,9704641,230000000,23.7,2016,제2종근린생활,제2종일반주거,2025
서울,양천구,목동,527-17,1,7270949,223000000,30.7,2016,제2종근린생활,제2종일반주거,2025
서울,양천구,목동,528-20,1,5616740,153000000,27.2,2010,제2종근린생활,제2종일반주거,2025
서울,양천구,목동,533-15,1,7515265,160000000,21.3,2015,제2종근린생활,제2종일반주거,2026
서울,양천구,목동,535-33,1,7872245,175000000,22.2,2009,제2종근린생활,제2종일반주거,2026
서울,양천구,목동,537-23,1,1363884,25000000,18.3,2013,제2종근린생활,제2종일반주거,2025
서울,양천구,목동,554-7,1,6854511,253000000,36.9,2015,제2종근린생활,제2종일반주거,2025
서울,양천구,목동,603-2,4,3987044,280000000,72.4,2003,제1종근린생활,제3종일반주거,2025
서울,양천구,목동,718-16,1,4653986,230000000,49.4,2014,제2종근린생활,제2종일반주거,2024
서울,양천구,목동,725-8,1,2915726,155000000,53.2,2011,제2종근린생활,제2종일반주거,2025
서울,양천구,목동,736-3,1,451128,6000000,13.3,1995,판매,제2종일반주거,2026
서울,양천구,목동,741-6,1,3102547,95000000,30.6,,제2종근린생활,제2종일반주거,2024
서울,양천구,목동,746-20,1,4365983,230000000,52.7,2013,제2종근린생활,제2종일반주거,2025
서울,양천구,목동,753-12,4,1630603,247500000,151.5,1987,제1종근린생활,제3종일반주거,2025
서울,양천구,목동,770-6,1,4984663,195000000,39.1,2012,제2종근린생활,제2종일반주거,2025
서울,양천구,목동,779-17,1,4446064,183000000,41.2,2016,제1종근린생활,제2종일반주거,2026
서울,양천구,목동,779-21,1,2340188,67140000,28.7,2016,제1종근린생활,제2종일반주거,2026
서울,양천구,목동,779-37,1,3836317,90000000,23.5,2016,제1종근린생활,제2종일반주거,2026
서울,양천구,목동,780-7,1,5514706,120000000,21.8,2008,제1종근린생활,제2종일반주거,2026
서울,양천구,목동,792-4,3,3484960,380000000,109.0,2004,제2종근린생활,준주거,2026
서울,양천구,목동,8**,1,8166638,8500000000,1040.8,1996,제2종근린생활,제2종일반주거,2025
서울,양천구,목동,810-1,5,2194557,900000000,490.4,2003,제1종근린생활,제3종일반주거,2026
서울,양천구,목동,9**,6,26936836,22000000000,632.0,2000,제2종근린생활,일반상업,2026
서울,양천구,목동,902,4,30208333,691000000,19.0,1986,제1종근린생활,제2종일반주거,2025
서울,양천구,목동,903,7,44217687,900000000,14.7,1986,제2종근린생활,제1종일반주거,2026
서울,양천구,목동,904,2,36719317,450000000,9.8,1986,제2종근린생활,제3종일반주거,2025
서울,양천구,목동,905-22,4,12473730,450000000,36.0,2000,판매,일반상업,2025
서울,양천구,목동,905-33,1,30336257,830000000,27.4,2015,제2종근린생활,일반상업,2026
서울,양천구,목동,907,13,7587650,290000000,38.2,1999,교육연구,일반상업,2026
서울,양천구,목동,907-10,6,10752688,390000000,37.8,2004,교육연구,일반상업,2026
서울,양천구,목동,907-12,8,5831213,411250000,65.2,1999,교육연구,일반상업,2025
서울,양천구,목동,907-13,2,10695765,742500000,69.4,2005,교육연구,일반상업,2025
서울,양천구,목동,907-14,4,10644048,475000000,61.4,1999,교육연구,일반상업,2026
서울,양천구,목동,907-23,2,13361563,2599000000,170.9,2003,제2종근린생활,일반상업,2026
서울,양천구,목동,907-7,3,29667722,800000000,30.7,2015,제1종근린생활,일반상업,2026
서울,양천구,목동,908-28,1,2480203,9700000000,3911.0,2000,기타,일반상업,2025
서울,양천구,목동,908-31,2,4658742,607500000,130.4,1996,제1종근린생활,일반상업,2025
서울,양천구,목동,908-34,3,6530302,1670000000,266.5,2000,교육연구,일반상업,2025
서울,양천구,목동,909-6,5,11741683,300000000,31.6,1996,제1종근린생활,일반상업,2026
서울,양천구,목동,909-8,1,3097657,308000000,99.4,1995,제2종근린생활,일반상업,2026
서울,양천구,목동,912,2,92896175,1020000000,11.0,1986,제1종근린생활,제3종일반주거,2025
서울,양천구,목동,917,3,12285337,837000000,107.7,2004,제2종근린생활,일반상업,2026
서울,양천구,목동,917-9,2,20709363,556250000,37.6,2001,업무,일반상업,2026
서울,양천구,목동,923,21,6242197,175000000,26.9,1996,제2종근린생활,일반상업,2026
서울,양천구,목동,923-14,13,5681547,250000000,51.3,2000,업무,일반상업,2026
서울,양천구,목동,923-15,1,13872374,350000000,25.2,2004,제1종근린생활,일반상업,2026
서울,양천구,목동,925,9,45368620,480000000,10.6,1988,제1종근린생활,제3종일반주거,2026
서울,양천구,목동,928,2,315517,4270000,13.9,1994,제1종근린생활,제2종일반주거,2024
서울,양천구,목동,956,2,2995792,200000000,69.6,2005,제2종근린생활,제3종일반주거,2026
서울,양천구,목동,960,1,5725637,245000000,42.8,2006,판매,준주거,2024
서울,양천구,목동,961,7,9310987,720000000,80.3,2006,교육연구,일반상업,2026
서울,양천구,목동,962-1,2,15620244,3125800000,200.4,2009,교육연구,일반상업,2026
서울,양천구,신월동,1**,3,2468962,480000000,206.6,1989,제2종근린생활,제2종일반주거,2025
서울,양천구,신월동,1***,2,3006313,1800000000,598.7,1994,제2종근린생활,제3종일반주거,2025
서울,양천구,신월동,1063,5,11478747,256550000,33.6,2014,제2종근린생활,제2종일반주거,2026
서울,양천구,신월동,1075,1,16486903,535000000,32.4,2020,제2종근린생활,제2종일반주거,2025
서울,양천구,신월동,1078,1,16666667,400000000,24.0,2020,제2종근린생활,제2종일반주거,2025
서울,양천구,신월동,128,5,879462,17580000,20.0,1999,판매,제2종일반주거,2026
서울,양천구,신월동,134-17,2,8088697,145920000,18.0,1998,제1종근린생활,제2종일반주거,2026
서울,양천구,신월동,148-25,1,3429764,115000000,33.5,2009,제1종근린생활,준주거,2024
서울,양천구,신월동,155-5,1,5491882,115000000,20.9,2010,제2종근린생활,제2종일반주거,2026
서울,양천구,신월동,2**,1,3231980,456000000,141.1,2006,제1종근린생활,제2종일반주거,2026
서울,양천구,신월동,21-4,1,2292861,44000000,19.2,2005,제1종근린생활,제2종일반주거,2026
서울,양천구,신월동,235-7,1,1174341,240000000,204.4,2004,제2종근린생활,제2종일반주거,2024
서울,양천구,신월동,331-26,1,2508241,175000000,69.8,1994,제1종근린생활,제1종일반주거,2025
서울,양천구,신월동,39-1,3,2870264,75000000,26.1,1995,업무,제2종일반주거,2025
서울,양천구,신월동,4**,5,3864180,1550000000,401.1,1992,제1종근린생활,제2종일반주거,2025
서울,양천구,신월동,420-1,4,3719694,148400000,39.9,2022,제2종근린생활,제2종일반주거,2025
서울,양천구,신월동,446-2,2,2545583,96500000,37.9,2001,제1종근린생활,제2종일반주거,2026
서울,양천구,신월동,467-1,3,2585131,145000000,56.1,2012,제2종근린생활,제2종일반주거,2025
서울,양천구,신월동,478-30,1,4555809,160000000,35.1,2015,제2종근린생활,제2종일반주거,2026
서울,양천구,신월동,478-31,1,3526615,123890000,35.1,2015,업무,제2종일반주거,2025
서울,양천구,신월동,5**,2,2973545,900450000,338.3,2000,제1종근린생활,준주거,2026
서울,양천구,신월동,500-22,1,2695418,90000000,33.4,2008,제1종근린생활,제3종일반주거,2026
서울,양천구,신월동,512-1,1,3255208,250000000,76.8,2017,제2종근린생활,제3종일반주거,2026
서울,양천구,신월동,513-5,1,10407993,250000000,24.0,1980,제2종근린생활,제3종일반주거,2026
서울,양천구,신월동,533-7,1,2139582,210000000,98.2,2002,제1종근린생활,제2종일반주거,2026
서울,양천구,신월동,535-7,1,6516013,470000000,72.1,2000,제2종근린생활,제3종일반주거,2025
서울,양천구,신월동,538-6,2,12027978,325000000,27.4,2000,제2종근린생활,제2종일반주거,2024
서울,양천구,신월동,546-19,1,9494109,137000000,14.4,2016,제1종근린생활,준주거,2026
서울,양천구,신월동,546-9,1,3063359,205000000,66.9,2003,제1종근린생활,준주거,2026
서울,양천구,신월동,547-7,2,2087912,57000000,27.3,1996,업무,준주거,2026
서울,양천구,신월동,550-3,7,4705882,420000000,92.4,2008,제1종근린생활,준주거,2026
서울,양천구,신월동,558-1,1,3488622,650000000,186.3,1997,제2종근린생활,제3종일반주거,2026
서울,양천구,신월동,591-1,1,3926702,15000000,3.8,1985,판매,제2종일반주거,2025
서울,양천구,신월동,6*,2,1314440,205000000,156.0,1983,제2종근린생활,제3종일반주거,2025
서울,양천구,신월동,60-25,2,2987231,119000000,39.8,2012,제2종근린생활,제3종일반주거,2025
서울,양천구,신월동,60-29,1,1835582,117000000,63.7,2000,제2종근린생활,제3종일반주거,2026
서울,양천구,신월동,8*,2,4634969,1045000000,225.5,1977,숙박,제2종일반주거,2025
서울,양천구,신월동,80-5,3,5865103,220000000,37.5,2019,제2종근린생활,제2종일반주거,2026
서울,양천구,신월동,81-16,2,1152593,125000000,122.0,2024,제1종근린생활,준주거,2025
서울,양천구,신월동,88-25,1,3493684,130000000,37.2,2018,제2종근린생활,제3종일반주거,2026
서울,양천구,신월동,9**,1,2993914,1957780000,653.9,1989,제1종근린생활,제2종일반주거,2026
서울,양천구,신월동,94-9,1,2291667,72600000,31.7,1996,제2종근린생활,제3종일반주거,2026
서울,양천구,신월동,981-2,5,4790923,346240000,72.3,2023,제2종근린생활,준주거,2025
서울,양천구,신월동,986-7,1,1967896,127500000,64.8,1988,제2종근린생활,제2종일반주거,2026
서울,양천구,신월동,994-10,5,4543432,386010000,85.0,2023,제2종근린생활,준주거,2025
서울,양천구,신정동,1**,4,5901404,1690000000,296.6,1995,제2종근린생활,제3종일반주거,2026
서울,양천구,신정동,1***,7,12262795,2200000000,251.9,1993,제2종근린생활,제3종일반주거,2026
서울,양천구,신정동,1000-7,1,5378272,150000000,27.9,2015,제2종근린생활,제2종일반주거,2025
서울,양천구,신정동,1007-11,3,4625347,200000000,33.6,2004,교육연구,준주거,2026
서울,양천구,신정동,1009-4,5,7437458,330000000,44.4,2016,제2종근린생활,제3종일반주거,2025
서울,양천구,신정동,1009-6,4,4023127,170000000,33.6,2004,업무,제3종일반주거,2026
서울,양천구,신정동,1015-13,1,3152585,250000000,79.3,2000,제2종근린생활,제2종일반주거,2025
서울,양천구,신정동,1016-16,1,4067797,240000000,59.0,2013,제2종근린생활,제2종일반주거,2026
서울,양천구,신정동,1018-5,4,1560834,170000000,106.7,2000,제2종근린생활,제3종일반주거,2025
서울,양천구,신정동,1021-9,3,3629764,360000000,86.9,1988,제1종근린생활,제2종일반주거,2026
서울,양천구,신정동,1022-9,1,18434343,438000000,23.8,1987,제2종근린생활,제2종일반주거,2025
서울,양천구,신정동,1023-12,34,2209459,32700000,14.8,1992,교육연구,제2종일반주거,2026
서울,양천구,신정동,1030-6,2,8527749,210000000,23.4,1980,판매,근린상업,2026
서울,양천구,신정동,1031-9,2,4691674,421500000,89.8,2005,제1종근린생활,근린상업,2025
서울,양천구,신정동,118-11,4,12287335,130000000,10.6,,제2종근린생활,제2종일반주거,2026
서울,양천구,신정동,1182-11,4,6450884,375000000,57.6,1992,제2종근린생활,준주거,2026
서울,양천구,신정동,120-2,2,8198093,490000000,59.8,2002,제2종근린생활,제2종일반주거,2024
서울,양천구,신정동,1254,1,3090214,930000000,301.0,2003,업무,제3종일반주거,2025
서울,양천구,신정동,1267,3,3039372,325000000,106.9,2003,제1종근린생활,제3종일반주거,2025
서울,양천구,신정동,1284-2,1,3293713,230000000,69.8,2004,제2종근린생활,제3종일반주거,2025
서울,양천구,신정동,1285,1,4971591,105000000,21.1,2002,제2종근린생활,제3종일반주거,2024
서울,양천구,신정동,1311,1,5473454,200000000,36.5,2005,제2종근린생활,제3종일반주거,2026
서울,양천구,신정동,1315-9,16,10416667,375000000,36.0,1981,업무,일반상업,2026
서울,양천구,신정동,1320-4,2,2829154,540000000,222.5,2011,제2종근린생활,준주거,2026
서울,양천구,신정동,1325,3,7658960,252000000,33.2,2019,제1종근린생활,제2종일반주거,2025
서울,양천구,신정동,1326,1,13513514,800000000,59.2,2021,제2종근린생활,제2종일반주거,2026
서울,양천구,신정동,2**,1,21607046,25000000000,1157.0,1982,판매,제3종일반주거,2025
서울,양천구,신정동,201-1,6,21712603,183330000,7.6,2008,제2종근린생활,제2종일반주거,2026
서울,양천구,신정동,282-10,1,5147563,225000000,43.7,1988,제1종근린생활,제2종일반주거,2025
서울,양천구,신정동,282-63,3,5212355,270000000,51.8,1988,제1종근린생활,제2종일반주거,2026
서울,양천구,신정동,3**,3,17598773,14000000000,795.5,1999,제1종근린생활,일반상업,2024
서울,양천구,신정동,311,1,34761905,730000000,21.0,1987,판매,제3종일반주거,2025
서울,양천구,신정동,312,1,83333333,1000000000,12.0,1987,판매,제1종일반주거,2025
서울,양천구,신정동,314,1,26830808,850000000,31.7,1987,제2종근린생활,제1종일반주거,2025
서울,양천구,신정동,318-1,1,14830508,140000000,9.4,2004,제1종근린생활,일반상업,2026
서울,양천구,신정동,318-10,4,8443201,435000000,48.2,2003,제2종근린생활,일반상업,2026
서울,양천구,신정동,318-6,3,5072464,210000000,41.4,1999,교육연구,일반상업,2026
서울,양천구,신정동,319,1,11764706,320000000,27.2,2004,제2종근린생활,일반상업,2025
서울,양천구,신정동,319-26,16,6803514,917745000,113.8,2023,제2종근린생활,일반상업,2026
서울,양천구,신정동,321-6,8,5533997,507500000,78.6,2006,교육연구,일반상업,2026
서울,양천구,신정동,323-32,2,7642003,960000000,125.5,2002,제2종근린생활,일반상업,2026
서울,양천구,신정동,323-7,2,14413055,837500000,87.4,2003,교육연구,일반상업,2026
서울,양천구,신정동,323-9,3,11453202,558000000,54.5,2003,제2종근린생활,일반상업,2025
서울,양천구,신정동,324-10,1,15819209,420000000,26.6,2003,제1종근린생활,일반상업,2025
서울,양천구,신정동,324-8,2,4609030,1195000000,323.6,2003,기타,일반상업,2025
서울,양천구,신정동,325,3,47737444,940000000,19.2,1988,제1종근린생활,제1종일반주거,2025
서울,양천구,신정동,327,1,68245125,980000000,14.4,1987,판매,제1종일반주거,2025
서울,양천구,신정동,329,18,54251149,396500000,13.7,1987,제1종근린생활,제1종일반주거,2025
서울,양천구,신정동,329-10,5,6368267,570260000,91.2,2019,기타,제3종일반주거,2024
서울,양천구,신정동,761-89,1,2646503,350000000,132.2,2003,교육연구,제2종일반주거,2025
서울,양천구,신정동,8*,1,125698,1400000000,11137.8,1993,제1종근린생활,제3종일반주거,2024
서울,양천구,신정동,8**,6,10155652,6710000000,553.0,1994,제2종근린생활,제3종일반주거,2026
서울,양천구,신정동,86-8,2,7468333,722500000,96.8,2006,교육연구,제2종일반주거,2026
서울,양천구,신정동,884-20,1,3800114,200000000,52.6,2015,제2종근린생활,제2종일반주거,2026
서울,양천구,신정동,9**,13,4491131,1600000000,545.0,1990,제1종근린생활,제3종일반주거,2026
서울,양천구,신정동,905-2,1,1968988,480000000,243.8,1996,판매,제2종일반주거,2025
서울,양천구,신정동,911-4,1,726216,70000000,96.4,1996,제1종근린생활,제2종일반주거,2025
서울,양천구,신정동,911-9,1,3467406,150000000,43.3,2002,제1종근린생활,제2종일반주거,2025
서울,양천구,신정동,912-18,1,3012934,102500000,34.0,2009,제1종근린생활,제2종일반주거,2026
서울,양천구,신정동,913-2,1,4057056,160700000,39.6,2016,제2종근린생활,제2종일반주거,2026
서울,양천구,신정동,924-1,1,6144393,80000000,13.0,2008,제2종근린생활,제2종일반주거,2026
서울,양천구,신정동,942-18,1,3813559,135000000,35.4,2015,제2종근린생활,제3종일반주거,2026
서울,양천구,신정동,948-24,1,3603604,680000000,188.7,1997,제2종근린생활,제3종일반주거,2025
서울,양천구,신정동,971-20,2,3783221,800000000,211.5,2003,제2종근린생활,준주거,2026
서울,양천구,신정동,972-2,1,7530931,1260000000,167.3,2017,제2종근린생활,근린상업,2024
서울,양천구,신정동,972-6,3,3233316,145000000,39.5,2020,제1종근린생활,근린상업,2026
서울,양천구,신정동,973-39,1,12749446,345000000,27.1,2020,제1종근린생활,준주거,2025
서울,양천구,신정동,976-3,1,8285906,247500000,29.9,2013,제2종근린생활,준주거,2024
서울,양천구,신정동,988-5,1,38714593,2881140000,74.4,2021,제1종근린생활,제3종일반주거,2026
서울,양천구,신정동,989-15,1,6546547,218000000,33.3,2015,제2종근린생활,제2종일반주거,2025
서울,양천구,신정동,989-5,1,3972296,195000000,49.1,2017,제2종근린생활,제2종일반주거,2026
서울,양천구,신정동,992-1,3,6169872,231000000,37.4,1996,교육연구,준주거,2025
서울,영등포구,당산동1가,1*,1,5827482,14500000000,2488.2,2020,업무,준공업,2026
서울,영등포구,당산동1가,1**,1,5447428,1990000000,365.3,1995,제1종근린생활,준공업,2026
서울,영등포구,당산동1가,16-1,2,3990811,165000000,69.0,1997,제2종근린생활,준공업,2025
서울,영등포구,당산동1가,2**,5,12631381,2000000000,133.4,1987,제1종근린생활,준공업,2026
서울,영등포구,당산동1가,256-179,1,5978685,230000000,38.5,2013,제2종근린생활,준공업,2025
서울,영등포구,당산동1가,3**,1,6169134,1850000000,299.9,1994,제1종근린생활,준공업,2026
서울,영등포구,당산동1가,459,4,11870696,562110000,56.8,2022,업무,준공업,2025
서울,영등포구,당산동1가,9-1,2,1905256,18500000,9.7,1996,제1종근린생활,준공업,2025
서울,영등포구,당산동2가,1*,1,3883292,5200000000,1339.1,1990,제1종근린생활,준공업,2025
서울,영등포구,당산동2가,1**,3,25051282,1033000000,39.9,1992,제1종근린생활,준공업,2026
서울,영등포구,당산동2가,16-1,7,6178560,200000000,32.4,1999,제2종근린생활,준공업,2026
서울,영등포구,당산동2가,30-2,47,5592105,115000000,19.2,1987,제2종근린생활,준공업,2026
서울,영등포구,당산동2가,37,1,10246255,595000000,58.1,2005,제2종근린생활,준공업,2024
서울,영등포구,당산동3가,*,1,11889251,365000000,30.7,1983,제1종근린생활,준공업,2025
서울,영등포구,당산동3가,1**,1,5157941,4670000000,905.4,1990,제2종근린생활,준공업,2026
서울,영등포구,당산동3가,2*,1,22682166,800000000,35.3,1972,제2종근린생활,준공업,2025
서울,영등포구,당산동3가,2**,2,13771874,13880000000,712.4,1979,업무,준공업,2025
서울,영등포구,당산동3가,2-6,1,8891213,170000000,19.1,1986,제1종근린생활,준공업,2025
서울,영등포구,당산동3가,386-11,2,6712982,1750000000,249.1,1977,제1종근린생활,준공업,2025
서울,영등포구,당산동3가,4**,1,26186933,865740000,33.1,1949,제1종근린생활,준공업,2024
서울,영등포구,당산동3가,550,1,12156599,631900000,52.0,2021,제2종근린생활,준공업,2025
서울,영등포구,당산동3가,558-3,8,760819,38500000,52.5,2007,제1종근린생활,준공업,2025
서울,영등포구,당산동4가,1-2,1,10576923,220000000,20.8,2005,업무,준공업,2025
서울,영등포구,당산동4가,3*,6,7552554,1287500000,114.0,2016,제2종근린생활,준공업,2026
서울,영등포구,당산동4가,88,1,16049383,325000000,20.2,1988,제1종근린생활,준공업,2026
서울,영등포구,당산동4가,94-1,1,19878391,425000000,21.4,,제1종근린생활,준공업,2025
서울,영등포구,당산동5가,11-33,3,15233950,840000000,91.9,2005,판매,준주거,2025
서울,영등포구,당산동5가,11-34,5,9079246,690000000,86.5,2005,교육연구,준공업,2026
서울,영등포구,당산동5가,16-7,2,9628611,70000000,7.3,1987,판매,준주거,2025
서울,영등포구,당산동5가,33-1,4,3954082,155000000,39.2,2005,제2종근린생활,일반상업,2026
서울,영등포구,당산동5가,9-13,1,21136364,1046250000,49.5,2025,제2종근린생활,준공업,2025
서울,영등포구,당산동5가,9-2,1,10063819,820000000,81.5,2013,제2종근린생활,준주거,2024
서울,영등포구,당산동5가,9-3,1,10848275,720000000,66.4,2015,제2종근린생활,준주거,2025
서울,영등포구,당산동6가,*,1,8549588,1700000000,198.8,2003,제1종근린생활,제2종일반주거,2025
서울,영등포구,당산동6가,3**,1,5586171,8150000000,1459.0,2008,제2종근린생활,준공업,2025
서울,영등포구,대림동,1***,2,10698019,2802875000,262.1,1978,제1종근린생활,제2종일반주거,2025
서울,영등포구,대림동,1016-21,2,5203690,272500000,52.8,2016,제1종근린생활,제2종일반주거,2025
서울,영등포구,대림동,1060-39,1,4609890,251700000,54.6,2023,제1종근린생활,제2종일반주거,2024
서울,영등포구,대림동,1101-1,1,5422886,109000000,20.1,2012,업무,준주거,2026
서울,영등포구,대림동,6**,2,4258196,5234150000,1247.8,1988,제2종근린생활,제2종일반주거,2025
서울,영등포구,대림동,608-1,1,21904762,460000000,21.0,1997,제2종근린생활,준공업,2024
서울,영등포구,대림동,656-1,1,3139159,97000000,30.9,2013,제2종근린생활,제2종일반주거,2025
서울,영등포구,대림동,664-13,1,5247966,200000000,38.1,2015,제2종근린생활,제3종일반주거,2025
서울,영등포구,대림동,665-8,2,10283485,380000000,36.9,2021,제1종근린생활,제3종일반주거,2026
서울,영등포구,대림동,694-1,2,6411661,275000000,45.1,2018,제2종근린생활,제3종일반주거,2025
서울,영등포구,대림동,694-2,2,5699484,174000000,31.9,2018,제2종근린생활,제3종일반주거,2026
서울,영등포구,대림동,7**,3,4949456,2903450000,586.6,1986,제1종근린생활,제2종일반주거,2025
서울,영등포구,대림동,701-1,1,2977487,410000000,137.7,1998,제2종근린생활,제2종일반주거,2025
서울,영등포구,대림동,709-3,5,3987828,121000000,28.0,2004,업무,준주거,2026
서울,영등포구,대림동,717,3,14702794,700000000,47.6,2013,판매,제2종일반주거,2026
서울,영등포구,대림동,732-8,1,3194888,90000000,28.2,2018,제2종근린생활,제2종일반주거,2025
서울,영등포구,대림동,738-19,1,4077586,56760000,13.9,2017,제1종근린생활,제2종일반주거,2025
서울,영등포구,대림동,751-22,1,6866687,222000000,32.3,2009,제1종근린생활,제2종일반주거,2026
서울,영등포구,대림동,777-1,2,6029801,160000000,26.5,1987,제2종근린생활,제3종일반주거,2025
서울,영등포구,대림동,785-1,1,2845528,140000000,49.2,1992,제1종근린생활,제3종일반주거,2025
서울,영등포구,대림동,8**,1,3990688,600000000,150.4,1976,제2종근린생활,준주거,2026
서울,영등포구,대림동,9**,2,21190573,7290000000,418.7,1972,제1종근린생활,제3종일반주거,2026
서울,영등포구,대림동,960-4,1,1903592,248000000,130.3,1969,제2종근린생활,제3종일반주거,2025
서울,영등포구,도림동,1**,1,5408134,4500000000,832.1,1983,제2종근린생활,제2종일반주거,2025
서울,영등포구,도림동,113-13,2,8153603,310000000,38.0,2018,제2종근린생활,제2종일반주거,2026
서울,영등포구,도림동,2**,3,3746244,3030000000,808.8,2007,제2종근린생활,준공업,2026
서울,영등포구,도림동,238-18,2,9084158,183500000,20.2,2020,제2종근린생활,준공업,2025
서울,영등포구,도림동,266-2,1,6364794,350000000,55.0,2004,제1종근린생활,준공업,2025
서울,영등포구,도림동,819,14,4960858,145750000,29.4,2004,업무,준공업,2026
서울,영등포구,문래동1가,1**,1,25595376,1107000000,43.2,1985,제2종근린생활,준공업,2026
서울,영등포구,문래동1가,6*,3,19632480,1250000000,63.7,1958,제2종근린생활,준공업,2026
서울,영등포구,문래동1가,7*,2,15934139,20897500000,1058.1,1975,제1종근린생활,준공업,2026
서울,영등포구,문래동2가,1*,3,57183703,4000000000,70.0,1967,제2종근린생활,준공업,2026
서울,영등포구,문래동2가,3*,1,31862427,4910000000,154.1,,제2종근린생활,준공업,2025
서울,영등포구,문래동2가,35,4,19839450,435000000,21.8,1983,제1종근린생활,준공업,2025
서울,영등포구,문래동2가,4*,3,15362699,1970000000,358.0,1964,제2종근린생활,준공업,2026
서울,영등포구,문래동3가,*,5,27104343,4800000000,79.3,1961,제1종근린생활,일반상업,2026
서울,영등포구,문래동3가,1*,1,158062,300000000,1898.0,1972,판매,준주거,2024
서울,영등포구,문래동3가,2*,1,11285791,2089000000,185.1,1985,제1종근린생활,준주거,2024
서울,영등포구,문래동3가,5*,6,31316726,1738000000,58.6,1961,제2종근린생활,준공업,2026
서울,영등포구,문래동3가,54,2,10327577,282300000,27.3,2001,제1종근린생활,준공업,2026
서울,영등포구,문래동3가,55-16,69,5805236,46950000,7.7,2007,판매,준공업,2026
서울,영등포구,문래동3가,55-18,4,11967326,157794700000,13185.5,2017,업무,준공업,2026
서울,영등포구,문래동3가,55-20,2,9671785,625000000,64.0,2007,제2종근린생활,일반상업,2026
서울,영등포구,문래동3가,76-1,28,20384615,320000000,20.8,1983,제1종근린생활,준공업,2025
서울,영등포구,문래동3가,77-13,1,14233954,550000000,38.6,2003,제1종근린생활,준공업,2026
서울,영등포구,문래동3가,77-54,3,10956664,350000000,36.7,1980,제1종근린생활,준공업,2026
서울,영등포구,문래동3가,78,1,10799220,277000000,25.6,,제2종근린생활,준공업,2025
서울,영등포구,문래동3가,82-25,1,7383966,910000000,123.2,2012,제1종근린생활,준공업,2025
서울,영등포구,문래동3가,82-29,3,3098573,480000000,154.9,2004,제1종근린생활,준공업,2025
서울,영등포구,문래동3가,84-2,1,22657343,972000000,42.9,2005,제2종근린생활,준공업,2024
서울,영등포구,문래동3가,94,1,8127208,460000000,56.6,2003,제2종근린생활,준공업,2025
서울,영등포구,문래동4가,*,6,29209722,1315000000,46.0,,제1종근린생활,준공업,2026
서울,영등포구,문래동4가,1*,9,28656336,1340000000,47.1,1942,제1종근린생활,준공업,2026
서울,영등포구,문래동4가,2*,5,25793651,1300000000,50.5,1962,제2종근린생활,준공업,2026
서울,영등포구,문래동4가,3*,8,30977066,1300000000,42.5,1959,제1종근린생활,준공업,2026
서울,영등포구,문래동5가,1,1,7213080,675000000,93.6,2000,제2종근린생활,준공업,2026
서울,영등포구,문래동5가,10,2,11520929,961000000,98.3,2016,제2종근린생활,준공업,2025
서울,영등포구,문래동5가,2,3,3723404,119000000,32.0,1992,제2종근린생활,준공업,2026
서울,영등포구,문래동5가,9,2,5158276,120000000,36.5,2009,제2종근린생활,준공업,2025
서울,영등포구,문래동6가,19,3,7730015,410000000,49.7,2019,업무,준공업,2025
서울,영등포구,문래동6가,38-1,1,3884998,156410000,40.3,1997,제1종근린생활,준공업,2026
서울,영등포구,신길동,1**,3,9097864,4400000000,483.6,1972,제1종근린생활,제3종일반주거,2026
서울,영등포구,신길동,1***,5,9162682,157140000,17.2,1966,숙박,일반상업,2025
서울,영등포구,신길동,116-15,6,4181208,79000000,14.7,1971,판매,준주거,2025
서울,영등포구,신길동,116-17,1,11459129,600000000,52.4,2022,제1종근린생활,준주거,2025
서울,영등포구,신길동,1229,2,10355487,268000000,25.9,2019,제2종근린생활,제2종일반주거,2026
서울,영등포구,신길동,124-10,2,5949061,320000000,53.8,2017,제2종근린생활,제2종일반주거,2026
서울,영등포구,신길동,1279,3,4713206,106000000,22.5,2020,제2종근린생활,제2종일반주거,2025
서울,영등포구,신길동,166-45,1,11410098,1200000000,105.2,2004,제1종근린생활,제2종일반주거,2026
서울,영등포구,신길동,192-155,2,5024915,450000000,89.6,2004,제1종근린생활,제2종일반주거,2026
서울,영등포구,신길동,194-27,1,19091256,500000000,26.2,2005,제1종근린생활,제2종일반주거,2026
서울,영등포구,신길동,2**,1,7738321,3260000000,421.3,1967,제1종근린생활,근린상업,2025
서울,영등포구,신길동,220-43,1,12789146,575000000,45.0,,제1종근린생활,제2종일반주거,2026
서울,영등포구,신길동,233-174,1,9259913,2361000000,255.0,,제2종근린생활,근린상업,2026
서울,영등포구,신길동,2365,2,25920404,270000000,10.4,1970,판매,준주거,2026
서울,영등포구,신길동,340-1,6,10606084,237500000,24.5,1981,판매,제2종일반주거,2026
서울,영등포구,신길동,365,1,8403361,100000000,11.9,1986,판매,제3종일반주거,2026
서울,영등포구,신길동,4**,6,21271291,3407000000,219.6,1982,제2종근린생활,준주거,2026
서울,영등포구,신길동,4***,4,5342053,4875000000,923.7,1995,제2종근린생활,제2종일반주거,2025
서울,영등포구,신길동,410-19,1,23636364,650000000,27.5,2016,제1종근린생활,제3종일반주거,2025
서울,영등포구,신길동,465-28,2,7258184,234980000,32.4,2021,제2종근린생활,제2종일반주거,2025
서울,영등포구,신길동,4834,1,6138262,625980000,102.0,2023,제1종근린생활,제3종일반주거,2025
서울,영등포구,신길동,4933,3,2531532,28100000,11.1,1993,제2종근린생활,제3종일반주거,2026
서울,영등포구,신길동,4943,1,14388489,780000000,54.2,2013,판매,제2종일반주거,2026
서울,영등포구,신길동,4947,1,19859813,850000000,42.8,,제2종근린생활,제2종일반주거,2025
서울,영등포구,신길동,4975,22,17390048,703500000,46.2,2024,제2종근린생활,준주거,2025
서울,영등포구,신길동,6*,1,6139452,30000000000,4886.4,2016,숙박,제2종일반주거,2026
서울,영등포구,신길동,8**,2,4652975,2150000000,462.1,2011,제2종근린생활,제3종일반주거,2025
서울,영등포구,신길동,9*,4,10898336,1135000000,139.8,1990,제1종근린생활,제2종일반주거,2026
서울,영등포구,신길동,9**,1,5838422,4800000000,822.1,1992,제1종근린생활,제2종일반주거,2026
서울,영등포구,양평동1가,*,1,5043107,7850000000,1556.6,2005,교육연구,준공업,2025
서울,영등포구,양평동1가,1*,1,20714108,9636410000,465.2,1964,교육연구,준공업,2026
서울,영등포구,양평동1가,192,5,6855601,248000000,36.2,2018,제1종근린생활,준공업,2026
서울,영등포구,양평동1가,2*,3,5690537,5500530000,966.6,2013,기타,준공업,2026
서울,영등포구,양평동1가,20,9,5623523,381360000,36.4,1982,제2종근린생활,준공업,2025
서울,영등포구,양평동1가,271,1,10901326,485000000,44.5,2021,판매,준공업,2025
서울,영등포구,양평동1가,5*,1,4338948,850000000,195.9,,제2종근린생활,준공업,2025
서울,영등포구,양평동2가,1-1,1,12690355,450000000,35.5,2005,제2종근린생활,준공업,2025
서울,영등포구,양평동2가,23,1,7392473,110000000,14.9,1990,제1종근린생활,준공업,2026
서울,영등포구,양평동2가,37-1,2,7713155,700000000,89.6,2011,제1종근린생활,준공업,2025
서울,영등포구,양평동2가,37-3,1,8579526,499500000,58.2,2017,제1종근린생활,준공업,2026
서울,영등포구,양평동2가,38-1,3,4350528,210000000,48.3,1998,기타,준공업,2024
서울,영등포구,양평동3가,101,1,13076923,510000000,39.0,2000,제1종근린생활,준공업,2026
서울,영등포구,양평동3가,13,2,5323620,380000000,71.4,2010,제2종근린생활,준공업,2025
서울,영등포구,양평동3가,16,1,1975397,24890000,12.6,2003,제1종근린생활,준공업,2026
서울,영등포구,양평동3가,3*,1,3815782,2590000000,678.8,2010,제2종근린생활,준공업,2025
서울,영등포구,양평동3가,46,1,7936508,80000000,10.1,2006,제2종근린생활,준공업,2025
서울,영등포구,양평동3가,78-20,1,12036250,850000000,70.6,2023,제2종근린생활,준공업,2025
서울,영등포구,양평동3가,96-1,27,1760339,30960000,17.6,1999,제1종근린생활,준공업,2024
서울,영등포구,양평동4가,160-2,2,4112838,82500000,20.3,1984,판매,준공업,2026
서울,영등포구,양평동4가,2**,4,6151575,4500000000,731.5,1992,숙박,준공업,2026
서울,영등포구,양평동4가,204,1,6202091,178000000,28.7,2015,제2종근린생활,준공업,2025
서울,영등포구,양평동4가,31-3,1,7224101,470000000,65.1,2005,제1종근린생활,준공업,2026
서울,영등포구,양평동4가,6*,1,7488742,22500000000,3004.5,2004,제2종근린생활,준공업,2026
서울,영등포구,양평동5가,1**,4,18549938,103060825000,4734.3,1968,제2종근린생활,제2종일반주거,2026
서울,영등포구,양평동5가,42,5,5915188,710000000,90.8,2020,제2종근린생활,준공업,2025
서울,영등포구,양평동5가,5*,1,10406331,2643000000,254.0,,제1종근린생활,준공업,2024
서울,영등포구,양평동5가,6*,1,5448460,53000000000,9727.5,2017,숙박,준공업,2026
서울,영등포구,양평동5가,76,4,3529317,424000000,226.3,1996,제2종근린생활,준공업,2026
서울,영등포구,양평동6가,1*,1,5210907,5800000000,1113.0,2008,제2종근린생활,제2종일반주거,2025
서울,영등포구,양평동6가,9-3,1,2626050,175000000,66.6,2020,제1종근린생활,준공업,2026
서울,영등포구,양평동6가,90-1,1,7470525,345960000,46.3,2022,제2종근린생활,제2종일반주거,2025
서울,영등포구,여의도동,1*,3,2800370,83223370000,29718.7,1985,업무,일반상업,2026
서울,영등포구,여의도동,10-2,16,11260957,16850000000,1549.4,2007,업무,일반상업,2024
서울,영등포구,여의도동,11-11,11,4773270,165240000,77.1,1991,제2종근린생활,일반상업,2025
서울,영등포구,여의도동,12-3,2,28979197,870000000,29.9,2019,제1종근린생활,일반상업,2026
서울,영등포구,여의도동,13-20,3,5646360,150000000,24.4,1991,업무,일반상업,2026
서울,영등포구,여의도동,13-21,6,5725624,404000000,70.6,2001,제1종근린생활,일반상업,2026
서울,영등포구,여의도동,13-22,2,4574070,232500000,50.8,2005,제2종근린생활,일반상업,2025
서울,영등포구,여의도동,13-25,6,9072383,748750000,83.2,1985,업무,일반상업,2026
서울,영등포구,여의도동,13-5,4,7284946,542000000,74.4,1984,제2종근린생활,일반상업,2026
서울,영등포구,여의도동,14-11,2,8593569,570000000,66.4,1985,업무,일반상업,2025
서울,영등포구,여의도동,14-13,3,4205839,250000000,45.6,1984,제2종근린생활,일반상업,2026
서울,영등포구,여의도동,14-2,1,5102041,200000000,39.2,1985,업무,일반상업,2025
서울,영등포구,여의도동,14-21,1,6917837,650000000,94.0,2003,제2종근린생활,일반상업,2025
서울,영등포구,여의도동,14-35,7,5454545,305000000,55.4,1984,업무,일반상업,2026
서울,영등포구,여의도동,14-5,21,6159614,230000000,37.3,2001,업무,일반상업,2026
서울,영등포구,여의도동,15-13,166,17855214,387790000,21.5,1999,숙박,일반상업,2025
서울,영등포구,여의도동,15-24,2,9491597,1323750000,137.5,2001,업무,일반상업,2026
서울,영등포구,여의도동,17-1,12,10484510,542500000,51.2,1986,업무,일반상업,2026
서울,영등포구,여의도동,17-16,3,3777513,127000000,33.6,2021,제2종근린생활,일반상업,2025
서울,영등포구,여의도동,17-20,4,6458206,391000000,61.2,1984,제2종근린생활,일반상업,2025
서울,영등포구,여의도동,2*,1,11617369,811200000000,69826.5,1994,업무,일반상업,2026
서울,영등포구,여의도동,21-3,2,28385373,660000000,27.9,1976,판매,일반상업,2026
서울,영등포구,여의도동,21-4,1,78459344,1650000000,21.0,1976,제2종근린생활,일반상업,2025
서울,영등포구,여의도동,25,14,13334880,7958390000,596.8,1993,제2종근린생활,일반상업,2025
서울,영등포구,여의도동,25-3,12,13548041,410455000,31.0,1984,업무,일반상업,2026
서울,영등포구,여의도동,26,3,12351672,572500000,46.4,2009,제1종근린생활,일반상업,2026
서울,영등포구,여의도동,26-5,1,12958443,4300000000,331.8,1981,제1종근린생활,일반상업,2025
서울,영등포구,여의도동,28-3,7,9258303,550000000,50.9,2007,제2종근린생활,일반상업,2025
서울,영등포구,여의도동,3*,2,9535020,372700000000,39087.5,1984,업무,일반상업,2024
서울,영등포구,여의도동,35-2,9,9248719,551600000,56.2,1981,제2종근린생활,일반상업,2026
서울,영등포구,여의도동,35-5,9,16412276,1000000000,60.9,1979,제1종근린생활,일반상업,2026
서울,영등포구,여의도동,36,1,24295432,750000000,30.9,2005,판매,일반상업,2025
서울,영등포구,여의도동,36-2,13,10245506,500000000,51.7,1984,업무,일반상업,2026
서울,영등포구,여의도동,36-4,8,8778055,440000000,51.5,1983,제2종근린생활,일반상업,2026
서울,영등포구,여의도동,4*,1,6787240,140500000000,20700.6,1995,업무,일반상업,2024
서울,영등포구,여의도동,41-1,1,34140017,790000000,23.1,1975,판매,제3종일반주거,2025
서울,영등포구,여의도동,41-2,1,31547105,730000000,23.1,,제2종근린생활,제3종일반주거,2025
서울,영등포구,여의도동,43,13,10438360,845570000,81.0,1984,업무,일반상업,2026
서울,영등포구,여의도동,43-3,7,12496529,600000000,36.0,1978,판매,일반상업,2026
서울,영등포구,여의도동,43-4,5,12231031,880000000,62.6,2005,판매,일반상업,2026
서울,영등포구,여의도동,44-1,2,9279308,450000000,48.5,,업무,일반상업,2026
서울,영등포구,여의도동,44-12,18,7755530,285000000,38.5,1983,업무,일반상업,2026
서울,영등포구,여의도동,44-13,5,8714789,380000000,38.3,1982,업무,일반상업,2026
서울,영등포구,여의도동,44-14,13,16944444,634000000,36.0,1978,제2종근린생활,일반상업,2026
서울,영등포구,여의도동,44-16,2,6244261,340000000,54.4,1984,업무,일반상업,2026
서울,영등포구,여의도동,44-2,2,8091080,748500000,92.5,,업무,일반상업,2025
서울,영등포구,여의도동,44-21,11,9303202,260000000,31.4,1981,업무,일반상업,2026
서울,영등포구,여의도동,44-23,12,7429965,340000000,55.9,1982,제2종근린생활,일반상업,2026
서울,영등포구,여의도동,44-32,9,8495146,538700000,72.2,1982,제2종근린생활,일반상업,2026
서울,영등포구,여의도동,44-34,2,5026027,675000000,187.1,,제2종근린생활,일반상업,2024
서울,영등포구,여의도동,44-35,10,4886180,467500000,68.3,1980,업무,일반상업,2026
서울,영등포구,여의도동,44-4,2,7846859,700000000,90.0,,업무,일반상업,2025
서울,영등포구,여의도동,44-5,3,9334889,400000000,42.8,2023,제1종근린생활,일반상업,2026
서울,영등포구,여의도동,45-15,11,8525171,390000000,39.5,1981,업무,일반상업,2026
서울,영등포구,여의도동,45-18,9,30985915,1900000000,71.0,1983,제2종근린생활,일반상업,2026
서울,영등포구,여의도동,45-20,7,8951884,480000000,53.6,1981,업무,일반상업,2026
서울,영등포구,여의도동,45-5,9,7974777,350000000,40.2,1999,업무,일반상업,2026
서울,영등포구,여의도동,47,5,24416595,820000000,33.7,2008,제2종근린생활,일반상업,2025
서울,영등포구,여의도동,5*,1,13143947,620000000,47.2,1977,제2종근린생활,일반상업,2025
서울,영등포구,여의도동,50,7,18010436,1070000000,45.4,1971,제1종근린생활,제3종일반주거,2026
서울,영등포구,여의도동,525,75,12592081,985300000,55.4,2023,제1종근린생활,일반상업,2024
서울,영등포구,여의도동,53,2,7959685,780000000,98.8,1977,제2종근린생활,제3종일반주거,2026
서울,영등포구,여의도동,54-2,2,10433948,825000000,77.6,1977,제1종근린생활,일반상업,2025
서울,영등포구,여의도동,54-6,1,16298812,480000000,29.4,1983,제2종근린생활,일반상업,2026
서울,영등포구,여의도동,61,1,3279405,450000000,137.2,2003,제1종근린생활,일반상업,2025
서울,영등포구,여의도동,61-3,2,9567297,440000000,46.0,1991,제1종근린생활,일반상업,2025
서울,영등포구,여의도동,61-4,5,4453871,220000000,50.0,1994,제2종근린생활,일반상업,2025
서울,영등포구,영등포동,580-8,1,32085561,420000000,13.1,2005,제1종근린생활,제2종일반주거,2026
서울,영등포구,영등포동,6**,4,4321986,1714645000,285.5,1996,제1종근린생활,제2종일반주거,2026
서울,영등포구,영등포동,618-283,1,14604151,950000000,65.0,1966,제2종근린생활,준공업,2025
서울,영등포구,영등포동1가,110-6,2,8013002,283500000,35.4,2021,제2종근린생활,일반상업,2026
서울,영등포구,영등포동1가,121-3,2,7904666,160000000,20.3,2021,제2종근린생활,일반상업,2024
서울,영등포구,영등포동1가,127,1,3894688,250000000,64.2,2016,제1종근린생활,일반상업,2026
서울,영등포구,영등포동1가,27-1,1,5046427,250000000,49.5,2003,제2종근린생활,준주거,2025
서울,영등포구,영등포동1가,42-3,1,3253475,110000000,33.8,,업무,준주거,2026
서울,영등포구,영등포동1가,65-2,1,6955178,180000000,25.9,2017,제2종근린생활,준주거,2026
서울,영등포구,영등포동1가,94-2,4,9970293,684455000,64.4,2020,제2종근린생활,준주거,2025
서울,영등포구,영등포동2가,139,2,10330686,520000000,49.9,2022,제1종근린생활,준주거,2025
서울,영등포구,영등포동2가,2**,2,16458553,965000000,61.0,,판매,준주거,2026
서울,영등포구,영등포동2가,29-69,9,5490397,1193810000,217.4,2011,제2종근린생활,준주거,2026
서울,영등포구,영등포동2가,3**,1,6925827,3100000000,447.6,2020,숙박,준주거,2025
서울,영등포구,영등포동2가,333,8,5618687,30000000,4.7,2004,판매,준주거,2026
서울,영등포구,영등포동2가,467,3,17143934,910000000,53.1,2024,제2종근린생활,준주거,2026
서울,영등포구,영등포동2가,9*,9,15958467,11786000000,782.0,1978,제2종근린생활,준주거,2026
서울,영등포구,영등포동3가,1*,3,6705619,4280000000,510.0,1981,제2종근린생활,일반상업,2025
서울,영등포구,영등포동3가,1-9,1,7005254,120000000,17.1,,업무,일반상업,2026
서울,영등포구,영등포동3가,10-35,1,422675,170000000,402.2,,제2종근린생활,일반상업,2025
서울,영등포구,영등포동3가,17,6,4381291,148000000,32.0,2020,제2종근린생활,일반상업,2026
서울,영등포구,영등포동3가,2*,1,672009,800000000,1190.5,2013,숙박,일반상업,2025
서울,영등포구,영등포동3가,4-1,1,5966911,660000000,110.6,2021,제2종근린생활,일반상업,2025
서울,영등포구,영등포동3가,7,13,15120968,75000000,5.0,2005,판매,일반상업,2026
서울,영등포구,영등포동3가,9-13,355,5040323,25000000,5.0,2005,판매,일반상업,2026
서울,영등포구,영등포동4가,1**,8,27502750,1100000000,37.8,2004,제1종근린생활,준주거,2026
서울,영등포구,영등포동4가,4**,5,18124642,3800000000,122.2,1985,제1종근린생활,일반상업,2026
서울,영등포구,영등포동4가,55,35,15677753,579560000,35.3,2023,제2종근린생활,준주거,2025
서울,영등포구,영등포동4가,7*,1,6031068,83145810000,13786.2,2024,업무,준주거,2024
서울,영등포구,영등포동4가,9*,1,11327517,3350000000,295.7,1969,제2종근린생활,준주거,2025
서울,영등포구,영등포동5가,*,1,4000057,707850000,177.0,1970,제2종근린생활,준주거,2025
서울,영등포구,영등포동5가,1*,3,6722689,1200000000,81.3,1954,제1종근린생활,준주거,2026
서울,영등포구,영등포동5가,18-106,1,6846828,641000000,93.6,,제1종근린생활,일반상업,2025
서울,영등포구,영등포동5가,18-112,1,6421483,220000000,34.3,,제2종근린생활,일반상업,2025
서울,영등포구,영등포동5가,18-113,1,5697356,500000000,87.8,,제2종근린생활,일반상업,2025
서울,영등포구,영등포동5가,18-120,1,8584612,800000000,93.2,,제2종근린생활,준주거,2026
서울,영등포구,영등포동5가,18-230,1,12709360,645000000,50.8,1970,제1종근린생활,일반상업,2024
서울,영등포구,영등포동5가,18-5,1,11598070,769300000,66.3,,제1종근린생활,준주거,2026
서울,영등포구,영등포동5가,18-68,1,9557476,365000000,38.2,,제1종근린생활,일반상업,2025
서울,영등포구,영등포동5가,19-12,1,9555048,670000000,70.1,1962,판매,준주거,2025
서울,영등포구,영등포동5가,19-3,1,7467604,340000000,45.5,,제1종근린생활,준주거,2026
서울,영등포구,영등포동5가,19-30,1,10178781,780000000,76.6,1971,판매,일반상업,2025
서울,영등포구,영등포동5가,19-59,1,2051120,65000000,31.7,,제1종근린생활,준주거,2026
서울,영등포구,영등포동5가,19-7,2,9439200,340000000,36.0,1971,제1종근린생활,준주거,2026
서울,영등포구,영등포동5가,2*,1,50420168,300000000,6.0,,제1종근린생활,일반상업,2025
서울,영등포구,영등포동5가,24,20,39656921,607500000,13.3,1971,제2종근린생활,일반상업,2026
서울,영등포구,영등포동5가,3*,2,27601500,2000000000,77.7,1960,제1종근린생활,준주거,2026
서울,영등포구,영등포동5가,4*,1,2316173,1145000000,494.4,1988,제2종근린생활,준주거,2024
서울,영등포구,영등포동6가,6*,1,6399555,2760000000,431.3,1992,제2종근린생활,준공업,2025
서울,영등포구,영등포동7가,203,5,6137725,370000000,66.8,2017,판매,준주거,2026
서울,영등포구,영등포동7가,208,7,8991141,670000000,36.2,2020,업무,일반상업,2026
서울,영등포구,영등포동7가,6*,2,6645706,12145855000,1831.1,2005,제1종근린생활,일반상업,2025
서울,영등포구,영등포동7가,94-99,3,18741633,700000000,37.4,2018,제1종근린생활,준주거,2025
서울,영등포구,영등포동8가,3*,8,22468547,1999500000,51.2,1988,제1종근린생활,준공업,2026
서울,영등포구,영등포동8가,76-1,1,2862120,230000000,80.4,1999,제2종근린생활,일반상업,2025
서울,용산구,갈월동,101-49,3,11381101,980000000,42.3,2004,제2종근린생활,일반상업,2025
서울,용산구,갈월동,22,2,21144279,765000000,36.2,2004,제2종근린생활,준주거,2026
서울,용산구,갈월동,5*,2,36463081,1600000000,43.9,1955,제1종근린생활,제2종일반주거,2025
서울,용산구,갈월동,7*,3,6286343,5000000000,321.2,1955,제2종근린생활,일반상업,2026
서울,용산구,갈월동,89-9,6,17426012,2150000000,118.8,1979,업무,일반상업,2026
서울,용산구,갈월동,9*,4,29362764,3550000000,263.0,1967,제2종근린생활,일반상업,2026
서울,용산구,갈월동,93-38,2,38444660,1550000000,40.3,2009,제2종근린생활,일반상업,2026
서울,용산구,갈월동,93-42,1,33670034,1000000000,29.7,2008,제2종근린생활,일반상업,2025
서울,용산구,남영동,*,12,28459141,677000000,16.9,1956,제1종근린생활,제2종일반주거,2025
서울,용산구,남영동,1*,1,58519108,1470000000,25.1,1943,제1종근린생활,제2종일반주거,2026
서울,용산구,남영동,100-5,2,55000000,660000000,12.0,2008,제2종근린생활,제2종일반주거,2025
서울,용산구,남영동,105-1,1,39598997,790000000,20.0,2008,제2종근린생활,제2종일반주거,2026
서울,용산구,남영동,108-10,3,35353535,700000000,19.8,2008,제2종근린생활,제2종일반주거,2026
서울,용산구,남영동,114-13,1,36541889,820000000,22.4,2008,제1종근린생활,제2종일반주거,2026
서울,용산구,남영동,114-14,2,31250000,650000000,20.8,2008,제2종근린생활,제2종일반주거,2025
서울,용산구,남영동,114-7,1,24406573,401000000,16.4,2008,제2종근린생활,제2종일반주거,2025
서울,용산구,남영동,120-4,2,30935674,632500000,20.4,2008,제1종근린생활,제2종일반주거,2025
서울,용산구,남영동,2*,6,19157879,975000000,53.8,1969,제2종근린생활,제2종일반주거,2026
서울,용산구,남영동,3*,12,45167118,1000000000,22.1,1961,제1종근린생활,제2종일반주거,2026
서울,용산구,남영동,35-1,1,59220029,1230000000,20.8,2008,제2종근린생활,제2종일반주거,2026
서울,용산구,남영동,48-1,4,15951057,400000000,25.8,2008,제2종근린생활,제2종일반주거,2026
서울,용산구,남영동,48-4,2,30886508,933700000,30.2,2008,제2종근린생활,제2종일반주거,2026
서울,용산구,남영동,5*,1,23807256,10000000000,420.0,1981,제2종근린생활,제2종일반주거,2026
서울,용산구,남영동,54,2,33616083,910000000,27.1,2008,제2종근린생활,제2종일반주거,2026
서울,용산구,남영동,56-1,3,27603075,790000000,28.6,2008,제1종근린생활,제2종일반주거,2026
서울,용산구,남영동,57-5,3,26806527,575000000,21.0,2008,제2종근린생활,제2종일반주거,2026
서울,용산구,남영동,6*,2,23498662,4250500000,191.8,1963,제2종근린생활,제2종일반주거,2026
서울,용산구,남영동,79,4,25915910,775000000,30.1,2008,제2종근린생활,제2종일반주거,2026
서울,용산구,남영동,8*,1,40122728,5100000000,127.1,1954,기타,제2종일반주거,2026
서울,용산구,남영동,9*,3,22191401,3200000000,127.3,1954,제2종근린생활,제2종일반주거,2026
서울,용산구,남영동,90-4,3,77260755,880000000,11.4,2008,제2종근린생활,제2종일반주거,2026
서울,용산구,남영동,93-1,2,39222590,778000000,19.9,2008,제2종근린생활,제2종일반주거,2025
서울,용산구,남영동,99-1,5,34948742,750000000,21.5,2008,제1종근린생활,제2종일반주거,2026
서울,용산구,도원동,28,3,6313131,180000000,27.7,2001,제2종근린생활,제3종일반주거,2026
서울,용산구,동빙고동,*,2,25567812,8240000000,341.2,1997,제2종근린생활,제2종일반주거,2026
서울,용산구,동빙고동,106-1,1,8996042,1000000000,111.2,1997,제1종근린생활,제3종일반주거,2025
서울,용산구,동빙고동,225-1,5,41633624,2100000000,50.4,1993,제1종근린생활,제2종일반주거,2025
서울,용산구,동빙고동,252-1,3,33333333,1350000000,52.8,1991,제1종근린생활,제2종일반주거,2026
서울,용산구,동빙고동,3*,4,13182647,5800000000,510.5,1999,제2종근린생활,제2종일반주거,2025
서울,용산구,동빙고동,38-18,2,34155256,2275000000,67.3,1983,제2종근린생활,제2종일반주거,2025
서울,용산구,동빙고동,56-2,2,68517081,1765000000,25.8,1993,제1종근린생활,제3종일반주거,2025
서울,용산구,동빙고동,7*,1,69016153,4700000000,68.1,1977,제2종근린생활,제3종일반주거,2026
서울,용산구,동빙고동,71-1,3,52631579,1800000000,34.2,1997,제1종근린생활,제3종일반주거,2025
서울,용산구,동빙고동,8*,1,16106531,5080000000,315.4,1990,제2종근린생활,제3종일반주거,2025
서울,용산구,동빙고동,89-1,4,50499365,1750000000,36.0,1974,제2종근린생활,제3종일반주거,2026
서울,용산구,동빙고동,9*,2,12585574,6894000000,547.8,1982,제2종근린생활,제3종일반주거,2025
서울,용산구,동자동,*,1,14823031,1470000000,99.2,1932,제2종근린생활,제2종일반주거,2025
서울,용산구,동자동,4*,2,9569378,1100000000,115.0,1968,제1종근린생활,일반상업,2026
서울,용산구,동자동,43-56,2,24797325,507500000,21.7,2004,제1종근린생활,제3종일반주거,2025
서울,용산구,동자동,43-59,1,10775862,550000000,51.0,1981,제2종근린생활,제3종일반주거,2026
서울,용산구,동자동,45,84,18828312,3776670000,196.7,2013,업무,일반상업,2025
서울,용산구,동자동,56,14,19580543,14399140000,735.4,2015,숙박,일반상업,2025
서울,용산구,문배동,24-6,4,10542060,521280000,43.4,2007,제2종근린생활,준주거,2025
서울,용산구,문배동,3-3,3,10917816,364000000,34.5,2007,제2종근린생활,일반상업,2026
서울,용산구,문배동,40-39,3,13809182,385000000,27.9,2006,제1종근린생활,일반상업,2025
서울,용산구,보광동,2**,8,30352541,5800000000,178.2,1974,제1종근린생활,제2종일반주거,2026
서울,용산구,보광동,201-18,2,53843549,1590000000,29.5,2003,제1종근린생활,제2종일반주거,2026
서울,용산구,보광동,210-7,1,62680810,3900000000,62.2,2001,제1종근린생활,제2종일반주거,2026
서울,용산구,보광동,448,3,53571429,2100000000,39.2,1992,제1종근린생활,제2종일반주거,2026
서울,용산구,보광동,7*,1,29018296,5900000000,203.3,,제1종근린생활,제2종일반주거,2025
서울,용산구,보광동,9*,2,31656400,6475000000,204.5,1985,제1종근린생활,제2종일반주거,2025
서울,용산구,산천동,*,4,13709115,1635000000,145.3,1985,제2종근린생활,제2종일반주거,2026
서울,용산구,산천동,202,2,2911174,600000000,241.9,2001,업무,제2종일반주거,2025
서울,용산구,서계동,10-7,1,21200572,445000000,21.0,2007,제2종근린생활,제2종일반주거,2025
서울,용산구,서계동,100-1,4,10928363,1104000000,100.1,2025,제2종근린생활,준주거,2025
서울,용산구,서계동,19-2,1,16592920,450000000,27.1,2008,제2종근린생활,제2종일반주거,2025
서울,용산구,서계동,2**,5,23173558,900000000,70.4,1969,제1종근린생활,제2종일반주거,2026
서울,용산구,서계동,223-60,2,17070979,575000000,34.4,2007,제2종근린생활,일반상업,2026
서울,용산구,서계동,223-64,1,26952141,749000000,27.8,,업무,일반상업,2026
서울,용산구,서계동,228-31,2,26852459,409500000,15.2,2008,제1종근린생활,제2종일반주거,2026
서울,용산구,서계동,229-8,1,13319672,650000000,48.8,2007,제1종근린생활,제2종일반주거,2025
서울,용산구,서계동,232-2,1,12722646,400000000,31.4,2007,제2종근린생활,제2종일반주거,2024
서울,용산구,서계동,234-5,4,17577799,555000000,30.4,2008,업무,제2종일반주거,2026
서울,용산구,서계동,247-45,2,11763736,445000000,37.8,2007,제2종근린생활,제3종일반주거,2026
서울,용산구,서계동,250-8,2,19901685,495000000,25.1,2008,제2종근린생활,제2종일반주거,2026
서울,용산구,서계동,252-16,1,16176471,330000000,20.4,2008,제1종근린생활,제2종일반주거,2026
서울,용산구,서계동,261-6,1,6944444,340000000,49.0,2009,제1종근린생활,제1종일반주거,2025
서울,용산구,서계동,32-1,3,34497628,795000000,23.2,2007,업무,제2종일반주거,2026
서울,용산구,서계동,33-110,6,14571429,510000000,34.8,2009,제2종근린생활,제3종일반주거,2026
서울,용산구,서계동,33-16,1,15837821,500000000,31.6,2007,제2종근린생활,제1종일반주거,2026
서울,용산구,서계동,33-21,1,10777085,380000000,35.3,2007,제2종근린생활,제2종일반주거,2024
서울,용산구,서계동,33-258,2,13069770,530000000,41.0,2007,제1종근린생활,제3종일반주거,2026
서울,용산구,서계동,33-34,2,14187575,475000000,33.5,2007,제2종근린생활,제3종일반주거,2026
서울,용산구,서계동,33-53,1,23453094,470000000,20.0,2009,제2종근린생활,제3종일반주거,2026
서울,용산구,서계동,33-78,1,16757866,490000000,29.2,2009,제2종근린생활,제3종일반주거,2025
서울,용산구,서계동,36,6,15754798,565000000,34.7,2007,제2종근린생활,제2종일반주거,2026
서울,용산구,서계동,42,2,19913114,700000000,35.3,2008,업무,제2종일반주거,2026
서울,용산구,서빙고동,1**,1,23677606,5000000000,211.2,,제2종근린생활,제2종일반주거,2025
서울,용산구,서빙고동,271-40,1,15276041,1710000000,111.9,1970,제1종근린생활,제3종일반주거,2026
서울,용산구,서빙고동,36,2,9468806,250000000,26.4,2025,제2종근린생활,제3종일반주거,2025
서울,용산구,서빙고동,86-1,1,62638172,1700000000,27.1,1994,제1종근린생활,제3종일반주거,2025
서울,용산구,신계동,1*,1,8906340,4650000000,522.1,2004,제1종근린생활,제2종일반주거,2026
서울,용산구,신계동,12-21,6,26024639,1426670000,54.8,2007,제2종근린생활,제2종일반주거,2026
서울,용산구,신계동,2*,4,25917874,1710000000,63.1,1967,제1종근린생활,제2종일반주거,2026
서울,용산구,신계동,3*,2,11228560,3200000000,286.3,2002,제2종근린생활,제2종일반주거,2025
서울,용산구,신계동,43-19,2,18358018,1010000000,50.8,,판매,일반상업,2026
서울,용산구,신계동,43-20,1,77884615,810000000,10.4,,판매,일반상업,2025
서울,용산구,신계동,43-8,10,55944444,615000000,9.7,1988,판매,일반상업,2025
서울,용산구,신계동,48,1,13227513,800000000,60.5,2011,제2종근린생활,제1종일반주거,2025
서울,용산구,신계동,8-3,1,5533597,350000000,63.2,2016,제2종근린생활,제2종일반주거,2024
서울,용산구,신창동,3*,1,17924926,1700000000,94.8,,제2종근린생활,제2종일반주거,2025
서울,용산구,신창동,56-15,1,5265929,100000000,19.0,2019,제2종근린생활,제2종일반주거,2025
서울,용산구,신창동,77-103,1,6410256,80000000,12.5,2008,제2종근린생활,제2종일반주거,2025
서울,용산구,용문동,*,1,10291992,3560000000,345.9,2000,제1종근린생활,제2종일반주거,2025
서울,용산구,용문동,1*,2,14014014,1400000000,99.9,1996,제2종근린생활,제2종일반주거,2025
서울,용산구,용문동,2*,3,16090105,2600000000,129.0,1969,제2종근린생활,제2종일반주거,2025
서울,용산구,용문동,2-9,2,19998347,212000000,12.0,1990,제2종근린생활,제2종일반주거,2025
서울,용산구,용문동,23-14,2,53217822,215000000,4.0,2021,제2종근린생활,제2종일반주거,2026
서울,용산구,용문동,23-15,5,44345898,397000000,9.0,1956,제2종근린생활,제2종일반주거,2025
서울,용산구,용문동,25-13,7,40941176,420000000,9.4,1978,제1종근린생활,제2종일반주거,2026
서울,용산구,용문동,29-2,1,9988901,450000000,45.0,2009,제2종근린생활,제2종일반주거,2025
서울,용산구,용문동,3*,1,8147841,3730000000,457.8,1970,제1종근린생활,제2종일반주거,2025
서울,용산구,용문동,32-3,5,53521127,380000000,7.0,2025,제2종근린생활,제2종일반주거,2025
서울,용산구,용문동,32-40,1,26168224,280000000,10.7,1969,제2종근린생활,제2종일반주거,2026
서울,용산구,용문동,35-8,1,39886040,140000000,3.5,1969,제2종근린생활,제2종일반주거,2025
서울,용산구,용문동,38-129,2,7948244,215000000,27.0,2008,제2종근린생활,제2종일반주거,2025
서울,용산구,용문동,38-142,1,22119342,430000000,19.4,2024,제1종근린생활,제2종일반주거,2025
서울,용산구,용문동,38-177,1,4664514,130000000,27.9,2025,제2종근린생활,제2종일반주거,2026
서울,용산구,용문동,38-205,1,6725297,130000000,19.3,2018,제2종근린생활,제2종일반주거,2025
서울,용산구,용문동,38-46,1,9073234,280000000,30.9,2016,제1종근린생활,제2종일반주거,2026
서울,용산구,용문동,49-2,10,11925067,100000000,8.6,2023,제2종근린생활,제2종일반주거,2026
서울,용산구,용산동2가,*,15,9731544,1250000000,128.8,1975,제2종근린생활,제1종일반주거,2026
서울,용산구,용산동2가,1*,3,9530069,2250000000,254.7,1984,제2종근린생활,제1종일반주거,2026
서울,용산구,용산동2가,1-1933,1,3767267,90000000,23.9,2007,제2종근린생활,제1종일반주거,2025
서울,용산구,용산동2가,1-709,1,10764263,300000000,27.9,2010,제2종근린생활,제1종일반주거,2026
서울,용산구,용산동2가,15-16,1,7853403,240000000,30.6,2008,제1종근린생활,제1종일반주거,2025
서울,용산구,용산동2가,20-14,1,12534819,270000000,21.5,2007,제2종근린생활,제1종일반주거,2026
서울,용산구,용산동2가,23-13,2,8172765,377500000,46.2,2008,제2종근린생활,제1종일반주거,2025
서울,용산구,용산동2가,3*,2,16666667,975000000,69.8,1985,제2종근린생활,제1종일반주거,2025
서울,용산구,용산동2가,30-12,1,6443299,150000000,23.3,2008,제2종근린생활,제1종일반주거,2024
서울,용산구,용산동2가,33-32,4,10874702,415000000,41.0,2016,제2종근린생활,제1종일반주거,2025
서울,용산구,용산동2가,35-13,1,11202830,380000000,33.9,2008,제2종근린생활,제1종일반주거,2025
서울,용산구,용산동2가,35-3,1,13895322,300000000,21.6,2007,제2종근린생활,제1종일반주거,2024
서울,용산구,용산동2가,35-5,8,13103012,226950000,19.6,2008,제2종근린생활,제1종일반주거,2025
서울,용산구,용산동2가,37-4,1,11679514,500000000,42.8,1981,제1종근린생활,제1종일반주거,2025
서울,용산구,용산동2가,39-24,2,8673091,155000000,19.6,2008,제2종근린생활,제1종일반주거,2026
서울,용산구,용산동2가,44-5,1,8333333,200000000,24.0,2007,제1종근린생활,제1종일반주거,2026
서울,용산구,용산동2가,45-10,1,20942408,840000000,40.1,2008,제2종근린생활,제2종일반주거,2025
서울,용산구,용산동3가,5-3,2,8356546,180000000,21.5,2008,제1종근린생활,제2종일반주거,2025
서울,용산구,용산동3가,6-29,1,3896564,110000000,28.2,2007,제2종근린생활,제2종일반주거,2026
서울,용산구,용산동5가,*,2,50733226,116000000000,2286.5,1997,업무,제2종일반주거,2026
서울,용산구,용산동5가,24,1,1641597,215000000,131.0,2009,판매,제1종일반주거,2025
서울,용산구,원효로1가,1**,2,42103519,2785205000,70.5,1966,제2종근린생활,일반상업,2026
서울,용산구,원효로1가,13-2,1,13888889,210000000,15.1,,제2종근린생활,제2종일반주거,2026
서울,용산구,원효로1가,13-7,3,14511873,440000000,30.3,2008,제2종근린생활,제2종일반주거,2026
서울,용산구,원효로1가,133-3,5,8599509,350000000,40.7,2010,제2종근린생활,일반상업,2025
서울,용산구,원효로1가,17-54,3,10964912,300000000,27.4,2008,제1종근린생활,제2종일반주거,2026
서울,용산구,원효로1가,17-7,2,13971561,422500000,30.2,2007,제2종근린생활,제2종일반주거,2025
서울,용산구,원효로1가,19-5,1,10087506,415000000,41.1,2017,제1종근린생활,제2종일반주거,2025
서울,용산구,원효로1가,26-26,1,14991182,425000000,28.4,2007,제2종근린생활,제2종일반주거,2025
서울,용산구,원효로1가,26-33,7,13830814,438000000,31.1,2008,제2종근린생활,제2종일반주거,2026
서울,용산구,원효로1가,26-59,1,21756979,530000000,24.4,2008,제2종근린생활,제2종일반주거,2026
서울,용산구,원효로1가,29-35,1,18458699,400000000,21.7,2023,제1종근린생활,제2종일반주거,2026
서울,용산구,원효로1가,29-38,2,4317932,75000000,17.4,,기타,제2종일반주거,2025
서울,용산구,원효로1가,3*,1,11072423,1590000000,143.6,1962,제2종근린생활,일반상업,2026
서울,용산구,원효로1가,4*,4,26915420,1610500000,106.6,1965,판매,일반상업,2026
서울,용산구,원효로1가,41,1,10698610,585000000,54.7,2014,판매,일반상업,2024
서울,용산구,원효로1가,5*,1,16519542,3047360000,184.5,1960,제2종근린생활,일반상업,2026
서울,용산구,원효로1가,50-5,1,7879656,330000000,41.9,2022,제1종근린생활,제2종일반주거,2024
서울,용산구,원효로1가,51-4,1,10268562,455000000,44.3,2007,제2종근린생활,제3종일반주거,2026
서울,용산구,원효로2가,*,2,10301041,10700000000,1038.7,1989,제2종근린생활,제3종일반주거,2026
서울,용산구,원효로2가,2*,2,17139240,5339415000,319.3,1974,제1종근린생활,제3종일반주거,2026
서울,용산구,원효로2가,25,5,20397101,422220000,20.7,2023,제1종근린생활,제3종일반주거,2024
서울,용산구,원효로2가,3*,3,24081878,2400000000,99.7,1993,제1종근린생활,제3종일반주거,2026
서울,용산구,원효로2가,4*,1,9718551,5000000000,514.5,,숙박,제3종일반주거,2024
서울,용산구,원효로2가,5*,7,21374829,2100000000,113.5,1958,제2종근린생활,제3종일반주거,2026
서울,용산구,원효로2가,52-14,4,68201380,368300000,5.5,1972,제2종근린생활,제3종일반주거,2026
서울,용산구,원효로2가,57-1,2,52730590,343500000,6.5,2026,제2종근린생활,제3종일반주거,2026
서울,용산구,원효로2가,6*,2,15031116,3000000000,198.5,1990,제2종근린생활,제3종일반주거,2025
서울,용산구,원효로2가,61-21,2,48174950,438900000,9.2,1993,제2종근린생활,제3종일반주거,2026
서울,용산구,원효로2가,61-8,2,66818182,294000000,4.4,2025,제2종근린생활,제3종일반주거,2025
서울,용산구,원효로2가,65-17,1,3892734,270000000,69.4,2008,제2종근린생활,제3종일반주거,2025
서울,용산구,원효로2가,65-6,7,54161765,287700000,5.3,1992,제2종근린생활,제3종일반주거,2026
서울,용산구,원효로2가,77-20,1,5462822,900000000,164.8,2001,업무,제2종일반주거,2025
서울,용산구,원효로2가,8*,3,16547320,1710000000,103.3,1954,제1종근린생활,제3종일반주거,2026
서울,용산구,원효로2가,80-15,43,30833333,290000000,10.4,1988,제2종근린생활,제3종일반주거,2026
서울,용산구,원효로2가,88-4,2,39247287,410140000,10.5,2025,제2종근린생활,제2종일반주거,2026
서울,용산구,원효로2가,9*,1,21400050,1715000000,80.1,1963,제1종근린생활,제2종일반주거,2026
서울,용산구,원효로3가,1-66,1,29661017,210000000,7.1,1965,제2종근린생활,제2종일반주거,2026
서울,용산구,원효로3가,183,3,31316348,280000000,9.4,2021,제2종근린생활,제2종일반주거,2026
서울,용산구,원효로3가,196-1,1,13924703,270000000,19.4,2021,제1종근린생활,제2종일반주거,2025
서울,용산구,원효로3가,215-2,1,14347826,330000000,23.0,2023,제1종근린생활,제2종일반주거,2025
서울,용산구,원효로3가,252-21,5,10024676,650000000,64.8,1995,제2종근린생활,제2종일반주거,2026
서울,용산구,원효로3가,252-7,1,1353965,28000000,20.7,2023,제1종근린생활,제2종일반주거,2025
서울,용산구,원효로3가,9-2,3,22610483,200000000,9.5,2023,제2종근린생활,제2종일반주거,2026
서울,용산구,원효로4가,1**,6,35372671,2850000000,67.8,1974,제1종근린생활,제2종일반주거,2026
서울,용산구,원효로4가,101-1,4,16085141,139000000,8.6,2023,제2종근린생활,제2종일반주거,2026
서울,용산구,원효로4가,9*,2,9723163,5170000000,531.7,1990,제2종근린생활,제2종일반주거,2025
서울,용산구,이촌동,2**,2,18361931,2925000000,158.5,1976,제1종근린생활,제2종일반주거,2025
서울,용산구,이촌동,203-8,2,29619349,1190000000,42.3,1974,제2종근린생활,제2종일반주거,2026
서울,용산구,이촌동,203-9,1,24539877,1760000000,71.7,1984,제1종근린생활,제2종일반주거,2025
서울,용산구,이촌동,3**,1,24373259,700000000,28.7,1970,제2종근린생활,제3종일반주거,2024
서울,용산구,이촌동,300-10,1,54567023,920000000,16.9,1974,제2종근린생활,제3종일반주거,2025
서울,용산구,이촌동,300-153,2,44438638,3199600000,69.1,1971,제1종근린생활,제2종일반주거,2026
서울,용산구,이촌동,300-20,3,17062607,1300000000,76.2,1976,제2종근린생활,제3종일반주거,2024
서울,용산구,이촌동,300-27,4,14829258,237500000,15.8,1970,제1종근린생활,제3종일반주거,2026
서울,용산구,이촌동,301-160,2,34399151,2999950000,87.2,1974,제1종근린생활,제3종일반주거,2024
서울,용산구,이촌동,302-68,1,34653465,1260000000,36.4,1976,제2종근린생활,제3종일반주거,2025
서울,용산구,이태원동,1**,12,14880649,7025000000,575.0,1989,제2종근린생활,제1종일반주거,2026
서울,용산구,이태원동,137-8,1,9615385,130000000,13.5,1998,제2종근린생활,제2종일반주거,2026
서울,용산구,이태원동,140-16,1,12967581,520000000,40.1,1996,제1종근린생활,제2종일반주거,2025
서울,용산구,이태원동,155-17,1,10097125,1050000000,104.0,1994,제1종근린생활,제1종일반주거,2025
서울,용산구,이태원동,2**,20,11376801,2450000000,206.1,1991,제2종근린생활,제2종일반주거,2026
서울,용산구,이태원동,200-4,6,11487392,562000000,48.9,1986,제2종근린생활,제1종일반주거,2025
서울,용산구,이태원동,223-20,2,4210318,636245000,174.9,2024,제2종근린생활,제1종일반주거,2026
서울,용산구,이태원동,254-38,1,6872852,320000000,46.6,2002,제1종근린생활,제2종일반주거,2025
서울,용산구,이태원동,258-260,1,8627301,225000000,26.1,2008,제2종근린생활,제1종일반주거,2026
서울,용산구,이태원동,3*,7,18649079,3270000000,175.0,1989,제1종근린생활,제2종일반주거,2026
서울,용산구,이태원동,4**,2,4881832,8022070000,1643.2,2017,제2종근린생활,제2종일반주거,2026
서울,용산구,이태원동,44-57,1,17585659,1550000000,88.1,2022,제2종근린생활,제2종일반주거,2025
서울,용산구,이태원동,5*,1,42291951,3100000000,73.3,1959,제2종근린생활,제2종일반주거,2025
서울,용산구,이태원동,5**,2,15053462,3440000000,228.1,1992,제2종근린생활,제1종일반주거,2026
서울,용산구,이태원동,6*,3,8251330,124100000,15.0,1990,제1종근린생활,제2종일반주거,2026
서울,용산구,이태원동,6**,2,13860131,3750000000,269.4,1976,제2종근린생활,제2종일반주거,2024
서울,용산구,이태원동,9*,1,21164567,8200000000,387.4,1993,제1종근린생활,제2종일반주거,2026
서울,용산구,주성동,1-18,1,75295805,2100000000,27.9,1976,제2종근린생활,제2종일반주거,2025
서울,용산구,주성동,43-29,1,55327869,1080000000,19.5,2003,제2종근린생활,제2종일반주거,2025
서울,용산구,청파동1가,1**,2,5798735,3000000000,506.6,1969,제1종근린생활,제2종일반주거,2025
서울,용산구,청파동1가,1-121,1,13947001,400000000,28.7,2008,제2종근린생활,제2종일반주거,2025
서울,용산구,청파동1가,1-154,1,9290541,440000000,47.4,2021,제1종근린생활,제2종일반주거,2025
서울,용산구,청파동1가,1-156,2,22248823,412500000,18.6,2007,제2종근린생활,제2종일반주거,2025
서울,용산구,청파동1가,1-162,1,16666667,350000000,21.0,2008,제2종근린생활,제2종일반주거,2025
서울,용산구,청파동1가,1-170,4,15490196,395000000,25.5,2008,제1종근린생활,제2종일반주거,2026
서울,용산구,청파동1가,1-3,1,12000000,360000000,30.0,2007,제2종근린생활,제2종일반주거,2024
서울,용산구,청파동1가,1-6,2,19096120,361500000,19.4,2008,제1종근린생활,제2종일반주거,2025
서울,용산구,청파동1가,1-77,1,15567766,340000000,21.8,2008,제2종근린생활,제2종일반주거,2026
서울,용산구,청파동1가,1-78,1,21929825,450000000,20.5,2008,제2종근린생활,제2종일반주거,2026
서울,용산구,청파동1가,100-39,1,6725146,230000000,34.2,2009,제1종근린생활,제2종일반주거,2024
서울,용산구,청파동1가,132-14,1,11838322,700000000,59.1,2019,제2종근린생활,제2종일반주거,2026
서울,용산구,청파동1가,139-1,3,19550342,397500000,20.5,2008,제2종근린생활,제3종일반주거,2025
서울,용산구,청파동1가,200-3,2,13600746,305000000,23.3,2008,제2종근린생활,제2종일반주거,2025
서울,용산구,청파동1가,204-6,1,7255655,170000000,23.4,2008,제2종근린생활,제2종일반주거,2026
서울,용산구,청파동1가,3-85,1,14955135,300000000,20.1,2008,제2종근린생활,제2종일반주거,2025
서울,용산구,청파동1가,3-86,1,16417910,330000000,20.1,2008,제2종근린생활,제1종일반주거,2024
서울,용산구,청파동1가,89-113,2,13489841,290000000,21.6,2008,제2종근린생활,제2종일반주거,2025
서울,용산구,청파동1가,89-29,2,14564721,365000000,25.0,2008,제2종근린생활,제2종일반주거,2026
서울,용산구,청파동1가,89-36,1,12831300,305000000,23.8,2008,제1종근린생활,제1종일반주거,2025
서울,용산구,청파동1가,89-43,2,10235366,220000000,21.4,2008,제2종근린생활,제2종일반주거,2025
서울,용산구,청파동1가,89-92,1,11443356,350510000,30.6,2008,제2종근린생활,제1종일반주거,2025
서울,용산구,청파동1가,91-14,1,14058957,310000000,22.0,2008,제1종근린생활,제1종일반주거,2024
서울,용산구,청파동1가,97-10,1,7196855,238000000,33.1,2025,제2종근린생활,제2종일반주거,2025
서울,용산구,청파동1가,97-11,1,11249498,280000000,24.9,2021,제2종근린생활,제2종일반주거,2025
서울,용산구,청파동1가,97-23,1,12719506,268000000,21.1,2008,제2종근린생활,제2종일반주거,2026
서울,용산구,청파동1가,97-65,2,8921377,300000000,33.9,2008,제2종근린생활,제2종일반주거,2026
서울,용산구,청파동1가,98-14,4,5964819,235000000,41.0,2016,제2종근린생활,제2종일반주거,2026
서울,용산구,청파동2가,1**,2,18312438,1850000000,101.0,1976,제2종근린생활,제3종일반주거,2026
서울,용산구,청파동2가,1-45,2,10553279,309000000,29.3,2008,제2종근린생활,제1종일반주거,2026
서울,용산구,청파동2가,1-47,3,10386373,250000000,24.1,2021,제2종근린생활,,2025
서울,용산구,청파동2가,10-156,3,11350060,270000000,24.2,2008,제1종근린생활,제2종일반주거,2025
서울,용산구,청파동2가,10-20,2,8331334,255000000,30.6,2008,제1종근린생활,제2종일반주거,2025
서울,용산구,청파동2가,10-21,3,9743423,300000000,30.8,2008,제2종근린생활,제2종일반주거,2025
서울,용산구,청파동2가,10-23,4,9128200,235000000,25.9,2008,제2종근린생활,제2종일반주거,2025
서울,용산구,청파동2가,10-42,3,6044487,375000000,62.0,2008,제2종근린생활,제2종일반주거,2025
서울,용산구,청파동2가,2-20,4,11024654,240000000,23.7,2008,제1종근린생활,제2종일반주거,2025
서울,용산구,청파동2가,3-5,1,11538462,300000000,26.0,2008,제2종근린생활,제1종일반주거,2025
서울,용산구,청파동2가,5-1,3,14743264,290000000,19.7,2008,제2종근린생활,제1종일반주거,2025
서울,용산구,청파동2가,5-4,1,13649425,285000000,20.9,2008,제2종근린생활,제1종일반주거,2024
서울,용산구,청파동2가,69-2,5,11875309,240000000,20.2,2008,제2종근린생활,제2종일반주거,2026
서울,용산구,청파동2가,7*,1,7320864,7300000000,997.2,1991,제1종근린생활,제2종일반주거,2024
서울,용산구,청파동2가,71-88,2,7319655,1036000000,138.3,2009,제1종근린생활,제2종일반주거,2024
서울,용산구,청파동2가,9*,2,21875123,2361500000,108.0,1964,제1종근린생활,제3종일반주거,2026
서울,용산구,청파동3가,1**,1,18802294,4000000000,212.7,2003,제1종근린생활,제2종일반주거,2026
서울,용산구,청파동3가,109-3,1,11094346,1250000000,112.7,2002,제1종근린생활,제2종일반주거,2025
서울,용산구,청파동3가,118-407,1,6689858,250000000,37.4,2023,제2종근린생활,제2종일반주거,2024
서울,용산구,청파동3가,130-1,1,4760919,230000000,48.3,2023,제2종근린생활,제3종일반주거,2025
서울,용산구,청파동3가,15-2,6,11668042,2686500000,232.1,2020,제1종근린생활,제3종일반주거,2025
서울,용산구,청파동3가,2*,1,8823293,4400000000,498.7,,제2종근린생활,제3종일반주거,2024
서울,용산구,청파동3가,24-14,2,12822320,317950000,24.8,2024,제2종근린생활,제3종일반주거,2024
서울,용산구,한강로1가,1**,1,50420168,2700000000,53.6,1959,제2종근린생활,제2종일반주거,2026
서울,용산구,한강로1가,166-6,1,35211268,1000000000,28.4,2001,제2종근린생활,제2종일반주거,2026
서울,용산구,한강로1가,2**,9,19738023,6000000000,278.6,1971,제2종근린생활,제2종일반주거,2026
서울,용산구,한강로1가,216-13,3,11008523,310000000,28.2,2008,제1종근린생활,제2종일반주거,2025
서울,용산구,한강로1가,216-14,2,5514162,222500000,40.4,2008,제1종근린생활,제2종일반주거,2026
서울,용산구,한강로1가,216-16,1,11849344,280000000,23.6,2008,제2종근린생활,제2종일반주거,2024
서울,용산구,한강로1가,216-19,1,10726325,350000000,32.6,2008,제2종근린생활,제2종일반주거,2025
서울,용산구,한강로1가,216-2,1,12731131,420000000,33.0,2007,제1종근린생활,제2종일반주거,2024
서울,용산구,한강로1가,216-21,3,10416667,315000000,30.2,2007,업무,제2종일반주거,2024
서울,용산구,한강로1가,229,1,8930843,224700000,25.2,2008,제2종근린생활,제2종일반주거,2025
서울,용산구,한강로2가,1**,13,49886621,3300000000,119.5,1962,제2종근린생활,제2종일반주거,2026
서울,용산구,한강로2가,107-10,1,14563107,270000000,18.5,2008,제2종근린생활,제2종일반주거,2025
서울,용산구,한강로2가,107-5,2,15427224,345000000,23.2,2008,제2종근린생활,제2종일반주거,2025
서울,용산구,한강로2가,14-18,13,6336575,217000000,33.9,2010,업무,제3종일반주거,2026
서울,용산구,한강로2가,144-2,1,17320261,530000000,30.6,2008,제2종근린생활,제2종일반주거,2025
서울,용산구,한강로2가,15-14,2,16317019,325000000,20.6,1974,판매,일반상업,2026
서울,용산구,한강로2가,15-37,8,11594203,220000000,20.7,1993,판매,제3종일반주거,2026
서울,용산구,한강로2가,15-47,155,24496938,350000000,14.4,1974,판매,일반상업,2026
서울,용산구,한강로2가,151,1,7323232,290000000,39.6,2008,제1종근린생활,제2종일반주거,2026
서울,용산구,한강로2가,152-1,2,13504366,265000000,26.4,2007,제1종근린생활,제2종일반주거,2026
서울,용산구,한강로2가,2*,3,53093259,9200000000,173.3,1983,제2종근린생활,제2종일반주거,2026
서울,용산구,한강로2가,2**,2,52467274,2720000000,53.0,1983,제2종근린생활,일반상업,2025
서울,용산구,한강로2가,2-131,2,12432100,346500000,27.9,2008,업무,일반상업,2026
서울,용산구,한강로2가,2-14,1,61521253,1100000000,17.9,2008,제2종근린생활,일반상업,2025
서울,용산구,한강로2가,2-15,1,90634441,1800000000,19.9,2008,제2종근린생활,일반상업,2026
서울,용산구,한강로2가,2-37,7,13520699,150000000,9.1,2006,판매,일반상업,2026
서울,용산구,한강로2가,26-1,1,11574074,137500000,11.9,2008,제2종근린생활,제2종일반주거,2026
서울,용산구,한강로2가,3*,1,25226025,25000000000,991.0,2021,제2종근린생활,제2종일반주거,2026
서울,용산구,한강로2가,314-1,1,12881595,730000000,56.7,2002,업무,일반상업,2026
서울,용산구,한강로2가,419,1,12291052,1000000000,81.4,2012,제2종근린생활,일반상업,2026
서울,용산구,한강로2가,420,7,18656716,780000000,37.9,2017,판매,일반상업,2026
서울,용산구,한강로2가,422,8,21487136,1930000000,118.8,2017,판매,일반상업,2026
서울,용산구,한강로2가,46-1,2,6850779,197500000,31.4,2008,제1종근린생활,제2종일반주거,2026
서울,용산구,한강로2가,46-2,1,9575893,257400000,26.9,2008,제2종근린생활,제2종일반주거,2026
서울,용산구,한강로2가,65,1,8178439,220000000,26.9,2008,제2종근린생활,제2종일반주거,2024
서울,용산구,한강로2가,71,2,15364935,335000000,21.9,2008,제2종근린생활,제2종일반주거,2025
서울,용산구,한강로2가,73-1,1,24939904,415000000,16.6,,제2종근린생활,제2종일반주거,2026
서울,용산구,한강로2가,78-1,1,10389610,288000000,27.7,2007,제1종근린생활,제2종일반주거,2025
서울,용산구,한강로2가,79-1,2,18412938,572500000,28.4,2008,제2종근린생활,제2종일반주거,2026
서울,용산구,한강로2가,89,5,8806913,265000000,30.1,2008,제2종근린생활,제2종일반주거,2026
서울,용산구,한강로2가,9*,2,24557522,5550000000,226.0,1995,제1종근린생활,제2종일반주거,2025
서울,용산구,한강로2가,98-2,3,11227255,290000000,25.8,2008,제2종근린생활,제2종일반주거,2026
서울,용산구,한강로3가,16-91,1,10576086,850000000,80.4,,판매,일반상업,2025
서울,용산구,한강로3가,4*,3,21513601,8400000000,428.3,1987,제1종근린생활,일반상업,2025
서울,용산구,한강로3가,40-345,2,50359712,1540000000,30.6,2007,제2종근린생활,준주거,2025
서울,용산구,한강로3가,40-352,1,90852905,1470000000,16.2,2007,제2종근린생활,준주거,2024
서울,용산구,한강로3가,5*,1,57651588,4193000000,72.7,1955,제2종근린생활,제2종일반주거,2025
서울,용산구,한강로3가,6*,6,46250904,3275000000,58.8,1967,제2종근린생활,제2종일반주거,2026
서울,용산구,한강로3가,98,76,15868265,1288875000,76.2,2020,업무,일반상업,2026
서울,용산구,한남동,*,2,17073137,13237000000,876.3,1982,제2종근린생활,제1종일반주거,2025
서울,용산구,한남동,1*,2,41532535,14030000000,338.1,1974,제1종근린생활,제1종일반주거,2025
서울,용산구,한남동,1**,1,18850141,5600000000,297.1,2024,제2종근린생활,준주거,2026
서울,용산구,한남동,1-240,1,14155942,1870000000,132.1,2003,제2종근린생활,제1종일반주거,2026
서울,용산구,한남동,113-2,2,5406095,625000000,116.8,2021,제2종근린생활,준주거,2025
서울,용산구,한남동,258,1,9452736,380000000,40.2,2001,제2종근린생활,준주거,2025
서울,용산구,한남동,274-1,1,13343799,1530000000,114.7,2005,제1종근린생활,준주거,2026
서울,용산구,한남동,3*,2,34252629,9150000000,346.5,1993,제1종근린생활,제3종일반주거,2026
서울,용산구,한남동,5**,1,8841584,15700000000,1775.7,1987,제1종근린생활,제3종일반주거,2026
서울,용산구,한남동,522-1,2,11646581,500000000,42.5,2010,판매,준주거,2024
서울,용산구,한남동,6*,2,20362872,15150000000,725.2,2007,제1종근린생활,준주거,2025
서울,용산구,한남동,6**,12,33260092,4535000000,179.7,1978,제2종근린생활,제2종일반주거,2026
서울,용산구,한남동,657-100,1,6987007,570000000,81.6,2015,제2종근린생활,제1종일반주거,2026
서울,용산구,한남동,684-3,4,22861198,1500000000,63.9,2010,제2종근린생활,제2종일반주거,2026
서울,용산구,한남동,7**,31,20065623,5840000000,302.5,1989,제2종근린생활,제2종일반주거,2026
서울,용산구,한남동,726-74,17,13815261,1395000000,107.6,1972,숙박,제1종일반주거,2026
서울,용산구,한남동,737-28,3,5739036,106000000,18.5,1998,업무,준주거,2026
서울,용산구,한남동,737-37,2,5761984,2945000000,413.2,1986,제2종근린생활,제2종일반주거,2025
서울,용산구,한남동,76-6,1,22542498,610000000,27.1,2024,제1종근린생활,일반상업,2026
서울,용산구,한남동,774-2,1,4102564,200000000,48.8,2007,제2종근린생활,제1종일반주거,2025
서울,용산구,한남동,776-8,1,14092865,3800000000,269.6,2008,제1종근린생활,제1종일반주거,2024
서울,용산구,한남동,9*,1,13869896,7100000000,511.9,1968,제2종근린생활,준주거,2025
서울,용산구,효창동,*,1,6575620,5200000000,790.8,1984,제1종근린생활,제2종일반주거,2024
서울,용산구,효창동,287,1,15461071,1400000000,90.6,2019,제2종근린생활,제2종일반주거,2025
서울,용산구,효창동,3-167,1,13092190,204500000,15.6,1988,제2종근린생활,제1종일반주거,2025
서울,용산구,효창동,5-117,1,12916667,310000000,24.0,2007,제1종근린생활,제2종일반주거,2025
서울,용산구,효창동,5-233,1,5944661,275000000,46.3,2022,제1종근린생활,제2종일반주거,2024
서울,용산구,효창동,5-303,1,17517518,350000000,20.0,2008,제1종근린생활,제2종일반주거,2025
서울,용산구,후암동,1**,3,18636487,1250000000,91.2,1964,제2종근린생활,제2종일반주거,2024
서울,용산구,후암동,115-4,1,17195926,287000000,16.7,1976,기타,제2종일반주거,2026
서울,용산구,후암동,195-1,2,13182819,1197000000,90.8,2003,제2종근린생활,제2종일반주거,2026
서울,용산구,후암동,195-4,1,12276612,1580000000,128.7,2001,제1종근린생활,제2종일반주거,2026
서울,용산구,후암동,2**,1,17535393,1090000000,62.2,1961,제1종근린생활,제2종일반주거,2024
서울,용산구,후암동,244-137,1,21175454,490000000,23.1,1980,제1종근린생활,제2종일반주거,2024
서울,용산구,후암동,254-6,1,7097792,180000000,25.4,2003,제1종근린생활,제2종일반주거,2024
서울,용산구,후암동,259-9,1,12040208,1090000000,90.5,2002,제1종근린생활,제2종일반주거,2024
서울,용산구,후암동,3**,2,8960849,1685000000,167.3,1976,제1종근린생활,제1종일반주거,2025
서울,용산구,후암동,4**,5,18224700,850000000,114.8,1985,제2종근린생활,제1종일반주거,2026
서울,용산구,후암동,41-2,3,9634387,390000000,40.5,2009,제2종근린생활,제2종일반주거,2026
서울,용산구,후암동,41-35,1,9492110,385000000,40.6,,제1종근린생활,제2종일반주거,2026
서울,용산구,후암동,60-10,1,13461538,350000000,26.0,2008,제1종근린생활,제2종일반주거,2024
서울,용산구,후암동,9*,1,20396054,2750000000,134.8,1961,제1종근린생활,제2종일반주거,2026
서울,은평구,갈현동,110-15,1,3058689,160000000,52.3,2017,제2종근린생활,제2종일반주거,2026
서울,은평구,갈현동,2**,1,3599749,860700000,239.1,1984,제2종근린생활,제2종일반주거,2025
서울,은평구,갈현동,275-36,2,1627091,54000000,33.0,2017,제2종근린생활,제2종일반주거,2026
서울,은평구,갈현동,3**,1,16783711,3800000000,226.4,1974,제1종근린생활,일반상업,2025
서울,은평구,갈현동,327-102,1,3445378,205000000,59.5,2011,제2종근린생활,제3종일반주거,2025
서울,은평구,갈현동,327-117,1,2447552,105000000,42.9,2011,제2종근린생활,제3종일반주거,2025
서울,은평구,갈현동,327-12,1,5035545,170000000,33.8,2019,제1종근린생활,제3종일반주거,2024
서울,은평구,갈현동,327-53,2,3277014,158200000,47.9,2014,제2종근린생활,제2종일반주거,2026
서울,은평구,갈현동,327-7,2,2902752,88000000,30.7,2010,제2종근린생활,제2종일반주거,2025
서울,은평구,갈현동,327-75,1,1848917,70000000,37.9,2008,제2종근린생활,제2종일반주거,2024
서울,은평구,갈현동,392-32,1,3920714,180000000,45.9,2015,제2종근린생활,제3종일반주거,2025
서울,은평구,갈현동,395-7,2,7039239,890000000,151.4,1996,제1종근린생활,일반상업,2026
서울,은평구,갈현동,396-12,3,14885432,1780000000,106.7,2008,제1종근린생활,일반상업,2024
서울,은평구,갈현동,4**,8,4716554,4747500000,1125.5,1990,제2종근린생활,제2종일반주거,2026
서울,은평구,갈현동,419-16,1,3780363,221000000,58.5,2022,제2종근린생활,제2종일반주거,2026
서울,은평구,갈현동,463-7,1,2843016,230000000,80.9,,제2종근린생활,제3종일반주거,2025
서울,은평구,갈현동,469-1,4,20116735,1500000000,71.6,2022,제1종근린생활,제3종일반주거,2026
서울,은평구,갈현동,476-2,1,5297545,300000000,56.6,2023,제1종근린생활,제2종일반주거,2025
서울,은평구,갈현동,480-23,1,3717151,215000000,57.8,2010,제2종근린생활,제2종일반주거,2025
서울,은평구,갈현동,485-6,2,2830421,575000000,203.2,2011,제1종근린생활,제2종일반주거,2025
서울,은평구,갈현동,496-10,1,4659014,207000000,44.4,2020,제1종근린생활,제2종일반주거,2024
서울,은평구,갈현동,518-3,1,2430022,158000000,65.0,2025,제1종근린생활,제2종일반주거,2025
서울,은평구,구산동,*,2,2973604,1300000000,437.2,1995,제2종근린생활,제2종일반주거,2025
서울,은평구,구산동,15-3,1,2420136,100000000,41.3,2011,제2종근린생활,제2종일반주거,2025
서울,은평구,구산동,162-1,1,5335366,175000000,32.8,1989,제1종근린생활,제2종일반주거,2025
서울,은평구,구산동,188-28,1,2556417,72500000,28.4,2011,제2종근린생활,제2종일반주거,2026
서울,은평구,구산동,19-1,2,9503696,270000000,28.4,2023,제1종근린생활,제2종일반주거,2025
서울,은평구,구산동,20-11,1,3257901,167000000,51.3,2011,제2종근린생활,제2종일반주거,2024
서울,은평구,구산동,220-6,2,4204979,187500000,44.6,2011,제2종근린생활,제2종일반주거,2026
서울,은평구,구산동,26-1,1,3839205,170000000,44.3,2015,제2종근린생활,제2종일반주거,2025
서울,은평구,구산동,27-61,1,2988967,149000000,49.8,2012,제2종근린생활,제2종일반주거,2024
서울,은평구,구산동,3-25,1,2821140,150000000,53.2,2010,제2종근린생활,준주거,2025
서울,은평구,구산동,3-26,2,2708333,195000000,72.0,2002,제2종근린생활,준주거,2026
서울,은평구,구산동,309-29,1,4118404,160000000,38.8,2011,제2종근린생활,제2종일반주거,2025
서울,은평구,구산동,309-44,1,3559081,175000000,49.2,2010,제1종근린생활,제2종일반주거,2025
서울,은평구,구산동,321-22,1,8189655,209000000,25.5,2024,제1종근린생활,제3종일반주거,2025
서울,은평구,구산동,321-59,1,5798394,260000000,44.8,2001,제1종근린생활,제3종일반주거,2026
서울,은평구,구산동,321-83,1,6441850,149000000,23.1,2008,제2종근린생활,제3종일반주거,2025
서울,은평구,구산동,382,2,2745098,140000000,51.0,1998,교육연구,제2종일반주거,2025
서울,은평구,구산동,9-13,1,5355846,295000000,55.1,2002,제1종근린생활,제2종일반주거,2025
서울,은평구,녹번동,*,1,2229127,1815000000,814.2,2009,기타,제1종일반주거,2026
서울,은평구,녹번동,1**,11,5617978,5970000000,655.5,2003,제2종근린생활,제3종일반주거,2026
서울,은평구,녹번동,110-6,1,3086420,75000000,24.3,2018,제1종근린생활,제3종일반주거,2025
서울,은평구,녹번동,144-36,1,5759737,210000000,36.5,2008,제2종근린생활,준주거,2025
서울,은평구,녹번동,156-25,1,2477231,68000000,27.4,2010,제2종근린생활,제2종일반주거,2025
서울,은평구,녹번동,159-33,1,5228303,300000000,57.4,2011,제2종근린생활,제3종일반주거,2026
서울,은평구,녹번동,160-3,9,7251576,333500000,45.3,2025,제2종근린생활,제3종일반주거,2025
서울,은평구,녹번동,276,2,2568922,30000000,11.7,1993,제1종근린생활,제3종일반주거,2025
서울,은평구,녹번동,283-2,2,3319468,1180000000,648.4,2019,교육연구,제2종일반주거,2025
서울,은평구,녹번동,29-33,1,2279793,105600000,46.3,2021,제1종근린생활,제2종일반주거,2025
서울,은평구,녹번동,35-21,4,17378814,486000000,28.5,2003,제1종근린생활,제3종일반주거,2024
서울,은평구,녹번동,35-75,2,7754342,1750000000,225.7,2001,제1종근린생활,제3종일반주거,2025
서울,은평구,녹번동,35-85,1,3023516,27000000,8.9,2001,제1종근린생활,제3종일반주거,2025
서울,은평구,녹번동,5*,2,7531967,2580000000,342.5,2022,제1종근린생활,제3종일반주거,2025
서울,은평구,녹번동,7*,1,5400130,2075000000,384.2,2004,제2종근린생활,제3종일반주거,2025
서울,은평구,녹번동,75-31,1,2207249,95000000,43.0,2013,제2종근린생활,제3종일반주거,2025
서울,은평구,녹번동,8*,1,6700142,4350000000,649.2,1981,제1종근린생활,제3종일반주거,2026
서울,은평구,녹번동,81-5,2,2220812,87500000,39.4,2002,제2종근린생활,제3종일반주거,2026
서울,은평구,녹번동,83-30,1,3069577,180000000,58.6,2001,제2종근린생활,준주거,2025
서울,은평구,녹번동,83-45,1,1614726,100000000,61.9,2007,제1종근린생활,준주거,2025
서울,은평구,녹번동,83-48,1,3245436,192000000,59.2,2008,제1종근린생활,준주거,2025
서울,은평구,녹번동,91-7,14,17440593,800000000,56.3,2006,기타,제2종일반주거,2026
서울,은평구,녹번동,94-20,1,6305170,50000000,7.9,2020,제2종근린생활,제2종일반주거,2025
서울,은평구,대조동,1*,3,4965257,4590000000,415.5,1990,기타,일반상업,2026
서울,은평구,대조동,1**,2,4372767,4265000000,862.2,2002,제2종근린생활,준주거,2025
서울,은평구,대조동,14-320,1,3622416,170000000,46.9,2014,제2종근린생활,일반상업,2025
서울,은평구,대조동,14-72,3,4104596,259000000,63.1,2011,제2종근린생활,일반상업,2025
서울,은평구,대조동,15-49,8,3758038,257625000,72.4,2023,제2종근린생활,일반상업,2025
서울,은평구,대조동,15-58,1,1702128,100000000,58.8,2020,제2종근린생활,일반상업,2025
서울,은평구,대조동,179-14,2,5211657,245000000,47.0,2011,제2종근린생활,준주거,2025
서울,은평구,대조동,179-16,4,4410208,271760000,63.1,2021,제2종근린생활,준주거,2026
서울,은평구,대조동,186-12,1,13374806,430000000,32.2,2017,제1종근린생활,일반상업,2025
서울,은평구,대조동,186-21,1,4230349,155000000,36.6,2017,제1종근린생활,일반상업,2025
서울,은평구,대조동,186-43,2,9093434,225000000,25.0,2004,제2종근린생활,일반상업,2025
서울,은평구,대조동,186-44,2,4193250,250000000,59.6,2013,제2종근린생활,일반상업,2025
서울,은평구,대조동,197-1,5,26822462,1006090000,37.5,2019,제1종근린생활,일반상업,2024
서울,은평구,대조동,197-16,2,4502914,255000000,56.6,2020,제2종근린생활,일반상업,2025
서울,은평구,대조동,2**,1,4789272,1600000000,334.1,1989,제1종근린생활,제3종일반주거,2024
서울,은평구,대조동,203-14,1,3584672,290000000,80.9,2002,제1종근린생활,제2종일반주거,2026
서울,은평구,대조동,206-34,1,2986348,140000000,46.9,2011,제2종근린생활,제2종일반주거,2026
서울,은평구,대조동,208-28,1,7164404,190000000,26.5,2015,제2종근린생활,제3종일반주거,2025
서울,은평구,대조동,212-40,1,7838284,95000000,12.1,2012,제2종근린생활,제2종일반주거,2025
서울,은평구,대조동,213-30,1,5014286,203580000,40.6,2009,제2종근린생활,제2종일반주거,2026
서울,은평구,대조동,214-14,1,3242542,150000000,46.3,2002,제1종근린생활,제2종일반주거,2025
서울,은평구,대조동,216-26,2,12409979,350000000,29.0,2023,제1종근린생활,제2종일반주거,2025
서울,은평구,대조동,225-5,2,2555393,180000000,67.1,2002,제2종근린생활,제2종일반주거,2025
서울,은평구,대조동,226-19,1,13197587,700000000,53.0,2023,제1종근린생활,준주거,2025
서울,은평구,대조동,231,1,2942370,145000000,49.3,1997,제2종근린생활,제3종일반주거,2026
서울,은평구,대조동,240,86,5734406,29500000,5.0,2005,판매,일반상업,2026
서울,은평구,대조동,27-3,1,5146199,220000000,42.8,2012,제2종근린생활,준주거,2025
서울,은평구,대조동,28-14,2,4194835,174000000,41.5,2013,제2종근린생활,준주거,2026
서울,은평구,대조동,28-16,1,3366194,140000000,41.6,2014,제2종근린생활,준주거,2025
서울,은평구,대조동,29-14,1,3819068,141000000,36.9,2012,제2종근린생활,준주거,2025
서울,은평구,대조동,4-12,1,6893755,85000000,12.3,2012,제2종근린생활,일반상업,2025
서울,은평구,대조동,4-14,1,3960924,223000000,56.3,2012,제2종근린생활,일반상업,2025
서울,은평구,대조동,4-6,1,4860267,160000000,32.9,2014,제2종근린생활,일반상업,2026
서울,은평구,대조동,4-8,2,3206032,100500000,28.7,2014,제2종근린생활,일반상업,2025
서울,은평구,대조동,48-23,1,3339538,305000000,91.3,2001,제2종근린생활,제2종일반주거,2026
서울,은평구,대조동,48-92,1,5453962,170000000,31.2,2011,제2종근린생활,준주거,2025
서울,은평구,대조동,59-48,1,5084746,330000000,64.9,2008,제2종근린생활,준주거,2024
서울,은평구,대조동,6-19,1,4212382,215000000,51.0,2014,제2종근린생활,일반상업,2026
서울,은평구,대조동,9-29,4,2640886,58500000,24.4,2013,제1종근린생활,일반상업,2026
서울,은평구,대조동,9-45,1,4074242,90000000,22.1,2014,제2종근린생활,일반상업,2025
서울,은평구,대조동,9-50,1,4078303,150000000,36.8,,제2종근린생활,일반상업,2026
서울,은평구,대조동,91-75,1,3512398,172810000,49.2,2019,제2종근린생활,제2종일반주거,2024
서울,은평구,불광동,16-197,1,1364522,70000000,51.3,2003,제2종근린생활,제1종일반주거,2026
서울,은평구,불광동,2*,1,13214286,370000000,28.0,2018,제1종근린생활,자연녹지,2024
서울,은평구,불광동,2**,7,6334863,1760000000,331.3,1980,제1종근린생활,준주거,2026
서울,은평구,불광동,242-36,1,9523810,100000000,10.5,1985,제1종근린생활,제2종일반주거,2024
서울,은평구,불광동,244-126,1,18276109,511000000,28.0,1992,제1종근린생활,제2종일반주거,2025
서울,은평구,불광동,248,3,7291667,105000000,14.4,1988,제2종근린생활,제3종일반주거,2026
서울,은평구,불광동,270,2,7286838,152000000,18.4,1991,제1종근린생활,제2종일반주거,2025
서울,은평구,불광동,281-110,5,5877743,300000000,51.0,2021,제2종근린생활,준주거,2026
서울,은평구,불광동,281-81,1,4993010,500000000,100.1,2013,업무,일반상업,2025
서울,은평구,불광동,3**,8,15676675,667050000,105.0,1991,제2종근린생활,일반상업,2025
서울,은평구,불광동,308-10,1,5245752,920000000,175.4,2005,제1종근린생활,일반상업,2024
서울,은평구,불광동,310-31,1,10490978,500000000,47.7,2011,제2종근린생활,일반상업,2026
서울,은평구,불광동,311-13,5,2962963,60000000,8.6,2001,업무,일반상업,2026
서울,은평구,불광동,369-5,1,10096035,410000000,40.6,2022,제1종근린생활,제2종일반주거,2026
서울,은평구,불광동,4**,1,4295672,530000000,123.4,1973,제2종근린생활,제1종일반주거,2025
서울,은평구,불광동,432-19,1,5506608,200000000,36.3,2018,제2종근린생활,제2종일반주거,2025
서울,은평구,불광동,484-100,2,3590065,172000000,47.9,2008,제2종근린생활,제2종일반주거,2025
서울,은평구,불광동,484-138,1,3087690,150000000,48.6,2011,제2종근린생활,제2종일반주거,2026
서울,은평구,불광동,484-56,3,3970880,123000000,31.2,2015,기타,일반상업,2025
서울,은평구,불광동,484-63,7,3073777,40000000,12.6,2021,제2종근린생활,일반상업,2026
서울,은평구,불광동,486-13,6,4028520,38330000,9.6,2021,제2종근린생활,일반상업,2026
서울,은평구,불광동,638-1,4,2155197,45000000,20.9,2010,제2종근린생활,제2종일반주거,2026
서울,은평구,불광동,641,2,5804130,263500000,45.3,2010,제2종근린생활,제2종일반주거,2025
서울,은평구,불광동,643,1,10078740,320000000,31.8,2011,제2종근린생활,제2종일반주거,2026
서울,은평구,불광동,644,2,7483983,320000000,46.7,2013,제1종근린생활,제2종일반주거,2026
서울,은평구,불광동,645,1,5155847,220000000,42.7,2018,제2종근린생활,제2종일반주거,2024
서울,은평구,불광동,8-102,1,3744292,205000000,54.8,2018,제2종근린생활,개발제한구역,2025
서울,은평구,불광동,9*,3,3303527,381260000,550.4,1989,제2종근린생활,제2종일반주거,2025
서울,은평구,불광동,90-55,1,4684685,130000000,27.8,2023,제1종근린생활,제2종일반주거,2026
서울,은평구,수색동,1**,1,8424215,1290000000,153.1,1971,제1종근린생활,일반상업,2026
서울,은평구,수색동,419,5,9678772,412700000,55.1,2025,제2종근린생활,제2종일반주거,2025
서울,은평구,수색동,431,4,10559635,285000000,24.9,2025,제2종근린생활,제2종일반주거,2026
서울,은평구,수색동,432,7,12938678,459970000,35.6,2026,제2종근린생활,제1종일반주거,2026
서울,은평구,수색동,75,4,8283988,395000000,40.1,2009,제2종근린생활,준주거,2026
서울,은평구,신사동,1*,2,2897028,1300215000,448.8,1982,제2종근린생활,준주거,2024
서울,은평구,신사동,1-151,1,4117486,150000000,36.4,2019,제2종근린생활,제2종일반주거,2025
서울,은평구,신사동,11-32,1,4373110,188000000,43.0,2011,제2종근린생활,제2종일반주거,2026
서울,은평구,신사동,14-11,1,2452431,58000000,23.6,2010,제2종근린생활,제2종일반주거,2025
서울,은평구,신사동,19-100,9,6000631,285450000,52.4,,제2종근린생활,준주거,2026
서울,은평구,신사동,2*,1,4275558,6050000000,1415.0,2015,제1종근린생활,준주거,2025
서울,은평구,신사동,21-14,1,13463324,580000000,43.1,2023,제1종근린생활,제3종일반주거,2024
서울,은평구,신사동,22-13,2,3385222,107500000,31.7,2019,제2종근린생활,제3종일반주거,2024
서울,은평구,신사동,23-44,1,2536158,249000000,98.2,2003,제2종근린생활,준주거,2025
서울,은평구,신사동,24-10,3,3434285,237000000,69.0,2012,제2종근린생활,제3종일반주거,2025
서울,은평구,신사동,29-115,2,3404770,197000000,57.9,2008,제2종근린생활,준주거,2025
서울,은평구,신사동,3*,1,3805552,1615000000,424.4,1984,제2종근린생활,제2종일반주거,2026
서울,은평구,신사동,3-5,1,4146385,230000000,55.5,2011,제2종근린생활,제3종일반주거,2025
서울,은평구,신사동,349-31,1,3458096,85000000,24.6,2001,제2종근린생활,제1종일반주거,2025
서울,은평구,신사동,350-40,1,3526093,150000000,42.5,2011,제2종근린생활,제2종일반주거,2025
서울,은평구,신사동,354,1,1589649,43000000,27.0,1992,제1종근린생활,제2종일반주거,2025
서울,은평구,신사동,355,2,2173913,30000000,13.8,1994,제2종근린생활,제3종일반주거,2026
서울,은평구,신사동,39-10,1,5468717,467630000,85.5,2022,제2종근린생활,제3종일반주거,2025
서울,은평구,신사동,39-35,1,2721721,205000000,75.3,2003,제2종근린생활,제3종일반주거,2026
서울,은평구,역촌동,1-37,1,4112554,190000000,46.2,2011,제2종근린생활,준주거,2026
서울,은평구,역촌동,11-60,1,1746586,165000000,94.5,2001,제2종근린생활,제2종일반주거,2025
서울,은평구,역촌동,2*,3,4945598,1516000000,182.0,1975,제2종근린생활,제3종일반주거,2026
서울,은평구,역촌동,2-1,1,9502419,550000000,57.9,2021,제1종근린생활,제3종일반주거,2025
서울,은평구,역촌동,22-47,1,3289474,105000000,31.9,2008,제2종근린생활,제3종일반주거,2024
서울,은평구,역촌동,22-66,1,3366374,180000000,53.5,2010,제2종근린생활,제3종일반주거,2026
서울,은평구,역촌동,25-112,1,4533001,182000000,40.2,2011,제2종근린생활,제2종일반주거,2026
서울,은평구,역촌동,28-30,1,3670972,270000000,73.6,2002,제2종근린생활,제3종일반주거,2025
서울,은평구,역촌동,28-68,1,10113780,960000000,94.9,2001,제1종근린생활,제3종일반주거,2025
서울,은평구,역촌동,3*,2,4550370,2230000000,490.1,1993,제2종근린생활,준주거,2025
서울,은평구,역촌동,30-10,1,3769705,110000000,29.2,2011,제2종근린생활,제2종일반주거,2024
서울,은평구,역촌동,38-47,1,3267974,250000000,76.5,2002,제1종근린생활,준주거,2025
서울,은평구,역촌동,39-1,2,3299939,240000000,71.6,2006,제2종근린생활,준주거,2026
서울,은평구,역촌동,39-3,1,5335366,70000000,13.1,2016,제2종근린생활,준주거,2026
서울,은평구,역촌동,4*,2,6271587,2615500000,515.3,2008,제2종근린생활,제2종일반주거,2026
서울,은평구,역촌동,40-53,1,9016934,410000000,45.5,,제1종근린생활,제2종일반주거,2025
서울,은평구,역촌동,41-43,1,4614249,250000000,54.2,2011,업무,준주거,2026
서울,은평구,역촌동,42-41,2,1885824,87500000,47.5,2001,제1종근린생활,준주거,2026
서울,은평구,역촌동,42-9,2,3126954,150000000,48.0,2013,제2종근린생활,준주거,2025
서울,은평구,역촌동,44-19,1,3652316,179000000,49.0,2002,제1종근린생활,준주거,2025
서울,은평구,역촌동,44-6,1,2769535,280000000,101.1,2006,제2종근린생활,준주거,2026
서울,은평구,역촌동,49-33,1,6031363,400000000,66.3,2016,제1종근린생활,제2종일반주거,2024
서울,은평구,역촌동,50-29,1,3777336,190000000,50.3,2021,제2종근린생활,제2종일반주거,2024
서울,은평구,역촌동,55-35,1,1953229,147000000,75.3,2003,제1종근린생활,제2종일반주거,2025
서울,은평구,역촌동,55-6,1,1855023,65000000,35.0,2012,제2종근린생활,제2종일반주거,2025
서울,은평구,역촌동,6-25,1,3860294,210000000,54.4,2001,제2종근린생활,제3종일반주거,2026
서울,은평구,역촌동,62-56,2,3038898,225000000,74.0,2011,제2종근린생활,제3종일반주거,2025
서울,은평구,역촌동,64-62,1,2305665,70000000,30.4,2017,제2종근린생활,제2종일반주거,2024
서울,은평구,역촌동,66-2,1,3239136,243000000,75.0,2001,제1종근린생활,제2종일반주거,2025
서울,은평구,역촌동,67-26,1,4632694,140000000,30.2,2011,제2종근린생활,제2종일반주거,2026
서울,은평구,역촌동,7*,1,7905340,1550000000,196.1,2022,제2종근린생활,제2종일반주거,2025
서울,은평구,역촌동,71-1,2,2223399,175000000,79.2,1996,제2종근린생활,제2종일반주거,2026
서울,은평구,역촌동,73-2,1,3217972,159000000,49.4,2012,제2종근린생활,제2종일반주거,2024
서울,은평구,역촌동,74-23,1,2790279,155000000,55.6,2012,제2종근린생활,제2종일반주거,2024
서울,은평구,역촌동,78-36,1,3338898,280000000,83.9,2002,제2종근린생활,제2종일반주거,2025
서울,은평구,역촌동,8*,2,3956102,1865000000,436.0,1988,제2종근린생활,제3종일반주거,2026
서울,은평구,역촌동,83-18,1,3383822,210000000,62.1,2010,제2종근린생활,제3종일반주거,2026
서울,은평구,역촌동,9-54,1,1987879,410000000,206.2,2004,제1종근린생활,제3종일반주거,2025
서울,은평구,응암동,1**,4,3617689,3960000000,1073.6,2012,제2종근린생활,준주거,2024
서울,은평구,응암동,110-1,2,17896550,537500000,29.0,2020,제2종근린생활,준주거,2026
서울,은평구,응암동,110-21,1,4971591,105000000,21.1,2014,제2종근린생활,준주거,2026
서울,은평구,응암동,111-53,2,4845333,177000000,36.5,2011,제2종근린생활,준주거,2025
서울,은평구,응암동,115-27,1,3920171,440000000,112.2,,제2종근린생활,준주거,2025
서울,은평구,응암동,118-22,2,3136435,120000000,38.3,2018,제2종근린생활,준주거,2024
서울,은평구,응암동,119-10,1,3940669,178000000,45.2,2012,제2종근린생활,준주거,2025
서울,은평구,응암동,122-4,2,475285,2500000,5.3,2001,제1종근린생활,준주거,2025
서울,은평구,응암동,122-66,2,3619910,160000000,44.2,2016,제2종근린생활,준주거,2026
서울,은평구,응암동,124-9,2,3354097,210000000,62.6,2014,제2종근린생활,준주거,2025
서울,은평구,응암동,126-15,1,3514463,130000000,37.0,2011,제2종근린생활,준주거,2025
서울,은평구,응암동,197-57,1,2988361,95000000,31.8,2008,제2종근린생활,제2종일반주거,2026
서울,은평구,응암동,3**,1,177845,94000000,528.6,1991,제1종근린생활,제2종일반주거,2025
서울,은평구,응암동,354-3,2,2096589,58000000,34.1,2020,제1종근린생활,근린상업,2026
서울,은평구,응암동,376-33,2,5042463,142500000,28.3,2014,제2종근린생활,근린상업,2025
서울,은평구,응암동,376-42,1,4452717,325360000,73.1,2017,제2종근린생활,근린상업,2025
서울,은평구,응암동,4**,1,2175550,1445000000,664.2,2014,기타,제3종일반주거,2025
서울,은평구,응암동,5**,5,5032387,1010000000,200.7,1979,제2종근린생활,제2종일반주거,2026
서울,은평구,응암동,577-28,1,1556488,89000000,57.2,2019,제1종근린생활,근린상업,2026
서울,은평구,응암동,577-7,4,15228426,420000000,27.7,2024,제1종근린생활,근린상업,2026
서울,은평구,응암동,584-16,1,11753183,360000000,30.6,2019,제1종근린생활,제3종일반주거,2025
서울,은평구,응암동,584-53,1,6230530,260000000,41.7,2021,제2종근린생활,제3종일반주거,2025
서울,은평구,응암동,589-29,1,4439064,110000000,24.8,2012,제1종근린생활,근린상업,2026
서울,은평구,응암동,589-4,1,4328200,163000000,37.7,2011,제2종근린생활,근린상업,2024
서울,은평구,응암동,590-18,1,4132231,150000000,36.3,2018,제2종근린생활,근린상업,2024
서울,은평구,응암동,595-52,1,7211977,395000000,54.8,2017,제1종근린생활,제2종일반주거,2026
서울,은평구,응암동,599-15,4,3560665,160000000,46.7,2017,제2종근린생활,근린상업,2026
서울,은평구,응암동,599-2,1,3909026,110000000,28.1,2018,제2종근린생활,근린상업,2025
서울,은평구,응암동,6**,2,10161908,9688250000,817.4,1978,제1종근린생활,제3종일반주거,2025
서울,은평구,응암동,7*,2,5233112,3835000000,743.8,1985,제1종근린생활,준주거,2026
서울,은평구,응암동,731-38,1,5192878,140000000,27.0,,제2종근린생활,제2종일반주거,2025
서울,은평구,응암동,738,2,4435670,80000000,17.2,1997,판매,준주거,2025
서울,은평구,응암동,739,1,7736014,177000000,22.9,1998,제2종근린생활,제3종일반주거,2026
서울,은평구,응암동,752-9,1,3762828,165000000,43.8,2012,제2종근린생활,제2종일반주거,2024
서울,은평구,응암동,762,1,6139438,295000000,48.0,2013,제1종근린생활,제2종일반주거,2025
서울,은평구,응암동,769,5,9923448,350000000,40.0,2021,제1종근린생활,제2종일반주거,2025
서울,은평구,응암동,8*,1,4908819,4000000000,814.9,1976,제1종근린생활,준주거,2025
서울,은평구,응암동,9*,1,5417597,4900000000,904.5,1980,업무,제3종일반주거,2025
서울,은평구,응암동,99-70,2,8511254,127500000,15.0,2022,제1종근린생활,제2종일반주거,2026
서울,은평구,증산동,1**,3,5520947,1700000000,106.0,2002,제1종근린생활,제2종일반주거,2026
서울,은평구,증산동,159-5,2,1221299,150000000,122.8,1996,제1종근린생활,제3종일반주거,2024
서울,은평구,증산동,184-9,1,17058378,225000000,13.2,1978,판매,제2종일반주거,2026
서울,은평구,증산동,2**,6,15720616,2288000000,145.6,1981,제2종근린생활,준주거,2026
서울,은평구,증산동,208-16,1,6742520,160000000,23.7,2016,제1종근린생활,제2종일반주거,2024
서울,은평구,증산동,223-28,3,7031113,400000000,56.9,2009,제1종근린생활,준주거,2025
서울,은평구,증산동,249,1,9535452,585000000,61.4,2002,제1종근린생활,제3종일반주거,2025
서울,은평구,진관동,1**,2,3018016,1630000000,540.1,2010,기타,제2종일반주거,2025
서울,은평구,진관동,100,1,22441652,1250000000,55.7,2015,제2종근린생활,준주거,2026
서울,은평구,진관동,100-6,9,7317966,654000000,102.8,2015,제1종근린생활,준주거,2026
서울,은평구,진관동,101,1,3457132,175000000,50.6,2009,제2종근린생활,제2종일반주거,2025
서울,은평구,진관동,11,1,5347594,300000000,56.1,2008,제1종근린생활,제2종전용주거,2024
서울,은평구,진관동,13,2,6165449,200000000,32.4,2008,제2종근린생활,제2종일반주거,2026
서울,은평구,진관동,135,2,3309501,122500000,36.9,2010,제1종근린생활,제2종전용주거,2026
서울,은평구,진관동,144,7,6424715,222200000,33.3,2025,제2종근린생활,제2종일반주거,2026
서울,은평구,진관동,150,1,8783969,320000000,36.4,2015,제2종근린생활,제1종일반주거,2024
서울,은평구,진관동,2**,3,3046242,1630000000,492.4,2010,제2종근린생활,개발제한구역,2024
서울,은평구,진관동,25,1,8174387,120000000,14.7,2010,제1종근린생활,제2종전용주거,2024
서울,은평구,진관동,277-17,12,2100127,73480000,42.0,2002,제1종근린생활,개발제한구역,2026
서울,은평구,진관동,3**,2,14355272,1147000000,122.7,2004,제2종근린생활,개발제한구역,2026
서울,은평구,진관동,60,3,3480077,1400000000,429.6,2017,제2종근린생활,일반상업,2026
서울,은평구,진관동,62,1,6825939,280000000,41.0,2019,판매,일반상업,2025
서울,은평구,진관동,63-1,3,14844170,420090000,28.4,2026,업무,일반상업,2026
서울,은평구,진관동,64,1,29213483,1430000000,49.0,2017,제2종근린생활,일반상업,2025
서울,은평구,진관동,68-3,2,6017736,142500000,23.7,2022,업무,제3종일반주거,2026
서울,은평구,진관동,70,1,25000000,1140000000,45.6,2015,제1종근린생활,일반상업,2025
서울,은평구,진관동,72,1,5271004,495000000,93.9,2013,교육연구,일반상업,2025
서울,은평구,진관동,73,3,6243442,119000000,19.1,2017,업무,일반상업,2026
서울,은평구,진관동,74,4,5835498,587500000,101.6,2016,제2종근린생활,일반상업,2026
서울,은평구,진관동,81,1,7543792,590000000,78.2,2009,제1종근린생활,제2종전용주거,2025
서울,은평구,진관동,88,1,4245215,295000000,69.5,2009,제1종근린생활,제2종전용주거,2024
서울,종로구,가회동,*,1,21533021,14864460000,690.3,,제2종근린생활,제1종일반주거,2026
서울,종로구,가회동,1*,2,20550269,3100000000,157.0,2006,제2종근린생활,제1종일반주거,2025
서울,종로구,가회동,1**,2,21844684,1250000000,47.3,,제2종근린생활,제1종일반주거,2026
서울,종로구,가회동,2**,1,29463760,3000000000,101.8,,제1종근린생활,제1종일반주거,2025
서울,종로구,가회동,3*,2,25539194,1100000000,43.6,,제2종근린생활,제1종일반주거,2025
서울,종로구,가회동,5*,1,32601738,713000000,21.9,2004,제1종근린생활,제1종일반주거,2025
서울,종로구,견지동,110,2,20306622,1107500000,55.8,2008,교육연구,일반상업,2025
서울,종로구,견지동,7*,1,13210538,7000000000,529.9,2004,제2종근린생활,일반상업,2025
서울,종로구,경운동,89-4,4,7559775,347500000,48.4,1968,업무,일반상업,2026
서울,종로구,경운동,91-1,5,2516852,1150000000,227.4,1993,제2종근린생활,일반상업,2026
서울,종로구,계동,*,3,37647059,1120000000,29.8,,제2종근린생활,제1종일반주거,2026
서울,종로구,계동,1**,3,37472676,3600000000,96.1,1980,제1종근린생활,제1종일반주거,2026
서울,종로구,계동,3*,1,21699106,1650000000,76.0,,제2종근린생활,제1종일반주거,2025
서울,종로구,계동,7*,1,9360633,1975000000,211.0,1996,제2종근린생활,제1종일반주거,2024
서울,종로구,계동,8*,1,26013309,2580000000,99.2,1959,제2종근린생활,제1종일반주거,2026
서울,종로구,관수동,*,1,12300123,8000000000,650.4,1996,제1종근린생활,일반상업,2025
서울,종로구,관수동,1**,4,17653594,11665500000,525.5,1985,제2종근린생활,일반상업,2024
서울,종로구,관수동,13-2,4,20076336,3945000000,196.5,2023,업무,일반상업,2025
서울,종로구,관수동,2*,2,56079197,16185040000,664.6,2002,제2종근린생활,일반상업,2026
서울,종로구,관수동,20,13,4370629,25000000,7.2,2000,교육연구,일반상업,2026
서울,종로구,관수동,5*,6,12466210,4750000000,381.0,1966,제2종근린생활,일반상업,2026
서울,종로구,관수동,70-4,1,15417823,3500000000,227.0,,제2종근린생활,일반상업,2025
서울,종로구,관수동,8*,1,6783363,2050000000,302.2,1967,제2종근린생활,일반상업,2026
서울,종로구,관철동,*,4,9507485,37625000000,3943.4,2003,교육연구,일반상업,2026
서울,종로구,관철동,1*,11,12249660,4862300000,661.1,1967,제2종근린생활,일반상업,2026
서울,종로구,관철동,1**,3,10107353,11652060000,1152.8,2018,숙박,일반상업,2026
서울,종로구,관철동,2**,3,16237175,6805000000,419.1,1982,제2종근린생활,일반상업,2025
서울,종로구,관철동,3*,3,20680622,18000000000,870.4,1966,제2종근린생활,일반상업,2026
서울,종로구,관철동,4*,2,14660010,4925000000,336.7,1961,제2종근린생활,일반상업,2025
서울,종로구,관훈동,1*,1,39185926,1136000000,29.0,,제1종근린생활,일반상업,2025
서울,종로구,관훈동,1**,5,21612150,3000000000,125.6,1981,제2종근린생활,일반상업,2026
서울,종로구,관훈동,197-28,3,1636661,40000000,24.4,1991,업무,일반상업,2025
서울,종로구,관훈동,2*,4,23417238,1180000000,43.0,1937,제2종근린생활,일반상업,2025
서울,종로구,관훈동,3*,1,35858139,3650000000,101.8,,제1종근린생활,일반상업,2025
서울,종로구,관훈동,5*,1,28808066,1600000000,55.5,1947,제2종근린생활,일반상업,2025
서울,종로구,관훈동,7*,1,33534982,1275000000,38.0,,제2종근린생활,일반상업,2024
서울,종로구,관훈동,9*,1,11513663,3000000000,260.6,1969,숙박,일반상업,2025
서울,종로구,교남동,*,1,12119133,2207500000,182.2,1969,제1종근린생활,제3종일반주거,2025
서울,종로구,교남동,2*,1,47388586,4700000000,99.2,1954,제2종근린생활,제3종일반주거,2025
서울,종로구,교북동,126,1,12595547,379000000,30.1,2017,판매,일반상업,2026
서울,종로구,구기동,110-1,8,4326772,124500000,28.3,1989,업무,제2종일반주거,2026
서울,종로구,구기동,2**,2,6588054,2135000000,332.2,1966,제2종근린생활,개발제한구역,2026
서울,종로구,구기동,6*,1,3726804,4080180000,1094.8,2000,제2종근린생활,제2종일반주거,2024
서울,종로구,구기동,8*,2,2680739,465000000,164.2,1990,제2종근린생활,제1종일반주거,2026
서울,종로구,구기동,85-9,1,3725981,700000000,187.9,1990,제2종근린생활,제1종일반주거,2026
서울,종로구,궁정동,1*,2,11622839,1600000000,137.7,1978,제2종근린생활,제2종일반주거,2026
서울,종로구,권농동,1**,2,9215545,1255000000,135.0,2010,숙박,일반상업,2025
서울,종로구,낙원동,1*,1,13504312,1190000000,88.1,2002,제2종근린생활,일반상업,2025
서울,종로구,낙원동,1**,17,9801991,9400000000,852.8,1991,제2종근린생활,일반상업,2026
서울,종로구,낙원동,189,2,11035422,1620000000,146.8,,제2종근린생활,일반상업,2025
서울,종로구,낙원동,2**,5,3019025,103370000,34.2,1968,제1종근린생활,일반상업,2026
서울,종로구,낙원동,7*,2,10125466,11250000000,1111.1,1982,숙박,일반상업,2025
서울,종로구,낙원동,8*,2,25027203,1150000000,46.0,1961,제2종근린생활,일반상업,2026
서울,종로구,낙원동,9*,2,7485695,6606500000,882.6,1969,제1종근린생활,일반상업,2026
서울,종로구,낙원동,94,1,7371253,8850000000,1200.6,,제2종근린생활,일반상업,2025
서울,종로구,내수동,167,5,7780172,215000000,26.6,1994,제1종근린생활,일반상업,2026
서울,종로구,내수동,71,4,3977000,83000000,20.9,2004,제2종근린생활,준주거,2026
서울,종로구,내수동,72,5,3218695,73000000,21.1,2004,제2종근린생활,준주거,2026
서울,종로구,내수동,73,14,5028736,75000000,15.1,2004,제2종근린생활,준주거,2026
서울,종로구,내수동,74,1,5384615,280000000,52.0,2004,판매,일반상업,2024
서울,종로구,내자동,*,1,5295008,210000000,39.7,,제1종근린생활,제3종일반주거,2024
서울,종로구,내자동,1**,4,52001626,2305175000,72.1,,제1종근린생활,준주거,2026
서울,종로구,내자동,2**,1,8302698,108000000000,13007.8,2000,업무,일반상업,2026
서울,종로구,내자동,6*,8,36975924,1332365000,52.7,1998,제2종근린생활,일반상업,2025
서울,종로구,누상동,1**,1,13950893,500000000,35.8,2022,제2종근린생활,제2종일반주거,2024
서울,종로구,누상동,9*,1,12196609,2000000000,164.0,2010,제2종근린생활,제2종일반주거,2026
서울,종로구,누하동,1*,1,29498525,2000000000,67.8,,제2종근린생활,제2종일반주거,2025
서울,종로구,누하동,1**,4,16250368,2160810000,163.5,2021,제2종근린생활,제1종일반주거,2026
서울,종로구,누하동,2**,2,39599541,2015000000,43.3,2005,제2종근린생활,제2종일반주거,2026
서울,종로구,당주동,100,7,6352765,680000000,107.0,1983,업무,일반상업,2026
서울,종로구,당주동,145,3,6361893,99500000,12.8,1981,제2종근린생활,일반상업,2025
서울,종로구,당주동,160,14,8071643,58800000,7.6,1985,기타,일반상업,2026
서울,종로구,당주동,2*,1,19765330,14150000000,715.9,1963,숙박,일반상업,2026
서울,종로구,당주동,5,6,10662773,1462535000,175.9,1985,업무,일반상업,2026
서울,종로구,도렴동,60,8,7149728,397500000,73.9,1984,업무,일반상업,2026
서울,종로구,돈의동,1**,4,9563769,4600000000,410.1,,제2종근린생활,일반상업,2026
서울,종로구,돈의동,137,33,6313131,25000000,4.0,2004,판매,일반상업,2026
서울,종로구,돈의동,3*,2,51507913,3450000000,67.0,,제2종근린생활,일반상업,2026
서울,종로구,돈의동,4*,1,18593689,7100000000,381.8,1975,제2종근린생활,일반상업,2026
서울,종로구,동숭동,*,7,11979764,13900000000,1160.3,1996,제2종근린생활,제3종일반주거,2026
서울,종로구,동숭동,2*,1,10312487,54000000000,5236.4,2012,기타,제2종일반주거,2025
서울,종로구,동숭동,2-20,1,5120328,200000000,39.1,2003,제2종근린생활,제1종일반주거,2024
서울,종로구,명륜1가,9*,1,6430194,736000000,114.5,1998,제2종근린생활,제2종일반주거,2025
서울,종로구,명륜2가,*,1,8886914,2400000000,270.1,,제1종근린생활,일반상업,2025
서울,종로구,명륜2가,1**,3,16009183,1470000000,188.6,1984,제2종근린생활,제3종일반주거,2025
서울,종로구,명륜2가,142-3,1,7355104,500000000,68.0,1989,제1종근린생활,제2종일반주거,2025
서울,종로구,명륜2가,211,1,5922280,2190000000,369.8,2004,제2종근린생활,제2종일반주거,2025
서울,종로구,명륜2가,4,1,7936508,150000000,18.9,1995,제2종근린생활,제3종일반주거,2025
서울,종로구,명륜3가,*,3,4848144,1450000000,319.7,2002,제2종근린생활,제1종일반주거,2026
서울,종로구,명륜3가,6*,1,3560169,7600000000,2134.7,2014,제2종근린생활,제1종일반주거,2025
서울,종로구,명륜4가,1*,1,10646616,6400000000,601.1,2024,제2종근린생활,제2종일반주거,2026
서울,종로구,명륜4가,1**,3,12178849,2177700000,178.8,1988,제2종근린생활,제2종일반주거,2025
서울,종로구,명륜4가,3*,1,15706174,2600000000,165.5,2002,제2종근린생활,제2종일반주거,2026
서울,종로구,명륜4가,8*,1,38949200,4700000000,120.7,,제2종근린생활,제2종일반주거,2026
서울,종로구,묘동,1**,2,15916349,1822335000,123.2,,제2종근린생활,일반상업,2025
서울,종로구,묘동,3*,1,14768434,6840000000,463.2,,제1종근린생활,일반상업,2025
서울,종로구,무악동,4*,2,16126133,940000000,67.8,,제2종근린생활,제3종일반주거,2025
서울,종로구,무악동,6*,1,23491693,4030000000,171.6,,제2종근린생활,제3종일반주거,2026
서울,종로구,무악동,60,1,4061148,272300000,67.0,2008,제2종근린생활,제3종일반주거,2026
서울,종로구,무악동,89,1,18403790,505000000,27.4,2019,제1종근린생활,제3종일반주거,2025
서울,종로구,봉익동,1*,1,21784904,2690000000,123.5,2009,제1종근린생활,일반상업,2025
서울,종로구,봉익동,1**,1,17297952,5430000000,313.9,2008,제2종근린생활,일반상업,2025
서울,종로구,부암동,1**,2,13316969,785000000,64.3,1986,제1종근린생활,제2종일반주거,2026
서울,종로구,부암동,129-8,3,4093380,130000000,31.3,2002,업무,제2종일반주거,2026
서울,종로구,부암동,175-1,1,3288672,135000000,41.0,1988,업무,제2종일반주거,2025
서울,종로구,부암동,4*,1,6457334,2330000000,360.8,2011,제2종근린생활,제1종일반주거,2025
서울,종로구,사간동,5*,1,29283960,1550000000,52.9,,제2종근린생활,제1종일반주거,2024
서울,종로구,사직동,9,7,2495725,410000000,64.4,2008,제2종근린생활,준주거,2026
서울,종로구,삼청동,1**,3,19354625,2245330000,116.0,2011,제2종근린생활,제1종일반주거,2026
서울,종로구,삼청동,2*,1,21073335,1500000000,71.2,1937,제2종근린생활,제1종일반주거,2024
서울,종로구,삼청동,3*,5,34459760,1550000000,45.0,1969,제2종근린생활,제1종일반주거,2026
서울,종로구,삼청동,6*,2,21618930,3175000000,145.9,1988,제2종근린생활,제1종일반주거,2025
서울,종로구,서린동,1**,7,56942368,20438110000,355.3,1961,제1종근린생활,일반상업,2026
서울,종로구,서린동,70,3,17704283,42477260000,2399.0,1992,업무,일반상업,2025
서울,종로구,세종로,1**,1,28506973,2780000000,97.5,1972,제2종근린생활,일반상업,2025
서울,종로구,세종로,2**,1,47763095,6000000000,125.6,1956,제1종근린생활,일반상업,2024
서울,종로구,소격동,1**,1,25555118,3890000000,152.2,,제1종근린생활,제1종일반주거,2026
서울,종로구,소격동,3*,2,34226087,3050000000,88.9,,제2종근린생활,제1종일반주거,2026
서울,종로구,소격동,8*,1,60751362,21638420000,356.2,1981,제1종근린생활,제1종일반주거,2026
서울,종로구,수송동,4*,2,5122661,4538040000,923.3,1978,숙박,일반상업,2026
서울,종로구,수송동,58,1,8236944,470000000,57.1,2004,제2종근린생활,일반상업,2024
서울,종로구,수송동,7*,1,11476664,4950000000,431.3,1971,제2종근린생활,일반상업,2024
서울,종로구,수송동,8*,1,10385896,522546000000,50313.0,2002,업무,일반상업,2025
서울,종로구,수송동,85,42,9932196,389000000,39.7,2005,숙박,일반상업,2026
서울,종로구,숭인동,1**,3,8904720,2300000000,195.2,1972,숙박,준주거,2026
서울,종로구,숭인동,1***,6,13332375,2470000000,287.6,1988,제2종근린생활,일반상업,2026
서울,종로구,숭인동,1388,1,4011231,100000000,24.9,,업무,일반상업,2026
서울,종로구,숭인동,1392,1,4231909,400000000,94.5,2013,제2종근린생활,일반상업,2026
서울,종로구,숭인동,1419-2,1,5281143,170000000,32.2,2023,제1종근린생활,일반상업,2025
서울,종로구,숭인동,1425,2,18365814,272500000,21.2,2022,제2종근린생활,일반상업,2025
서울,종로구,숭인동,2**,7,6523658,1800000000,260.6,1978,제2종근린생활,일반상업,2026
서울,종로구,숭인동,204-11,1,4232617,334800000,79.1,1979,제2종근린생활,일반상업,2025
서울,종로구,숭인동,206-6,1,19141531,165000000,8.6,1971,제1종근린생활,일반상업,2025
서울,종로구,숭인동,206-9,2,26464803,235000000,8.9,1971,제1종근린생활,일반상업,2025
서울,종로구,숭인동,217-16,2,18398863,600000000,32.6,2020,제2종근린생활,일반상업,2025
서울,종로구,숭인동,217-26,1,11001100,200000000,18.2,2019,숙박,일반상업,2026
서울,종로구,숭인동,303-3,1,15572494,3800000000,244.0,1988,제2종근린생활,일반상업,2025
서울,종로구,숭인동,310,2,7149183,1100000000,131.1,2004,제1종근린생활,일반상업,2026
서울,종로구,숭인동,5*,1,6598018,3050000000,462.3,2002,제2종근린생활,제2종일반주거,2025
서울,종로구,숭인동,59-29,2,2471622,135000000,54.6,2015,제1종근린생활,제2종일반주거,2025
서울,종로구,숭인동,6**,1,3578732,350000000,97.8,,제1종근린생활,제2종일반주거,2026
서울,종로구,숭인동,7*,2,3995797,2700000000,675.7,1991,제2종근린생활,제2종일반주거,2025
서울,종로구,숭인동,766,1,3475213,2300000000,661.8,2009,기타,제2종일반주거,2026
서울,종로구,신교동,5*,1,10725053,2170000000,202.3,1967,제2종근린생활,제2종일반주거,2024
서울,종로구,신문로1가,*,2,18179719,29133000000,1602.5,1970,제2종근린생활,일반상업,2026
서울,종로구,신문로1가,1**,1,14625505,10650000000,728.2,1968,제1종근린생활,일반상업,2025
서울,종로구,신문로1가,163,22,11798205,505500000,43.5,2005,업무,일반상업,2026
서울,종로구,신문로1가,2**,1,9982769,719300000000,72054.2,2000,업무,일반상업,2025
서울,종로구,신문로1가,5*,1,10182282,556689000000,54672.3,2000,업무,일반상업,2025
서울,종로구,신문로1가,58-1,4,12314405,2700000000,218.9,1971,업무,제3종일반주거,2025
서울,종로구,신문로2가,*,13,15233287,7000000000,844.9,1990,제2종근린생활,제1종일반주거,2026
서울,종로구,신문로2가,1-166,1,6008866,366000000,60.9,2022,제2종근린생활,제2종일반주거,2025
서울,종로구,신문로2가,1-42,2,13612929,1778500000,135.3,2025,제2종근린생활,제2종일반주거,2025
서울,종로구,신문로2가,92,46,19723613,12822780000,659.9,2010,업무,준주거,2025
서울,종로구,신영동,179-3,1,3979132,450000000,113.1,2016,제2종근린생활,제1종일반주거,2026
서울,종로구,신영동,2**,1,3537525,1580000000,446.6,2021,제2종근린생활,제1종일반주거,2025
서울,종로구,안국동,1**,3,31044169,6410000000,206.5,2019,제1종근린생활,제1종일반주거,2026
서울,종로구,안국동,5*,1,26425591,3800000000,143.8,2022,제1종근린생활,제1종일반주거,2026
서울,종로구,안국동,7*,1,26013333,1697370000,65.2,,제2종근린생활,제1종일반주거,2026
서울,종로구,연건동,1**,1,6368251,1380000000,216.7,1993,제1종근린생활,제2종일반주거,2026
서울,종로구,연건동,2**,1,5089075,3857010000,757.9,1967,제2종근린생활,준주거,2026
서울,종로구,연건동,7*,1,21916790,2360000000,107.7,,제2종근린생활,제2종일반주거,2025
서울,종로구,연지동,*,2,18995661,208662130000,14626.4,,업무,일반상업,2025
서울,종로구,연지동,1**,2,6682589,3575000000,577.3,2012,숙박,일반상업,2025
서울,종로구,연지동,119,1,9493671,120000000,12.6,2018,숙박,일반상업,2025
서울,종로구,연지동,2*,1,5731794,2170000000,378.6,1992,제1종근린생활,일반상업,2025
서울,종로구,연지동,2**,8,6867076,2225000000,316.5,1995,제2종근린생활,일반상업,2026
서울,종로구,연지동,3*,1,17199862,2000000000,116.3,2009,제1종근린생활,일반상업,2026
서울,종로구,연지동,74-12,2,11873292,2611695000,224.6,2024,제1종근린생활,일반상업,2025
서울,종로구,예지동,2**,3,10721158,707160000,109.1,1963,제2종근린생활,일반상업,2026
서울,종로구,예지동,269-1,1,14285714,90000000,6.3,1991,제2종근린생활,일반상업,2026
서울,종로구,옥인동,1*,1,7419827,3850000000,518.9,2015,제2종근린생활,제2종일반주거,2024
서울,종로구,옥인동,1**,1,15907668,1219800000,76.7,2023,제2종근린생활,제2종일반주거,2024
서울,종로구,옥인동,3*,2,13910242,1900000000,136.6,1960,제2종근린생활,제2종일반주거,2025
서울,종로구,옥인동,4*,6,9426735,558800000,60.0,1998,제2종근린생활,제1종일반주거,2026
서울,종로구,옥인동,6*,1,37168867,1351460000,36.4,,제2종근린생활,제2종일반주거,2024
서울,종로구,옥인동,7*,1,11189732,1360000000,121.5,2022,제2종근린생활,제2종일반주거,2026
서울,종로구,와룡동,5*,1,14430961,2200000000,152.4,1975,제2종근린생활,일반상업,2025
서울,종로구,운니동,2*,3,7959988,6000000000,753.8,1989,제2종근린생활,일반상업,2026
서울,종로구,운니동,45-3,1,3729831,460000000,123.3,2011,제2종근린생활,일반상업,2025
서울,종로구,원남동,1**,1,5569697,5081680000,912.4,1982,숙박,일반상업,2025
서울,종로구,원남동,2*,1,5902752,800000000,135.5,,제2종근린생활,일반상업,2025
서울,종로구,원남동,2**,6,12847092,709500000,44.6,1961,제2종근린생활,일반상업,2026
서울,종로구,원서동,7*,1,8264051,2426160000,293.6,1994,제1종근린생활,제1종일반주거,2026
서울,종로구,이화동,*,2,23896269,1879325000,146.5,1974,제2종근린생활,제1종일반주거,2026
서울,종로구,이화동,1**,1,6538533,2480000000,379.3,1985,제2종근린생활,제3종일반주거,2026
서울,종로구,이화동,2*,1,7078811,1500000000,211.9,2018,제2종근린생활,제3종일반주거,2025
서울,종로구,이화동,3*,1,8844403,8200000000,927.1,2011,제2종근린생활,제2종일반주거,2026
서울,종로구,이화동,5-1,1,3225806,125000000,38.8,2010,제2종근린생활,제2종일반주거,2026
서울,종로구,익선동,1**,8,25970561,2850000000,81.0,2022,제2종근린생활,일반상업,2026
서울,종로구,익선동,3*,4,8445635,2600000000,345.7,2018,제2종근린생활,일반상업,2026
서울,종로구,익선동,34,1,6395349,110000000,17.2,2004,업무,일반상업,2024
서울,종로구,익선동,55,1,3955175,360000000,91.0,2003,제1종근린생활,일반상업,2024
서울,종로구,인사동,1**,3,33815903,3980000000,122.4,1967,제2종근린생활,일반상업,2026
서울,종로구,인사동,194-4,2,5627039,897825000,159.5,1983,업무,일반상업,2025
서울,종로구,인사동,2**,1,51423072,3740000000,72.7,,제2종근린생활,일반상업,2025
서울,종로구,인사동,280,89,20897530,2305070000,115.5,2026,판매,일반상업,2026
서울,종로구,인사동,3*,1,11604232,10430000000,898.8,1968,제2종근린생활,일반상업,2026
서울,종로구,인사동,43,2,8499349,97155000,11.4,1992,기타,일반상업,2026
서울,종로구,인의동,1*,2,10692683,2605700000,243.7,1971,제2종근린생활,일반상업,2026
서울,종로구,인의동,1**,1,8007440,136915300000,17098.5,1982,업무,일반상업,2026
서울,종로구,인의동,2*,2,8631554,5000000000,579.3,1965,제2종근린생활,일반상업,2026
서울,종로구,인의동,4*,1,48882152,1290000000,26.4,,제2종근린생활,일반상업,2025
서울,종로구,인의동,48-2,26,4684418,33000000,9.2,2006,판매,일반상업,2026
서울,종로구,인의동,7*,1,13735991,2770000000,201.7,1961,제2종근린생활,일반상업,2026
서울,종로구,장사동,*,2,12721591,4600000000,361.6,,제1종근린생활,일반상업,2025
서울,종로구,장사동,1**,4,17997709,1043395000,70.9,1962,제1종근린생활,일반상업,2026
서울,종로구,장사동,116-4,8,7572894,198250000,20.5,1967,제1종근린생활,일반상업,2026
서울,종로구,장사동,5*,3,8376773,3230000000,385.6,1965,제2종근린생활,일반상업,2026
서울,종로구,재동,2*,2,25420463,7800000000,305.5,1990,제1종근린생활,제1종일반주거,2026
서울,종로구,재동,3*,3,34651447,1700000000,49.1,1993,제2종근린생활,제1종일반주거,2026
서울,종로구,재동,4*,1,61191252,2630000000,43.0,,제2종근린생활,제1종일반주거,2026
서울,종로구,재동,8*,1,56545095,2000000000,35.4,,제1종근린생활,제1종일반주거,2026
서울,종로구,재동,9*,1,22328549,10500000000,470.2,1984,제2종근린생활,제2종일반주거,2026
서울,종로구,적선동,*,1,20304491,26500000000,1305.1,2007,제2종근린생활,제1종일반주거,2024
서울,종로구,적선동,122-1,3,4980216,730000000,146.6,1990,판매,일반상업,2026
서울,종로구,적선동,80,18,7974361,560000000,130.8,1986,제1종근린생활,일반상업,2026
서울,종로구,적선동,9*,1,50096017,6000000000,119.8,,제2종근린생활,제2종일반주거,2026
서울,종로구,종로1가,24,19,11495789,442500000,46.4,2007,판매,일반상업,2026
서울,종로구,종로2가,1**,1,15787378,11500000000,728.4,1972,제1종근린생활,일반상업,2026
서울,종로구,종로2가,71-2,1,4581085,450000000,98.2,1983,제1종근린생활,일반상업,2026
서울,종로구,종로2가,8*,2,17002714,4950000000,291.1,1971,제2종근린생활,일반상업,2026
서울,종로구,종로3가,1*,1,18660405,755000000,40.5,1991,제1종근린생활,일반상업,2025
서울,종로구,종로3가,1**,1,31138790,1750000000,56.2,,제2종근린생활,일반상업,2025
서울,종로구,종로4가,165-5,1,10117786,171800000,17.0,1960,제2종근린생활,일반상업,2026
서울,종로구,종로4가,165-7,2,4521080,320000000,70.8,,제2종근린생활,일반상업,2025
서울,종로구,종로5가,*,3,7209708,3200000000,446.6,1984,제2종근린생활,일반상업,2026
서울,종로구,종로5가,1*,2,12568453,4200000000,334.2,1957,제1종근린생활,일반상업,2026
서울,종로구,종로5가,1**,11,14702879,3600000000,274.4,1963,제1종근린생활,일반상업,2026
서울,종로구,종로5가,138-4,1,48462783,1198000000,24.7,2022,제1종근린생활,일반상업,2025
서울,종로구,종로5가,2**,11,13385222,970000000,116.1,1984,제1종근린생활,일반상업,2026
서울,종로구,종로5가,225-1,1,17275868,950000000,55.0,1986,제2종근린생활,일반상업,2026
서울,종로구,종로5가,3**,2,29949619,3210000000,391.4,1982,제1종근린생활,일반상업,2026
서울,종로구,종로5가,314-7,18,5948399,24500000,4.0,1984,판매,일반상업,2025
서울,종로구,종로5가,4**,1,18246325,1800000000,98.6,1959,제1종근린생활,일반상업,2025
서울,종로구,종로5가,5**,5,15629727,1460000000,99.2,1958,제1종근린생활,일반상업,2026
서울,종로구,종로6가,*,1,21612150,3700000000,171.2,1985,제1종근린생활,제2종일반주거,2024
서울,종로구,종로6가,1**,2,7366811,4150000000,575.6,1988,제2종근린생활,일반상업,2026
서울,종로구,종로6가,2**,1,5681300,6850000000,1205.7,2003,제1종근린생활,일반상업,2026
서울,종로구,종로6가,262-1,6,49605780,390000000,7.5,,판매,일반상업,2026
서울,종로구,종로6가,270-3,17,29644269,390000000,10.0,,판매,일반상업,2026
서울,종로구,종로6가,289-40,5,24732069,300000000,12.1,1973,판매,일반상업,2026
서울,종로구,종로6가,289-42,2,13966049,125000000,8.9,1973,판매,일반상업,2025
서울,종로구,종로6가,289-44,13,20166074,170000000,8.7,1973,판매,일반상업,2026
서울,종로구,창성동,1**,9,17280310,3800000000,106.9,1986,제2종근린생활,제2종일반주거,2026
서울,종로구,창성동,9*,2,10107584,3222500000,318.8,2001,제2종근린생활,제2종일반주거,2026
서울,종로구,창신동,1*,1,3043323,850000000,279.3,1984,제2종근린생활,제2종일반주거,2026
서울,종로구,창신동,1**,3,20726184,2700000000,130.3,1986,제1종근린생활,준주거,2025
서울,종로구,창신동,2*,4,9153836,1483625000,183.6,1987,제2종근린생활,제2종일반주거,2025
서울,종로구,창신동,2**,3,7560384,1900000000,251.3,2024,제2종근린생활,준주거,2025
서울,종로구,창신동,23-76,2,7452201,388100000,59.6,2006,판매,제2종일반주거,2026
서울,종로구,창신동,3**,3,49818151,2017870000,29.8,1937,제1종근린생활,일반상업,2025
서울,종로구,창신동,327-2,5,9497207,306000000,32.2,1996,업무,일반상업,2026
서울,종로구,창신동,328-18,14,3734708,91000000,31.0,1997,판매,일반상업,2026
서울,종로구,창신동,4**,6,34923690,2540000000,72.7,1938,제1종근린생활,일반상업,2026
서울,종로구,창신동,436-41,5,11904762,75000000,5.5,1970,판매,일반상업,2025
서울,종로구,창신동,436-43,1,1535312,30000000,19.5,1970,판매,일반상업,2026
서울,종로구,창신동,438-8,2,4592774,300000000,65.3,,판매,일반상업,2026
서울,종로구,창신동,5**,5,16567342,2780000000,167.8,1938,제1종근린생활,준주거,2026
서울,종로구,창신동,6**,2,8312046,1400000000,240.5,,제2종근린생활,제2종일반주거,2025
서울,종로구,창신동,625-7,2,4447007,115000000,26.5,,제1종근린생활,제2종일반주거,2026
서울,종로구,창신동,702,2,4570304,115000000,25.5,1992,판매,제3종일반주거,2026
서울,종로구,창신동,703,4,2666884,97500000,37.1,1993,제2종근린생활,제3종일반주거,2025
서울,종로구,청운동,4-35,3,2048072,122700000,59.9,2024,제2종근린생활,제1종일반주거,2025
서울,종로구,청운동,5*,3,11975510,8000000000,668.0,2008,제2종근린생활,제1종일반주거,2025
서울,종로구,청운동,6*,1,10459553,4700000000,449.4,1991,제2종근린생활,제2종일반주거,2024
서울,종로구,청진동,1*,1,30973451,7350000000,237.3,1958,제2종근린생활,일반상업,2026
서울,종로구,청진동,4*,2,50220643,2850000000,57.3,,제2종근린생활,일반상업,2025
서울,종로구,체부동,*,1,28421053,1350000000,47.5,,제1종근린생활,제2종일반주거,2026
서울,종로구,체부동,2**,1,19024390,124800000,6.6,1964,제2종근린생활,제2종일반주거,2025
서울,종로구,충신동,1**,9,5584216,2300000000,379.1,2004,제2종근린생활,일반상업,2026
서울,종로구,충신동,2**,5,6338048,2200000000,347.1,1993,숙박,일반상업,2026
서울,종로구,통의동,*,1,13262599,500000000,37.7,1963,제2종근린생활,제2종일반주거,2026
서울,종로구,통의동,1*,1,21367521,3400000000,159.1,2016,제2종근린생활,제2종일반주거,2025
서울,종로구,통의동,2*,1,33858953,3500000000,103.4,,제1종근린생활,제2종일반주거,2026
서울,종로구,통의동,3*,1,11023972,745000000,67.6,,제2종근린생활,제2종일반주거,2025
서울,종로구,통의동,5*,1,74660633,990000000,13.3,,제1종근린생활,제2종일반주거,2025
서울,종로구,통의동,6*,1,31170855,6400000000,205.3,2007,제1종근린생활,제2종일반주거,2026
서울,종로구,통의동,8*,1,19113727,3800000000,198.8,2012,제2종근린생활,제2종일반주거,2026
서울,종로구,통의동,9*,1,12090212,5200000000,430.1,2007,제2종근린생활,제2종일반주거,2026
서울,종로구,통인동,1**,15,23249221,2480000000,142.1,1970,제2종근린생활,제2종일반주거,2026
서울,종로구,통인동,4*,1,15528531,830000000,53.4,2012,제1종근린생활,제2종일반주거,2025
서울,종로구,팔판동,1**,3,21306114,4300000000,201.8,1970,제2종근린생활,제1종일반주거,2026
서울,종로구,팔판동,2*,1,39322444,1300000000,33.1,,제2종근린생활,제1종일반주거,2026
서울,종로구,팔판동,4*,1,36308623,720000000,19.8,,제2종근린생활,제1종일반주거,2026
서울,종로구,평동,2**,1,10383381,895300000000,86224.3,2020,업무,일반상업,2024
서울,종로구,평동,233,1,33689961,1480000000,43.9,2017,제2종근린생활,제2종일반주거,2025
서울,종로구,평창동,1**,1,7355805,1700000000,231.1,1981,제1종근린생활,제1종전용주거,2026
서울,종로구,평창동,2**,3,7150402,1000000000,123.1,1971,제1종근린생활,제1종일반주거,2025
서울,종로구,평창동,3**,1,9009700,2350000000,260.8,1980,제1종근린생활,제1종전용주거,2025
서울,종로구,평창동,4**,1,9018759,1000000000,110.9,1988,제1종근린생활,제1종전용주거,2026
서울,종로구,평창동,5**,1,5908148,4500000000,761.7,2003,기타,제1종전용주거,2025
서울,종로구,필운동,1**,3,30691283,2285000000,72.0,1980,제2종근린생활,제2종일반주거,2026
서울,종로구,필운동,2**,2,16140140,1247500000,125.1,1994,제2종근린생활,제3종일반주거,2025
서울,종로구,필운동,5*,2,8851158,2097500000,287.2,1994,제2종근린생활,제2종일반주거,2025
서울,종로구,행촌동,*,1,3658935,560000000,153.0,2006,제2종근린생활,제2종일반주거,2025
서울,종로구,혜화동,1*,1,7640208,1850000000,242.1,1989,기타,제1종일반주거,2026
서울,종로구,혜화동,1**,1,22130234,1390000000,62.8,,제1종근린생활,제3종일반주거,2026
서울,종로구,혜화동,185,1,6172840,65000000,10.5,1994,제1종근린생활,제3종일반주거,2026
서울,종로구,혜화동,7*,1,4653910,985000000,211.6,,제2종근린생활,제3종일반주거,2026
서울,종로구,홍지동,9*,1,7014809,1800000000,256.6,1966,제2종근린생활,제2종일반주거,2024
서울,종로구,홍파동,199,3,27951280,895000000,32.0,2017,제2종근린생활,제2종일반주거,2026
서울,종로구,화동,4*,1,14460134,4918470000,340.1,1966,제2종근린생활,제1종일반주거,2026
서울,종로구,화동,6*,1,40478248,2810000000,69.4,,제1종근린생활,제1종일반주거,2026
서울,종로구,효자동,1**,1,9464291,3150000000,332.8,,제2종근린생활,제2종일반주거,2025
서울,종로구,효제동,1**,9,6017671,3000000000,387.1,1991,제2종근린생활,일반상업,2026
서울,종로구,효제동,174-2,2,8279221,1530000000,184.8,1988,제2종근린생활,일반상업,2024
서울,종로구,효제동,2*,4,61169799,31276310000,812.0,1984,제2종근린생활,일반상업,2025
서울,종로구,효제동,2**,1,6422608,1600000000,249.1,1967,제1종근린생활,일반상업,2024
서울,종로구,효제동,3**,1,15199637,2010000000,132.2,,제2종근린생활,일반상업,2026
서울,종로구,효제동,4*,1,8158698,3500000000,429.0,1994,제2종근린생활,일반상업,2025
서울,종로구,효제동,45,1,6076975,180000000,29.6,2003,제1종근린생활,일반상업,2026
서울,종로구,효제동,6*,5,21070050,670000000,36.2,1959,제1종근린생활,일반상업,2026
서울,중구,광희동1가,1**,6,13385003,4850000000,476.4,1970,제2종근린생활,일반상업,2026
서울,중구,광희동1가,145-2,5,14610846,2130000000,178.0,2022,제2종근린생활,일반상업,2025
서울,중구,광희동1가,2**,2,10485636,4675000000,446.3,1984,제2종근린생활,일반상업,2025
서울,중구,광희동1가,257,2,15316060,1213670000,79.3,2022,제2종근린생활,일반상업,2026
서울,중구,광희동2가,1**,3,8870753,5000000000,563.6,1997,제2종근린생활,일반상업,2025
서울,중구,광희동2가,2**,6,13695367,2300000000,167.9,2018,숙박,제3종일반주거,2026
서울,중구,광희동2가,3**,1,5025126,2600000000,517.4,1986,제1종근린생활,제2종일반주거,2024
서울,중구,광희동2가,4*,1,12543689,3230000000,257.5,2022,제2종근린생활,일반상업,2026
서울,중구,광희동2가,7*,2,19131518,1075000000,56.2,1967,제1종근린생활,일반상업,2026
서울,중구,남대문로1가,2*,2,9074919,240000000,233.8,1958,제2종근린생활,일반상업,2025
서울,중구,남대문로2가,*,1,11646259,160125000000,13749.0,1971,업무,중심상업,2024
서울,중구,남대문로2가,1*,1,60808756,2000000000,32.9,1934,제2종근린생활,중심상업,2025
서울,중구,남대문로3가,3*,1,13962147,4500000000,322.3,,제2종근린생활,일반상업,2025
서울,중구,남대문로3가,94,1,17701732,419000000,23.7,2023,숙박,일반상업,2026
서울,중구,남대문로4가,1*,3,24544180,2150000000,85.6,1986,제1종근린생활,일반상업,2026
서울,중구,남대문로5가,1*,4,52874251,2649000000,50.1,1953,제2종근린생활,일반상업,2025
서울,중구,남대문로5가,1**,3,9044990,1350000000,111.7,1967,제1종근린생활,일반상업,2026
서울,중구,남대문로5가,171,1,7234727,45000000,6.2,1991,제2종근린생활,일반상업,2026
서울,중구,남대문로5가,5**,1,12488361,6840000000,547.7,2014,숙박,일반상업,2025
서울,중구,남대문로5가,6*,1,21044205,14853000000,705.8,,제1종근린생활,일반상업,2025
서울,중구,남산동1가,1*,1,17167760,3900000000,227.2,1913,제2종근린생활,제2종일반주거,2026
서울,중구,남산동2가,1*,2,8882334,8232150000,1066.7,1981,제1종근린생활,제1종일반주거,2026
서울,중구,남산동2가,4*,4,5336271,2500000000,695.3,1987,제1종근린생활,제1종일반주거,2024
서울,중구,남창동,1**,2,8082785,3025000000,338.2,1980,제2종근린생활,준주거,2026
서울,중구,남창동,2**,3,4873002,1460000000,299.6,1994,제1종근린생활,제1종일반주거,2025
서울,중구,남창동,3*,10,25215535,450000000,19.6,1958,제1종근린생활,일반상업,2026
서울,중구,남창동,32-18,1,8083141,35000000,4.3,,제1종근린생활,일반상업,2026
서울,중구,남창동,4*,4,14573763,1375000000,113.9,1957,제2종근린생활,일반상업,2026
서울,중구,남창동,46-3,1,5038760,26000000,5.2,,제1종근린생활,일반상업,2025
서울,중구,남창동,5,28,2825019,30000000,10.3,1986,판매,일반상업,2026
서울,중구,남창동,5*,3,49697494,2300000000,46.3,1957,제2종근린생활,일반상업,2026
서울,중구,남창동,51-1,46,9909505,492930000,46.9,1980,판매,일반상업,2026
서울,중구,남창동,6*,7,31498938,791250000,24.1,1955,제1종근린생활,일반상업,2025
서울,중구,남학동,1*,1,6961407,38038940000,5464.3,2018,숙박,제3종일반주거,2024
서울,중구,남학동,2*,3,12331103,940000000,76.2,2003,제2종근린생활,제2종일반주거,2026
서울,중구,다동,155,26,14113571,12718440000,901.2,2011,업무,일반상업,2026
서울,중구,다동,5*,2,34312445,9380000000,581.2,1986,제2종근린생활,일반상업,2026
서울,중구,다동,70,1,8482564,90000000,10.6,1996,제2종근린생활,일반상업,2025
서울,중구,다동,88,13,8691722,158540000,17.8,1986,판매,일반상업,2026
서울,중구,다동,9*,2,18852905,18000000000,954.8,2020,제2종근린생활,일반상업,2025
서울,중구,만리동1가,62-7,1,6385696,1200000000,187.9,2005,판매,일반상업,2025
서울,중구,만리동2가,273,2,9079903,150000000,16.5,2017,제1종근린생활,제1종일반주거,2026
서울,중구,명동1가,4*,3,29569617,8650000000,292.5,1963,제1종근린생활,중심상업,2026
서울,중구,명동1가,7*,1,35291152,7000000000,198.4,,판매,중심상업,2025
서울,중구,명동2가,*,1,18960245,3100000000,163.5,1960,제1종근린생활,중심상업,2026
서울,중구,명동2가,2*,1,20666850,1500000000,72.6,1975,제2종근린생활,중심상업,2025
서울,중구,명동2가,29-9,1,20494700,1450000000,70.8,1975,제2종근린생활,중심상업,2026
서울,중구,명동2가,3*,1,36638837,6100000000,166.5,,제1종근린생활,중심상업,2025
서울,중구,명동2가,5*,11,20502479,7320000000,357.0,1956,제1종근린생활,중심상업,2026
서울,중구,명동2가,9*,1,11423463,2300000000,201.3,,제1종근린생활,중심상업,2025
서울,중구,무교동,4*,2,19666277,123865000000,15510.7,1972,업무,일반상업,2024
서울,중구,무교동,9*,1,10155556,167000000000,16444.2,1992,업무,일반상업,2025
서울,중구,무학동,3*,1,6318532,1515500000,239.8,1981,제1종근린생활,제2종일반주거,2025
서울,중구,묵정동,2*,3,9267094,2300000000,248.2,1978,제2종근린생활,제2종일반주거,2025
서울,중구,묵정동,3*,2,15693717,1130000000,84.3,1956,제1종근린생활,제3종일반주거,2026
서울,중구,묵정동,35,6,35274235,1219100000,40.3,2024,제2종근린생활,제2종일반주거,2025
서울,중구,방산동,*,3,5649462,870000000,49.7,1961,제1종근린생활,일반상업,2025
서울,중구,방산동,1**,2,5180655,1140000000,235.7,1964,제1종근린생활,일반상업,2026
서울,중구,방산동,6*,1,4131435,1500000000,363.1,,제1종근린생활,일반상업,2025
서울,중구,봉래동1가,1**,2,10341759,42593280000,4800.6,1964,업무,일반상업,2025
서울,중구,북창동,1*,2,16287085,4150000000,236.7,1967,제2종근린생활,일반상업,2025
서울,중구,북창동,1**,2,35049673,5175000000,327.9,1972,제1종근린생활,일반상업,2026
서울,중구,북창동,9*,2,5929665,3900000000,657.7,1968,교육연구,일반상업,2025
서울,중구,산림동,1**,3,21304927,800000000,64.0,1965,제2종근린생활,일반상업,2026
서울,중구,산림동,2**,14,17217378,568885000,48.6,1958,제1종근린생활,중심상업,2026
서울,중구,산림동,207-1,6,6918203,232500000,46.8,1971,판매,일반상업,2026
서울,중구,산림동,207-2,3,21827001,270000000,12.4,1972,판매,일반상업,2025
서울,중구,산림동,302,3,16894087,520000000,30.8,2024,숙박,일반상업,2026
서울,중구,산림동,9*,6,9887208,686370000,69.4,,제2종근린생활,일반상업,2025
서울,중구,서소문동,5*,2,11466714,66260000000,7873.9,1996,제2종근린생활,제3종일반주거,2025
서울,중구,서소문동,75-95,22,11699064,325000000,27.8,1985,업무,일반상업,2026
서울,중구,서소문동,9*,1,24935921,2260940000,90.7,1966,제1종근린생활,일반상업,2025
서울,중구,소공동,112-4,35,6387974,390900000,61.1,1969,업무,일반상업,2025
서울,중구,수표동,1**,1,11225099,206800000000,18423.0,2021,제1종근린생활,일반상업,2025
서울,중구,수표동,4*,2,7117707,32250005000,4531.0,1977,업무,일반상업,2026
서울,중구,수하동,4*,2,7086881,19000000000,2681.0,1969,제1종근린생활,일반상업,2025
서울,중구,수하동,6*,1,11582088,645060000000,55694.6,,업무,일반상업,2025
서울,중구,순화동,151,28,5991156,230000000,34.9,2007,숙박,일반상업,2026
서울,중구,순화동,215,18,8639911,318750000,35.9,2006,업무,일반상업,2026
서울,중구,순화동,217,3,6153089,500000000,81.3,2016,제2종근린생활,준주거,2026
서울,중구,순화동,5*,1,10242088,350000000000,34172.7,2007,업무,일반상업,2026
서울,중구,신당동,1**,7,10730917,418720000,311.4,1963,제2종근린생활,제3종일반주거,2026
서울,중구,신당동,110-7,3,9336196,1000000000,107.1,1978,기타,일반상업,2024
서울,중구,신당동,193-2,21,31250000,175000000,5.5,2006,판매,일반상업,2026
서울,중구,신당동,198-3,13,45454545,180000000,4.0,1999,판매,일반상업,2026
서울,중구,신당동,199-17,3,56470588,240000000,4.2,2006,판매,일반상업,2025
서울,중구,신당동,2**,27,9436387,750000000,126.2,1969,제1종근린생활,제2종일반주거,2026
서울,중구,신당동,200-5,7,5952381,30000000,5.0,2000,판매,일반상업,2026
서울,중구,신당동,202-1,1,6076389,35000000,5.8,,판매,일반상업,2026
서울,중구,신당동,204-48,5,6634007,195000000,27.2,1996,업무,일반상업,2026
서울,중구,신당동,213-51,1,26190476,110000000,4.2,1996,판매,일반상업,2025
서울,중구,신당동,213-67,10,8907563,40000000,5.3,1990,판매,일반상업,2026
서울,중구,신당동,213-8,20,3049496,14615000,4.3,1996,판매,일반상업,2026
서울,중구,신당동,214-1,1,16250000,65000000,4.0,1996,제1종근린생활,일반상업,2025
서울,중구,신당동,217-1,1,30888031,480000000,15.5,,제1종근린생활,일반상업,2024
서울,중구,신당동,217-10,1,32467532,550000000,16.9,,판매,일반상업,2025
서울,중구,신당동,217-91,11,28382353,210000000,6.8,1983,판매,일반상업,2026
서울,중구,신당동,217-92,4,1004879,115000000,322.3,1969,제1종근린생활,일반상업,2025
서울,중구,신당동,217-95,1,8474576,170000000,20.1,,판매,일반상업,2026
서울,중구,신당동,217-96,12,12896909,250000000,15.9,1969,제1종근린생활,일반상업,2026
서울,중구,신당동,217-97,5,35282258,310000000,9.9,1969,제1종근린생활,일반상업,2026
서울,중구,신당동,251-1,7,5227273,22000000,4.1,1997,제2종근린생활,일반상업,2026
서울,중구,신당동,251-80,1,7936508,40000000,5.0,2000,판매,일반상업,2024
서울,중구,신당동,288-5,2,6905481,320000000,46.3,2018,제2종근린생활,제2종일반주거,2024
서울,중구,신당동,3**,37,11582857,3484400000,397.4,1989,제2종근린생활,준주거,2026
서울,중구,신당동,363-4,10,7700304,2000000000,259.7,1989,제1종근린생활,준주거,2026
서울,중구,신당동,366-126,2,3873364,850000000,213.5,2005,제2종근린생활,제3종일반주거,2025
서울,중구,신당동,372-2796,2,5547298,880800000,158.8,1969,제2종근린생활,준주거,2026
서울,중구,신당동,372-49,1,12291052,500000000,40.7,2021,업무,준주거,2024
서울,중구,신당동,372-71,2,4656452,320000000,69.3,2019,제1종근린생활,제3종일반주거,2026
서울,중구,신당동,386-7,1,11173665,2600000000,232.7,1985,제1종근린생활,제2종일반주거,2025
서울,중구,신당동,4*,1,10690872,212000000,19.8,1900,제1종근린생활,제2종일반주거,2024
서울,중구,신당동,4**,13,12036336,2100000000,155.5,1980,제2종근린생활,제2종일반주거,2026
서울,중구,신당동,414-8,2,6023840,355000000,61.7,2019,제1종근린생활,제2종일반주거,2026
서울,중구,신당동,432-1630,2,2872671,18500000,6.4,2013,제2종근린생활,제3종일반주거,2025
서울,중구,신당동,5*,1,7262453,8675000000,1194.5,1990,제1종근린생활,제2종일반주거,2024
서울,중구,신당동,6*,1,253355,191980000,757.8,1998,제1종근린생활,제2종일반주거,2024
서울,중구,신당동,772,9,11316872,55000000,4.9,1980,판매,일반상업,2026
서울,중구,신당동,773,20,4021192,16000000,3.9,2010,판매,일반상업,2026
서울,중구,신당동,775,5,19295302,230000000,11.9,1980,판매,일반상업,2025
서울,중구,신당동,777,2,49961638,230750000,4.5,1980,판매,일반상업,2026
서울,중구,신당동,8**,1,7146630,2300000000,321.8,1980,제2종근린생활,제1종일반주거,2024
서울,중구,신당동,840,1,2520479,160000000,63.5,,제2종근린생활,제3종일반주거,2025
서울,중구,신당동,842,15,5843222,650000000,111.2,1999,제2종근린생활,제3종일반주거,2025
서울,중구,신당동,843,1,3914894,92000000,23.5,1999,제2종근린생활,제3종일반주거,2026
서울,중구,신당동,844,14,6587082,222500000,33.0,2002,제1종근린생활,제3종일반주거,2026
서울,중구,신당동,857,2,26160535,1355000000,50.3,2021,제2종근린생활,준주거,2026
서울,중구,쌍림동,*,1,16737675,3300000000,197.2,2018,숙박,일반상업,2025
서울,중구,쌍림동,1**,1,5350120,53000000000,9906.3,1999,업무,일반상업,2026
서울,중구,쌍림동,106-14,1,4930414,290500000,58.9,2020,제2종근린생활,일반상업,2026
서울,중구,쌍림동,25-16,18,13132805,476000000,36.2,2023,숙박,일반상업,2025
서울,중구,예관동,1**,1,40451282,946560000,23.4,1956,제2종근린생활,일반상업,2025
서울,중구,예관동,3*,1,12636474,2500000000,197.8,,제1종근린생활,일반상업,2025
서울,중구,예관동,7*,1,7327613,2340000000,319.3,1965,제2종근린생활,일반상업,2026
서울,중구,오장동,1*,1,5592272,440000000,78.7,1965,제2종근린생활,일반상업,2026
서울,중구,오장동,1**,3,10491310,2700000000,252.6,1961,제1종근린생활,일반상업,2026
서울,중구,오장동,127-1,21,5910267,68500000,11.6,2003,판매,일반상업,2026
서울,중구,오장동,145-1,2,17798441,404190000,22.8,2020,제1종근린생활,일반상업,2024
서울,중구,오장동,206-3,2,3839869,94000000,24.5,1997,업무,일반상업,2026
서울,중구,오장동,4*,3,4685777,340000000,72.6,1958,제1종근린생활,일반상업,2025
서울,중구,오장동,9*,1,8863798,6500000000,733.3,1995,제1종근린생활,일반상업,2026
서울,중구,오장동,90-24,1,8817046,120000000,13.6,2014,숙박,일반상업,2026
서울,중구,을지로1가,4*,2,68371053,12906515000,220.2,2021,제2종근린생활,일반상업,2025
서울,중구,을지로1가,42,2,19623537,7819830000,433.7,1987,업무,일반상업,2024
서울,중구,을지로2가,1**,3,37814332,6000000000,158.7,1958,제1종근린생활,중심상업,2026
서울,중구,을지로2가,199-39,1,49773756,1650000000,33.2,,제2종근린생활,중심상업,2025
서울,중구,을지로2가,199-40,7,47483381,645000000,33.2,2008,제2종근린생활,중심상업,2026
서울,중구,을지로2가,50,1,5638519,76120000,13.5,1987,판매,일반상업,2026
서울,중구,을지로3가,2**,9,18230030,1650000000,58.1,1956,제1종근린생활,중심상업,2026
서울,중구,을지로3가,3**,3,13213834,2300000000,174.1,1976,제1종근린생활,일반상업,2025
서울,중구,을지로3가,9*,1,17925248,4465000000,249.1,1960,제1종근린생활,일반상업,2026
서울,중구,을지로4가,1**,2,9464622,3575000000,432.0,1970,제2종근린생활,일반상업,2025
서울,중구,을지로4가,323,84,17538818,2367210000,119.8,2019,제1종근린생활,일반상업,2026
서울,중구,을지로5가,*,2,11741683,60000000,5.1,,제1종근린생활,일반상업,2026
서울,중구,을지로5가,1*,1,10492003,145000000000,13820.0,2021,숙박,일반상업,2025
서울,중구,을지로5가,20-1,1,7603687,330000000,43.4,2003,제1종근린생활,일반상업,2025
서울,중구,을지로5가,270-9,45,11190546,229630000,20.5,2020,숙박,일반상업,2025
서울,중구,을지로5가,273-2,1,6487536,635000000,97.9,2004,제2종근린생활,일반상업,2026
서울,중구,을지로5가,77-2,12,5884661,149000000,25.5,2005,숙박,일반상업,2026
서울,중구,을지로5가,9*,1,9130125,81000000000,8871.7,2019,제2종근린생활,일반상업,2026
서울,중구,을지로6가,1*,2,10637152,7900000000,742.7,1935,제2종근린생활,일반상업,2025
서울,중구,을지로6가,17-15,1,11879050,110000000,9.3,1967,판매,일반상업,2026
서울,중구,을지로6가,17-44,1,1512859,10000000,6.6,,판매,일반상업,2026
서울,중구,을지로6가,18-185,2,5052284,82500000,14.0,1998,판매,일반상업,2025
서울,중구,을지로6가,18-187,2,23968415,410000000,17.0,1972,판매,일반상업,2026
서울,중구,을지로6가,18-21,61,3000000,10500000,3.5,2008,판매,일반상업,2026
서울,중구,을지로6가,18-35,855,5835544,25000000,3.8,2002,제1종근린생활,일반상업,2026
서울,중구,을지로6가,2*,1,30370370,1230000000,40.5,,제1종근린생활,일반상업,2025
서울,중구,을지로6가,21-3,1,39294710,156000000,4.0,,업무,일반상업,2025
서울,중구,을지로6가,21-31,8,4156171,19000000,4.0,2007,판매,일반상업,2026
서울,중구,을지로6가,3*,1,30474904,6770000000,222.2,1965,제1종근린생활,일반상업,2026
서울,중구,을지로6가,32,4,7841907,125000000,15.9,2003,숙박,일반상업,2026
서울,중구,을지로7가,105,27,6241929,130000000,23.2,2006,숙박,일반상업,2026
서울,중구,을지로7가,4*,2,24284762,1075000000,43.4,,제2종근린생활,일반상업,2026
서울,중구,의주로1가,25-10,1,8555414,870000000,101.7,2005,제1종근린생활,일반상업,2025
서울,중구,인현동1가,1*,3,20713618,2000000000,149.7,1980,제1종근린생활,중심상업,2026
서울,중구,인현동1가,1**,2,13029386,292500000,22.7,1950,교육연구,일반상업,2026
서울,중구,인현동1가,158,31,14936848,280000000,18.2,2020,숙박,일반상업,2026
서울,중구,인현동1가,5*,1,13611990,990000000,72.7,,제1종근린생활,일반상업,2025
서울,중구,인현동1가,7*,3,5148999,800000000,155.4,,제2종근린생활,일반상업,2026
서울,중구,인현동1가,8*,1,15904877,2106760000,132.5,1966,제1종근린생활,일반상업,2025
서울,중구,인현동2가,*,1,40106952,6000000000,149.6,1986,제1종근린생활,일반상업,2026
서울,중구,인현동2가,1**,9,9663054,660000000,49.6,1930,제2종근린생활,일반상업,2026
서울,중구,인현동2가,192-30,3,7824881,790000000,101.0,1968,업무,일반상업,2026
서울,중구,인현동2가,2**,1,16717083,1050000000,62.8,,제2종근린생활,일반상업,2025
서울,중구,인현동2가,240,1,4850709,270330000,55.7,2023,제1종근린생활,일반상업,2026
서울,중구,입정동,1**,2,27876809,1053000000,42.5,,제2종근린생활,일반상업,2026
서울,중구,입정동,277,1,6397403,379430000,59.3,2023,제1종근린생활,일반상업,2025
서울,중구,입정동,280,5,8619543,207300000,24.0,2023,제1종근린생활,일반상업,2026
서울,중구,입정동,281,1,16982759,394000000,23.2,2024,숙박,일반상업,2025
서울,중구,장교동,1,15,5268817,380000000,71.4,1987,업무,일반상업,2026
서울,중구,장충동1가,*,1,3025065,210000000,69.4,,제2종근린생활,제3종일반주거,2025
서울,중구,장충동1가,2*,1,10216365,8417570000,823.9,1977,제1종근린생활,제3종일반주거,2026
서울,중구,장충동1가,3*,2,6308842,8725000000,1387.2,1990,제1종근린생활,제2종일반주거,2026
서울,중구,장충동1가,5*,2,12500005,2143610000,694.8,1980,제1종근린생활,제3종일반주거,2026
서울,중구,장충동1가,6*,1,20938998,4500000000,214.9,2023,제2종근린생활,제3종일반주거,2026
서울,중구,장충동2가,1**,4,6724287,3150000000,420.7,1989,제2종근린생활,제3종일반주거,2026
서울,중구,장충동2가,173-1,2,9518899,2400000000,252.1,1990,제2종근린생활,제3종일반주거,2026
서울,중구,장충동2가,186-28,8,10834480,2500000000,230.8,1990,제2종근린생활,제2종일반주거,2026
서울,중구,장충동2가,193-87,1,3818319,328070000,85.9,1999,제1종근린생활,제2종일반주거,2024
서울,중구,장충동2가,2*,1,9762980,346000000,35.4,1957,제2종근린생활,제2종일반주거,2025
서울,중구,저동1가,1**,2,39742907,332662955000,26709.5,1986,업무,중심상업,2025
서울,중구,저동2가,1*,3,10898391,3000000000,275.3,1970,제2종근린생활,일반상업,2026
서울,중구,저동2가,24-1,1,8004150,292733600000,36572.7,1969,업무,일반상업,2026
서울,중구,저동2가,4*,6,5767981,550000000,76.0,1997,제2종근린생활,일반상업,2025
서울,중구,저동2가,7-2,2,14356392,355000000,24.7,2018,제2종근린생활,일반상업,2026
서울,중구,저동2가,78,5,7715388,180000000,23.3,2007,업무,일반상업,2025
서울,중구,저동2가,8*,2,9790929,200235550000,20336.3,1996,기타,일반상업,2026
서울,중구,정동,*,3,37419689,272870000,6.3,1960,제1종근린생활,준주거,2026
서울,중구,정동,15-6,6,17203521,2465000000,139.6,2008,기타,제3종일반주거,2026
서울,중구,주교동,1**,3,9756915,2600000000,401.0,1963,제1종근린생활,일반상업,2025
서울,중구,주교동,19-1,23,6123699,100000000,16.3,1976,제1종근린생활,일반상업,2026
서울,중구,주교동,19-14,11,7117438,100000000,15.3,1976,판매,일반상업,2026
서울,중구,주교동,2**,2,6074791,3400000000,559.7,1972,제1종근린생활,일반상업,2026
서울,중구,주교동,4*,2,23519098,1265000000,54.0,,제1종근린생활,일반상업,2026
서울,중구,주교동,43-9,1,11534080,2430000000,210.7,,제1종근린생활,일반상업,2025
서울,중구,주교동,6*,2,170976,187485000,1096.6,1998,제1종근린생활,일반상업,2025
서울,중구,주교동,8*,1,6044038,6500000000,1075.4,,제2종근린생활,일반상업,2025
서울,중구,주자동,4*,1,6535165,4881180000,746.9,1970,업무,제3종일반주거,2026
서울,중구,중림동,200,1,13022448,1050000000,80.6,2001,제2종근린생활,제3종일반주거,2025
서울,중구,중림동,3**,3,18564356,1350000000,72.7,1957,제2종근린생활,제3종일반주거,2025
서울,중구,중림동,355,7,9523810,550000000,50.4,2006,제1종근린생활,일반상업,2026
서울,중구,중림동,363,1,15522055,278000000,17.9,,업무,일반상업,2025
서울,중구,중림동,398-11,1,22106722,319000000,14.4,2019,제2종근린생활,제3종일반주거,2026
서울,중구,중림동,400-17,1,4813827,830000000,172.4,1997,제1종근린생활,제3종일반주거,2025
서울,중구,중림동,500,4,6159222,379000000,73.6,2001,제1종근린생활,준주거,2026
서울,중구,초동,1*,8,9840451,1535000000,338.5,1960,제1종근린생활,일반상업,2025
서울,중구,초동,1**,1,6687999,121646000000,18188.7,1988,업무,일반상업,2025
서울,중구,초동,2*,1,10875361,9790000000,900.2,1985,제2종근린생활,일반상업,2024
서울,중구,초동,3*,1,20743302,2400000000,115.7,,제1종근린생활,일반상업,2025
서울,중구,초동,5*,1,14908736,1070000000,71.8,,제1종근린생활,일반상업,2026
서울,중구,초동,6*,1,10094058,4400000000,435.9,1969,제2종근린생활,일반상업,2025
서울,중구,충무로1가,2*,2,16316975,9330500000,642.3,1961,제2종근린생활,중심상업,2026
서울,중구,충무로1가,24-1,163,9397674,40410000,4.3,2000,판매,중심상업,2026
서울,중구,충무로2가,*,1,40549392,39000000000,961.8,,제2종근린생활,중심상업,2026
서울,중구,충무로2가,1*,4,11799079,10500000000,889.9,1965,제2종근린생활,중심상업,2025
서울,중구,충무로2가,4*,3,16622954,4180000000,270.7,1957,제1종근린생활,일반상업,2026
서울,중구,충무로2가,5*,3,10878009,227000000000,20867.8,2025,제1종근린생활,일반상업,2025
서울,중구,충무로2가,6*,5,20153401,17557060000,515.2,1960,제1종근린생활,중심상업,2026
서울,중구,충무로2가,65-9,30,13806004,148890000,5.0,2006,판매,중심상업,2026
서울,중구,충무로3가,2*,3,11365727,3800000000,452.9,1957,제2종근린생활,일반상업,2025
서울,중구,충무로3가,3*,7,13978008,1439500000,77.3,2015,제2종근린생활,일반상업,2026
서울,중구,충무로3가,4*,1,9214666,199415600000,21641.1,1989,업무,일반상업,2024
서울,중구,충무로3가,49,5,8846948,300000000,37.3,2013,업무,일반상업,2026
서울,중구,충무로3가,5*,4,4864969,3253075000,357.2,1968,제2종근린생활,일반상업,2026
서울,중구,충무로3가,60-1,22,7713755,21359080000,2769.0,1978,업무,일반상업,2025
서울,중구,충무로4가,*,1,26545699,1580000000,59.5,,제2종근린생활,일반상업,2025
서울,중구,충무로4가,1**,9,30251465,2471940000,66.1,1962,제2종근린생활,일반상업,2026
서울,중구,충무로4가,120-3,13,4392387,80000000,13.8,1935,판매,일반상업,2026
서울,중구,충무로4가,127-5,1,3716219,186740000,50.2,1988,제2종근린생활,일반상업,2025
서울,중구,충무로4가,2*,1,29032258,720000000,24.8,,제2종근린생활,일반상업,2025
서울,중구,충무로4가,3*,2,18326024,845000000,48.5,1964,제2종근린생활,일반상업,2025
서울,중구,충무로4가,306,5,3918879,400000000,86.5,2009,제2종근린생활,일반상업,2025
서울,중구,충무로4가,308,34,11988079,285660000,23.6,2023,숙박,일반상업,2026
서울,중구,충무로4가,334,35,9656925,246000000,26.1,2021,숙박,일반상업,2026
서울,중구,충무로4가,9*,3,2828746,222000000,136.6,1956,제2종근린생활,일반상업,2026
서울,중구,충무로5가,*,3,27641301,1797520000,56.2,1962,제2종근린생활,일반상업,2025
서울,중구,충무로5가,2*,2,10436371,3040000000,389.5,1968,제2종근린생활,일반상업,2026
서울,중구,충무로5가,22-5,7,5201958,165000000,32.7,2005,숙박,일반상업,2026
서울,중구,충무로5가,3*,1,15885023,630000000,39.7,1956,제2종근린생활,일반상업,2026
서울,중구,충무로5가,90,2,15035085,460000000,31.3,2022,제1종근린생활,제2종일반주거,2026
서울,중구,태평로1가,2*,1,12710898,121000000000,9519.4,1973,업무,일반상업,2026
서울,중구,태평로1가,3*,1,9294659,15000000000,1613.8,1964,숙박,일반상업,2025
서울,중구,태평로2가,1**,1,17634273,1226640000,69.6,1989,업무,일반상업,2025
서울,중구,태평로2가,5*,4,42796739,12881820000,320.9,1946,제2종근린생활,일반상업,2026
서울,중구,태평로2가,6*,13,44275712,2333330000,52.7,1956,제2종근린생활,일반상업,2025
서울,중구,필동1가,43-1,97,17153285,303000000,16.6,2023,숙박,일반상업,2026
서울,중구,필동1가,51-11,4,5127979,295000000,58.2,1936,제2종근린생활,일반상업,2026
서울,중구,필동2가,1**,3,7473313,8030000000,1074.5,1990,제2종근린생활,제1종일반주거,2026
서울,중구,필동2가,2*,5,9409594,840000000,81.3,1960,제2종근린생활,제2종일반주거,2025
서울,중구,필동2가,6*,1,7240035,1820000000,251.4,1972,제2종근린생활,제2종일반주거,2026
서울,중구,필동2가,7*,8,10277871,3050000000,298.7,1994,제1종근린생활,제2종일반주거,2026
서울,중구,필동2가,8*,1,5860884,2200000000,375.4,2003,제1종근린생활,제1종일반주거,2026
서울,중구,필동2가,9*,1,14772457,1240000000,83.9,,제2종근린생활,제2종일반주거,2025
서울,중구,필동3가,*,2,9127541,4100000000,449.2,2017,제2종근린생활,제2종일반주거,2024
서울,중구,필동3가,1*,1,6634391,370000000,55.8,,제1종근린생활,제2종일반주거,2025
서울,중구,필동3가,2*,4,21453121,2635000000,283.8,2006,제2종근린생활,제2종일반주거,2026
서울,중구,필동3가,28-9,1,8120438,890000000,109.6,2016,제1종근린생활,제2종일반주거,2025
서울,중구,필동3가,6*,2,21013103,8995000000,814.2,1982,제1종근린생활,제1종일반주거,2025
서울,중구,황학동,1**,2,10196155,1495000000,154.9,1972,제1종근린생활,일반상업,2026
서울,중구,황학동,1***,9,19133371,3400000000,145.3,1985,제1종근린생활,일반상업,2026
서울,중구,황학동,1005,1,7222824,400000000,55.4,2002,제2종근린생활,일반상업,2026
서울,중구,황학동,1173,3,9815618,550000000,30.7,2022,제2종근린생활,일반상업,2026
서울,중구,황학동,1257,1,17199612,2840000000,165.1,2021,제2종근린생활,일반상업,2025
서울,중구,황학동,1572,2,4577465,130000000,28.4,2018,제2종근린생활,일반상업,2026
서울,중구,황학동,1651,79,5606618,114000000,21.8,2015,숙박,일반상업,2026
서울,중구,황학동,1665,1,3760230,170000000,45.2,,제2종근린생활,일반상업,2026
서울,중구,황학동,2**,2,3844443,602500000,134.3,1972,제2종근린생활,일반상업,2025
서울,중구,황학동,2***,1,8852459,540000000,61.0,1999,제1종근린생활,일반상업,2025
서울,중구,황학동,2484,1,12254902,300000000,24.5,2004,제1종근린생활,일반상업,2025
서울,중구,황학동,2523,2,7394981,398500000,64.7,2010,제1종근린생활,일반상업,2026
서울,중구,황학동,2545,15,5208333,55000000,22.1,2008,판매,일반상업,2026
서울,중구,황학동,2545-1,1,11705686,140000000,12.0,2008,제2종근린생활,일반상업,2025
서울,중구,황학동,3**,1,11536609,2932260000,254.2,2023,제2종근린생활,일반상업,2026
서울,중구,황학동,4**,1,4953560,1200000000,242.2,1988,제1종근린생활,일반상업,2025
서울,중구,황학동,6**,5,4501377,1880000000,417.6,1989,제1종근린생활,일반상업,2026
서울,중구,황학동,7**,1,16915201,760000000,44.9,,제1종근린생활,일반상업,2025
서울,중구,황학동,787,1,13834508,530000000,38.3,2013,제2종근린생활,일반상업,2025
서울,중구,황학동,8**,3,11292835,2610000000,231.1,1960,제2종근린생활,일반상업,2025
서울,중구,황학동,882,7,7686395,550000000,65.0,2010,제1종근린생활,일반상업,2026
서울,중구,황학동,9**,1,14375000,460000000,32.0,,제1종근린생활,일반상업,2026
서울,중구,회현동1가,1**,10,9293630,2575000000,289.8,1974,제2종근린생활,제2종일반주거,2026
서울,중구,회현동1가,199-6,5,4983389,75000000,15.0,1969,제1종근린생활,일반상업,2026
서울,중구,회현동1가,206,7,13002224,584580000,45.0,2010,판매,일반상업,2025
서울,중구,회현동1가,208,7,6701940,545000000,83.5,2011,업무,일반상업,2025
서울,중구,회현동1가,6*,1,15303520,2700000000,176.4,1960,제2종근린생활,일반상업,2026
서울,중구,회현동1가,7*,5,14790261,519350000,35.1,1965,제1종근린생활,제2종일반주거,2025
서울,중구,회현동1가,88-3,1,3466605,300000000,86.5,2023,제1종근린생활,준주거,2025
서울,중구,회현동1가,9*,4,8054246,1416730000,177.3,1974,제1종근린생활,준주거,2025
서울,중구,회현동2가,2*,1,9153931,8200000000,895.8,1983,제1종근린생활,제2종일반주거,2025
서울,중구,회현동2가,6*,1,12665277,7050000000,556.6,,제2종근린생활,제2종일반주거,2026
서울,중구,회현동3가,*,3,9913383,1980000000,199.7,2019,제1종근린생활,제2종일반주거,2025
서울,중구,흥인동,*,1,5440007,4810000000,884.2,1984,제1종근린생활,일반상업,2025
서울,중구,흥인동,1*,1,5110297,600000000,117.4,1970,교육연구,일반상업,2026
서울,중구,흥인동,1**,1,8091990,10000000000,1235.8,1984,제1종근린생활,일반상업,2025
서울,중구,흥인동,13-1,1,7704655,144000000,18.7,2014,제2종근린생활,일반상업,2025
서울,중구,흥인동,3-1,5,3084112,20000000,6.1,1996,판매,일반상업,2025
서울,중구,흥인동,3-4,10,3265959,34000000,11.0,1994,판매,일반상업,2026
서울,중랑구,망우동,1**,2,6326054,3335000000,432.8,1994,제2종근린생활,제3종일반주거,2025
서울,중랑구,망우동,3**,2,5965271,1300000000,207.9,2006,제2종근린생활,개발제한구역,2026
서울,중랑구,망우동,343-2,1,4504505,80000000,17.8,2020,제2종근린생활,제2종일반주거,2025
서울,중랑구,망우동,4**,10,3497977,1170000000,414.3,1984,제1종근린생활,제2종일반주거,2026
서울,중랑구,망우동,437-1,1,2333333,70000000,30.0,2002,제1종근린생활,제2종일반주거,2026
서울,중랑구,망우동,462-24,1,3034901,160000000,52.7,2016,제2종근린생활,제2종일반주거,2024
서울,중랑구,망우동,474-25,1,4329004,100000000,23.1,2024,제2종근린생활,제2종일반주거,2026
서울,중랑구,망우동,493-19,1,3618272,80000000,22.1,2016,제2종근린생활,제2종일반주거,2025
서울,중랑구,망우동,495,1,2966102,122500000,41.3,2008,제2종근린생활,일반상업,2024
서울,중랑구,망우동,5**,1,3628447,3100000000,854.4,1990,숙박,일반상업,2024
서울,중랑구,망우동,508-11,1,1999463,745000000,372.6,2005,제2종근린생활,일반상업,2026
서울,중랑구,망우동,508-15,2,2033215,114125000,56.1,2021,제1종근린생활,일반상업,2025
서울,중랑구,망우동,508-2,16,4452926,93750000,20.1,2016,기타,일반상업,2026
서울,중랑구,망우동,514-16,5,3176783,340000000,104.7,2016,제1종근린생활,제3종일반주거,2026
서울,중랑구,망우동,517-20,2,3739565,183640000,101.0,2022,제1종근린생활,제3종일반주거,2026
서울,중랑구,망우동,522-5,1,6663160,380000000,57.0,2021,제2종근린생활,제3종일반주거,2025
서울,중랑구,망우동,572,1,350058,3000000,8.6,1995,판매,제3종일반주거,2024
서울,중랑구,망우동,583,2,2935303,140000000,50.1,2012,제2종근린생활,제2종일반주거,2026
서울,중랑구,망우동,584,2,4047903,151500000,37.7,2023,판매,일반상업,2026
서울,중랑구,면목동,1**,7,4003899,2300000000,488.3,1990,제2종근린생활,제3종일반주거,2026
서울,중랑구,면목동,1***,2,6823311,4975000000,624.2,1998,제2종근린생활,준주거,2026
서울,중랑구,면목동,100-31,3,3921569,20000000,5.1,1996,제1종근린생활,제2종일반주거,2025
서울,중랑구,면목동,1077-1,4,1218612,40000000,24.7,1990,판매,제2종일반주거,2026
서울,중랑구,면목동,114-12,4,9213515,885000000,94.4,2017,제1종근린생활,제2종일반주거,2025
서울,중랑구,면목동,117-7,1,4266212,150000000,35.2,2012,제2종근린생활,준주거,2025
서울,중랑구,면목동,119-38,1,7728781,163000000,21.1,2016,제1종근린생활,제3종일반주거,2025
서울,중랑구,면목동,1203,2,1658260,95000000,55.0,2016,제1종근린생활,준주거,2025
서울,중랑구,면목동,131-4,1,10359490,268000000,25.9,2019,제1종근린생활,제3종일반주거,2025
서울,중랑구,면목동,1499,3,1349206,34000000,25.2,1993,제1종근린생활,제2종일반주거,2024
서울,중랑구,면목동,1502-2,3,5923472,240000000,54.4,1998,제1종근린생활,제2종일반주거,2025
서울,중랑구,면목동,152-59,2,8270108,200200000,24.3,2021,제1종근린생활,제2종일반주거,2025
서울,중랑구,면목동,1547,1,15591441,346130000,22.2,2023,제1종근린생활,제2종일반주거,2025
서울,중랑구,면목동,160-1,3,2073516,23000000,10.6,1972,판매,제2종일반주거,2026
서울,중랑구,면목동,174-41,1,3886816,250000000,64.3,2022,제2종근린생활,제3종일반주거,2025
서울,중랑구,면목동,193-1,1,3589375,200000000,55.7,1987,제1종근린생활,제3종일반주거,2025
서울,중랑구,면목동,194-12,5,5799954,242110000,43.9,2022,제2종근린생활,제3종일반주거,2026
서울,중랑구,면목동,3**,5,7136939,2640000000,601.2,1976,제2종근린생활,제2종일반주거,2026
서울,중랑구,면목동,348-11,1,2611563,93050000,35.6,2023,제2종근린생활,제2종일반주거,2025
서울,중랑구,면목동,370-21,3,8416137,211750000,25.2,2023,제2종근린생활,제2종일반주거,2026
서울,중랑구,면목동,4*,1,351815,132300000,376.0,1990,제1종근린생활,제2종일반주거,2025
서울,중랑구,면목동,4**,2,10239485,2633000000,291.1,1982,제1종근린생활,제2종일반주거,2026
서울,중랑구,면목동,449-14,1,4867601,250000000,51.4,2017,제2종근린생활,제2종일반주거,2025
서울,중랑구,면목동,455-19,1,6553080,450000000,68.7,2023,제2종근린생활,제2종일반주거,2026
서울,중랑구,면목동,5**,1,9267922,6340000000,684.1,1978,제1종근린생활,제2종일반주거,2025
서울,중랑구,면목동,573-20,1,7925408,170000000,21.4,2012,제2종근린생활,제2종일반주거,2026
서울,중랑구,면목동,6**,1,4124966,610000000,147.9,1993,제2종근린생활,제2종일반주거,2024
서울,중랑구,면목동,618-18,1,3574231,410000000,114.7,2019,제1종근린생활,준주거,2026
서울,중랑구,면목동,624-5,1,6066909,350000000,57.7,2002,제1종근린생활,제2종일반주거,2025
서울,중랑구,면목동,634-42,3,7930084,235920000,29.8,2022,제2종근린생활,근린상업,2024
서울,중랑구,면목동,68-2,2,2961450,207500000,70.0,2002,제2종근린생활,제2종일반주거,2025
서울,중랑구,면목동,7*,1,6078077,1750000000,287.9,1982,제1종근린생활,제3종일반주거,2026
서울,중랑구,면목동,71-4,1,7863696,60000000,7.6,2019,제2종근린생활,제3종일반주거,2026
서울,중랑구,면목동,87-64,1,8762255,429000000,49.0,2021,제2종근린생활,제3종일반주거,2026
서울,중랑구,면목동,9*,1,4271001,1750000000,409.7,1993,제1종근린생활,제3종일반주거,2025
서울,중랑구,면목동,91-14,1,4306437,190000000,44.1,2016,제2종근린생활,제3종일반주거,2026
서울,중랑구,면목동,91-4,1,4122646,179500000,43.5,2016,제2종근린생활,제3종일반주거,2025
서울,중랑구,묵동,1**,5,4089091,1300000000,209.6,1989,제2종근린생활,일반상업,2025
서울,중랑구,묵동,103-1,1,3865074,110000000,28.5,2007,제2종근린생활,제2종일반주거,2026
서울,중랑구,묵동,163-11,1,5331754,180000000,33.8,2010,제2종근린생활,일반상업,2025
서울,중랑구,묵동,164-4,1,5678141,386000000,68.0,2010,판매,일반상업,2024
서울,중랑구,묵동,170-1,1,10300045,460000000,44.7,2010,판매,일반상업,2025
서울,중랑구,묵동,174-9,2,5208333,450000000,86.4,2004,제1종근린생활,준주거,2026
서울,중랑구,묵동,2**,2,5025326,1945750000,395.5,2004,제1종근린생활,제2종일반주거,2026
서울,중랑구,묵동,20,2,4050926,210000000,51.8,1995,제2종근린생활,제3종일반주거,2026
서울,중랑구,묵동,233-3,1,5243446,210000000,40.0,2016,제2종근린생활,제3종일반주거,2026
서울,중랑구,묵동,239-180,3,7981581,330000000,42.5,2020,제2종근린생활,제2종일반주거,2025
서울,중랑구,묵동,250-14,2,6378851,202500000,31.9,2017,제1종근린생활,제2종일반주거,2026
서울,중랑구,묵동,250-17,1,1259446,30000000,23.8,1975,제2종근린생활,제2종일반주거,2024
서울,중랑구,묵동,396,1,10000000,320000000,32.0,2017,제2종근린생활,제2종일반주거,2024
서울,중랑구,묵동,77-40,1,4185520,222000000,53.0,2018,제2종근린생활,제2종일반주거,2026
서울,중랑구,상봉동,1,1,4835590,100000000,20.7,1997,제2종근린생활,제3종일반주거,2025
서울,중랑구,상봉동,1**,1,4515233,6180000000,1368.7,1991,제2종근린생활,제3종일반주거,2025
서울,중랑구,상봉동,101,17,3126893,720000000,223.1,2006,기타,근린상업,2024
서울,중랑구,상봉동,101-19,1,8736822,447500000,51.2,2019,제1종근린생활,근린상업,2026
서울,중랑구,상봉동,102-19,1,5099439,100000000,19.6,2018,제2종근린생활,준주거,2025
서울,중랑구,상봉동,102-3,1,15731874,460000000,29.2,2023,제1종근린생활,준주거,2025
서울,중랑구,상봉동,102-78,10,5344418,100000000,16.8,2019,제2종근린생활,근린상업,2024
서울,중랑구,상봉동,104-33,2,4810583,160000000,33.3,2021,제2종근린생활,준주거,2025
서울,중랑구,상봉동,104-4,4,5497682,241000000,43.9,2018,제2종근린생활,준주거,2026
서울,중랑구,상봉동,104-44,3,4708487,127600000,27.1,2018,제2종근린생활,준주거,2024
서울,중랑구,상봉동,104-48,2,7008181,187000000,26.7,2021,제2종근린생활,준주거,2026
서울,중랑구,상봉동,105-1,1,6982973,365000000,52.3,2022,제1종근린생활,준주거,2026
서울,중랑구,상봉동,105-41,1,2542076,145000000,57.0,2018,제2종근린생활,준주거,2026
서울,중랑구,상봉동,105-45,4,2801040,83000000,30.0,2020,제2종근린생활,준주거,2025
서울,중랑구,상봉동,105-97,4,8767361,345000000,38.9,2022,제1종근린생활,준주거,2026
서울,중랑구,상봉동,106,1,22741498,1090000000,47.9,2021,제2종근린생활,준주거,2026
서울,중랑구,상봉동,116-17,1,971100,125000000,128.7,2019,제1종근린생활,제3종일반주거,2025
서울,중랑구,상봉동,120-38,1,7261905,427000000,58.8,2019,제2종근린생활,제3종일반주거,2026
서울,중랑구,상봉동,127-15,1,2477477,55000000,22.2,2013,제2종근린생활,준주거,2025
서울,중랑구,상봉동,128-23,5,4277892,125000000,27.3,2019,제2종근린생활,준주거,2024
서울,중랑구,상봉동,129-19,1,7888870,460000000,58.3,2016,제1종근린생활,준주거,2026
서울,중랑구,상봉동,129-34,1,2023828,132500000,65.5,2014,제2종근린생활,준주거,2024
서울,중랑구,상봉동,130-104,1,3179356,223000000,70.1,2014,제2종근린생활,준주거,2025
서울,중랑구,상봉동,130-142,1,3690685,210000000,56.9,2014,제2종근린생활,준주거,2025
서울,중랑구,상봉동,130-54,1,5275229,230000000,43.6,2015,제2종근린생활,준주거,2025
서울,중랑구,상봉동,130-85,2,12904598,561445000,43.5,2024,제1종근린생활,준주거,2025
서울,중랑구,상봉동,137-15,6,3619529,126500000,35.6,1988,업무,제2종일반주거,2026
서울,중랑구,상봉동,2*,1,5190311,1800000000,346.8,2004,기타,제3종일반주거,2025
서울,중랑구,상봉동,485,1,1593454,37000000,23.2,1999,제1종근린생활,제2종일반주거,2024
서울,중랑구,상봉동,500,1,5713470,400000000,70.0,2013,업무,근린상업,2026
서울,중랑구,상봉동,7*,1,4736831,4300000000,907.8,1991,제2종근린생활,준주거,2026
서울,중랑구,상봉동,8*,3,4577317,1600000000,305.2,1988,제1종근린생활,일반상업,2026
서울,중랑구,상봉동,84-22,2,21388091,540000000,26.3,2023,제1종근린생활,준주거,2025
서울,중랑구,상봉동,86-29,2,4309387,235000000,54.5,2017,제2종근린생활,준주거,2026
서울,중랑구,상봉동,91-4,8,8883315,279100000,31.2,2023,제1종근린생활,일반상업,2026
서울,중랑구,상봉동,92-2,3,4623209,957000000,224.4,2000,제2종근린생활,일반상업,2025
서울,중랑구,신내동,*,2,3744668,200785000,50.3,2020,제1종근린생활,용도미지정,2026
서울,중랑구,신내동,2**,1,4149880,1241810000,299.2,2010,제2종근린생활,개발제한구역,2025
서울,중랑구,신내동,3**,2,6839965,1340770000,196.0,2002,제2종근린생활,제1종일반주거,2025
서울,중랑구,신내동,317,1,4732608,100000000,21.1,2010,제2종근린생활,제2종일반주거,2026
서울,중랑구,신내동,393-17,1,3875969,100000000,25.8,2023,제2종근린생활,제3종일반주거,2026
서울,중랑구,신내동,395-15,1,11452810,540000000,47.2,2023,제1종근린생활,제2종일반주거,2025
서울,중랑구,신내동,4**,1,8145534,1134510000,139.3,1980,기타,제2종일반주거,2025
서울,중랑구,신내동,437,4,5404817,102500000,19.0,2000,제2종근린생활,제3종일반주거,2025
서울,중랑구,신내동,5**,2,3727899,739000000,205.5,2000,제1종근린생활,제3종일반주거,2026
서울,중랑구,신내동,502-5,2,2053344,245000000,119.3,1994,교육연구,제3종일반주거,2026
서울,중랑구,신내동,6**,2,2070748,31150000000,16690.7,2002,제2종근린생활,제3종일반주거,2025
서울,중랑구,신내동,646,1,22222222,780000000,35.1,2003,제2종근린생활,준주거,2026
서울,중랑구,신내동,648,6,3882353,188250000,39.3,2003,제2종근린생활,준주거,2026
서울,중랑구,신내동,666,8,1702982,32500000,15.6,1999,판매,일반상업,2026
서울,중랑구,신내동,786,9,1042970,163000000,160.8,1996,제1종근린생활,제3종일반주거,2026
서울,중랑구,신내동,807,3,4198401,206600000,52.5,2015,제2종근린생활,준주거,2026
서울,중랑구,신내동,807-1,1,2769864,350000000,126.4,2015,제1종근린생활,준주거,2026
서울,중랑구,신내동,817,1,4346238,238000000,54.8,2013,제2종근린생활,제3종일반주거,2024
서울,중랑구,중화동,11-1,1,3128911,150000000,47.9,2011,제2종근린생활,제2종일반주거,2025
서울,중랑구,중화동,133-7,1,3868472,120000000,31.0,2023,제2종근린생활,제2종일반주거,2025
서울,중랑구,중화동,2**,3,3920937,1827000000,466.0,1993,제1종근린생활,제3종일반주거,2025
서울,중랑구,중화동,208-16,5,3650375,341500000,93.8,2019,제2종근린생활,준주거,2025
서울,중랑구,중화동,208-33,4,8993328,549120000,58.5,2010,제1종근린생활,준주거,2026
서울,중랑구,중화동,282-4,1,4313444,120000000,27.8,2019,제1종근린생활,제2종일반주거,2025
서울,중랑구,중화동,299-87,1,5020921,120000000,23.9,2016,제2종근린생활,제2종일반주거,2026
서울,중랑구,중화동,3**,5,7697133,3200000000,446.4,1983,제2종근린생활,제2종일반주거,2026
서울,중랑구,중화동,301-77,1,7614986,250000000,32.8,2020,제2종근린생활,제2종일반주거,2026
서울,중랑구,중화동,307-1,3,2228164,25000000,10.6,1992,판매,제2종일반주거,2026
서울,중랑구,중화동,312-67,1,3597602,108000000,30.0,2017,제1종근린생활,제2종일반주거,2026
서울,중랑구,중화동,314-1,1,9878982,400000000,40.5,2005,판매,제2종일반주거,2026
서울,중랑구,중화동,314-18,1,6094998,145000000,23.8,2017,제1종근린생활,제2종일반주거,2026
서울,중랑구,중화동,314-29,1,9503941,205000000,21.6,2023,제2종근린생활,제2종일반주거,2026
서울,중랑구,중화동,314-8,1,1753156,100000000,57.0,2016,제2종근린생활,제2종일반주거,2025
서울,중랑구,중화동,315-3,1,4144095,153000000,36.9,2022,제2종근린생활,제2종일반주거,2025
서울,중랑구,중화동,326-27,1,3333333,79000000,23.7,2019,제2종근린생활,제2종일반주거,2025
서울,중랑구,중화동,329-32,1,5773476,340000000,58.9,2019,제2종근린생활,제2종일반주거,2024
서울,중랑구,중화동,330-108,4,8903278,220000000,24.7,2023,제2종근린생활,제2종일반주거,2025
서울,중랑구,중화동,330-94,1,4184378,315000000,75.3,2017,제2종근린생활,제2종일반주거,2025
