행정구역,2026년08월_계_총인구수,2026년08월_계_연령구간인구수,2026년08월_계_0세,2026년08월_계_1세,2026년08월_계_2세,2026년08월_계_3세,2026년08월_계_4세,2026년08월_계_5세,2026년08월_계_6세,2026년08월_계_7세,2026년08월_계_8세,2026년08월_계_9세,2026년08월_계_10세,2026년08월_계_11세,2026년08월_계_12세,2026년08월_계_13세,2026년08월_계_14세,2026년08월_계_15세,2026년08월_계_16세,2026년08월_계_17세,2026년08월_계_18세,2026년08월_계_19세
서울특별시 종로구 청운효자동(1111051500),"10,592","1,413",37,37,42,35,40,48,44,45,54,65,82,71,82,105,104,101,93,116,94,118
서울특별시 종로구 사직동(1111053000),"8,828",958,21,26,32,35,42,34,35,46,43,54,65,62,58,53,68,51,50,57,65,61
서울특별시 종로구 삼청동(1111054000),"2,029",199,5,7,4,6,6,8,5,4,10,7,10,15,13,12,14,12,12,16,18,15
서울특별시 종로구 부암동(1111055000),"8,862","1,047",18,34,16,30,27,26,32,35,47,46,68,67,59,90,67,68,71,64,94,88
서울특별시 종로구 평창동(1111056000),"16,921","2,327",71,71,52,73,72,97,101,81,98,104,141,135,134,158,132,171,152,138,176,170
서울특별시 종로구 무악동(1111057000),"7,696","1,335",37,37,35,43,55,48,55,52,48,73,84,71,81,81,90,95,92,90,87,81
서울특별시 종로구 교남동(1111058000),"9,476","1,339",61,42,60,45,58,61,68,75,73,72,74,66,59,70,80,67,78,86,75,69
서울특별시 종로구 가회동(1111060000),"3,500",387,10,8,12,9,11,13,7,16,16,22,24,23,26,21,24,32,29,22,38,24
서울특별시 종로구 종로1.2.3.4가동(1111061500),"6,561",355,20,12,15,16,14,12,11,16,15,9,19,13,24,17,26,23,23,29,25,16
서울특별시 종로구 종로5.6가동(1111063000),"5,400",333,20,12,9,5,9,6,11,13,25,22,14,20,12,18,17,19,17,18,30,36
서울특별시 종로구 이화동(1111064000),"7,044",473,13,10,17,12,15,9,12,16,14,14,33,20,33,29,29,32,24,28,53,60
서울특별시 종로구 혜화동(1111065000),"15,721","1,595",41,36,31,42,40,23,53,46,51,59,68,74,88,98,96,102,103,92,166,286
서울특별시 종로구 창신제1동(1111067000),"4,328",225,9,10,14,10,12,5,9,7,8,10,11,12,11,10,13,15,14,14,15,16
서울특별시 종로구 창신제2동(1111068000),"7,048",397,9,11,10,13,14,11,16,11,17,18,13,21,19,18,22,34,28,28,45,39
서울특별시 종로구 창신제3동(1111069000),"6,031",590,35,31,21,22,18,23,24,22,17,29,25,24,32,30,28,30,35,40,54,50
서울특별시 종로구 숭인제1동(1111070000),"5,654",459,14,24,15,10,15,12,20,15,15,21,27,24,29,30,38,25,26,28,40,31
서울특별시 종로구 숭인제2동(1111071000),"10,244",506,30,32,28,17,19,22,13,16,12,24,25,24,14,26,31,32,33,27,39,42
서울특별시 중구 소공동(1114052000),"2,205",292,7,13,11,13,12,21,15,19,17,12,21,16,21,17,14,17,8,10,19,9
서울특별시 중구 회현동(1114054000),"4,032",317,12,7,12,8,22,11,11,9,8,18,13,19,20,15,20,14,30,18,22,28
서울특별시 중구 명동(1114055000),"2,479",147,10,2,4,6,5,7,3,3,5,3,5,5,8,8,8,8,5,9,19,24
서울특별시 중구 필동(1114057000),"4,331",323,12,16,12,16,10,10,8,7,11,11,24,17,21,20,14,16,14,10,22,52
서울특별시 중구 장충동(1114058000),"4,553",379,10,4,12,8,9,12,10,10,11,7,17,15,13,27,23,16,18,20,52,85
서울특별시 중구 광희동(1114059000),"5,709",283,18,14,12,6,13,11,7,5,5,14,13,11,19,12,19,12,21,9,27,35
서울특별시 중구 을지로동(1114060500),"3,039",226,32,14,11,14,15,14,12,10,5,10,9,6,9,10,7,8,6,9,8,17
서울특별시 중구 신당동(1114061500),"7,236",422,22,22,14,14,19,16,20,30,19,26,22,18,17,20,20,23,19,29,24,28
서울특별시 중구 다산동(1114062500),"12,813",998,28,43,24,28,35,31,34,32,35,49,49,48,49,59,71,64,69,67,97,86
서울특별시 중구 약수동(1114063500),"15,562","1,499",83,75,72,63,76,67,64,54,69,81,61,77,70,68,87,69,79,81,90,113
서울특별시 중구 청구동(1114064500),"10,605","1,072",78,56,62,38,52,46,41,36,44,53,45,54,51,45,59,59,62,45,73,73
서울특별시 중구 신당제5동(1114065000),"9,957",891,53,51,32,37,45,33,32,32,33,49,41,44,59,51,46,46,44,42,64,57
서울특별시 중구 동화동(1114066500),"9,694","1,210",58,59,41,55,47,56,52,43,62,55,82,62,65,75,58,70,59,57,71,83
서울특별시 중구 황학동(1114067000),"13,134","1,014",93,70,42,47,44,44,49,48,46,47,55,49,42,46,39,52,42,50,48,61
서울특별시 중구 중림동(1114068000),"11,956","1,570",106,80,70,67,97,90,71,82,89,81,91,64,69,65,69,75,64,77,81,82
서울특별시 용산구 후암동(1117051000),"15,584","1,584",66,46,33,54,49,45,53,62,58,69,98,88,98,97,131,102,96,108,115,116
서울특별시 용산구 용산2가동(1117052000),"8,352",562,33,15,19,21,14,21,14,20,17,22,36,26,34,35,29,35,35,35,47,54
서울특별시 용산구 남영동(1117053000),"7,004",353,29,19,19,14,10,13,14,8,12,17,18,18,17,13,18,21,16,17,22,38
서울특별시 용산구 청파동(1117055500),"18,790","1,325",58,43,44,36,40,48,29,48,41,52,55,57,61,77,83,83,86,90,112,182
서울특별시 용산구 원효로제1동(1117056000),"17,082","1,910",124,125,97,104,76,94,92,94,110,79,101,83,94,78,83,82,111,77,104,102
서울특별시 용산구 원효로제2동(1117057000),"13,318","1,550",74,86,55,61,59,67,69,52,77,72,84,80,82,84,90,101,82,85,90,100
서울특별시 용산구 효창동(1117058000),"10,383","1,228",78,69,55,44,42,50,51,56,55,70,68,63,68,59,60,71,54,61,73,81
서울특별시 용산구 용문동(1117059000),"11,023","1,103",62,58,45,57,50,54,58,40,47,57,50,54,45,56,57,55,55,59,68,76
서울특별시 용산구 한강로동(1117062500),"20,844","2,120",149,148,146,143,111,119,109,94,83,92,94,83,66,81,88,92,94,100,114,114
서울특별시 용산구 이촌제1동(1117063000),"24,925","4,592",159,171,143,154,163,207,212,264,245,291,276,288,284,272,291,241,230,224,231,246
서울특별시 용산구 이촌제2동(1117064000),"7,682",845,79,60,47,44,40,34,31,30,28,30,36,31,41,35,37,41,43,47,63,48
서울특별시 용산구 이태원제1동(1117065000),"5,361",395,23,24,17,17,22,14,21,15,17,20,15,28,20,20,19,16,15,23,23,26
서울특별시 용산구 이태원제2동(1117066000),"8,333",697,22,30,25,20,33,28,18,33,32,34,44,40,34,41,45,28,40,43,52,55
서울특별시 용산구 한남동(1117068500),"13,658","1,721",103,80,74,73,77,75,81,82,93,78,105,91,90,84,85,95,95,84,82,94
서울특별시 용산구 서빙고동(1117069000),"12,130","1,909",57,37,45,48,47,54,73,78,76,85,85,121,125,144,138,150,154,140,135,117
서울특별시 용산구 보광동(1117070000),"4,990",385,18,9,15,13,10,10,12,18,11,14,18,10,19,29,29,27,29,35,26,33
서울특별시 성동구 왕십리제2동(1120052000),"15,603","1,884",136,111,70,96,73,97,87,78,79,73,105,109,96,90,99,89,88,84,113,111
서울특별시 성동구 왕십리도선동(1120053500),"25,536","3,381",172,171,162,138,160,179,171,197,183,210,186,169,180,189,161,143,146,135,160,169
서울특별시 성동구 마장동(1120054000),"21,406","2,131",114,84,77,65,79,75,75,74,89,94,109,92,101,101,118,149,119,129,161,226
서울특별시 성동구 사근동(1120055000),"12,097","1,015",24,23,24,23,25,31,18,20,21,31,35,44,40,35,42,39,42,51,114,333
서울특별시 성동구 행당제1동(1120056000),"15,720","2,053",116,83,100,89,100,102,102,97,88,99,92,110,96,103,99,105,104,108,116,144
서울특별시 성동구 행당제2동(1120057000),"22,193","3,230",197,160,122,146,133,145,117,150,163,155,163,178,176,167,188,167,139,160,182,222
서울특별시 성동구 응봉동(1120058000),"14,349","2,235",116,91,63,74,72,90,89,79,114,114,130,148,114,122,144,120,133,127,150,145
서울특별시 성동구 금호1가동(1120059000),"14,233","1,940",112,105,86,89,94,91,82,100,92,111,91,106,98,110,91,101,78,112,88,103
서울특별시 성동구 금호2.3가동(1120061500),"20,552","2,528",205,164,108,120,136,123,134,134,134,113,136,126,107,109,103,94,98,114,139,131
서울특별시 성동구 금호4가동(1120062000),"13,682","1,943",127,103,108,98,84,97,101,113,100,118,96,112,87,77,102,84,75,82,98,81
서울특별시 성동구 옥수동(1120064500),"25,115","3,841",287,239,222,196,226,197,220,189,211,203,200,213,157,167,154,159,149,138,163,151
서울특별시 성동구 성수1가제1동(1120065000),"14,723","1,500",110,92,71,66,81,62,59,58,80,70,65,55,70,85,54,69,83,78,80,112
서울특별시 성동구 성수1가제2동(1120066000),"14,274","1,562",120,108,83,80,76,63,66,63,68,77,60,68,62,69,80,59,83,85,93,99
서울특별시 성동구 성수2가제1동(1120067000),"13,222","1,068",54,50,63,36,42,30,41,50,36,47,36,61,59,60,61,69,57,57,74,85
서울특별시 성동구 성수2가제3동(1120069000),"9,303",785,35,42,30,30,34,35,31,18,33,33,39,44,38,43,38,47,34,55,60,66
서울특별시 성동구 송정동(1120072000),"8,993",708,36,33,23,20,29,34,29,24,30,30,38,42,35,34,47,41,39,31,52,61
서울특별시 성동구 용답동(1120079000),"13,198",836,66,47,40,18,28,29,25,30,26,28,39,41,44,43,51,51,41,35,69,85
서울특별시 광진구 화양동(1121571000),"22,936",983,49,27,24,23,21,27,25,21,30,24,33,34,29,41,36,44,48,42,113,292
서울특별시 광진구 군자동(1121573000),"18,500","1,438",51,37,37,39,45,48,39,60,64,70,74,91,60,70,90,90,103,78,113,179
서울특별시 광진구 중곡제1동(1121574000),"14,801","1,033",60,42,31,45,35,43,43,36,32,47,45,62,54,56,74,61,53,57,77,80
서울특별시 광진구 중곡제2동(1121575000),"19,652","1,724",53,44,42,50,43,57,54,80,72,84,107,100,94,102,122,124,125,106,130,135
서울특별시 광진구 중곡제3동(1121576000),"15,180","1,253",95,49,48,46,43,40,52,51,48,53,57,72,62,69,85,66,65,77,88,87
서울특별시 광진구 중곡제4동(1121577000),"26,753","2,260",97,60,63,79,75,83,75,73,98,92,102,120,111,137,144,159,162,159,183,188
서울특별시 광진구 능동(1121578000),"10,593",820,53,31,35,33,27,29,30,24,30,38,51,33,43,48,42,56,43,48,53,73
서울특별시 광진구 광장동(1121581000),"32,833","7,227",138,107,130,132,189,198,284,329,368,380,491,492,527,585,545,530,445,447,489,421
서울특별시 광진구 자양제1동(1121582000),"21,417","1,776",77,55,45,36,50,45,60,51,52,78,94,97,95,114,126,146,126,129,146,154
서울특별시 광진구 자양제2동(1121583000),"26,254","3,357",221,174,173,172,148,142,133,151,128,141,151,161,157,188,175,198,187,172,191,194
서울특별시 광진구 자양제3동(1121584000),"26,547","3,964",181,150,156,122,152,188,156,196,163,200,231,243,222,218,226,223,226,198,233,280
서울특별시 광진구 자양제4동(1121584700),"19,921","1,493",95,78,71,60,43,73,68,66,58,56,75,68,64,76,80,94,71,86,95,116
서울특별시 광진구 구의제1동(1121585000),"23,264","1,880",82,70,53,60,53,63,53,67,86,77,94,106,98,115,100,124,141,120,147,171
서울특별시 광진구 구의제2동(1121586000),"24,773","2,960",93,81,80,71,80,97,107,124,121,137,164,160,191,199,206,206,181,206,221,235
서울특별시 광진구 구의제3동(1121587000),"27,367","3,755",152,127,111,108,117,131,147,157,172,180,186,221,232,237,243,231,245,253,260,245
서울특별시 동대문구 신설동(1123051500),"16,412","1,622",131,85,64,64,57,66,74,88,83,78,91,87,79,87,61,83,70,70,100,104
서울특별시 동대문구 용두동(1123053300),"22,706","1,977",115,98,62,80,70,82,100,104,91,98,105,102,100,96,98,100,99,107,123,147
서울특별시 동대문구 제기동(1123054500),"22,065","1,750",74,87,70,59,62,56,67,49,78,66,77,80,76,88,110,94,106,111,149,191
서울특별시 동대문구 전농제1동(1123056000),"32,482","3,886",178,168,153,155,150,166,172,166,185,213,224,203,218,206,216,193,181,178,251,310
서울특별시 동대문구 전농제2동(1123057000),"17,115","2,228",110,83,84,95,67,90,77,96,82,86,120,118,136,127,129,139,153,141,142,153
서울특별시 동대문구 답십리제1동(1123060000),"27,611","3,925",265,213,154,165,179,193,177,193,201,201,246,249,204,199,197,179,169,171,174,196
서울특별시 동대문구 답십리제2동(1123061000),"27,116","3,059",211,173,143,141,120,135,139,157,138,144,153,145,134,155,152,162,139,150,200,168
서울특별시 동대문구 장안제1동(1123065000),"36,998","4,144",161,167,139,148,158,180,169,169,180,209,221,262,213,247,233,277,249,227,266,269
서울특별시 동대문구 장안제2동(1123066000),"33,005","5,142",191,162,186,186,200,217,263,282,271,301,306,297,267,296,300,301,260,280,290,286
서울특별시 동대문구 청량리동(1123070500),"18,374","1,471",79,60,68,57,50,63,45,66,62,54,71,79,61,80,104,83,85,95,95,114
서울특별시 동대문구 회기동(1123071000),"10,269",960,44,30,29,19,13,23,19,26,34,34,35,44,45,63,52,64,54,54,92,186
서울특별시 동대문구 휘경제1동(1123072000),"16,805","1,935",181,118,110,115,100,81,63,75,81,85,73,88,76,73,89,84,76,80,115,172
서울특별시 동대문구 휘경제2동(1123073000),"23,529","2,633",109,87,72,74,57,65,76,83,92,96,122,128,138,145,180,161,149,172,260,367
서울특별시 동대문구 이문제1동(1123074000),"31,110","4,373",333,252,229,234,247,210,183,180,154,183,162,190,227,169,177,184,150,178,267,464
서울특별시 동대문구 이문제2동(1123075000),"17,851","2,168",96,84,64,78,78,85,88,84,97,100,116,112,98,122,134,139,139,125,154,175
서울특별시 중랑구 면목제2동(1126052000),"22,841","2,041",85,110,64,67,59,56,68,84,75,103,110,115,117,126,108,134,123,152,140,145
서울특별시 중랑구 면목제4동(1126054000),"17,441","1,655",71,61,58,63,53,66,63,68,81,84,83,92,91,96,124,109,77,115,94,106
서울특별시 중랑구 면목제5동(1126055000),"13,744","1,862",102,73,80,95,79,90,92,86,110,130,132,110,102,89,95,84,82,79,77,75
서울특별시 중랑구 면목본동(1126056500),"31,469","2,343",125,101,89,77,82,69,76,82,96,89,142,150,115,129,165,158,131,132,158,177
서울특별시 중랑구 면목제7동(1126057000),"20,408","1,770",97,85,68,83,88,62,85,73,72,82,97,93,69,93,84,102,113,105,120,99
서울특별시 중랑구 면목제3.8동(1126057500),"23,347","1,850",93,88,71,69,61,64,62,80,88,64,87,105,88,94,117,107,101,111,139,161
서울특별시 중랑구 상봉제1동(1126058000),"22,733","2,874",154,144,96,117,102,117,133,117,154,120,169,152,155,153,171,171,166,149,174,160
서울특별시 중랑구 상봉제2동(1126059000),"21,964","1,378",141,104,88,61,69,41,50,42,65,39,61,52,55,59,68,70,65,68,84,96
서울특별시 중랑구 중화제1동(1126060000),"17,835","1,762",95,79,63,61,61,52,72,57,83,98,82,89,102,95,101,118,96,107,121,130
서울특별시 중랑구 중화제2동(1126061000),"25,574","2,030",113,112,94,116,104,93,78,89,79,97,107,97,95,109,95,104,113,89,129,117
서울특별시 중랑구 묵제1동(1126062000),"33,173","4,142",112,100,94,125,123,113,126,171,186,203,252,234,254,293,287,290,285,284,302,308
서울특별시 중랑구 묵제2동(1126063000),"17,471","1,527",69,66,51,50,64,59,51,70,59,71,79,96,73,71,89,91,93,80,118,127
서울특별시 중랑구 망우본동(1126065500),"37,949","4,889",264,265,223,258,243,220,226,292,268,254,280,270,216,230,237,214,225,229,224,251
서울특별시 중랑구 망우제3동(1126066000),"15,157","1,188",48,41,38,41,34,37,36,37,41,70,58,59,62,82,69,81,76,86,88,104
서울특별시 중랑구 신내1동(1126068000),"36,551","5,455",189,150,164,187,156,208,165,189,199,249,285,282,344,354,414,407,364,395,380,374
서울특별시 중랑구 신내2동(1126069000),"18,847","2,109",128,93,81,64,77,68,68,98,79,96,121,121,108,123,128,131,104,150,134,137
서울특별시 성북구 성북동(1129052500),"15,514","1,460",55,48,47,57,43,47,55,50,63,53,71,64,86,87,103,91,87,94,116,143
서울특별시 성북구 삼선동(1129055500),"21,504","2,084",60,57,52,50,63,62,68,69,71,87,103,118,97,127,126,139,143,159,181,252
서울특별시 성북구 동선동(1129057500),"14,922","1,203",35,26,35,23,22,30,33,33,39,44,47,69,60,49,65,57,62,77,125,272
서울특별시 성북구 돈암제1동(1129058000),"13,638","1,543",76,51,70,42,55,61,52,53,68,65,85,65,92,87,88,104,98,96,120,115
서울특별시 성북구 돈암제2동(1129059000),"22,770","3,869",125,131,97,115,151,138,143,167,184,225,219,218,237,225,230,259,236,250,263,256
서울특별시 성북구 안암동(1129060000),"15,564","1,156",42,30,24,25,30,34,35,50,30,38,49,52,34,65,39,59,49,63,123,285
서울특별시 성북구 보문동(1129061000),"15,611","1,722",110,84,69,63,70,75,66,79,87,78,101,84,85,85,97,83,88,77,113,128
서울특별시 성북구 정릉제1동(1129062000),"17,433","2,610",86,102,70,89,103,100,106,101,116,138,153,164,153,139,155,153,156,162,175,189
서울특별시 성북구 정릉제2동(1129063000),"21,380","2,413",79,88,80,96,84,113,93,111,105,120,128,131,128,104,147,139,158,145,181,183
서울특별시 성북구 정릉제3동(1129064000),"13,822","1,202",44,45,30,32,35,25,28,27,43,33,57,46,54,54,72,68,61,69,133,246
서울특별시 성북구 정릉제4동(1129065000),"23,347","2,700",105,89,84,84,99,97,93,106,112,112,119,146,136,153,160,192,177,170,210,256
서울특별시 성북구 길음제1동(1129066000),"35,319","7,679",197,189,184,195,219,271,305,319,337,340,514,501,514,570,579,556,491,485,448,465
서울특별시 성북구 길음제2동(1129068500),"21,369","3,903",137,145,154,147,142,152,174,222,223,272,228,217,215,203,200,232,202,188,241,209
서울특별시 성북구 종암동(1129070500),"36,618","4,791",192,145,145,138,152,179,180,182,188,232,272,290,285,289,309,310,300,292,334,377
서울특별시 성북구 월곡제1동(1129071500),"24,355","3,518",119,119,128,127,122,119,132,151,128,161,215,194,184,197,237,249,205,229,260,242
서울특별시 성북구 월곡제2동(1129072500),"18,370","1,877",91,68,54,44,55,70,62,68,73,76,84,92,102,93,130,120,126,113,144,212
서울특별시 성북구 장위제1동(1129076000),"22,459","2,834",94,99,91,98,92,110,109,159,140,165,175,198,137,158,176,180,158,150,182,163
서울특별시 성북구 장위제2동(1129077000),"15,636","1,587",115,90,74,75,64,59,66,67,56,55,75,74,72,85,76,80,103,85,103,113
서울특별시 성북구 장위제3동(1129078000),"18,740","3,202",158,161,142,151,170,157,165,168,180,180,222,198,142,143,134,171,129,126,135,170
서울특별시 성북구 석관동(1129081000),"32,735","3,213",154,178,130,104,128,117,108,127,147,167,162,167,151,158,185,190,177,179,221,263
서울특별시 강북구 삼양동(1130553400),"24,161","2,632",108,99,99,96,88,79,103,80,103,132,154,121,131,145,169,172,167,159,237,190
서울특별시 강북구 미아동(1130553500),"20,093","1,418",50,37,22,34,28,39,34,38,52,63,75,73,77,94,93,99,103,91,132,184
서울특별시 강북구 송중동(1130554500),"27,132","2,695",98,98,103,100,78,88,95,88,129,118,130,136,152,169,152,178,163,186,216,218
서울특별시 강북구 송천동(1130555500),"22,652","1,881",87,58,60,53,57,64,65,78,78,80,98,97,92,120,112,133,117,122,132,178
서울특별시 강북구 삼각산동(1130557500),"29,798","5,397",156,189,135,143,185,195,205,203,233,279,293,334,311,355,387,347,387,362,350,348
서울특별시 강북구 번1동(1130559500),"15,876","1,063",43,36,31,42,28,32,31,55,53,34,49,45,49,64,59,72,61,72,89,118
서울특별시 강북구 번2동(1130560300),"14,115","1,088",27,28,28,31,31,29,39,38,46,49,61,63,58,65,79,84,87,81,77,87
서울특별시 강북구 번3동(1130560800),"15,273","1,481",60,50,56,48,46,36,47,56,57,70,65,71,93,98,94,114,93,104,116,107
서울특별시 강북구 수유1동(1130561500),"19,226","1,663",58,43,33,52,42,43,67,53,74,78,83,89,98,91,113,126,114,121,132,153
서울특별시 강북구 수유2동(1130562500),"19,744","1,762",51,67,43,49,56,54,65,86,80,98,81,113,96,100,96,123,125,101,131,147
서울특별시 강북구 수유3동(1130563500),"22,223","1,333",41,31,27,35,28,33,48,53,57,61,66,67,71,76,79,81,93,92,118,176
서울특별시 강북구 우이동(1130564500),"19,344","1,838",60,62,57,52,56,54,52,65,73,83,122,114,108,103,132,121,116,140,118,150
서울특별시 강북구 인수동(1130566000),"27,872","2,618",63,61,59,62,59,84,94,101,108,148,130,163,139,176,208,201,162,193,199,208
서울특별시 도봉구 창제1동(1132051100),"22,562","2,608",118,83,73,77,75,84,89,102,110,104,147,147,170,179,179,176,155,160,171,209
서울특별시 도봉구 창제2동(1132051200),"27,407","2,858",117,80,84,80,92,103,91,113,114,158,161,164,149,161,205,193,197,173,188,235
서울특별시 도봉구 창제3동(1132051300),"12,506","1,197",33,32,23,37,27,25,30,45,42,58,90,62,62,80,72,98,91,102,100,88
서울특별시 도봉구 창제4동(1132051400),"25,798","3,377",151,115,94,109,128,130,111,127,145,149,193,218,169,196,197,220,214,197,250,264
서울특별시 도봉구 창제5동(1132051500),"23,236","2,559",116,87,92,68,89,87,93,106,101,128,130,120,137,156,156,154,169,178,195,197
서울특별시 도봉구 도봉제1동(1132052100),"19,293","1,371",40,40,29,32,36,35,49,50,49,61,75,82,75,94,96,99,117,101,105,106
서울특별시 도봉구 도봉제2동(1132052200),"25,671","2,567",133,113,118,111,131,106,125,97,132,131,147,153,96,108,117,152,130,147,158,162
서울특별시 도봉구 쌍문제1동(1132066000),"20,459","2,120",65,55,67,46,79,62,87,81,93,98,115,125,119,148,147,148,122,123,155,185
서울특별시 도봉구 쌍문제2동(1132067000),"17,208","1,634",53,45,51,50,58,51,61,64,82,79,100,94,76,84,112,97,107,122,117,131
서울특별시 도봉구 쌍문제3동(1132068000),"15,843","1,366",62,46,44,30,50,57,60,59,55,61,58,80,69,70,86,93,82,103,91,110
서울특별시 도봉구 쌍문제4동(1132068100),"17,522","2,470",58,74,60,55,71,70,87,80,106,127,124,164,158,169,186,170,187,183,182,159
서울특별시 도봉구 방학제1동(1132069000),"27,721","2,962",75,70,59,78,86,92,98,112,117,162,142,184,178,191,209,224,210,200,227,248
서울특별시 도봉구 방학제2동(1132070000),"17,385","1,501",30,44,33,36,37,56,48,53,57,73,80,82,83,81,108,123,126,110,123,118
서울특별시 도봉구 방학제3동(1132071000),"25,209","3,591",86,89,82,91,104,103,116,151,175,176,200,256,252,258,254,258,233,219,252,236
서울특별시 노원구 월계1동(1135056000),"20,133","2,096",98,83,66,61,65,75,70,70,65,86,78,98,107,126,127,119,138,144,160,260
서울특별시 노원구 월계2동(1135057000),"24,502","2,873",96,98,100,85,97,104,108,107,117,124,173,171,152,159,190,193,171,181,206,241
서울특별시 노원구 월계3동(1135058000),"27,617","3,178",222,197,131,134,123,147,129,137,143,141,156,140,143,163,175,185,163,169,202,178
서울특별시 노원구 공릉1동(1135059500),"35,130","3,469",132,110,101,79,102,104,137,118,130,146,176,170,196,202,232,222,198,212,307,395
서울특별시 노원구 공릉2동(1135060000),"40,678","6,471",260,207,206,214,231,237,239,259,281,355,336,373,395,326,361,406,378,347,462,598
서울특별시 노원구 하계1동(1135061100),"25,059","3,309",79,82,53,75,66,68,77,98,98,117,114,152,148,209,218,278,238,255,354,530
서울특별시 노원구 하계2동(1135061200),"19,421","3,205",105,77,69,77,92,104,113,121,128,165,195,209,184,228,199,237,206,227,244,225
서울특별시 노원구 중계본동(1135061900),"21,973","4,964",28,59,52,55,71,88,132,136,169,213,311,367,396,411,431,445,440,408,420,332
서울특별시 노원구 중계1동(1135062100),"25,709","6,580",44,51,48,83,118,148,192,223,272,369,431,508,589,568,581,560,458,479,484,374
서울특별시 노원구 중계4동(1135062400),"18,464","2,540",57,62,44,53,51,67,80,102,106,139,141,146,147,168,199,177,196,215,182,208
서울특별시 노원구 중계2.3동(1135062500),"30,976","3,545",175,128,111,109,109,109,106,137,118,142,193,198,181,229,244,258,208,243,272,275
서울특별시 노원구 상계1동(1135063000),"35,794","4,168",151,160,138,136,132,115,138,173,153,201,244,244,214,222,240,303,257,314,326,307
서울특별시 노원구 상계2동(1135064000),"18,502","1,949",73,49,52,58,47,47,40,60,57,70,85,100,99,130,150,143,153,167,186,183
서울특별시 노원구 상계3.4동(1135066500),"26,200","3,076",85,87,74,88,72,108,128,131,153,162,166,189,201,181,197,197,198,210,213,236
서울특별시 노원구 상계5동(1135067000),"21,971","2,149",78,57,58,58,52,48,64,62,74,84,113,122,110,146,141,172,165,162,194,189
서울특별시 노원구 상계6.7동(1135069500),"30,044","3,792",201,198,144,156,131,123,132,140,149,164,194,200,206,201,215,234,244,220,268,272
서울특별시 노원구 상계8동(1135070000),"21,207","3,368",371,251,217,156,152,146,135,106,145,134,144,150,167,151,178,163,135,136,153,178
서울특별시 노원구 상계9동(1135071000),"18,835","2,393",110,100,77,78,67,81,83,81,96,122,130,134,133,120,137,173,149,173,192,157
서울특별시 노원구 상계10동(1135072000),"17,830","2,404",134,105,93,100,105,93,96,93,96,100,122,144,123,124,122,149,131,170,163,141
서울특별시 은평구 녹번동(1138051000),"35,037","3,646",195,160,152,153,171,158,152,145,159,168,207,211,206,193,209,192,201,189,214,211
서울특별시 은평구 불광제1동(1138052000),"33,540","3,471",179,126,120,129,141,124,139,139,152,144,184,200,187,204,220,211,226,192,221,233
서울특별시 은평구 불광제2동(1138053000),"26,084","1,850",69,58,53,44,40,66,52,57,62,88,102,105,102,113,124,143,119,114,166,173
서울특별시 은평구 갈현제1동(1138055100),"13,933","1,197",35,30,20,32,16,33,38,36,33,62,63,75,73,76,100,96,100,85,94,100
서울특별시 은평구 갈현제2동(1138055200),"26,554","2,710",67,53,61,52,66,65,66,89,117,117,128,174,155,187,194,206,214,195,276,228
서울특별시 은평구 구산동(1138056000),"30,488","3,242",89,81,65,79,95,99,97,104,122,170,184,197,198,191,231,241,233,257,273,236
서울특별시 은평구 대조동(1138057000),"26,779","1,990",135,98,69,65,41,57,47,65,63,79,94,128,109,120,116,117,122,137,152,176
서울특별시 은평구 응암제1동(1138058000),"31,894","4,163",203,163,141,157,169,150,151,155,213,205,219,277,219,233,271,229,239,244,258,267
서울특별시 은평구 응암제2동(1138059000),"26,693","4,967",214,210,212,189,215,221,218,245,254,253,317,312,268,324,288,279,263,229,252,204
서울특별시 은평구 응암제3동(1138060000),"22,660","1,688",66,56,43,48,56,47,60,51,75,64,83,93,96,103,118,108,120,122,123,156
서울특별시 은평구 역촌동(1138062500),"44,213","4,602",182,172,143,136,150,131,148,160,196,188,232,255,275,272,313,330,289,343,338,349
서울특별시 은평구 신사제1동(1138063100),"25,770","2,585",105,101,83,85,78,90,90,105,122,118,140,143,131,159,147,170,170,162,184,202
서울특별시 은평구 신사제2동(1138063200),"19,316","2,146",79,83,84,71,72,71,75,84,84,93,121,116,115,132,134,138,152,137,139,166
서울특별시 은평구 증산동(1138064000),"15,099","1,882",103,79,68,64,67,89,80,80,89,90,111,91,75,80,101,97,122,121,123,152
서울특별시 은평구 수색동(1138065000),"21,058","3,123",243,207,162,169,137,161,145,176,168,176,146,163,113,124,125,121,128,129,172,158
서울특별시 은평구 진관동(1138069000),"53,508","9,222",181,204,194,231,249,306,327,317,361,361,535,523,539,592,683,721,694,744,735,725
서울특별시 서대문구 천연동(1141052000),"16,465","2,130",90,107,95,94,90,91,86,96,106,84,104,112,110,97,98,120,124,142,136,148
서울특별시 서대문구 북아현동(1141055500),"14,984","2,133",143,106,104,113,115,106,96,127,120,119,113,120,75,93,91,96,93,93,103,107
서울특별시 서대문구 충현동(1141056500),"19,038","2,086",75,78,80,64,92,84,69,82,96,125,119,108,124,124,107,115,118,117,148,161
서울특별시 서대문구 신촌동(1141058500),"20,581","1,361",55,34,34,46,38,30,33,33,39,42,47,50,72,69,82,85,74,84,119,295
서울특별시 서대문구 연희동(1141061500),"32,954","2,889",111,106,82,70,88,88,120,104,125,134,135,194,168,152,171,175,184,201,214,267
서울특별시 서대문구 홍제제1동(1141062000),"24,185","2,780",132,132,110,116,109,87,125,119,106,120,152,157,136,149,154,178,165,168,162,203
서울특별시 서대문구 홍제제3동(1141064000),"17,103","1,889",102,91,83,73,83,86,73,90,96,94,107,88,107,81,87,95,98,91,115,149
서울특별시 서대문구 홍제제2동(1141065500),"11,770","1,298",96,59,60,65,62,46,45,46,54,67,44,58,71,57,76,72,60,92,79,89
서울특별시 서대문구 홍은제1동(1141066000),"23,338","2,690",146,123,96,116,114,122,91,115,126,129,168,143,132,140,145,154,139,142,169,180
서울특별시 서대문구 홍은제2동(1141068500),"27,015","3,190",107,99,96,80,91,100,128,129,136,152,188,191,176,203,206,215,206,197,237,253
서울특별시 서대문구 남가좌제1동(1141069000),"17,280","3,844",124,108,122,162,155,186,213,222,221,249,227,259,243,216,244,210,185,179,174,145
서울특별시 서대문구 남가좌제2동(1141070000),"28,284","4,481",159,156,144,165,203,164,205,212,209,285,308,300,263,251,246,236,230,212,233,300
서울특별시 서대문구 북가좌제1동(1141071000),"17,039","2,788",91,80,74,70,85,92,86,90,105,145,168,202,196,199,202,187,197,163,183,173
서울특별시 서대문구 북가좌제2동(1141072000),"29,456","2,845",103,90,90,81,76,89,106,95,118,119,132,160,174,184,196,205,182,192,220,233
서울특별시 마포구 아현동(1144055500),"28,578","5,043",317,298,232,238,262,260,242,250,277,277,337,294,243,244,249,205,198,200,203,217
서울특별시 마포구 공덕동(1144056500),"35,734","3,655",233,167,150,149,148,151,149,168,149,151,204,206,205,209,189,181,180,206,222,238
서울특별시 마포구 도화동(1144058500),"20,240","2,589",173,117,96,97,118,135,122,117,116,118,125,153,139,131,115,152,141,135,139,150
서울특별시 마포구 용강동(1144059000),"21,199","3,965",135,128,114,134,129,169,194,221,227,249,263,282,249,260,223,228,207,176,196,181
서울특별시 마포구 대흥동(1144060000),"14,161","1,340",50,44,38,47,37,52,25,43,57,54,74,68,65,78,84,86,72,84,104,178
서울특별시 마포구 염리동(1144061000),"16,697","3,010",100,90,72,104,89,111,120,123,154,179,211,198,204,220,213,177,174,161,157,153
서울특별시 마포구 신수동(1144063000),"22,086","3,030",148,124,110,106,102,142,114,159,139,151,150,184,154,162,162,156,159,180,212,216
서울특별시 마포구 서강동(1144065500),"24,274","2,989",128,107,110,94,134,136,160,156,145,154,182,168,156,135,159,158,166,144,176,221
서울특별시 마포구 서교동(1144066000),"23,368","1,533",76,58,46,47,39,57,57,60,58,74,62,78,69,73,88,95,90,98,116,192
서울특별시 마포구 합정동(1144068000),"15,454","1,157",77,51,36,40,41,32,52,42,39,67,67,52,58,63,63,66,70,79,86,76
서울특별시 마포구 망원제1동(1144069000),"18,345","1,463",76,49,51,43,60,51,49,50,67,71,82,82,77,84,89,103,84,85,96,114
서울특별시 마포구 망원제2동(1144070000),"17,042","1,867",73,75,51,57,43,51,66,76,58,90,119,105,95,117,113,126,118,120,147,167
서울특별시 마포구 연남동(1144071000),"13,799","1,027",57,46,35,27,31,33,43,53,46,43,46,45,45,57,56,71,71,64,68,90
서울특별시 마포구 성산제1동(1144072000),"18,234","1,696",73,49,34,58,50,50,49,59,59,73,81,115,104,88,113,123,106,137,144,131
서울특별시 마포구 성산제2동(1144073000),"37,809","4,130",250,185,155,148,134,127,132,167,160,162,197,220,201,221,269,293,243,247,294,325
서울특별시 마포구 상암동(1144074000),"28,988","4,862",117,121,108,144,153,146,129,174,203,239,282,273,278,265,357,364,353,404,393,359
서울특별시 양천구 목1동(1147051000),"29,841","7,370",93,92,88,136,155,205,263,357,405,457,495,552,597,614,585,517,480,461,431,387
서울특별시 양천구 목2동(1147052000),"27,720","3,052",123,101,78,89,75,102,87,116,126,139,164,154,201,193,202,209,210,203,255,225
서울특별시 양천구 목3동(1147053000),"20,497","2,119",117,103,78,92,96,86,78,65,83,95,100,125,99,103,121,99,131,138,155,155
서울특별시 양천구 목4동(1147054000),"23,446","3,568",67,69,48,68,61,82,93,93,133,151,187,211,232,248,285,271,295,325,364,285
서울특별시 양천구 목5동(1147055000),"40,317","10,020",109,118,137,145,192,255,306,380,492,584,660,802,838,856,847,782,704,678,619,516
서울특별시 양천구 신월1동(1147056000),"18,415","1,475",42,48,38,39,37,49,47,55,59,69,85,71,77,101,123,105,95,113,123,99
서울특별시 양천구 신월2동(1147057000),"20,397","2,750",77,122,90,93,95,127,99,112,107,139,158,162,161,156,157,193,180,167,191,164
서울특별시 양천구 신월3동(1147058000),"13,430","1,345",55,49,53,58,58,44,51,55,39,61,65,67,76,86,73,106,78,91,88,92
서울특별시 양천구 신월4동(1147059000),"16,537","2,291",71,81,73,70,92,73,76,106,95,132,105,125,145,140,140,146,150,133,164,174
서울특별시 양천구 신월5동(1147060000),"13,597","1,640",49,56,35,49,38,57,70,70,66,72,93,81,110,109,112,106,97,136,123,111
서울특별시 양천구 신월6동(1147061000),"13,549","2,581",129,120,103,124,131,123,129,147,113,143,144,144,126,131,151,122,134,112,132,123
서울특별시 양천구 신월7동(1147061100),"17,842","1,546",70,70,55,64,57,62,56,57,68,68,59,84,87,79,98,101,93,90,133,95
서울특별시 양천구 신정1동(1147062000),"19,334","4,291",45,64,55,72,98,114,164,203,236,260,324,299,380,358,339,280,299,237,238,226
서울특별시 양천구 신정2동(1147063000),"18,650","3,921",54,51,66,68,86,106,116,171,166,205,210,266,272,316,335,325,299,263,282,264
서울특별시 양천구 신정3동(1147064000),"44,056","6,882",244,219,191,217,199,232,248,250,262,303,351,349,363,393,465,519,515,489,568,505
서울특별시 양천구 신정4동(1147065000),"31,161","2,647",111,70,69,64,64,83,77,91,99,119,124,150,126,139,173,205,176,231,228,248
서울특별시 양천구 신정6동(1147067000),"23,758","5,292",88,101,82,100,105,160,182,264,266,297,335,378,406,411,387,396,363,330,326,315
서울특별시 양천구 신정7동(1147068000),"27,580","4,659",93,110,96,98,128,169,160,187,191,248,285,320,306,339,333,337,332,310,345,272
서울특별시 강서구 염창동(1150051000),"40,967","7,293",346,308,295,260,258,290,305,317,357,343,445,437,427,451,449,435,414,353,399,404
서울특별시 강서구 등촌제1동(1150052000),"24,852","2,237",209,141,135,100,111,86,87,101,87,101,102,104,95,88,106,113,100,112,122,137
서울특별시 강서구 등촌제2동(1150053000),"18,830","2,075",101,69,82,64,76,69,76,73,74,97,103,101,138,111,128,145,156,129,145,138
서울특별시 강서구 등촌제3동(1150053500),"28,436","2,813",197,160,112,133,132,134,122,115,123,122,161,147,133,150,141,140,138,136,158,159
서울특별시 강서구 화곡제1동(1150054000),"49,574","3,675",220,154,126,113,114,125,154,155,163,202,200,191,197,178,207,228,204,220,259,265
서울특별시 강서구 화곡제2동(1150055000),"16,638","1,800",55,43,46,48,49,57,85,69,87,83,120,91,122,102,119,131,104,112,142,135
서울특별시 강서구 화곡제3동(1150056000),"20,398","2,290",72,75,50,62,63,66,84,72,98,109,109,157,131,150,169,164,160,166,156,177
서울특별시 강서구 화곡제4동(1150057000),"18,957","1,745",52,59,43,48,55,53,69,59,80,78,85,97,82,102,141,127,94,134,139,148
서울특별시 강서구 화곡본동(1150059000),"31,606","2,988",104,89,67,71,75,92,116,116,114,167,155,188,171,196,200,208,214,204,222,219
서울특별시 강서구 화곡제6동(1150059100),"25,204","2,666",137,120,103,85,150,179,134,151,122,130,138,129,83,116,135,148,142,129,172,163
서울특별시 강서구 화곡제8동(1150059300),"22,283","1,920",62,75,41,60,53,63,66,69,86,74,110,101,115,110,131,120,125,143,154,162
서울특별시 강서구 가양제1동(1150060300),"33,295","2,702",182,146,121,129,120,105,114,105,93,108,126,137,98,145,163,157,140,140,189,184
서울특별시 강서구 가양제2동(1150060400),"12,787",754,53,45,38,31,44,29,28,29,36,41,40,36,26,37,37,45,33,46,36,44
서울특별시 강서구 가양제3동(1150060500),"13,300",901,154,80,88,56,42,41,36,31,23,24,27,33,26,26,22,33,30,39,47,43
서울특별시 강서구 발산제1동(1150061100),"34,517","6,392",169,168,167,169,180,188,181,219,248,253,342,330,419,490,497,492,459,466,508,447
서울특별시 강서구 우장산동(1150061500),"43,565","7,849",216,198,171,188,241,266,277,326,346,385,468,508,507,508,563,570,507,541,563,500
서울특별시 강서구 공항동(1150062000),"28,686","4,686",154,178,163,162,154,214,270,237,256,253,400,350,289,272,238,239,231,190,212,224
서울특별시 강서구 방화제1동(1150063000),"40,415","6,708",238,234,202,259,254,291,250,264,291,303,395,370,371,429,475,430,389,407,414,442
서울특별시 강서구 방화제2동(1150064000),"22,354","1,990",149,83,84,69,55,69,74,58,81,86,103,119,108,98,112,119,124,120,147,132
서울특별시 강서구 방화제3동(1150064100),"21,157","2,034",124,120,81,91,85,66,85,75,78,79,101,91,90,105,132,124,111,119,154,123
서울특별시 구로구 신도림동(1153051000),"35,718","6,252",300,245,225,232,236,251,260,305,271,318,377,403,389,368,367,370,332,347,356,300
서울특별시 구로구 구로제1동(1153052000),"20,014","3,131",170,138,120,127,132,113,133,122,140,144,145,169,160,193,178,179,187,191,208,182
서울특별시 구로구 구로제2동(1153053000),"21,586","1,556",55,57,60,41,45,51,52,49,45,61,58,90,73,104,113,116,98,128,129,131
서울특별시 구로구 구로제3동(1153054000),"22,634","1,928",98,79,65,65,73,56,64,69,77,81,101,93,97,124,134,114,129,128,116,165
서울특별시 구로구 구로제4동(1153055000),"17,537","1,140",71,55,36,42,36,32,34,45,60,45,52,47,54,53,65,79,78,85,72,99
서울특별시 구로구 구로제5동(1153056000),"28,435","2,589",183,167,155,124,122,112,121,110,110,109,127,120,89,120,119,120,132,114,166,169
서울특별시 구로구 가리봉동(1153059500),"8,871",408,26,27,19,6,17,16,14,14,13,16,25,22,17,18,22,22,22,24,31,37
서울특별시 구로구 고척제1동(1153072000),"26,234","3,554",298,254,209,168,146,143,150,151,155,122,177,154,144,163,172,157,171,173,230,217
서울특별시 구로구 고척제2동(1153073000),"24,683","2,918",108,103,88,90,83,116,104,108,124,145,141,155,166,166,198,183,210,204,219,207
서울특별시 구로구 개봉제1동(1153074000),"33,128","3,944",269,213,194,188,210,171,161,156,151,156,169,196,193,192,225,198,225,205,241,231
서울특별시 구로구 개봉제2동(1153075000),"29,083","3,208",169,133,121,139,110,125,126,136,146,175,168,176,150,175,173,192,192,168,215,219
서울특별시 구로구 개봉제3동(1153076000),"18,482","1,801",64,71,53,58,50,50,58,76,83,84,96,99,122,103,119,105,104,114,149,143
서울특별시 구로구 오류제1동(1153077000),"23,027","1,891",132,99,72,75,66,74,72,89,82,93,94,78,89,98,94,111,97,119,116,141
서울특별시 구로구 오류제2동(1153078000),"35,329","5,084",138,153,133,126,121,161,142,178,188,200,247,292,323,378,380,441,426,362,355,340
서울특별시 구로구 수궁동(1153079000),"21,589","2,473",83,88,80,71,73,92,85,79,100,92,115,127,141,177,159,168,166,180,209,188
서울특별시 구로구 항동(1153080000),"15,952","3,658",129,107,135,111,177,165,171,239,296,264,281,258,214,217,162,199,135,136,133,129
서울특별시 금천구 가산동(1154551000),"25,639","1,116",120,89,40,57,43,40,43,40,42,44,53,52,52,52,38,31,54,67,68,91
서울특별시 금천구 독산제1동(1154561000),"47,736","4,938",368,284,246,255,234,241,228,202,244,216,252,253,239,258,249,258,212,224,219,256
서울특별시 금천구 독산제2동(1154562000),"16,964","1,384",42,44,39,43,44,54,54,59,66,66,74,82,84,81,86,83,91,87,96,109
서울특별시 금천구 독산제3동(1154563000),"22,518","1,546",54,53,47,41,46,63,50,61,62,74,82,92,76,82,101,104,89,111,125,133
서울특별시 금천구 독산제4동(1154564000),"13,775","1,038",34,27,19,33,32,37,38,46,43,58,51,45,56,49,62,81,74,73,84,96
서울특별시 금천구 시흥제1동(1154567000),"30,949","2,968",129,105,91,99,96,93,101,105,137,143,148,164,157,154,214,192,202,171,257,210
서울특별시 금천구 시흥제2동(1154568000),"19,668","2,735",77,87,77,98,73,86,109,106,119,119,164,141,159,176,178,181,190,203,190,202
서울특별시 금천구 시흥제3동(1154569000),"9,865",848,27,28,23,30,27,17,27,39,43,43,55,47,51,44,65,59,54,53,50,66
서울특별시 금천구 시흥제4동(1154570000),"18,166","1,667",49,39,43,53,52,51,56,68,73,78,95,91,114,91,108,118,114,125,132,117
서울특별시 금천구 시흥제5동(1154571000),"17,088","1,535",56,45,46,46,58,53,49,61,64,77,61,86,83,74,125,94,101,119,99,138
서울특별시 영등포구 영등포본동(1156051500),"20,189","2,004",126,126,103,87,94,84,87,92,94,82,101,114,76,97,114,104,98,96,117,112
서울특별시 영등포구 영등포동(1156053500),"31,213","1,794",180,104,94,90,95,66,88,70,86,79,88,99,69,74,77,96,72,73,78,116
서울특별시 영등포구 여의동(1156054000),"33,914","5,113",194,217,207,226,216,202,222,222,244,280,278,300,297,292,314,285,298,286,267,266
서울특별시 영등포구 당산제1동(1156055000),"20,973","1,778",149,114,84,97,88,86,73,77,73,66,62,88,69,91,86,96,81,84,103,111
서울특별시 영등포구 당산제2동(1156056000),"36,222","4,423",258,233,190,206,189,201,204,210,246,234,248,211,223,246,211,214,194,210,242,253
서울특별시 영등포구 도림동(1156058500),"17,519","1,441",109,97,52,72,61,59,46,70,43,50,80,69,74,74,84,89,64,68,80,100
서울특별시 영등포구 문래동(1156060500),"31,057","5,350",282,219,235,200,228,224,242,227,298,292,303,296,301,326,304,275,270,275,269,284
서울특별시 영등포구 양평제1동(1156061000),"19,636","2,329",202,139,107,108,135,124,89,105,90,105,106,123,98,127,105,124,104,92,112,134
서울특별시 영등포구 양평제2동(1156062000),"22,354","2,657",216,175,131,151,122,112,125,108,113,113,123,127,110,113,119,142,123,135,167,132
서울특별시 영등포구 신길제1동(1156063000),"18,870","1,378",70,55,49,55,50,42,49,74,66,53,78,75,68,48,89,78,86,100,91,102
서울특별시 영등포구 신길제3동(1156065000),"16,048","1,894",107,93,67,94,82,63,74,89,93,103,109,113,105,86,112,106,94,95,120,89
서울특별시 영등포구 신길제4동(1156066000),"11,752","1,372",72,59,52,68,55,56,29,51,53,85,95,71,72,79,74,65,89,68,97,82
서울특별시 영등포구 신길제5동(1156067000),"9,496","1,260",71,52,44,54,46,41,62,52,52,69,77,76,61,59,76,92,81,72,61,62
서울특별시 영등포구 신길제6동(1156068000),"17,675","1,729",116,102,80,85,62,64,57,63,64,67,98,78,85,74,94,109,98,101,119,113
서울특별시 영등포구 신길제7동(1156069000),"19,305","3,589",212,161,153,133,162,152,154,175,188,210,221,204,222,199,194,199,165,146,158,181
서울특별시 영등포구 대림제1동(1156070000),"13,177","1,191",66,58,62,49,48,37,50,43,46,56,61,49,65,45,64,72,66,85,88,81
서울특별시 영등포구 대림제2동(1156071000),"11,429",685,33,28,25,18,21,22,19,29,18,30,33,36,45,42,32,53,40,39,57,65
서울특별시 영등포구 대림제3동(1156072000),"20,591","1,784",117,117,94,85,76,61,60,60,72,73,69,82,78,80,90,92,112,110,135,121
서울특별시 동작구 노량진제1동(1159051000),"33,409","3,203",224,144,157,130,128,155,113,129,135,142,161,170,160,174,168,166,159,162,189,237
서울특별시 동작구 노량진제2동(1159052000),"7,391",319,10,9,6,10,6,10,8,9,11,14,14,12,14,18,18,26,21,23,32,48
서울특별시 동작구 상도제1동(1159053000),"43,946","4,835",196,173,168,168,140,153,151,156,215,202,242,243,217,260,249,258,282,276,414,672
서울특별시 동작구 상도제2동(1159054000),"26,674","3,788",193,180,162,159,151,152,164,197,186,194,224,208,209,209,212,211,194,167,194,222
서울특별시 동작구 상도제3동(1159055000),"23,306","1,903",82,58,56,45,52,51,78,63,90,75,106,97,111,107,109,134,146,152,140,151
서울특별시 동작구 상도제4동(1159056000),"28,593","2,850",137,140,110,101,109,111,117,112,119,137,131,152,141,147,169,189,170,165,201,192
서울특별시 동작구 흑석동(1159060500),"29,799","4,404",238,189,161,196,172,188,197,241,240,268,262,282,236,238,218,225,185,181,211,276
서울특별시 동작구 사당제1동(1159062000),"22,111","1,240",84,42,50,46,31,48,43,40,42,57,65,69,61,70,59,83,64,49,114,123
서울특별시 동작구 사당제2동(1159063000),"27,574","3,233",229,153,150,124,121,118,115,157,152,162,169,188,174,157,163,153,172,179,182,215
서울특별시 동작구 사당제3동(1159064000),"23,124","2,998",148,143,107,121,142,144,151,169,173,184,198,157,145,128,157,153,127,133,148,170
서울특별시 동작구 사당제4동(1159065000),"13,488","1,070",41,49,47,42,38,49,35,49,48,38,59,57,48,50,65,58,58,67,78,94
서울특별시 동작구 사당제5동(1159065100),"13,673","1,577",131,94,73,76,64,48,59,70,47,82,66,79,74,73,73,103,76,86,119,84
서울특별시 동작구 대방동(1159066000),"33,405","4,558",154,120,89,90,106,118,127,150,161,191,248,293,287,308,331,361,359,352,363,350
서울특별시 동작구 신대방제1동(1159067000),"22,734","3,095",127,109,95,116,91,86,114,110,125,145,142,200,191,165,197,221,201,223,202,235
서울특별시 동작구 신대방제2동(1159068000),"22,097","2,857",129,135,102,120,111,110,101,116,105,133,168,167,155,154,167,189,159,153,184,199
서울특별시 관악구 보라매동(1162052500),"22,885","1,833",75,55,58,55,50,48,67,68,67,90,113,124,104,109,110,121,108,113,153,145
서울특별시 관악구 청림동(1162054500),"14,099","1,797",131,99,73,86,77,82,76,61,83,94,89,94,88,85,81,107,85,76,114,116
서울특별시 관악구 성현동(1162056500),"29,432","4,167",188,164,137,140,156,152,144,173,190,182,218,255,231,258,259,265,250,235,304,266
서울특별시 관악구 행운동(1162057500),"28,396","1,853",68,68,72,47,59,67,61,61,80,77,97,94,78,99,108,119,91,127,169,211
서울특별시 관악구 낙성대동(1162058500),"17,678","1,183",70,49,39,40,35,40,31,29,40,44,46,67,66,59,54,63,65,51,89,206
서울특별시 관악구 청룡동(1162059500),"36,134","2,274",108,89,82,83,82,81,53,82,68,96,109,95,88,109,108,128,117,140,208,348
서울특별시 관악구 은천동(1162060500),"31,236","3,440",157,115,94,103,124,105,109,133,131,172,177,181,183,185,216,255,240,237,273,250
서울특별시 관악구 중앙동(1162061500),"15,205",751,29,23,16,19,22,20,23,30,25,34,34,31,40,44,40,45,27,55,70,124
서울특별시 관악구 인헌동(1162062500),"24,891","1,724",61,53,47,48,51,52,76,74,67,61,84,76,85,93,107,118,95,133,161,182
서울특별시 관악구 남현동(1162063000),"17,072","1,257",64,63,53,52,60,62,60,43,42,60,64,69,67,59,60,69,57,57,78,118
서울특별시 관악구 서원동(1162064500),"22,728","1,043",52,37,30,38,26,38,38,31,32,49,51,51,47,66,53,56,64,65,91,128
서울특별시 관악구 신원동(1162065500),"17,109",876,27,24,18,18,22,25,27,29,28,39,43,51,49,54,50,66,57,61,80,108
서울특별시 관악구 서림동(1162066500),"23,602","1,377",53,45,48,38,35,38,32,48,53,72,66,72,70,70,83,80,77,87,124,186
서울특별시 관악구 신사동(1162068500),"22,010","1,196",45,31,23,24,23,36,35,37,44,54,57,73,67,68,66,80,77,89,108,159
서울특별시 관악구 신림동(1162069500),"23,451",645,42,19,15,15,20,13,13,21,15,23,30,15,32,20,21,30,37,25,68,171
서울특별시 관악구 난향동(1162071500),"14,222","1,967",66,57,57,54,65,55,70,73,90,85,98,118,130,136,127,132,132,124,153,145
서울특별시 관악구 조원동(1162072500),"19,935","1,444",143,128,76,65,63,39,57,40,45,67,72,70,69,67,64,68,68,71,76,96
서울특별시 관악구 대학동(1162073500),"25,084","1,360",55,59,43,39,35,47,40,41,49,41,57,46,54,87,82,87,70,78,138,212
서울특별시 관악구 삼성동(1162074500),"19,850","1,612",83,67,52,56,49,54,63,54,53,77,72,102,76,98,107,90,104,111,116,128
서울특별시 관악구 미성동(1162076500),"28,290","2,830",91,82,66,70,82,93,90,103,147,147,160,181,164,169,204,183,205,191,194,208
서울특별시 관악구 난곡동(1162077500),"23,988","1,968",69,56,42,45,51,66,58,58,75,85,87,118,118,110,144,142,145,156,172,171
서울특별시 서초구 서초1동(1165051000),"19,996","2,666",96,54,65,79,90,101,107,100,104,129,141,153,173,164,160,190,186,185,193,196
서울특별시 서초구 서초2동(1165052000),"24,862","4,218",154,161,150,156,177,169,151,205,203,219,274,261,257,242,259,243,227,225,234,251
서울특별시 서초구 서초3동(1165053000),"32,129","3,994",156,156,117,98,135,137,114,150,145,170,177,177,241,242,232,284,266,344,308,345
서울특별시 서초구 서초4동(1165053100),"29,895","6,189",115,134,125,153,158,213,246,276,362,319,413,461,432,450,443,414,383,354,392,346
서울특별시 서초구 잠원동(1165054000),"34,587","6,769",200,243,204,213,251,270,292,294,297,321,366,425,447,460,437,422,448,373,403,403
서울특별시 서초구 반포본동(1165055000),"2,606",644,25,28,17,26,19,34,37,35,35,30,45,44,47,25,45,24,34,37,27,30
서울특별시 서초구 반포1동(1165056000),"33,069","6,769",134,131,139,165,177,257,320,347,385,431,459,473,480,507,469,410,363,383,391,348
서울특별시 서초구 반포2동(1165057000),"26,431","6,585",146,170,182,205,203,262,245,305,330,333,376,428,423,448,456,485,430,389,409,360
서울특별시 서초구 반포3동(1165058000),"23,489","4,750",137,131,135,158,133,166,172,205,208,240,252,255,290,322,339,337,325,298,324,323
서울특별시 서초구 반포4동(1165058100),"17,732","3,274",91,94,81,97,113,131,143,162,186,189,204,199,201,190,211,198,198,209,186,191
서울특별시 서초구 방배본동(1165059000),"19,706","3,511",77,53,50,59,86,110,124,149,151,173,186,250,228,256,291,257,249,274,263,225
서울특별시 서초구 방배1동(1165060000),"16,385","2,182",71,75,59,53,63,77,73,111,93,105,131,141,119,144,132,147,129,135,161,163
서울특별시 서초구 방배2동(1165061000),"17,387","2,190",89,61,66,67,72,82,82,61,87,102,115,125,121,146,128,158,154,144,168,162
서울특별시 서초구 방배3동(1165062000),"15,344","2,571",76,76,80,69,94,86,105,102,107,125,138,132,136,171,172,165,176,201,184,176
서울특별시 서초구 방배4동(1165062100),"25,684","4,494",132,142,113,137,141,133,166,160,186,219,251,301,301,302,301,310,314,260,306,319
서울특별시 서초구 양재1동(1165065100),"40,296","6,213",239,265,201,229,221,210,234,241,228,254,301,301,321,375,437,511,436,445,384,380
서울특별시 서초구 양재2동(1165065200),"20,730","2,167",122,91,73,76,82,84,75,88,82,86,108,109,121,145,144,127,148,122,161,123
서울특별시 서초구 내곡동(1165066000),"16,600","2,857",108,96,125,111,114,115,120,106,135,117,144,188,233,217,184,189,151,140,148,116
서울특별시 강남구 신사동(1168051000),"14,913","2,183",61,60,69,59,61,83,82,82,97,97,113,139,111,153,133,165,170,146,153,149
서울특별시 강남구 논현1동(1168052100),"20,595","1,297",72,50,44,39,38,57,36,44,47,48,59,67,53,78,91,70,96,78,111,119
서울특별시 강남구 논현2동(1168053100),"20,074","1,972",83,85,68,61,74,76,71,66,97,84,100,126,105,114,114,114,105,112,157,160
서울특별시 강남구 압구정동(1168054500),"25,300","4,360",131,120,119,123,156,154,195,181,211,253,263,277,245,279,284,280,292,273,288,236
서울특별시 강남구 청담동(1168056500),"26,480","4,048",133,150,126,127,145,156,168,192,197,194,237,226,228,253,235,246,241,255,271,268
서울특별시 강남구 삼성1동(1168058000),"12,716","1,760",75,50,59,67,67,51,59,73,58,87,83,110,85,109,106,106,131,125,120,139
서울특별시 강남구 삼성2동(1168059000),"30,137","5,062",165,125,116,122,137,172,161,192,212,242,297,310,335,358,379,362,358,315,359,345
서울특별시 강남구 대치1동(1168060000),"23,538","6,597",28,45,41,53,82,137,148,201,264,307,409,498,593,588,634,624,493,516,520,416
서울특별시 강남구 대치2동(1168061000),"38,321","9,131",90,119,109,119,178,199,221,288,344,420,530,661,692,798,842,799,669,694,717,642
서울특별시 강남구 대치4동(1168063000),"18,200","2,643",52,39,33,33,29,37,58,73,69,84,124,124,161,183,196,232,218,249,299,350
서울특별시 강남구 역삼1동(1168064000),"34,346","2,108",130,92,73,66,68,64,63,52,72,70,83,99,87,122,108,131,132,141,191,264
서울특별시 강남구 역삼2동(1168065000),"35,971","7,451",97,108,99,104,99,158,187,251,289,339,439,502,570,657,669,644,569,565,590,515
서울특별시 강남구 도곡1동(1168065500),"20,798","3,839",107,96,64,74,130,144,146,164,188,203,251,221,274,305,265,289,230,228,249,211
서울특별시 강남구 도곡2동(1168065600),"30,788","6,536",112,108,105,137,150,168,253,267,349,378,414,434,423,493,480,538,426,432,453,416
서울특별시 강남구 개포1동(1168066000),"26,489","5,869",163,162,149,167,170,195,222,271,324,343,377,419,399,447,464,427,298,270,308,294
서울특별시 강남구 개포2동(1168067000),"39,997","8,748",423,371,360,309,302,351,323,333,401,447,462,508,535,525,575,550,518,521,494,440
서울특별시 강남구 개포3동(1168067500),"15,443","2,500",128,106,53,67,62,65,82,118,91,117,161,169,175,186,166,150,143,143,149,169
서울특별시 강남구 개포4동(1168069000),"22,941","3,528",167,127,127,142,138,131,144,146,145,163,189,198,216,209,200,227,209,212,234,204
서울특별시 강남구 세곡동(1168070000),"45,665","8,103",374,262,271,271,264,261,357,342,386,374,374,429,514,534,589,554,524,503,496,424
서울특별시 강남구 일원본동(1168072000),"22,256","4,721",119,110,94,94,115,157,143,213,212,254,306,336,354,365,343,349,321,280,314,242
서울특별시 강남구 일원1동(1168073000),"13,986","1,342",58,39,44,45,43,31,43,40,52,66,66,72,89,77,86,86,95,104,108,98
서울특별시 강남구 수서동(1168075000),"13,403",957,98,66,42,54,41,46,38,40,40,50,33,29,34,29,54,53,45,49,60,56
서울특별시 송파구 풍납1동(1171051000),"10,508",985,46,36,44,41,43,34,38,29,36,53,41,48,50,57,47,59,57,72,73,81
서울특별시 송파구 풍납2동(1171052000),"23,026","3,065",173,141,126,102,138,108,127,136,127,145,157,156,164,193,192,176,183,170,185,166
서울특별시 송파구 거여1동(1171053100),"11,771","1,113",46,39,33,31,40,31,41,45,38,50,52,50,52,69,78,81,76,71,92,98
서울특별시 송파구 거여2동(1171053200),"22,868","3,107",168,160,147,121,114,104,134,128,161,169,193,181,160,158,182,179,132,156,193,167
서울특별시 송파구 마천1동(1171054000),"15,017","1,548",35,35,37,51,48,33,55,61,58,70,70,78,82,99,113,135,115,134,117,122
서울특별시 송파구 마천2동(1171055000),"16,801","1,366",48,40,42,34,52,44,41,48,54,55,78,67,70,93,105,84,92,97,115,107
서울특별시 송파구 방이1동(1171056100),"14,705","2,184",71,62,58,46,61,66,84,87,114,118,143,137,119,142,136,180,144,142,144,130
서울특별시 송파구 방이2동(1171056200),"26,381","1,831",115,100,54,57,75,65,65,76,71,86,97,95,93,96,81,121,89,123,126,146
서울특별시 송파구 오륜동(1171056600),"17,354","3,482",71,67,47,66,91,101,123,140,169,190,247,236,245,278,292,265,224,210,201,219
서울특별시 송파구 오금동(1171057000),"36,909","5,007",208,187,159,183,174,200,146,201,240,248,316,290,259,286,310,347,286,298,344,325
서울특별시 송파구 송파1동(1171058000),"22,816","1,906",132,97,89,78,67,76,66,72,72,83,83,109,103,81,104,94,116,127,117,140
서울특별시 송파구 송파2동(1171059000),"16,890","2,860",118,99,90,78,95,111,97,130,138,170,186,198,171,200,180,170,164,168,149,148
서울특별시 송파구 석촌동(1171060000),"29,892","2,411",129,112,79,77,98,86,89,89,94,97,133,104,132,129,151,164,161,142,175,170
서울특별시 송파구 삼전동(1171061000),"28,102","2,484",123,75,67,65,85,82,75,70,93,109,123,115,132,154,178,178,166,189,225,180
서울특별시 송파구 가락본동(1171062000),"24,551","2,697",178,137,130,101,95,105,116,107,131,125,129,138,136,152,152,161,126,145,165,168
서울특별시 송파구 가락1동(1171063100),"27,101","5,882",255,259,221,220,260,293,275,310,316,338,386,376,355,364,374,297,271,246,244,222
서울특별시 송파구 가락2동(1171063200),"27,872","4,552",141,132,114,139,143,163,180,201,210,284,286,292,301,266,320,281,279,288,259,273
서울특별시 송파구 문정1동(1171064100),"19,580","2,346",133,91,77,78,89,108,93,111,112,120,123,120,105,147,135,145,130,137,145,147
서울특별시 송파구 문정2동(1171064200),"28,540","2,791",179,121,114,133,123,122,115,118,146,109,142,164,158,155,143,140,137,155,170,147
서울특별시 송파구 장지동(1171064600),"30,717","4,610",321,245,235,195,225,191,203,191,185,215,234,233,220,209,240,246,236,227,273,286
서울특별시 송파구 위례동(1171064700),"44,813","12,020",373,319,309,393,376,759,631,735,644,682,794,761,700,680,708,730,683,608,607,528
서울특별시 송파구 잠실본동(1171065000),"26,809","2,177",111,94,53,59,79,66,76,80,79,99,105,121,109,130,128,144,153,162,151,178
서울특별시 송파구 잠실2동(1171067000),"34,473","8,621",132,161,166,192,230,301,334,410,477,557,583,628,631,649,624,545,554,489,510,448
서울특별시 송파구 잠실3동(1171068000),"33,389","6,478",160,161,160,144,194,203,258,258,330,365,427,424,419,450,438,447,426,418,423,373
서울특별시 송파구 잠실4동(1171069000),"32,985","7,244",272,320,299,302,325,334,402,367,356,370,420,412,426,377,452,454,371,304,321,360
서울특별시 송파구 잠실6동(1171071000),"16,099","2,864",85,97,83,92,79,96,112,160,176,152,196,202,186,183,176,163,161,169,142,154
서울특별시 송파구 잠실7동(1171072000),"9,243","1,342",43,40,39,40,52,40,50,48,63,76,73,84,66,82,87,91,79,87,104,98
서울특별시 강동구 강일동(1174051500),"34,173","6,549",199,190,210,239,268,326,359,351,324,331,364,329,295,351,319,402,396,418,461,417
서울특별시 강동구 상일제1동(1174052500),"38,947","9,337",222,237,283,296,346,375,420,508,515,566,669,693,695,624,541,531,515,488,446,367
서울특별시 강동구 상일제2동(1174052600),"13,118","2,678",54,72,73,64,144,148,163,135,110,114,126,111,139,140,164,165,212,187,190,167
서울특별시 강동구 명일제1동(1174053000),"24,773","4,223",203,151,167,160,188,207,201,223,187,228,267,250,244,237,218,219,212,220,227,214
서울특별시 강동구 명일제2동(1174054000),"16,844","3,268",52,44,56,60,60,83,94,119,146,129,203,233,249,283,296,253,251,254,214,189
서울특별시 강동구 고덕제1동(1174055000),"23,550","5,962",79,97,87,108,136,168,206,229,328,326,414,465,532,486,470,452,387,344,372,276
서울특별시 강동구 고덕제2동(1174056000),"26,270","5,671",228,225,176,192,210,243,256,300,319,340,392,350,334,352,359,322,312,278,269,214
서울특별시 강동구 암사제1동(1174057000),"32,412","3,557",127,140,108,108,126,166,136,141,172,168,190,216,204,204,226,223,214,229,213,246
서울특별시 강동구 암사제2동(1174058000),"14,517","1,909",164,151,100,87,87,54,96,90,68,98,93,85,93,77,120,80,93,82,90,101
서울특별시 강동구 암사제3동(1174059000),"16,835","3,281",88,90,94,85,105,126,142,170,173,199,228,214,211,210,214,207,205,157,189,174
서울특별시 강동구 천호제1동(1174060000),"23,741","2,088",105,77,61,84,70,82,61,80,70,85,105,117,136,121,129,161,135,122,138,149
서울특별시 강동구 천호제2동(1174061000),"36,033","3,273",225,193,163,144,154,123,117,128,136,166,164,141,128,151,195,185,158,190,205,207
서울특별시 강동구 천호제3동(1174062000),"27,770","2,175",172,149,118,108,87,91,67,70,73,95,114,105,99,95,114,98,123,117,130,150
서울특별시 강동구 성내제1동(1174064000),"18,809","2,522",130,100,100,97,119,92,88,116,103,134,125,159,153,140,130,137,147,160,142,150
서울특별시 강동구 성내제2동(1174065000),"23,768","1,848",122,103,70,79,62,67,77,60,75,85,78,93,99,100,106,103,91,102,136,140
서울특별시 강동구 성내제3동(1174066000),"21,559","2,177",102,81,59,67,70,82,82,69,92,94,114,135,108,131,121,136,141,170,138,185
서울특별시 강동구 길동(1174068500),"46,943","4,623",250,192,199,181,208,193,171,203,189,212,212,233,245,245,273,273,285,252,278,329
서울특별시 강동구 둔촌제1동(1174069000),"33,034","6,842",386,343,330,294,330,349,348,369,380,352,397,427,414,402,397,281,314,277,222,230
서울특별시 강동구 둔촌제2동(1174070000),"25,126","3,418",186,194,155,146,131,170,127,129,154,145,187,188,192,177,209,187,181,188,180,192
경기도 수원시 장안구 (4111100000),"269,717","37,934","1,333","1,243","1,082","1,107","1,199","1,277","1,372","1,442","1,524","1,700","1,986","2,214","2,119","2,398","2,439","2,623","2,501","2,598","2,917","2,860"
경기도 수원시 장안구 파장동(4111156000),"24,551","3,117",131,121,126,115,135,151,139,111,125,157,157,160,137,187,171,198,191,198,194,213
경기도 수원시 장안구 율천동(4111156600),"39,313","5,152",182,190,161,149,168,192,185,192,206,220,250,307,309,302,331,325,304,314,402,463
경기도 수원시 장안구 정자1동(4111157100),"33,175","5,726",207,202,193,175,222,260,240,245,228,274,291,347,308,364,336,375,340,362,410,347
경기도 수원시 장안구 정자2동(4111157200),"38,081","6,501",258,220,172,204,214,201,242,281,333,316,405,418,378,408,394,427,373,429,419,409
경기도 수원시 장안구 정자3동(4111157300),"38,144","7,129",203,191,148,137,159,190,197,251,262,293,393,393,456,505,502,567,529,547,657,549
경기도 수원시 장안구 영화동(4111158000),"17,605","1,319",34,26,22,40,32,40,44,49,60,60,64,80,66,88,93,107,91,98,120,105
경기도 수원시 장안구 송죽동(4111159100),"17,877","1,946",65,62,52,64,58,47,62,51,70,66,90,107,120,139,152,119,145,139,159,179
경기도 수원시 장안구 조원1동(4111159700),"27,023","3,092",88,91,79,90,88,73,116,120,111,134,152,195,151,188,223,224,233,260,226,250
경기도 수원시 장안구 조원2동(4111159800),"17,049","2,475",94,86,65,77,70,60,88,84,76,120,121,141,133,162,150,190,198,163,198,199
경기도 수원시 장안구 연무동(4111160000),"16,899","1,477",71,54,64,56,53,63,59,58,53,60,63,66,61,55,87,91,97,88,132,146
경기도 수원시 권선구 (4111300000),"360,795","52,005","2,304","2,030","1,780","1,770","1,788","1,879","1,879","2,081","2,270","2,599","3,006","3,080","3,073","3,192","3,359","3,327","3,008","3,098","3,265","3,217"
경기도 수원시 권선구 세류1동(4111352000),"9,496","1,186",84,65,52,54,56,52,39,46,52,51,60,62,57,73,71,72,44,61,74,61
경기도 수원시 권선구 세류2동(4111353000),"21,691","1,834",72,55,48,50,61,51,69,66,69,80,101,84,111,104,136,127,136,148,130,136
경기도 수원시 권선구 세류3동(4111354000),"17,802","1,773",47,51,42,42,42,50,54,56,65,71,98,90,105,116,117,142,122,129,159,175
경기도 수원시 권선구 평동(4111355000),"40,854","5,429",287,284,208,198,198,205,207,225,244,242,299,275,276,274,313,280,309,306,397,402
경기도 수원시 권선구 서둔동(4111356000),"36,606","3,946",137,128,110,116,125,126,128,157,170,208,203,190,249,233,266,284,247,250,328,291
경기도 수원시 권선구 구운동(4111365000),"22,434","2,298",85,67,73,59,63,68,68,80,96,89,128,113,109,158,145,173,150,180,194,200
경기도 수원시 권선구 금곡동(4111366200),"44,165","7,736",233,243,196,231,210,258,246,284,327,402,501,494,528,548,601,508,517,492,451,466
경기도 수원시 권선구 호매실동(4111366400),"43,680","9,609",361,335,329,314,340,383,391,410,482,555,650,710,616,658,625,624,493,450,448,435
경기도 수원시 권선구 권선1동(4111367000),"23,894","2,010",126,76,63,48,62,55,56,65,67,84,82,110,120,107,126,138,149,138,162,176
경기도 수원시 권선구 권선2동(4111368000),"46,062","8,419",316,291,257,287,285,305,314,360,378,466,508,557,501,538,535,578,477,526,503,437
경기도 수원시 권선구 곡선동(4111369000),"34,553","4,478",288,215,214,193,178,176,189,194,188,211,225,234,242,224,244,245,228,259,250,281
경기도 수원시 권선구 입북동(4111370000),"19,558","3,287",268,220,188,178,168,150,118,138,132,140,151,161,159,159,180,156,136,159,169,157
경기도 수원시 팔달구 (4111500000),"193,282","23,192","1,231","1,081",907,825,807,912,"1,003","1,064","1,094","1,170","1,248","1,149","1,126","1,215","1,251","1,319","1,283","1,367","1,522","1,618"
경기도 수원시 팔달구 매교동(4111565000),"21,765","4,036",295,273,205,179,159,201,272,271,279,289,250,192,159,140,144,132,134,148,140,174
경기도 수원시 팔달구 매산동(4111566000),"9,778",672,30,25,27,14,32,30,28,33,25,34,36,35,36,36,29,40,37,38,50,57
경기도 수원시 팔달구 고등동(4111567000),"19,071","2,757",196,160,156,114,122,136,137,159,167,153,139,131,104,118,122,117,123,126,132,145
경기도 수원시 팔달구 화서1동(4111568000),"20,308","2,508",78,78,76,76,65,73,89,68,93,124,157,109,131,175,180,193,164,182,203,194
경기도 수원시 팔달구 화서2동(4111569000),"23,616","3,319",188,149,137,123,111,106,91,121,118,133,143,181,169,202,192,225,219,216,262,233
경기도 수원시 팔달구 지동(4111570000),"11,411",886,37,49,19,25,16,23,32,31,31,35,41,43,43,53,57,64,59,76,74,78
경기도 수원시 팔달구 우만1동(4111571000),"17,754","1,378",51,37,27,28,41,39,44,49,54,52,83,71,80,78,90,101,104,91,120,138
경기도 수원시 팔달구 우만2동(4111572000),"15,430","1,953",77,78,60,54,54,61,66,70,77,84,96,111,95,124,122,114,128,139,147,196
경기도 수원시 팔달구 인계동(4111573000),"45,256","5,214",268,220,190,197,185,229,230,247,226,242,279,257,293,262,291,297,289,311,346,355
경기도 수원시 팔달구 행궁동(4111574000),"8,893",469,11,12,10,15,22,14,14,15,24,24,24,19,16,27,24,36,26,40,48,48
경기도 수원시 영통구 (4111700000),"361,883","67,211","2,811","2,472","2,273","2,254","2,468","2,467","2,688","2,913","3,093","3,354","3,809","4,121","3,981","4,114","4,253","4,326","3,997","3,845","4,112","3,860"
경기도 수원시 영통구 매탄1동(4111751000),"10,041","1,435",46,39,42,51,50,38,70,47,60,56,65,71,81,83,98,107,102,88,122,119
경기도 수원시 영통구 매탄2동(4111752000),"13,256","1,620",41,34,35,36,45,41,56,63,64,72,89,91,91,103,116,128,109,133,136,137
경기도 수원시 영통구 매탄3동(4111753000),"33,674","5,260",153,161,148,131,159,159,145,197,237,226,270,287,337,341,353,361,434,372,388,401
경기도 수원시 영통구 매탄4동(4111754000),"19,244","2,093",96,59,60,50,42,54,51,79,63,86,108,85,111,161,117,173,132,174,205,187
경기도 수원시 영통구 원천동(4111755000),"45,557","8,958",307,269,252,287,341,360,411,465,494,495,572,643,615,566,576,553,449,425,462,416
경기도 수원시 영통구 영통1동(4111757000),"32,258","5,970",314,235,187,179,160,189,186,216,223,268,304,363,327,375,428,396,378,386,458,398
경기도 수원시 영통구 영통2동(4111758000),"24,914","3,352",323,227,184,141,146,122,126,100,115,112,166,148,155,155,162,190,173,201,205,201
경기도 수원시 영통구 영통3동(4111758500),"31,340","5,144",196,121,147,125,148,123,147,174,188,206,281,294,310,350,349,419,392,363,391,420
경기도 수원시 영통구 망포1동(4111759300),"31,223","6,537",275,248,263,237,267,230,336,316,297,359,365,395,351,362,399,381,389,356,370,341
경기도 수원시 영통구 망포2동(4111759600),"38,230","10,631",404,442,451,495,503,564,546,594,621,646,656,720,633,601,591,503,465,418,400,378
경기도 수원시 영통구 광교1동(4111760000),"53,825","10,749",322,314,251,267,328,364,404,458,505,600,679,740,682,726,741,787,676,649,664,592
경기도 수원시 영통구 광교2동(4111761000),"28,321","5,462",334,323,253,255,279,223,210,204,226,228,254,284,288,291,323,328,298,280,311,270
경기도 성남시 수정구 (4113100000),"234,948","29,359","1,591","1,313","1,216","1,185","1,274","1,312","1,299","1,330","1,374","1,391","1,529","1,559","1,474","1,553","1,552","1,657","1,581","1,516","1,756","1,897"
경기도 성남시 수정구 신흥1동(4113151000),"11,893",780,44,19,17,28,17,15,19,19,28,35,39,49,41,43,53,57,53,53,66,85
경기도 성남시 수정구 신흥2동(4113152000),"31,586","5,187",419,380,320,286,286,275,279,256,253,232,270,216,199,214,191,234,188,209,222,258
경기도 성남시 수정구 신흥3동(4113153000),"10,619",728,29,35,25,17,21,22,21,21,35,31,21,43,25,53,41,50,54,48,63,73
경기도 성남시 수정구 태평1동(4113154000),"13,470",814,28,20,12,25,22,36,21,32,26,33,36,32,39,43,39,60,62,44,90,114
경기도 성남시 수정구 태평2동(4113155000),"13,569","1,134",62,26,40,39,21,25,31,37,50,44,49,77,48,64,81,72,68,83,97,120
경기도 성남시 수정구 태평3동(4113156000),"11,403",939,43,20,22,19,26,28,24,31,36,36,37,50,55,57,60,83,77,75,84,76
경기도 성남시 수정구 태평4동(4113156100),"10,760","1,005",22,20,12,28,30,21,28,32,36,32,55,53,67,73,61,79,76,92,93,95
경기도 성남시 수정구 수진1동(4113157000),"10,421",586,14,10,17,18,15,11,20,22,18,25,26,28,32,39,56,39,51,45,47,53
경기도 성남시 수정구 수진2동(4113158000),"14,276","1,179",51,37,32,39,44,33,30,46,51,46,68,50,81,67,75,73,80,79,82,115
경기도 성남시 수정구 단대동(4113159000),"14,065","1,628",74,55,57,51,55,61,52,55,75,74,85,85,98,87,115,122,105,98,125,99
경기도 성남시 수정구 산성동(4113160000),"4,358",472,8,10,10,12,10,11,22,13,19,28,21,22,31,21,37,40,30,35,49,43
경기도 성남시 수정구 양지동(4113161000),"8,860",872,9,15,21,15,17,22,15,23,28,46,47,58,65,51,71,68,72,66,76,87
경기도 성남시 수정구 복정동(4113162000),"13,955","1,946",174,141,121,118,178,158,112,101,93,76,77,64,57,48,45,41,39,53,80,170
경기도 성남시 수정구 위례동(4113162500),"45,037","8,873",386,313,318,321,354,418,405,467,451,487,547,581,520,567,506,509,491,413,447,372
경기도 성남시 수정구 신촌동(4113163000),"5,340","1,084",78,76,80,59,72,58,68,54,50,51,46,45,44,41,32,52,48,43,43,44
경기도 성남시 수정구 고등동(4113164000),"11,704","1,854",131,122,95,96,100,101,138,112,110,104,92,88,63,67,72,64,71,73,78,77
경기도 성남시 수정구 시흥동(4113165000),"3,632",278,19,14,17,14,6,17,14,9,15,11,13,18,9,18,17,14,16,7,14,16
경기도 성남시 중원구 (4113300000),"198,233","23,175","1,148",942,886,900,881,879,895,937,993,"1,133","1,244","1,231","1,200","1,337","1,367","1,428","1,326","1,370","1,514","1,564"
경기도 성남시 중원구 성남동(4113351000),"31,800","2,527",137,95,108,70,80,73,81,74,83,95,124,126,123,163,160,168,157,178,215,217
경기도 성남시 중원구 중앙동(4113352500),"16,510","2,422",145,161,123,129,114,112,97,115,124,137,122,110,123,126,115,113,103,114,123,116
경기도 성남시 중원구 금광1동(4113353000),"19,629","3,370",274,219,196,215,214,205,218,218,182,204,192,134,121,113,118,119,101,101,118,108
경기도 성남시 중원구 금광2동(4113354000),"22,179","2,239",94,78,75,66,85,76,82,82,93,100,119,120,114,132,123,164,135,152,170,179
경기도 성남시 중원구 은행1동(4113355000),"9,236","1,049",34,37,27,30,25,33,28,29,45,50,52,62,52,56,69,91,84,67,89,89
경기도 성남시 중원구 은행2동(4113356000),"17,754","1,473",42,25,26,42,32,38,36,45,62,66,66,90,73,110,115,108,130,117,91,159
경기도 성남시 중원구 상대원1동(4113357000),"22,240","2,241",110,84,77,85,72,63,65,86,84,106,121,125,127,166,125,159,137,130,174,145
경기도 성남시 중원구 상대원2동(4113358000),"2,859",286,8,5,7,14,4,8,10,7,12,12,16,18,17,14,18,19,24,23,22,28
경기도 성남시 중원구 상대원3동(4113359000),"11,014",904,27,30,22,18,25,28,29,35,25,38,38,59,60,42,73,71,67,70,63,84
경기도 성남시 중원구 하대원동(4113366000),"19,495","2,360",103,85,92,82,85,91,99,79,88,95,135,125,131,124,181,151,125,138,190,161
경기도 성남시 중원구 도촌동(4113367000),"25,517","4,304",174,123,133,149,145,152,150,167,195,230,259,262,259,291,270,265,263,280,259,278
경기도 성남시 분당구 (4113500000),"466,625","81,310","2,885","2,701","2,313","2,602","2,709","2,994","3,089","3,464","3,723","4,156","4,705","5,057","5,158","5,178","5,399","5,430","4,979","5,069","5,072","4,627"
경기도 성남시 분당구 분당동(4113551000),"24,349","4,027",112,112,102,102,124,138,121,128,187,203,246,243,245,236,313,299,267,309,262,278
경기도 성남시 분당구 수내1동(4113552000),"17,869","3,279",52,55,41,54,67,94,119,140,151,190,225,239,251,258,253,259,214,204,230,183
경기도 성남시 분당구 수내2동(4113553000),"10,193","2,805",10,18,30,34,54,82,94,151,164,204,217,227,198,236,236,202,185,169,146,148
경기도 성남시 분당구 수내3동(4113554000),"13,151","2,895",29,23,31,35,57,78,85,128,129,143,178,206,212,246,231,250,239,222,212,161
경기도 성남시 분당구 정자동(4113554500),"13,745","2,051",58,51,37,50,74,68,83,77,95,99,115,121,128,145,163,151,134,138,139,125
경기도 성남시 분당구 정자1동(4113555000),"30,367","5,014",109,110,95,104,106,158,176,197,252,282,298,368,345,347,392,341,331,324,372,307
경기도 성남시 분당구 정자2동(4113556000),"12,153","1,610",70,61,47,46,45,52,60,48,68,76,87,110,95,110,101,116,108,103,105,102
경기도 성남시 분당구 정자3동(4113557000),"16,455","2,933",101,99,82,91,84,105,91,129,129,149,169,172,187,195,172,192,201,187,207,191
경기도 성남시 분당구 서현1동(4113558000),"30,468","5,528",144,142,102,121,115,145,170,209,242,271,319,394,383,393,432,390,399,392,398,367
경기도 성남시 분당구 서현2동(4113559000),"17,165","2,978",83,101,67,83,76,110,122,121,121,131,190,163,202,202,206,213,195,211,201,180
경기도 성남시 분당구 이매1동(4113560000),"24,433","4,524",201,148,135,140,143,161,188,177,184,215,288,262,293,273,279,315,264,287,310,261
경기도 성남시 분당구 이매2동(4113561000),"12,746","2,451",56,48,61,51,80,92,78,95,116,133,144,163,159,140,183,190,166,168,189,139
경기도 성남시 분당구 야탑1동(4113562000),"16,444","2,094",101,92,80,79,104,92,86,99,92,112,119,136,112,109,121,131,96,124,99,110
경기도 성남시 분당구 야탑2동(4113563000),"15,468","2,572",60,75,61,64,65,90,97,117,129,154,163,166,180,143,167,165,180,171,158,167
경기도 성남시 분당구 야탑3동(4113564000),"26,499","3,263",256,209,154,175,144,128,108,120,137,133,140,161,166,173,160,191,185,163,190,170
경기도 성남시 분당구 판교동(4113565000),"26,248","6,254",202,219,206,233,272,242,270,279,308,317,368,395,385,383,433,409,352,370,346,265
경기도 성남시 분당구 삼평동(4113565500),"23,453","4,665",164,175,168,212,187,241,222,206,184,228,217,294,266,273,251,325,270,267,262,253
경기도 성남시 분당구 백현동(4113565700),"26,066","4,457",156,142,138,157,149,153,162,159,186,207,247,264,305,349,306,311,274,261,263,268
경기도 성남시 분당구 금곡동(4113566200),"26,606","3,589",181,148,111,129,122,148,132,175,167,194,185,209,197,202,204,200,187,237,230,231
경기도 성남시 분당구 구미1동(4113566500),"16,106","2,358",149,103,80,74,104,71,75,94,104,102,122,116,156,142,127,131,155,144,149,160
경기도 성남시 분당구 구미동(4113567000),"27,785","3,586",136,152,120,132,113,128,135,147,148,181,205,227,230,231,229,222,210,229,200,211
경기도 성남시 분당구 운중동(4113568000),"38,856","8,377",455,418,365,436,424,418,415,468,430,432,463,421,463,392,440,427,367,389,404,350
경기도 의정부시 의정부1동(4115051000),"38,033","4,012",253,228,186,193,196,214,218,208,202,188,216,179,142,149,191,205,183,181,228,252
경기도 의정부시 의정부2동(4115052000),"29,525","2,870",130,74,93,86,109,109,113,102,105,137,137,173,161,153,208,167,195,180,222,216
경기도 의정부시 호원1동(4115054500),"33,065","3,545",101,95,96,99,118,113,111,121,168,169,180,191,221,200,247,248,241,272,244,310
경기도 의정부시 호원2동(4115055500),"32,441","4,137",155,115,116,122,122,134,128,144,154,202,232,256,242,255,267,268,298,302,311,314
경기도 의정부시 장암동(4115056100),"18,207","2,515",64,64,56,77,73,80,78,94,114,111,131,156,160,167,178,185,173,175,191,188
경기도 의정부시 신곡1동(4115056700),"41,254","5,198",240,230,185,221,167,194,189,209,218,223,277,277,311,276,321,311,308,323,337,381
경기도 의정부시 신곡2동(4115056800),"43,531","6,205",162,196,132,188,206,214,238,276,295,322,324,388,349,404,384,436,399,383,456,453
경기도 의정부시 송산1동(4115057300),"31,443","4,534",225,213,169,193,160,171,191,171,211,236,236,270,232,247,274,270,244,269,272,280
경기도 의정부시 송산2동(4115057600),"30,684","4,981",113,118,121,134,138,138,158,168,178,232,298,317,284,352,375,358,378,377,374,370
경기도 의정부시 송산3동(4115057800),"44,462","9,724",267,282,281,310,339,392,423,471,487,571,643,621,638,642,658,644,583,480,498,494
경기도 의정부시 자금동(4115058000),"26,428","3,278",113,118,107,105,104,129,112,146,129,160,181,190,186,209,209,229,190,191,234,236
경기도 의정부시 가능동(4115059500),"25,604","2,744",92,88,82,78,89,84,98,123,97,121,161,146,155,146,170,211,178,187,225,213
경기도 의정부시 흥선동(4115061500),"17,786","2,264",76,76,89,86,109,95,88,93,98,105,121,111,122,118,129,136,129,143,172,168
경기도 의정부시 녹양동(4115062000),"18,770","2,337",45,56,46,59,81,74,75,77,103,95,97,124,150,164,199,173,161,173,200,185
경기도 의정부시 고산동(4115063000),"30,744","7,216",353,373,391,406,437,486,475,448,423,415,437,371,331,282,334,305,249,239,239,222
경기도 안양시 만안구 (4117100000),"234,085","28,490","1,641","1,445","1,183","1,159","1,170","1,141","1,151","1,089","1,211","1,225","1,480","1,457","1,389","1,450","1,578","1,657","1,589","1,671","1,857","1,947"
경기도 안양시 만안구 안양1동(4117151000),"18,947","2,632",268,211,163,132,144,132,110,90,104,93,111,106,81,103,99,126,100,146,141,172
경기도 안양시 만안구 안양2동(4117152000),"22,024","2,383",156,98,126,111,84,99,95,85,106,102,120,124,116,125,120,146,126,124,152,168
경기도 안양시 만안구 안양3동(4117153000),"14,651","1,300",31,36,31,27,30,33,49,36,49,52,81,63,67,84,89,86,117,87,124,128
경기도 안양시 만안구 안양4동(4117154000),"6,600",503,11,17,9,12,17,16,9,13,11,18,24,23,30,20,39,31,52,46,59,46
경기도 안양시 만안구 안양5동(4117155000),"14,595","2,020",139,122,97,102,140,118,101,90,79,62,84,83,79,79,97,103,92,118,124,111
경기도 안양시 만안구 안양6동(4117156000),"27,187","3,335",280,245,167,179,173,171,148,136,135,152,157,149,124,134,144,141,136,158,191,215
경기도 안양시 만안구 안양7동(4117157000),"14,866","2,614",155,165,132,115,129,120,130,134,155,123,148,150,133,130,115,127,105,123,105,120
경기도 안양시 만안구 명학동(4117158200),"7,758",634,23,30,12,14,14,17,24,23,18,20,35,39,40,40,38,45,35,44,44,79
경기도 안양시 만안구 병목안동(4117158300),"15,472","1,531",49,42,43,44,37,50,47,62,61,63,100,87,89,85,108,118,101,109,118,118
경기도 안양시 만안구 석수1동(4117159000),"18,057","2,169",130,103,95,95,80,79,90,85,89,95,120,115,136,104,130,113,116,125,133,136
경기도 안양시 만안구 석수2동(4117160000),"29,367","3,388",197,145,129,132,141,103,113,116,153,157,185,178,185,194,198,215,185,198,237,227
경기도 안양시 만안구 충훈동(4117161100),"11,533","1,391",71,57,53,53,40,48,63,41,48,56,61,69,58,87,88,98,99,101,100,100
경기도 안양시 만안구 박달동(4117164000),"13,152","1,158",23,27,22,30,23,28,36,43,38,48,64,66,66,68,78,93,107,94,110,94
경기도 안양시 만안구 호현동(4117165000),"19,876","3,432",108,147,104,113,118,127,136,135,165,184,190,205,185,197,235,215,218,198,219,233
경기도 안양시 동안구 (4117300000),"327,922","55,129","2,617","2,235","2,002","1,975","2,023","2,095","2,168","2,303","2,540","2,683","3,152","3,329","3,274","3,240","3,464","3,531","3,143","3,160","3,269","2,926"
경기도 안양시 동안구 비산1동(4117351000),"28,069","4,820",253,256,239,224,246,236,260,211,257,255,252,258,239,231,242,239,234,216,244,228
경기도 안양시 동안구 비산2동(4117352000),"12,854","2,261",126,104,106,93,106,120,100,104,103,134,129,112,106,125,105,127,106,122,117,116
경기도 안양시 동안구 비산3동(4117353000),"17,809","2,507",134,154,115,118,135,129,127,120,114,110,113,123,110,121,116,142,117,131,133,145
경기도 안양시 동안구 부흥동(4117354000),"15,686","2,675",76,82,86,93,79,96,108,126,84,131,158,161,153,170,154,177,189,193,197,162
경기도 안양시 동안구 달안동(4117354600),"9,341",795,82,55,34,39,18,29,24,25,31,40,27,50,31,35,34,52,32,43,61,53
경기도 안양시 동안구 관양동(4117355200),"31,714","3,041",128,84,98,104,106,101,113,95,132,122,152,139,144,152,200,222,229,202,250,268
경기도 안양시 동안구 인덕원동(4117355900),"17,795","1,942",109,92,87,63,76,73,61,72,98,92,94,106,101,106,112,127,104,125,122,122
경기도 안양시 동안구 부림동(4117356600),"26,460","3,627",335,226,160,156,145,121,116,123,137,123,153,181,181,210,232,221,213,197,191,206
경기도 안양시 동안구 평촌동(4117357000),"14,715","2,404",120,106,93,85,86,101,96,88,102,114,126,160,106,157,156,145,124,148,158,133
경기도 안양시 동안구 평안동(4117357600),"22,160","5,182",174,140,147,141,162,160,214,247,259,279,376,374,387,333,362,344,295,276,290,222
경기도 안양시 동안구 귀인동(4117357800),"15,890","4,303",25,28,31,32,77,81,110,171,184,230,288,386,391,369,398,386,310,310,280,216
경기도 안양시 동안구 호계1동(4117358000),"27,105","6,284",358,303,293,282,284,293,323,319,380,348,445,374,389,353,319,303,247,237,243,191
경기도 안양시 동안구 호계2동(4117359000),"27,236","4,542",268,235,199,212,184,199,177,183,197,188,218,213,215,237,293,285,249,269,268,253
경기도 안양시 동안구 호계3동(4117360000),"23,817","3,615",244,206,175,170,147,165,137,155,155,177,191,191,162,175,198,205,179,191,210,182
경기도 안양시 동안구 범계동(4117361000),"14,886","2,839",98,69,57,59,59,73,75,102,124,130,192,217,247,183,204,211,185,187,196,171
경기도 안양시 동안구 신촌동(4117362000),"12,124","2,320",62,63,60,71,72,77,72,94,97,129,111,134,144,140,170,153,181,166,182,142
경기도 안양시 동안구 갈산동(4117363000),"10,261","1,972",25,32,22,33,41,41,55,68,86,81,127,150,168,143,169,192,149,147,127,116
경기도 부천시 원미구 (4119200000),"381,864","50,511","1,885","1,689","1,634","1,648","1,745","1,843","1,938","2,098","2,237","2,402","2,778","2,929","2,962","3,044","3,185","3,282","3,096","3,090","3,560","3,466"
경기도 부천시 원미구 심곡1동(4119251000),"11,854","1,160",37,37,26,41,33,55,47,47,44,50,47,70,76,58,73,68,74,85,94,98
경기도 부천시 원미구 심곡2동(4119252000),"18,282","1,585",87,82,67,89,82,67,76,55,55,69,70,72,65,70,72,92,81,68,116,150
경기도 부천시 원미구 심곡3동(4119253000),"10,521","1,015",28,25,31,32,29,25,27,49,49,43,61,59,56,60,82,67,55,73,91,73
경기도 부천시 원미구 원미1동(4119254000),"16,171","1,840",70,55,62,60,68,74,69,70,74,75,92,114,121,110,131,128,96,116,158,97
경기도 부천시 원미구 원미2동(4119255000),"10,942","1,067",25,21,16,31,25,33,43,53,53,52,72,70,67,67,78,70,72,76,68,75
경기도 부천시 원미구 소사동(4119256000),"5,756",365,18,10,16,10,7,6,14,6,17,12,17,16,21,20,23,26,30,32,33,31
경기도 부천시 원미구 역곡1동(4119257000),"15,974","1,899",40,45,57,44,55,48,61,70,79,98,107,136,111,123,147,120,125,146,154,133
경기도 부천시 원미구 역곡2동(4119258000),"15,958","1,698",42,40,45,36,40,41,62,69,58,94,91,98,94,128,125,109,107,106,124,189
경기도 부천시 원미구 춘의동(4119259000),"13,358","1,366",48,37,46,53,41,50,51,68,68,53,78,78,87,97,72,93,85,69,100,92
경기도 부천시 원미구 도당동(4119260000),"19,598","2,277",59,49,48,52,56,67,85,84,98,94,111,136,130,148,174,163,156,153,195,219
경기도 부천시 원미구 약대동(4119261000),"16,878","2,648",84,101,112,100,104,114,109,107,139,125,135,157,149,147,173,151,184,158,172,127
경기도 부천시 원미구 중동(4119262000),"20,989","3,069",90,97,95,95,101,128,114,129,142,149,187,155,184,188,185,235,178,188,228,201
경기도 부천시 원미구 중1동(4119263000),"40,368","5,566",232,191,207,200,224,209,224,254,276,297,311,343,337,330,303,325,329,305,350,319
경기도 부천시 원미구 중2동(4119264000),"29,097","4,358",132,134,127,146,146,164,133,169,182,215,260,261,266,288,281,321,249,290,294,300
경기도 부천시 원미구 중3동(4119265000),"21,521","2,734",134,112,90,107,109,92,109,105,115,131,154,147,158,155,159,180,139,153,195,190
경기도 부천시 원미구 중4동(4119266000),"16,451","1,811",139,91,68,66,69,68,66,68,75,64,90,84,91,100,111,102,100,100,126,133
경기도 부천시 원미구 상동(4119267000),"17,299","1,943",67,54,37,55,56,61,76,67,67,80,126,105,96,125,127,123,157,138,156,170
경기도 부천시 원미구 상1동(4119268000),"23,321","3,260",180,152,138,131,127,142,143,130,131,150,168,177,191,171,160,216,177,181,192,203
경기도 부천시 원미구 상2동(4119269000),"27,548","5,422",255,231,192,151,207,198,204,216,231,267,289,309,321,336,358,328,343,327,328,331
경기도 부천시 원미구 상3동(4119270000),"29,978","5,428",118,125,154,149,166,201,225,282,284,284,312,342,341,323,351,365,359,326,386,335
경기도 부천시 소사구 (4119400000),"223,777","32,155","1,152","1,103","1,067","1,100","1,214","1,291","1,326","1,417","1,490","1,669","1,801","1,881","1,838","1,925","2,023","1,996","1,976","1,879","1,995","2,012"
경기도 부천시 소사구 심곡본1동(4119451000),"15,038","1,283",32,39,26,39,52,51,51,63,48,59,53,57,79,68,81,100,82,74,110,119
경기도 부천시 소사구 심곡본동(4119452000),"13,798","1,029",32,31,27,27,25,49,33,31,32,39,46,56,51,60,68,74,77,75,105,91
경기도 부천시 소사구 소사본동(4119453000),"25,797","2,938",182,151,155,136,171,152,122,134,132,122,150,136,126,139,140,140,137,185,141,187
경기도 부천시 소사구 소사본1동(4119454000),"27,065","3,515",116,102,101,109,115,132,134,145,156,199,221,189,211,197,199,215,241,243,244,246
경기도 부천시 소사구 범박동(4119455000),"28,329","6,081",248,251,228,269,263,301,312,301,333,347,325,358,323,315,326,319,310,298,334,320
경기도 부천시 소사구 옥길동(4119456000),"30,964","7,821",157,186,200,213,245,264,309,342,386,425,507,614,582,619,611,548,496,410,357,350
경기도 부천시 소사구 괴안동(4119457000),"18,116","1,908",67,61,57,63,63,63,78,73,82,96,94,86,87,110,138,135,132,115,143,165
경기도 부천시 소사구 역곡3동(4119458000),"21,554","2,254",139,110,106,86,117,99,109,125,102,138,103,94,106,89,97,109,114,115,163,133
경기도 부천시 소사구 송내1동(4119459000),"19,652","2,353",101,92,85,81,80,85,77,105,101,100,127,138,119,127,148,147,146,163,164,167
경기도 부천시 소사구 송내2동(4119460000),"23,464","2,973",78,80,82,77,83,95,101,98,118,144,175,153,154,201,215,209,241,201,234,234
경기도 부천시 오정구 (4119600000),"148,518","15,700",452,482,444,451,489,541,520,585,668,720,837,863,899,985,"1,081","1,109","1,095","1,091","1,170","1,218"
경기도 부천시 오정구 성곡동(4119651000),"36,848","4,053",103,114,124,125,134,123,131,158,187,168,216,222,238,262,289,294,289,286,293,297
경기도 부천시 오정구 원종1동(4119652000),"23,897","2,550",131,136,107,102,103,125,98,109,92,95,125,126,124,129,143,146,149,138,192,180
경기도 부천시 오정구 원종2동(4119653000),"16,885","1,675",49,49,33,34,34,40,53,49,67,76,91,96,110,84,130,121,133,133,148,145
경기도 부천시 오정구 고강본동(4119654000),"24,437","2,323",48,49,54,54,64,72,73,80,92,122,122,123,136,153,156,170,174,177,190,214
경기도 부천시 오정구 고강1동(4119655000),"11,858","1,087",27,28,27,30,26,36,30,45,49,46,56,56,82,77,81,74,69,81,67,100
경기도 부천시 오정구 오정동(4119656000),"18,276","2,271",55,66,52,64,66,82,68,88,90,125,135,134,112,167,160,166,167,150,171,153
경기도 부천시 오정구 신흥동(4119657000),"16,317","1,741",39,40,47,42,62,63,67,56,91,88,92,106,97,113,122,138,114,126,109,129
경기도 광명시 광명1동(4121051000),"16,209","2,845",278,220,174,149,147,165,125,131,120,122,139,147,110,124,133,110,115,96,101,139
경기도 광명시 광명2동(4121052000),"7,126",886,71,54,38,47,38,52,41,37,28,32,47,25,28,34,31,53,39,44,67,80
경기도 광명시 광명3동(4121054000),"8,814",621,21,19,18,22,10,19,17,16,25,29,30,24,40,46,51,38,45,50,57,44
경기도 광명시 광명4동(4121055000),"7,120",644,28,36,24,26,31,30,21,19,21,28,36,24,36,31,36,36,46,50,41,44
경기도 광명시 광명5동(4121056000),"11,266","1,320",55,44,46,32,36,49,42,46,55,49,68,72,88,80,91,82,79,96,113,97
경기도 광명시 광명6동(4121057000),"12,400","2,025",89,65,71,82,75,72,82,85,99,82,123,122,100,120,129,138,117,130,115,129
경기도 광명시 광명7동(4121058000),"25,148","3,751",261,217,175,176,159,141,156,153,181,187,199,186,171,172,197,202,187,200,202,229
경기도 광명시 철산1동(4121059000),"9,917","1,583",92,88,70,48,38,49,43,43,53,70,71,74,95,92,109,111,95,123,104,115
경기도 광명시 철산2동(4121060000),"19,161","3,378",227,198,175,167,174,176,170,173,169,187,167,167,174,132,159,158,157,139,147,162
경기도 광명시 철산3동(4121061000),"35,071","6,720",231,221,201,184,203,230,244,313,316,367,421,397,433,445,478,453,399,413,394,377
경기도 광명시 철산4동(4121062000),"8,853","1,344",101,84,55,48,49,48,40,56,62,64,73,86,64,88,62,74,68,75,66,81
경기도 광명시 하안1동(4121063100),"24,104","4,233",111,87,86,115,130,120,148,177,196,204,259,282,299,294,310,330,271,276,294,244
경기도 광명시 하안2동(4121063200),"12,420","1,242",107,65,49,57,50,41,63,54,39,60,58,61,73,49,49,78,55,63,91,80
경기도 광명시 하안3동(4121063300),"17,936","2,135",109,114,91,81,85,85,88,76,86,82,116,106,101,102,136,127,117,141,130,162
경기도 광명시 하안4동(4121063400),"11,147","1,480",91,65,57,50,45,55,45,47,70,56,81,51,71,81,92,99,102,82,116,124
경기도 광명시 소하1동(4121064000),"28,891","5,469",105,128,119,125,167,166,175,216,237,267,321,346,326,373,370,384,355,416,459,414
경기도 광명시 소하2동(4121065000),"25,379","3,266",137,101,78,93,72,96,122,96,126,138,129,184,156,190,209,252,258,252,309,268
경기도 광명시 일직동(4121065500),"21,068","4,041",195,187,158,153,163,170,158,173,185,206,248,252,240,263,256,215,216,190,189,224
경기도 광명시 학온동(4121066000),"1,611",83,2,5,1,4,2,4,3,4,4,2,6,3,6,3,3,3,6,9,2,11
경기도 평택시 팽성읍(4122025000),"27,006","2,873",92,103,91,95,87,119,130,121,139,152,183,164,174,174,185,194,168,166,181,155
경기도 평택시 안중읍(4122025300),"40,634","6,547",166,148,162,145,150,164,219,208,263,318,326,404,378,434,487,504,489,523,545,514
경기도 평택시 포승읍(4122025600),"21,091","2,136",87,72,64,54,69,67,56,92,99,117,109,143,122,125,158,162,121,145,129,145
경기도 평택시 청북읍(4122025900),"25,920","5,812",133,136,147,128,180,178,216,235,308,353,405,407,407,426,411,405,396,339,338,264
경기도 평택시 진위면(4122031000),"10,642",806,15,17,21,20,24,24,24,28,33,37,39,45,39,65,42,81,60,56,69,67
경기도 평택시 서탄면(4122032000),"3,286",228,7,6,6,4,4,12,8,9,7,13,15,8,11,11,11,13,28,20,18,17
경기도 평택시 고덕면(4122033000),"12,760","1,438",92,91,71,61,69,50,61,68,64,66,66,86,78,68,92,68,68,78,70,71
경기도 평택시 오성면(4122034000),"5,965",493,10,7,7,10,14,11,15,27,22,20,24,36,29,31,38,40,34,41,42,35
경기도 평택시 현덕면(4122037000),"17,080","2,818",201,182,149,130,125,147,139,145,137,144,146,148,161,144,109,122,122,116,112,139
경기도 평택시 중앙동(4122051000),"45,311","5,632",156,162,149,134,150,156,166,165,209,221,311,323,320,384,394,437,450,424,443,478
경기도 평택시 서정동(4122052000),"24,546","2,734",104,87,90,90,95,91,84,81,101,98,139,134,149,151,188,200,208,202,216,226
경기도 평택시 송탄동(4122053500),"26,025","5,207",310,288,295,259,275,257,252,280,240,301,305,312,272,251,273,222,211,201,193,210
경기도 평택시 지산동(4122055000),"12,151","1,118",26,25,43,26,24,33,37,38,49,38,60,60,71,64,91,80,65,87,97,104
경기도 평택시 송북동(4122056000),"20,310","2,609",58,68,75,53,70,75,93,99,135,131,132,175,145,176,190,208,165,189,189,183
경기도 평택시 신장1동(4122057000),"6,608",836,52,44,50,27,32,47,35,28,31,40,47,40,36,39,40,42,48,53,51,54
경기도 평택시 신장2동(4122058000),"4,605",292,6,16,5,11,5,11,9,11,13,8,12,13,9,21,19,19,29,19,29,27
경기도 평택시 신평동(4122059000),"19,487","1,774",47,55,54,48,41,45,44,69,62,59,97,93,96,118,121,117,160,141,160,147
경기도 평택시 원평동(4122060000),"12,636","1,245",101,71,69,47,52,46,50,48,46,53,60,59,53,66,67,62,62,81,81,71
경기도 평택시 통복동(4122061000),"6,361",629,32,36,44,24,38,26,17,26,19,20,21,29,25,29,43,32,38,43,46,41
경기도 평택시 비전1동(4122062000),"48,782","9,632",257,279,253,269,302,318,357,403,437,450,573,629,589,653,687,714,665,621,614,562
경기도 평택시 비전2동(4122063000),"55,765","11,042",373,372,394,386,421,449,495,513,523,577,701,647,714,667,688,670,625,595,638,594
경기도 평택시 용이동(4122063500),"25,405","5,653",141,146,156,166,182,195,222,268,295,323,352,374,363,402,369,384,336,345,331,303
경기도 평택시 세교동(4122064000),"37,503","6,846",398,311,297,302,340,331,355,308,346,373,403,359,350,362,325,364,319,312,361,330
경기도 평택시 동삭동(4122065000),"45,409","10,439",660,584,516,527,509,488,523,530,562,615,623,604,574,508,550,526,406,373,407,354
경기도 평택시 고덕동(4122066000),"67,375","17,083","1,187","1,220","1,042","1,036","1,042","1,048","1,015","1,057","1,057",979,948,938,800,694,624,615,534,463,414,370
경기도 동두천시 생연1동(4125051000),"5,984",702,13,11,12,20,17,18,25,35,28,37,43,58,51,51,44,44,55,56,41,43
경기도 동두천시 생연2동(4125052000),"10,359","1,393",30,38,30,32,40,34,42,45,47,68,68,85,82,84,104,103,123,108,109,121
경기도 동두천시 중앙동(4125053500),"4,249",229,8,11,6,9,12,11,6,6,17,11,15,10,12,13,12,13,17,14,17,9
경기도 동두천시 보산동(4125055000),"2,522",214,7,2,3,7,6,5,3,9,14,7,16,13,9,25,10,17,15,15,16,15
경기도 동두천시 불현동(4125056500),"25,110","3,185",81,89,80,76,103,101,103,117,133,149,181,170,180,198,221,242,242,236,239,244
경기도 동두천시 송내동(4125056600),"25,448","3,927",115,83,76,104,91,109,113,135,153,179,222,247,236,267,299,326,280,280,301,311
경기도 동두천시 소요동(4125058000),"8,031",715,20,26,16,21,16,24,23,30,27,38,33,48,44,42,49,41,43,48,50,76
경기도 동두천시 상패동(4125060000),"4,465",355,17,29,17,11,13,16,21,15,18,14,14,13,20,13,17,16,18,25,27,21
경기도 안산시 상록구 (4127100000),"320,360","40,934","1,215","1,180",985,"1,110","1,170","1,268","1,341","1,516","1,722","1,884","2,229","2,455","2,478","2,454","2,807","2,919","2,811","2,900","3,142","3,348"
경기도 안산시 상록구 일동(4127151000),"22,042","2,786",69,63,69,62,80,88,88,102,135,139,135,174,168,178,190,203,209,189,209,236
경기도 안산시 상록구 이동(4127151500),"22,209","1,845",49,60,33,44,36,56,63,73,84,96,100,91,97,102,101,138,121,135,187,179
경기도 안산시 상록구 사동(4127152500),"28,694","2,952",115,90,76,85,78,82,76,82,99,115,135,159,185,169,205,219,216,248,238,280
경기도 안산시 상록구 사이동(4127153200),"29,501","4,186",113,128,90,107,106,121,128,158,176,172,239,263,257,247,316,318,323,287,308,329
경기도 안산시 상록구 해양동(4127153700),"39,161","8,089",194,210,185,238,268,304,310,351,430,425,522,559,528,482,521,516,472,494,520,560
경기도 안산시 상록구 본오1동(4127154000),"33,722","4,412",97,102,86,94,110,109,133,130,191,189,240,289,265,304,334,363,331,344,358,343
경기도 안산시 상록구 본오2동(4127155000),"23,599","2,827",75,82,55,82,73,76,73,97,99,111,149,152,184,163,213,208,202,198,253,282
경기도 안산시 상록구 본오3동(4127156000),"17,678","1,670",47,39,39,45,47,48,54,62,67,85,78,74,88,106,110,131,124,138,117,171
경기도 안산시 상록구 부곡동(4127157000),"19,645","2,502",64,43,60,57,56,77,91,97,94,102,119,168,151,146,195,190,198,198,192,204
경기도 안산시 상록구 월피동(4127158000),"34,494","3,956",122,127,100,96,116,113,131,146,144,194,245,197,245,238,261,253,266,283,333,346
경기도 안산시 상록구 성포동(4127159000),"23,921","2,985",153,120,107,113,109,104,106,110,98,129,134,166,157,164,192,201,178,214,207,223
경기도 안산시 상록구 반월동(4127160000),"17,747","1,913",100,98,65,63,75,69,68,80,78,92,95,112,114,102,106,106,112,111,140,127
경기도 안산시 상록구 안산동(4127161000),"7,947",811,17,18,20,24,16,21,20,28,27,35,38,51,39,53,63,73,59,61,80,68
경기도 안산시 단원구 (4127300000),"288,127","38,896","1,496","1,405","1,337","1,318","1,393","1,386","1,462","1,557","1,630","1,870","1,984","2,110","2,088","2,238","2,416","2,565","2,451","2,483","2,890","2,817"
경기도 안산시 단원구 와동(4127351000),"34,715","4,667",104,116,123,115,148,137,180,186,153,252,254,262,265,288,311,348,303,355,381,386
경기도 안산시 단원구 고잔동(4127352500),"19,362","1,962",61,65,50,63,65,56,70,65,93,83,109,95,98,111,133,157,126,142,157,163
경기도 안산시 단원구 중앙동(4127353200),"23,513","2,825",129,140,101,111,99,100,109,109,123,123,138,151,147,138,151,170,163,151,212,260
경기도 안산시 단원구 호수동(4127353500),"41,414","7,048",213,179,203,218,245,262,263,305,289,369,380,433,429,448,439,492,464,430,509,478
경기도 안산시 단원구 원곡동(4127354500),"5,389",472,10,5,12,16,8,15,17,24,23,25,35,29,25,34,28,30,36,34,38,28
경기도 안산시 단원구 백운동(4127355500),"23,628","3,544",254,230,191,152,199,166,135,126,159,141,132,151,171,160,172,188,194,197,216,210
경기도 안산시 단원구 신길동(4127356500),"20,182","2,827",70,43,65,68,63,79,101,101,130,133,146,147,179,174,204,205,205,226,250,238
경기도 안산시 단원구 초지동(4127357000),"46,070","6,549",303,286,259,253,233,241,233,288,275,303,329,357,333,363,424,383,403,368,474,441
경기도 안산시 단원구 선부1동(4127358000),"16,492","2,063",120,95,91,108,93,76,88,97,87,97,103,98,83,110,97,112,122,120,136,130
경기도 안산시 단원구 선부2동(4127359000),"16,963","2,363",110,107,101,92,107,103,113,84,102,115,108,118,100,140,141,145,121,163,159,134
경기도 안산시 단원구 선부3동(4127360000),"31,240","4,024",110,119,130,105,106,131,131,151,168,203,210,230,231,249,273,298,277,259,325,318
경기도 안산시 단원구 대부동(4127361000),"9,159",552,12,20,11,17,27,20,22,21,28,26,40,39,27,23,43,37,37,38,33,31
경기도 고양시 덕양구 (4128100000),"482,470","70,233","3,109","2,840","2,529","2,615","2,854","2,812","2,975","3,063","3,430","3,581","4,117","4,084","3,852","3,905","4,276","4,260","3,958","3,925","4,142","3,906"
경기도 고양시 덕양구 주교동(4128151000),"10,047",845,13,19,20,28,32,18,19,29,31,36,38,46,55,50,60,62,64,72,73,80
경기도 고양시 덕양구 원신동(4128152000),"22,208","4,482",135,130,137,131,182,169,191,204,244,245,290,339,283,292,312,311,273,234,201,179
경기도 고양시 덕양구 흥도동(4128153000),"29,316","5,626",176,165,175,200,183,197,234,241,281,267,332,372,350,371,426,413,346,302,314,281
경기도 고양시 덕양구 성사1동(4128154000),"23,731","2,679",122,139,118,119,95,97,87,85,108,114,137,156,115,144,161,167,177,183,177,178
경기도 고양시 덕양구 성사2동(4128155000),"10,073",980,25,32,13,34,29,25,21,40,44,43,63,44,58,65,68,69,58,70,89,90
경기도 고양시 덕양구 효자동(4128156000),"26,283","5,977",306,277,270,277,367,391,414,416,426,386,430,328,305,232,250,216,164,191,161,170
경기도 고양시 덕양구 삼송1동(4128157600),"22,283","3,462",235,198,175,162,185,171,146,152,174,178,180,195,166,174,184,177,152,163,160,135
경기도 고양시 덕양구 삼송2동(4128157700),"27,842","3,804",220,213,186,194,190,172,158,188,168,177,204,234,211,215,206,209,161,168,170,160
경기도 고양시 덕양구 창릉동(4128158000),"22,784","4,086",326,293,228,213,234,179,194,189,201,207,231,223,195,185,185,177,166,161,168,131
경기도 고양시 덕양구 고양동(4128159000),"26,883","3,443",78,69,82,88,97,93,100,123,141,164,187,186,228,239,229,258,235,257,300,289
경기도 고양시 덕양구 관산동(4128160000),"32,805","3,177",61,80,55,59,80,89,129,125,128,146,191,215,187,208,241,242,250,219,261,211
경기도 고양시 덕양구 능곡동(4128161000),"16,842","2,114",114,96,98,82,89,84,104,82,102,103,111,120,87,100,104,127,112,119,148,132
경기도 고양시 덕양구 화정1동(4128162100),"34,729","3,948",163,110,108,80,93,110,92,106,142,167,194,198,198,235,306,329,322,295,359,341
경기도 고양시 덕양구 화정2동(4128162200),"31,155","4,630",211,176,148,129,155,148,150,179,180,211,258,261,264,293,339,292,304,302,332,298
경기도 고양시 덕양구 행주동(4128163000),"11,654",855,32,32,19,32,17,31,34,30,37,23,48,32,65,49,49,58,52,79,65,71
경기도 고양시 덕양구 행신1동(4128164000),"19,660","2,343",109,103,86,99,83,77,77,64,88,76,123,124,113,129,136,149,163,172,192,180
경기도 고양시 덕양구 행신2동(4128165000),"29,145","3,611",211,186,123,145,148,121,143,136,138,181,170,179,176,191,228,230,204,228,231,242
경기도 고양시 덕양구 행신3동(4128165500),"22,002","2,725",129,87,83,89,95,73,75,81,95,112,134,141,147,164,192,203,193,208,211,213
경기도 고양시 덕양구 행신4동(4128165600),"18,475","1,952",43,39,33,36,43,45,53,62,54,69,87,89,120,125,146,161,186,175,191,195
경기도 고양시 덕양구 화전동(4128166000),"27,631","5,618",240,225,247,241,266,288,288,276,358,419,443,386,328,267,275,246,237,192,219,177
경기도 고양시 덕양구 대덕동(4128167000),"16,922","3,876",160,171,125,177,191,234,266,255,290,257,266,216,201,177,179,164,139,135,120,153
경기도 고양시 일산동구 (4128500000),"298,091","42,753","1,513","1,398","1,332","1,392","1,517","1,569","1,618","1,828","1,948","2,073","2,309","2,542","2,473","2,641","2,807","2,855","2,703","2,665","2,865","2,705"
경기도 고양시 일산동구 식사동(4128551000),"40,183","8,271",163,155,210,229,268,296,329,412,434,469,537,542,528,548,562,573,518,511,535,452
경기도 고양시 일산동구 중산1동(4128552500),"19,768","2,064",64,47,50,47,56,70,62,77,82,97,113,113,125,137,138,148,149,162,165,162
경기도 고양시 일산동구 중산2동(4128552600),"22,566","3,498",95,98,100,100,116,140,149,173,154,162,187,229,206,233,223,218,209,235,207,264
경기도 고양시 일산동구 정발산동(4128553000),"20,964","2,268",55,62,42,64,62,77,69,70,86,96,118,129,121,161,169,162,169,198,188,170
경기도 고양시 일산동구 풍산동(4128554000),"42,226","6,737",233,235,215,204,244,225,256,284,318,344,348,350,378,412,454,479,453,415,453,437
경기도 고양시 일산동구 백석1동(4128555100),"27,940","3,588",157,138,130,132,132,135,125,138,140,144,165,196,183,203,239,252,239,226,258,256
경기도 고양시 일산동구 백석2동(4128555200),"19,766","1,517",79,53,52,48,56,45,47,53,65,59,60,73,82,78,91,102,113,94,138,129
경기도 고양시 일산동구 마두1동(4128556000),"22,248","3,778",62,63,65,50,79,81,96,119,157,169,187,263,255,289,322,320,290,309,323,279
경기도 고양시 일산동구 마두2동(4128557000),"15,004","2,783",35,29,43,41,55,71,84,92,120,140,178,231,214,234,225,219,228,191,202,151
경기도 고양시 일산동구 장항1동(4128558000),"20,079","4,430",433,376,306,349,330,302,268,267,226,227,196,220,162,138,137,113,97,79,97,107
경기도 고양시 일산동구 장항2동(4128559000),"26,618","1,858",81,77,60,63,60,53,44,60,72,63,92,82,96,102,113,148,127,128,164,173
경기도 고양시 일산동구 고봉동(4128560000),"20,729","1,961",56,65,59,65,59,74,89,83,94,103,128,114,123,106,134,121,111,117,135,125
경기도 고양시 일산서구 (4128700000),"276,028","41,273","1,217","1,166","1,058","1,111","1,122","1,269","1,287","1,606","1,765","1,953","2,406","2,527","2,423","2,767","2,897","2,970","2,855","2,880","3,157","2,837"
경기도 고양시 일산서구 일산1동(4128751000),"24,361","3,045",113,103,94,83,86,82,94,121,117,127,172,167,169,182,202,232,205,212,257,227
경기도 고양시 일산서구 일산2동(4128752000),"18,392","1,821",77,50,64,75,59,61,74,67,64,90,94,97,90,91,98,126,132,109,160,143
경기도 고양시 일산서구 일산3동(4128753000),"32,840","6,855",115,136,90,122,128,164,190,287,331,390,478,531,464,517,486,527,501,494,521,383
경기도 고양시 일산서구 탄현1동(4128754500),"28,861","4,013",127,133,119,137,137,150,150,144,176,185,243,220,186,249,261,281,255,265,291,304
경기도 고양시 일산서구 탄현2동(4128754600),"18,286","3,249",84,91,102,105,91,113,112,133,158,168,201,202,192,215,257,207,223,191,205,199
경기도 고양시 일산서구 주엽1동(4128755000),"25,661","3,594",104,116,82,96,88,94,95,116,121,158,183,219,218,245,255,278,257,302,298,269
경기도 고양시 일산서구 주엽2동(4128756000),"26,117","3,894",130,91,94,98,101,123,119,175,196,175,246,229,246,261,265,293,258,266,276,252
경기도 고양시 일산서구 대화동(4128757000),"33,270","3,969",171,166,133,131,165,145,132,132,148,173,182,217,195,258,268,269,277,259,280,268
경기도 고양시 일산서구 송포동(4128758000),"19,844","2,822",138,113,115,98,71,100,91,106,113,115,138,151,157,164,179,180,176,203,220,194
경기도 고양시 일산서구 덕이동(4128760000),"30,406","5,335",103,102,116,116,133,165,162,227,243,270,330,358,340,372,413,372,362,371,415,365
경기도 고양시 일산서구 가좌동(4128761000),"17,990","2,676",55,65,49,50,63,72,68,98,98,102,139,136,166,213,213,205,209,208,234,233
경기도 과천시 중앙동(4129051000),"11,359","1,764",57,73,59,65,83,92,64,70,88,94,117,111,101,102,108,109,90,81,105,95
경기도 과천시 원문동(4129051500),"16,192","3,731",105,96,94,131,159,175,205,206,233,224,253,259,254,235,234,204,191,166,167,140
경기도 과천시 갈현동(4129052000),"19,863","5,368",298,256,243,262,297,442,398,412,361,326,339,239,197,176,209,198,179,166,184,186
경기도 과천시 별양동(4129053000),"12,493","2,439",108,90,103,103,79,87,90,108,107,163,166,157,172,140,124,160,131,113,134,104
경기도 과천시 부림동(4129054000),"8,819","1,614",67,61,53,64,63,59,68,79,93,132,110,110,92,88,99,84,68,80,79,65
경기도 과천시 과천동(4129055000),"5,755",689,47,38,35,32,36,30,24,26,30,31,54,39,42,34,34,35,38,17,38,29
경기도 과천시 문원동(4129056000),"6,626",822,49,38,26,23,24,29,30,24,44,31,32,41,43,44,49,51,50,64,69,61
경기도 구리시 갈매동(4131051000),"30,406","6,160",214,178,211,222,239,232,279,316,346,410,447,462,496,426,399,311,304,251,205,212
경기도 구리시 동구동(4131052000),"34,705","4,764",263,199,144,134,158,172,160,176,176,209,233,256,259,277,311,328,318,304,355,332
경기도 구리시 인창동(4131053000),"26,440","3,824",178,165,133,154,129,157,145,175,183,181,187,180,192,199,235,228,254,216,264,269
경기도 구리시 교문1동(4131054100),"14,646","1,213",34,34,32,45,36,27,38,51,41,49,56,78,58,99,88,89,87,83,95,93
경기도 구리시 교문2동(4131054200),"20,403","3,224",115,111,91,79,101,106,121,110,119,141,156,184,188,220,206,222,232,226,259,237
경기도 구리시 수택1동(4131057000),"16,846","1,844",103,92,74,72,61,66,72,79,79,81,86,91,93,107,101,110,112,126,121,118
경기도 구리시 수택2동(4131058000),"23,928","2,388",82,66,71,89,60,82,79,84,108,113,137,128,115,154,149,180,149,179,185,178
경기도 구리시 수택3동(4131059000),"20,760","2,692",125,110,96,78,60,87,97,92,100,118,153,154,149,150,186,190,172,191,199,185
경기도 남양주시 와부읍(4136025000),"59,418","9,056",263,245,229,187,219,269,264,306,335,362,463,546,584,637,640,715,709,687,712,684
경기도 남양주시 진접읍(4136025300),"94,337","15,939",397,397,389,403,423,482,550,606,667,760,843,928,957,"1,094","1,148","1,140","1,115","1,210","1,226","1,204"
경기도 남양주시 화도읍(4136025600),"63,480","9,171",208,237,225,219,228,270,304,339,388,398,512,478,573,651,666,720,641,673,726,715
경기도 남양주시 화도읍동부출장소(4136025700),"13,159","2,349",76,69,80,70,72,82,101,106,112,107,141,129,132,149,162,165,124,126,171,175
경기도 남양주시 화도읍남부출장소(4136025800),"35,071","6,263",169,158,157,182,184,198,218,257,297,326,400,370,382,400,454,435,420,410,436,410
경기도 남양주시 진건읍(4136025900),"19,316","1,766",51,41,32,53,37,46,45,63,75,78,84,85,112,110,129,129,146,131,155,164
경기도 남양주시 오남읍(4136026200),"50,232","7,143",169,161,151,161,157,183,222,204,260,283,392,372,425,470,544,577,558,561,666,627
경기도 남양주시 퇴계원읍(4136026500),"25,993","2,942",88,70,93,82,92,83,105,100,106,125,132,185,150,173,216,230,218,229,258,207
경기도 남양주시 별내면(4136031000),"17,681","2,099",42,30,47,48,37,55,65,73,86,96,125,125,116,147,167,175,155,182,164,164
경기도 남양주시 수동면(4136034000),"8,465",596,12,13,17,13,8,15,23,18,21,42,27,28,34,44,55,42,42,60,42,40
경기도 남양주시 조안면(4136036000),"3,637",286,4,5,3,4,9,11,8,14,11,22,14,16,18,18,26,25,19,22,14,23
경기도 남양주시 호평동(4136051000),"55,204","10,640",264,287,249,315,312,359,409,437,493,550,673,687,651,708,775,713,657,700,732,669
경기도 남양주시 평내동(4136052000),"37,179","6,617",232,208,178,203,212,206,227,265,263,315,329,376,366,429,425,456,458,477,499,493
경기도 남양주시 금곡동(4136053000),"16,760","1,113",39,33,24,32,32,36,36,43,43,54,60,49,61,66,70,93,86,73,96,87
경기도 남양주시 양정동(4136054000),"2,072",145,10,8,5,3,10,5,5,3,8,7,6,7,5,10,8,8,11,11,5,10
경기도 남양주시 다산1동(4136054500),"105,617","23,583",867,898,793,881,964,"1,106","1,081","1,132","1,229","1,386","1,548","1,558","1,469","1,417","1,431","1,310","1,231","1,124","1,111","1,047"
경기도 남양주시 다산2동(4136056500),"36,526","7,769",242,283,267,274,301,328,321,348,394,437,544,488,499,480,483,477,421,412,387,383
경기도 남양주시 별내동(4136057000),"83,011","14,949",606,582,529,536,559,606,627,711,772,813,896,962,915,876,943,896,831,787,779,723
경기도 오산시 중앙동(4137051000),"32,742","5,904",180,160,162,149,196,218,211,256,265,294,351,377,354,356,409,403,363,405,390,405
경기도 오산시 대원1동(4137052300),"44,948","6,533",190,192,181,162,181,176,203,235,288,324,365,428,411,439,452,439,447,482,461,477
경기도 오산시 대원2동(4137052600),"24,551","5,053",210,223,191,226,216,218,234,215,238,233,242,303,282,313,312,298,273,275,292,259
경기도 오산시 남촌동(4137053000),"32,237","5,188",254,256,233,242,293,279,267,274,289,258,294,249,228,242,268,276,243,215,252,276
경기도 오산시 신장1동(4137054300),"35,256","6,748",168,159,161,145,193,195,207,252,284,311,398,404,429,478,514,535,489,459,504,463
경기도 오산시 신장2동(4137054600),"22,548","4,370",95,109,99,105,119,141,146,181,225,261,317,329,331,324,319,309,261,222,245,232
경기도 오산시 세마동(4137055000),"31,859","5,966",255,205,208,226,215,215,259,252,302,330,347,361,351,355,387,376,327,337,328,330
경기도 오산시 초평동(4137056000),"31,162","5,677",409,343,270,274,302,271,268,255,236,249,272,259,257,309,284,308,261,256,297,297
경기도 시흥시 대야동(4139051000),"42,187","5,655",293,271,249,235,249,240,215,265,268,269,322,322,304,287,298,310,280,311,348,319
경기도 시흥시 신천동(4139052000),"31,989","2,943",96,67,95,70,85,80,102,103,99,157,146,151,146,191,190,223,216,220,267,239
경기도 시흥시 신현동(4139053100),"8,701",697,23,21,16,25,17,29,27,27,22,33,31,24,33,43,37,56,51,67,55,60
경기도 시흥시 은행동(4139054000),"57,452","12,255",377,381,378,447,452,528,540,624,711,792,847,879,738,714,711,734,598,653,573,578
경기도 시흥시 매화동(4139055000),"10,845","1,201",35,34,24,20,34,31,38,38,44,63,60,66,64,88,77,92,91,109,90,103
경기도 시흥시 목감동(4139057000),"40,567","8,004",315,322,278,316,325,296,327,423,390,498,548,571,540,512,495,452,361,369,347,319
경기도 시흥시 군자동(4139058100),"20,915","2,733",44,81,64,64,69,81,98,115,113,123,152,176,139,192,190,200,215,197,187,233
경기도 시흥시 월곶동(4139058200),"17,582","2,520",88,93,80,75,87,80,104,110,124,115,134,163,153,149,163,176,144,174,166,142
경기도 시흥시 정왕본동(4139058900),"17,097","1,608",56,50,51,51,53,64,63,79,79,87,89,87,82,98,100,102,116,92,95,114
경기도 시흥시 정왕1동(4139059100),"20,947","2,427",53,59,59,47,69,79,69,89,105,105,129,136,159,133,133,161,160,179,201,302
경기도 시흥시 정왕2동(4139059200),"26,166","3,920",89,101,87,80,87,109,94,137,140,187,227,243,220,237,282,292,293,328,368,319
경기도 시흥시 정왕3동(4139059300),"21,147","2,699",71,63,74,58,70,86,78,83,118,126,141,193,151,178,195,201,182,229,207,195
경기도 시흥시 정왕4동(4139059400),"19,077","2,993",103,71,72,73,69,66,87,109,114,118,170,177,172,193,225,220,213,247,235,259
경기도 시흥시 배곧1동(4139059600),"35,216","9,485",294,283,315,345,346,333,435,486,521,563,646,625,609,656,608,559,556,467,472,366
경기도 시흥시 배곧2동(4139059700),"35,408","7,810",236,274,232,252,278,305,326,379,366,458,475,521,473,543,545,484,425,438,425,375
경기도 시흥시 과림동(4139062100),"1,687",70,6,4,9,6,2,5,2,0,4,2,4,2,4,2,1,6,1,2,5,3
경기도 시흥시 연성동(4139063000),"23,523","3,531",170,124,107,151,130,140,158,158,163,159,181,166,158,184,197,198,225,232,259,271
경기도 시흥시 장곡동(4139063100),"46,712","11,069",510,530,528,491,577,614,592,617,572,563,618,600,554,504,611,571,518,537,548,414
경기도 시흥시 능곡동(4139064000),"25,933","4,840",174,166,190,204,259,239,242,229,235,241,285,227,204,282,272,266,280,244,296,305
경기도 시흥시 거북섬동(4139065000),"12,186","2,322",119,132,146,133,155,196,173,171,145,137,138,107,106,84,93,64,63,46,68,46
경기도 군포시 군포1동(4141051000),"29,963","3,217",99,93,93,83,113,92,115,122,167,167,180,186,178,170,202,265,200,198,233,261
경기도 군포시 군포2동(4141052000),"40,168","6,270",165,179,158,174,178,166,197,246,261,302,337,373,408,425,443,450,452,447,469,440
경기도 군포시 산본1동(4141054000),"14,081",899,55,37,32,25,31,31,27,34,35,47,39,38,50,52,53,64,68,54,57,70
경기도 군포시 산본2동(4141055000),"24,535","3,669",119,138,122,119,129,143,114,134,139,169,207,189,224,208,245,241,236,258,278,257
경기도 군포시 금정동(4141056000),"18,401","1,751",76,68,58,53,56,61,52,61,56,89,84,93,74,106,108,112,123,125,153,143
경기도 군포시 재궁동(4141057000),"16,771","1,609",102,73,48,52,62,37,50,53,63,73,74,83,89,95,92,112,94,116,120,121
경기도 군포시 오금동(4141058000),"19,400","2,559",139,103,101,76,97,81,92,98,76,103,134,131,156,146,187,172,152,156,186,173
경기도 군포시 수리동(4141059000),"14,784","1,724",66,51,45,57,49,42,49,56,56,74,76,100,118,131,102,122,133,105,145,147
경기도 군포시 궁내동(4141060000),"19,160","3,635",77,65,71,85,91,89,111,130,171,161,189,220,231,258,274,302,265,290,278,277
경기도 군포시 대야동(4141061000),"8,872","1,135",53,39,28,43,42,50,27,33,36,42,61,61,58,76,71,81,88,64,83,99
경기도 군포시 광정동(4141062000),"22,802","3,037",127,103,96,84,84,89,93,93,106,127,127,172,182,193,207,228,223,231,234,238
경기도 군포시 송부동(4141063000),"20,129","4,017",123,136,123,125,151,160,196,208,192,258,265,240,237,259,231,235,208,234,228,208
경기도 의왕시 고천동(4143051000),"17,819","3,129",308,319,271,259,194,175,153,148,129,109,117,117,95,107,96,116,100,94,124,98
경기도 의왕시 부곡동(4143052000),"28,524","4,228",258,209,155,213,218,208,185,179,196,220,255,208,202,214,215,229,175,234,231,224
경기도 의왕시 오전동(4143053000),"32,517","4,787",167,152,138,154,142,176,162,176,201,226,284,305,285,280,293,315,307,323,346,355
경기도 의왕시 내손1동(4143054000),"19,470","2,738",78,76,88,87,115,111,92,126,140,135,154,160,148,174,144,171,177,161,174,227
경기도 의왕시 내손2동(4143055000),"30,744","5,236",330,328,252,252,281,243,237,245,233,245,276,238,270,245,266,267,244,258,262,264
경기도 의왕시 청계동(4143056000),"37,466","5,141",202,191,221,209,225,231,216,224,242,288,282,318,267,292,294,282,268,280,304,305
경기도 하남시 천현동(4145051000),"5,672",443,12,11,16,7,16,12,18,17,12,20,21,20,36,29,31,30,30,37,36,32
경기도 하남시 신장1동(4145052000),"7,069",527,43,35,16,18,18,13,12,16,23,16,23,30,32,38,32,30,27,37,32,36
경기도 하남시 신장2동(4145053000),"44,718","6,602",355,317,287,260,248,267,244,323,299,351,366,345,340,362,401,376,382,334,366,379
경기도 하남시 덕풍1동(4145054000),"13,821","1,417",66,73,63,48,56,50,60,68,67,63,68,86,63,79,81,74,81,68,114,89
경기도 하남시 덕풍2동(4145055000),"17,117","1,696",94,99,81,78,82,67,74,70,79,88,72,88,73,87,96,91,89,96,105,87
경기도 하남시 덕풍3동(4145056000),"27,487","4,300",134,131,119,134,185,218,197,185,212,236,240,217,220,283,245,274,249,253,302,266
경기도 하남시 감북동(4145058000),"3,218",258,16,24,9,13,8,14,7,6,4,14,9,10,12,12,13,16,15,14,22,20
경기도 하남시 감일동(4145058200),"39,590","9,680",341,394,340,417,432,507,536,618,716,690,716,603,488,466,397,494,407,410,378,330
경기도 하남시 위례동(4145058500),"35,311","8,484",222,258,265,324,318,342,422,492,534,563,530,575,540,518,498,495,438,379,435,336
경기도 하남시 춘궁동(4145059000),700,36,1,2,0,2,2,2,1,0,1,4,2,4,4,0,3,1,2,2,2,1
경기도 하남시 초이동(4145060000),"2,838",229,13,11,9,10,12,14,10,11,10,11,10,11,9,11,10,18,14,11,6,18
경기도 하남시 미사1동(4145061000),"54,138","8,513",344,339,301,303,326,301,304,338,350,394,520,546,564,590,543,510,519,461,500,460
경기도 하남시 미사2동(4145062000),"46,276","10,342",372,351,338,334,323,372,349,397,469,508,590,702,703,711,806,724,651,543,609,490
경기도 하남시 미사3동(4145063000),"29,434","6,788",167,176,175,213,239,263,309,338,368,475,540,555,502,407,379,374,346,355,327,280
경기도 용인시 처인구 (4146100000),"288,583","46,517","1,694","1,585","1,493","1,512","1,602","1,715","1,777","1,842","2,017","2,214","2,459","2,506","2,477","2,532","2,709","2,781","2,504","2,548","3,735","4,815"
경기도 용인시 처인구 포곡읍(4146125000),"31,016","4,326",103,95,95,97,89,106,109,116,159,162,194,246,256,274,313,335,289,326,455,507
경기도 용인시 처인구 모현읍(4146125300),"34,746","5,294",243,232,228,234,211,251,231,236,255,253,302,294,276,303,291,327,281,271,303,272
경기도 용인시 처인구 이동읍(4146125600),"18,541","2,226",47,56,49,59,61,67,90,90,80,136,134,124,158,149,167,163,136,159,152,149
경기도 용인시 처인구 남사읍(4146125900),"23,431","5,081",140,155,133,149,182,187,233,237,278,303,369,346,351,341,366,306,287,254,265,199
경기도 용인시 처인구 양지읍(4146126200),"22,482","3,910",131,105,114,91,120,78,111,106,115,142,131,142,169,167,171,212,173,177,499,956
경기도 용인시 처인구 원삼면(4146134000),"8,068","1,204",13,9,10,12,11,16,12,20,32,28,33,30,42,39,40,40,58,46,251,462
경기도 용인시 처인구 백암면(4146135000),"7,871",827,11,6,9,9,15,9,9,17,28,24,28,18,24,28,24,34,45,37,181,271
경기도 용인시 처인구 중앙동(4146151000),"26,626","3,402",130,111,115,104,133,133,128,129,145,175,184,182,175,198,213,249,198,218,235,247
경기도 용인시 처인구 역북동(4146152500),"34,595","6,306",277,254,238,237,231,254,264,295,299,342,367,399,328,370,361,350,332,336,346,426
경기도 용인시 처인구 삼가동(4146152600),"16,386","2,245",113,120,69,82,84,92,69,75,76,104,115,133,101,111,157,148,133,131,174,158
경기도 용인시 처인구 유림1동(4146153500),"14,221","2,376",91,77,73,73,62,70,89,62,67,77,68,89,78,74,91,98,89,97,352,599
경기도 용인시 처인구 유림2동(4146153600),"38,314","8,061",361,334,330,334,369,415,392,404,430,405,464,435,435,404,435,430,399,416,421,448
경기도 용인시 처인구 동부동(4146154000),"12,286","1,259",34,31,30,31,34,37,40,55,53,63,70,68,84,74,80,89,84,80,101,121
경기도 용인시 기흥구 (4146300000),"434,133","74,110","2,375","2,321","2,159","2,140","2,308","2,445","2,588","2,892","3,168","3,560","4,246","4,431","4,408","4,732","5,193","5,078","4,886","4,778","5,264","5,138"
경기도 용인시 기흥구 신갈동(4146351000),"36,024","5,183",325,256,215,189,162,181,173,187,191,235,245,271,260,312,325,346,295,312,341,362
경기도 용인시 기흥구 영덕1동(4146351600),"34,349","6,322",216,213,222,215,244,245,280,269,292,280,380,378,343,419,414,401,362,361,390,398
경기도 용인시 기흥구 영덕2동(4146351700),"19,117","3,141",168,157,153,138,143,161,181,185,186,182,187,202,163,144,147,157,108,108,127,144
경기도 용인시 기흥구 구갈동(4146352000),"39,849","5,956",293,265,218,239,225,218,239,215,261,315,337,361,356,336,381,330,315,290,378,384
경기도 용인시 기흥구 상갈동(4146353000),"12,485","1,464",80,59,61,42,45,55,36,53,63,70,64,80,72,80,89,97,93,104,108,113
경기도 용인시 기흥구 보라동(4146353500),"32,350","5,592",116,144,154,135,162,134,178,206,211,268,302,324,353,356,407,425,433,412,460,412
경기도 용인시 기흥구 기흥동(4146354000),"20,595","2,808",85,83,67,61,85,94,86,95,134,152,161,170,159,170,181,223,210,175,213,204
경기도 용인시 기흥구 서농동(4146355000),"24,480","4,745",169,178,140,166,160,163,158,196,233,236,313,292,316,294,372,298,265,243,270,283
경기도 용인시 기흥구 구성동(4146356000),"38,181","6,038",152,157,128,148,167,168,179,199,229,300,325,343,342,409,471,435,448,445,507,486
경기도 용인시 기흥구 마북동(4146357000),"33,548","4,907",208,199,180,187,171,172,201,184,193,222,260,267,280,263,332,309,322,308,327,322
경기도 용인시 기흥구 동백1동(4146357200),"30,738","6,632",102,114,129,126,165,175,175,221,269,299,386,425,427,451,515,538,514,520,569,512
경기도 용인시 기흥구 동백2동(4146357500),"25,880","5,293",73,61,75,73,94,115,129,157,188,233,300,312,370,428,413,444,450,431,489,458
경기도 용인시 기흥구 동백3동(4146357700),"27,735","6,079",183,204,184,193,213,237,236,277,286,292,365,378,367,399,426,385,366,390,352,346
경기도 용인시 기흥구 상하동(4146358600),"22,705","3,122",75,83,83,70,80,86,103,135,124,127,175,184,185,215,231,207,218,225,253,263
경기도 용인시 기흥구 보정동(4146359000),"36,097","6,828",130,148,150,158,192,241,234,313,308,349,446,444,415,456,489,483,487,454,480,451
경기도 용인시 수지구 (4146500000),"368,721","72,265","2,407","2,162","2,017","2,227","2,335","2,563","2,736","3,118","3,355","3,905","4,270","4,653","4,660","4,692","4,652","4,854","4,381","4,485","4,555","4,238"
경기도 용인시 수지구 풍덕천1동(4146551000),"30,065","4,767",258,183,156,175,157,168,147,185,173,250,229,256,266,252,328,289,328,328,328,311
경기도 용인시 수지구 풍덕천2동(4146552000),"41,196","9,627",359,295,245,246,293,330,393,455,490,569,636,702,661,618,629,632,553,533,545,443
경기도 용인시 수지구 신봉동(4146553000),"40,961","8,387",210,203,218,228,260,280,298,356,384,406,484,540,537,571,519,606,560,560,594,573
경기도 용인시 수지구 죽전1동(4146554000),"28,836","4,928",167,163,150,143,168,142,169,185,190,233,264,280,295,319,350,321,341,353,370,325
경기도 용인시 수지구 죽전2동(4146555000),"16,965","2,372",169,139,109,120,87,98,70,73,79,105,133,109,119,125,120,131,144,154,147,141
경기도 용인시 수지구 죽전3동(4146555500),"26,369","4,459",161,143,108,120,123,121,157,138,191,238,239,262,266,301,291,307,296,266,340,391
경기도 용인시 수지구 동천동(4146556000),"50,780","10,116",347,344,347,350,373,428,410,446,494,571,632,708,700,669,601,634,517,550,521,474
경기도 용인시 수지구 상현1동(4146557000),"19,568","4,283",129,114,104,140,143,181,206,195,202,232,260,247,274,275,284,282,249,268,266,232
경기도 용인시 수지구 상현2동(4146558000),"32,384","6,642",219,186,188,214,187,232,252,280,332,353,372,425,450,467,430,477,361,423,423,371
경기도 용인시 수지구 상현3동(4146558500),"27,084","5,236",155,156,130,168,181,174,196,235,249,300,308,341,316,336,331,374,300,350,336,300
경기도 용인시 수지구 성복동(4146559000),"54,513","11,448",233,236,262,323,363,409,438,570,571,648,713,783,776,759,769,801,732,700,685,677
경기도 파주시 문산읍(4148025000),"47,809","8,423",267,243,240,271,284,315,370,372,377,455,504,510,530,527,574,566,543,505,529,441
경기도 파주시 파주읍(4148025300),"13,157","1,096",35,30,28,40,25,36,43,31,44,53,45,67,59,75,85,81,81,81,78,79
경기도 파주시 법원읍(4148025600),"8,992",589,20,14,15,11,15,12,21,14,16,23,17,37,31,47,36,48,58,37,72,45
경기도 파주시 조리읍(4148026200),"27,203","3,174",55,71,54,62,70,86,84,98,130,156,195,217,210,223,210,238,253,251,276,235
경기도 파주시 월롱면(4148031000),"7,423",288,10,6,7,8,8,5,6,4,16,12,20,15,14,28,23,24,21,17,17,27
경기도 파주시 탄현면(4148032000),"14,297","1,311",40,36,24,34,43,47,26,78,53,57,74,75,83,71,78,105,91,80,109,107
경기도 파주시 광탄면(4148035000),"9,952",731,16,23,21,23,20,18,28,26,29,42,39,41,41,60,45,52,49,56,50,52
경기도 파주시 파평면(4148036000),"3,334",159,2,1,2,1,3,2,2,6,7,9,6,8,13,13,10,14,10,13,17,20
경기도 파주시 적성면(4148037000),"6,298",635,47,25,31,34,15,32,37,24,29,20,36,27,31,33,28,34,32,42,41,37
경기도 파주시 장단면(4148039000),687,54,1,0,2,0,1,1,0,1,3,3,1,3,4,7,3,2,8,5,6,3
경기도 파주시 금촌1동(4148051000),"22,031","1,786",63,55,52,45,59,57,54,68,77,83,90,93,95,108,135,126,118,125,135,148
경기도 파주시 금촌2동(4148052000),"29,603","4,932",106,117,101,101,116,111,142,174,208,249,288,307,330,356,362,412,363,366,365,358
경기도 파주시 금촌3동(4148053000),"24,024","3,413",104,68,83,87,96,104,147,123,135,144,199,228,215,256,247,277,212,204,247,237
경기도 파주시 교하동(4148054000),"6,946",589,15,9,11,15,21,17,20,22,25,30,38,38,32,34,49,34,49,39,43,48
경기도 파주시 운정1동(4148055000),"58,759","11,315",467,481,379,388,382,405,473,480,534,578,615,678,638,674,706,741,636,675,693,692
경기도 파주시 운정2동(4148056000),"63,781","15,069",401,404,406,414,532,547,602,729,734,883,955,"1,084","1,041","1,013","1,092","1,020",877,794,849,692
경기도 파주시 운정3동(4148057000),"66,956","13,781",304,321,305,370,423,489,523,571,684,787,894,935,889,875,895,946,874,919,886,891
경기도 파주시 운정4동(4148058000),"24,459","3,122",111,108,104,94,134,95,137,135,136,172,154,190,172,171,207,206,188,195,207,206
경기도 파주시 운정5동(4148059000),"58,843","13,420",614,623,555,547,656,663,639,681,691,680,759,719,757,705,764,701,676,640,725,625
경기도 파주시 운정6동(4148060000),"41,138","10,456",650,598,640,688,795,728,676,639,608,527,582,462,427,395,379,392,353,289,329,299
경기도 이천시 장호원읍(4150025000),"13,933","1,756",65,43,50,48,61,54,71,57,75,86,104,105,87,101,122,126,129,106,128,138
경기도 이천시 부발읍(4150025300),"35,520","5,604",181,163,139,143,145,160,170,205,228,258,324,338,332,399,423,415,379,399,427,376
경기도 이천시 신둔면(4150031000),"13,794","1,737",46,47,51,40,44,61,61,69,78,81,101,107,97,106,104,98,88,74,164,220
경기도 이천시 백사면(4150032000),"12,545","1,483",84,69,49,61,60,62,52,47,67,58,80,62,83,92,96,94,105,86,88,88
경기도 이천시 호법면(4150033000),"6,367","1,312",16,15,10,10,12,21,10,14,12,16,28,27,30,20,28,36,29,35,308,635
경기도 이천시 마장면(4150034000),"17,101","3,605",169,154,132,149,121,135,123,144,128,122,180,167,146,133,133,144,112,116,385,712
경기도 이천시 대월면(4150035000),"14,682","1,931",102,83,75,74,69,73,78,95,84,106,100,129,109,105,135,129,96,82,115,92
경기도 이천시 모가면(4150036000),"3,952",191,4,4,4,2,6,4,7,8,7,7,8,9,10,5,14,16,14,15,23,24
경기도 이천시 설성면(4150037000),"4,097",212,6,5,5,3,7,7,7,3,8,15,7,27,10,14,24,12,17,12,15,8
경기도 이천시 율면(4150038000),"2,398",112,5,3,1,3,5,5,2,6,3,4,4,7,4,5,3,12,12,11,8,9
경기도 이천시 창전동(4150051000),"14,710","1,572",30,39,36,35,36,48,47,31,49,80,74,105,99,93,115,128,110,129,151,137
경기도 이천시 증포동(4150051500),"55,822","12,461",402,392,333,380,397,359,455,552,587,693,742,804,765,808,849,881,749,779,834,700
경기도 이천시 중리동(4150052000),"20,915","2,970",203,172,167,146,155,143,139,152,153,143,150,116,147,144,132,142,144,122,143,157
경기도 이천시 관고동(4150053000),"11,196","1,523",75,70,67,57,89,81,72,53,60,80,98,67,75,83,62,87,99,79,86,83
경기도 안성시 공도읍(4155025000),"71,166","12,650",483,483,411,402,415,421,481,507,540,597,647,729,758,788,831,890,802,833,845,787
경기도 안성시 보개면(4155031000),"4,693",303,5,6,5,6,9,6,10,7,11,12,18,20,18,28,23,20,22,25,24,28
경기도 안성시 금광면(4155032000),"6,696",609,15,16,16,14,17,10,17,32,23,22,35,33,28,47,39,54,41,47,58,45
경기도 안성시 서운면(4155033000),"2,912",118,5,3,5,3,1,3,4,4,4,5,9,5,7,7,7,12,10,5,14,5
경기도 안성시 미양면(4155034000),"5,179",291,10,9,8,7,6,8,6,17,13,17,16,17,17,24,23,23,15,20,15,20
경기도 안성시 대덕면(4155035000),"14,196","1,661",46,48,50,51,51,52,56,75,101,115,102,127,92,112,92,121,81,86,87,116
경기도 안성시 양성면(4155036000),"4,807",260,4,9,5,3,9,4,6,10,9,12,8,15,15,18,17,25,19,24,27,21
경기도 안성시 원곡면(4155038000),"6,344",572,23,21,17,23,26,17,32,26,26,25,30,29,20,39,26,33,25,37,41,56
경기도 안성시 일죽면(4155039000),"6,959",609,10,7,11,13,17,25,14,15,24,20,24,26,29,32,29,39,41,41,80,112
경기도 안성시 죽산면(4155040000),"6,757",610,5,7,7,10,10,6,11,18,14,22,20,26,25,37,30,34,40,40,84,164
경기도 안성시 삼죽면(4155041000),"4,104",558,2,3,4,6,4,5,6,2,12,4,5,7,6,6,9,10,14,16,142,295
경기도 안성시 고삼면(4155042000),"1,747",90,2,2,3,4,1,1,2,2,8,6,5,6,6,8,4,3,5,9,5,8
경기도 안성시 안성1동(4155051000),"10,726","1,179",29,25,30,37,28,31,35,40,47,49,69,79,60,95,92,78,91,92,84,88
경기도 안성시 안성2동(4155052000),"26,290","4,284",151,162,151,158,164,155,165,180,187,194,252,244,246,253,298,303,239,265,248,269
경기도 안성시 안성3동(4155053000),"26,908","4,506",148,144,150,146,169,166,195,187,169,216,267,256,247,269,290,298,270,308,309,302
경기도 김포시 통진읍(4157025000),"34,530","4,448",164,157,139,181,155,194,190,197,220,198,245,229,256,272,261,317,261,270,278,264
경기도 김포시 고촌읍(4157025300),"52,019","11,911",304,357,386,396,460,469,474,557,641,759,872,869,900,874,783,709,545,560,578,418
경기도 김포시 양촌읍(4157025600),"30,379","4,043",135,137,105,116,128,140,138,167,189,196,234,250,225,250,284,265,273,273,299,239
경기도 김포시 대곶면(4157034000),"8,845",576,10,11,10,13,25,17,20,33,36,36,29,37,25,29,33,34,44,41,44,49
경기도 김포시 월곶면(4157035000),"5,097",254,3,13,5,2,10,8,11,7,14,8,14,19,12,13,19,17,21,19,21,18
경기도 김포시 하성면(4157036000),"7,460",534,4,11,13,14,19,12,14,16,25,28,25,39,32,38,38,43,36,45,28,54
경기도 김포시 김포본동(4157051500),"56,579","9,516",277,294,266,294,367,348,425,438,444,501,586,612,558,552,668,621,547,586,569,563
경기도 김포시 장기본동(4157052500),"38,544","8,699",200,182,181,236,220,215,286,325,358,473,540,537,577,650,664,677,589,643,622,524
경기도 김포시 사우동(4157054000),"20,484","2,636",63,77,84,70,101,63,88,92,103,113,134,151,146,191,179,200,190,214,200,177
경기도 김포시 풍무동(4157055000),"59,433","11,113",359,336,349,381,402,427,437,469,482,584,672,693,734,658,753,757,667,661,639,653
경기도 김포시 장기동(4157056000),"40,179","9,213",208,223,222,274,318,316,360,423,482,481,619,623,577,629,648,628,643,566,524,449
경기도 김포시 구래동(4157057000),"45,906","9,519",339,335,288,341,347,411,451,468,501,577,626,631,626,589,621,594,509,436,411,418
경기도 김포시 마산동(4157057500),"35,475","8,242",296,302,272,325,349,333,400,438,460,497,587,574,610,493,533,479,392,339,320,243
경기도 김포시 운양동(4157058000),"48,749","11,550",293,260,275,324,377,439,523,591,656,751,829,803,742,780,849,717,609,618,609,505
경기도 화성시 만세구 (4159100000),"234,222","38,567","1,296","1,222","1,282","1,325","1,331","1,538","1,676","1,696","1,926","2,026","2,297","2,426","2,364","2,357","2,503","2,537","2,227","2,306","2,218","2,014"
경기도 화성시 만세구 우정읍(4159125000),"16,490","1,595",28,27,41,31,35,34,41,53,68,65,75,93,98,91,126,141,122,152,142,132
경기도 화성시 만세구 향남읍(4159125300),"84,720","16,640",461,412,436,444,501,604,683,668,793,802,985,"1,024","1,114","1,125","1,134","1,200","1,096","1,110","1,084",964
경기도 화성시 만세구 남양읍(4159125600),"60,486","9,822",518,471,444,447,432,425,466,432,494,544,564,564,528,500,571,572,459,498,461,432
경기도 화성시 만세구 마도면(4159131000),"6,417",378,11,4,7,9,6,13,7,14,15,25,18,35,14,24,34,23,32,33,28,26
경기도 화성시 만세구 송산면(4159132000),"10,145",818,15,21,21,31,24,29,28,29,32,25,41,42,60,54,64,60,55,71,68,48
경기도 화성시 만세구 서신면(4159133000),"6,935",359,6,6,13,6,9,14,10,10,13,13,23,21,19,31,33,33,18,21,31,29
경기도 화성시 만세구 팔탄면(4159134000),"9,129",492,8,13,14,14,11,18,14,15,15,27,24,42,31,39,27,35,20,41,43,41
경기도 화성시 만세구 장안면(4159135000),"9,207",688,14,15,17,19,12,20,20,32,26,30,30,39,46,45,51,61,47,60,47,57
경기도 화성시 만세구 양감면(4159136000),"3,639",169,6,5,5,5,1,4,3,10,6,10,11,10,4,6,12,9,12,16,17,17
경기도 화성시 만세구 새솔동(4159151000),"27,054","7,606",229,248,284,319,300,377,404,433,464,485,526,556,450,442,451,403,366,304,297,268
경기도 화성시 효행구 (4159300000),"160,959","29,072","1,530","1,436","1,349","1,297","1,293","1,273","1,207","1,300","1,283","1,426","1,492","1,577","1,481","1,539","1,646","1,736","1,557","1,482","1,610","1,558"
경기도 화성시 효행구 봉담읍(4159325000),"112,645","23,062","1,168","1,073","1,029","1,029","1,015","1,047",966,"1,060","1,058","1,156","1,214","1,288","1,171","1,253","1,317","1,363","1,237","1,139","1,262","1,217"
경기도 화성시 효행구 매송면(4159331000),"6,139",387,11,9,9,11,13,9,12,13,10,12,26,18,22,20,33,32,40,31,27,29
경기도 화성시 효행구 비봉면(4159332000),"16,613","2,323",252,236,193,169,160,123,111,89,86,107,98,83,78,84,93,85,78,58,81,59
경기도 화성시 효행구 정남면(4159333000),"10,088",694,18,25,13,21,15,13,17,31,23,31,32,36,42,43,46,52,42,56,62,76
경기도 화성시 효행구 기배동(4159351000),"15,474","2,606",81,93,105,67,90,81,101,107,106,120,122,152,168,139,157,204,160,198,178,177
경기도 화성시 병점구 (4159500000),"175,182","32,697","1,501","1,280","1,203","1,290","1,340","1,378","1,441","1,503","1,582","1,677","1,794","1,827","1,791","1,845","1,938","1,968","1,783","1,805","1,915","1,836"
경기도 화성시 병점구 진안동(4159551000),"50,300","8,969",432,382,376,428,450,452,516,472,512,503,519,500,431,473,451,462,385,388,444,393
경기도 화성시 병점구 병점1동(4159552000),"36,306","6,166",308,250,206,234,212,223,244,282,273,329,335,374,353,342,374,377,350,359,348,393
경기도 화성시 병점구 병점2동(4159553000),"21,974","4,266",113,85,72,71,92,86,99,118,144,170,216,254,256,310,352,359,327,379,377,386
경기도 화성시 병점구 반월동(4159554000),"37,273","8,937",409,371,324,345,371,406,420,457,468,456,515,493,533,493,547,523,500,449,474,383
경기도 화성시 병점구 화산동(4159555000),"29,329","4,359",239,192,225,212,215,211,162,174,185,219,209,206,218,227,214,247,221,230,272,281
경기도 화성시 동탄구 (4159700000),"430,101","106,015","4,638","4,208","3,705","3,785","4,223","4,330","4,415","4,749","5,102","5,795","6,395","6,552","6,449","6,604","6,700","6,474","5,937","5,628","5,575","4,751"
경기도 화성시 동탄구 동탄1동(4159751000),"49,967","10,526",460,406,358,371,375,361,404,420,457,541,576,618,634,651,660,692,630,631,654,627
경기도 화성시 동탄구 동탄2동(4159752000),"33,626","8,427",119,108,98,142,183,233,266,277,350,437,497,566,604,659,698,705,678,647,634,526
경기도 화성시 동탄구 동탄3동(4159753000),"39,862","8,468",411,333,280,231,300,278,298,318,335,431,440,482,543,554,576,572,571,524,504,487
경기도 화성시 동탄구 동탄4동(4159754000),"52,587","15,833",459,465,410,443,562,554,577,731,742,848,953,"1,050","1,014","1,127","1,125","1,150","1,026",943,911,743
경기도 화성시 동탄구 동탄5동(4159755000),"47,862","10,434",688,569,411,407,450,449,426,452,479,517,612,626,558,610,658,583,525,529,480,405
경기도 화성시 동탄구 동탄6동(4159756000),"47,020","10,422",483,415,352,379,386,412,430,461,500,583,616,686,600,608,644,584,615,582,569,517
경기도 화성시 동탄구 동탄7동(4159757000),"57,473","14,520",627,563,537,514,594,618,580,669,691,827,914,894,898,935,943,887,754,745,740,590
경기도 화성시 동탄구 동탄8동(4159758000),"40,527","11,609",572,563,590,554,598,611,644,611,702,728,811,681,668,597,556,520,425,413,435,330
경기도 화성시 동탄구 동탄9동(4159759000),"61,177","15,776",819,786,669,744,775,814,790,810,846,883,976,949,930,863,840,781,713,614,648,526
경기도 광주시 초월읍(4161025300),"52,283","8,456",321,297,305,298,304,340,312,351,379,375,390,415,431,428,524,517,472,474,710,813
경기도 광주시 곤지암읍(4161025900),"20,865","2,112",36,52,51,70,57,78,68,96,89,111,130,114,118,125,146,157,133,137,172,172
경기도 광주시 도척면(4161033000),"8,934",781,11,30,17,20,34,23,19,29,23,32,40,40,47,57,50,74,57,60,57,61
경기도 광주시 퇴촌면(4161034000),"15,400","1,785",25,38,39,42,46,51,49,64,78,77,123,116,141,128,146,147,124,117,117,117
경기도 광주시 남종면(4161035000),"1,348",45,2,1,1,0,1,0,0,0,0,2,3,3,2,5,2,5,2,3,8,5
경기도 광주시 남한산성면(4161037000),"2,173",243,6,2,4,5,4,10,14,25,15,25,13,29,19,12,7,14,7,12,9,11
경기도 광주시 경안동(4161051000),"32,019","5,507",230,227,215,240,256,228,260,270,306,293,294,357,275,299,313,324,283,303,278,256
경기도 광주시 송정동(4161052000),"24,488","3,475",133,127,116,107,139,136,150,169,150,185,189,195,187,188,234,237,187,221,226,199
경기도 광주시 쌍령동(4161054000),"17,004","2,643",119,104,92,80,103,104,103,118,138,140,162,192,142,166,160,152,142,139,126,161
경기도 광주시 탄벌동(4161055000),"42,184","5,648",181,184,170,188,212,203,203,242,253,282,316,360,294,329,360,379,348,342,410,392
경기도 광주시 광남1동(4161056000),"30,989","3,715",152,150,134,160,154,171,140,165,152,180,234,196,194,219,203,233,206,189,254,229
경기도 광주시 광남2동(4161057000),"32,955","8,210",279,281,286,230,292,304,364,392,446,469,543,548,532,562,540,511,420,432,420,359
경기도 광주시 오포1동(4161058000),"30,329","6,646",259,268,251,308,353,379,456,395,433,441,432,398,379,321,334,314,290,223,217,195
경기도 광주시 오포2동(4161059000),"31,940","5,491",168,164,124,174,146,184,188,218,288,258,344,317,337,385,370,407,346,364,356,353
경기도 광주시 신현동(4161060000),"35,852","4,847",220,178,180,219,213,166,219,213,253,277,339,284,322,259,284,289,203,239,257,233
경기도 광주시 능평동(4161061000),"22,483","3,172",83,121,77,106,124,124,137,150,158,203,217,230,208,200,207,174,160,161,168,164
경기도 양주시 백석읍(4163025000),"25,511","2,830",64,52,61,60,62,77,86,107,91,125,151,144,176,181,206,255,228,230,241,233
경기도 양주시 은현면(4163031000),"4,892",260,3,6,7,7,4,10,4,8,12,4,17,7,15,19,15,19,21,24,26,32
경기도 양주시 남면(4163032000),"5,793",473,20,17,11,20,14,17,18,18,23,16,25,29,29,32,41,34,32,23,36,18
경기도 양주시 광적면(4163033000),"10,327",958,18,28,25,28,22,26,34,31,34,45,44,69,60,68,78,61,72,68,76,71
경기도 양주시 장흥면(4163034000),"13,599","1,065",76,75,46,52,46,53,54,50,52,48,49,46,54,45,49,38,52,56,58,66
경기도 양주시 양주1동(4163051000),"4,424",297,3,6,6,6,11,11,4,8,10,9,15,15,18,30,20,22,25,20,27,31
경기도 양주시 양주2동(4163052000),"49,055","8,392",162,171,205,221,204,244,243,283,314,400,485,529,506,559,637,642,623,681,657,626
경기도 양주시 회천1동(4163053000),"10,600","1,326",55,51,66,66,62,59,56,51,60,67,62,64,70,65,77,68,75,74,82,96
경기도 양주시 회천2동(4163054000),"46,821","7,898",436,424,409,413,390,400,410,393,409,401,397,392,345,366,422,363,369,331,386,442
경기도 양주시 회천3동(4163055000),"24,675","3,784",103,119,97,94,99,143,128,141,168,165,245,236,242,226,254,269,253,265,300,237
경기도 양주시 옥정1동(4163057000),"42,627","8,947",486,495,424,467,483,458,464,514,470,508,492,459,459,492,488,412,379,335,338,324
경기도 양주시 옥정2동(4163058000),"59,281","15,145",611,577,570,714,665,684,745,760,840,866,"1,002",933,861,887,891,851,741,660,699,588
경기도 포천시 소흘읍(4165025000),"42,798","5,845",166,152,151,159,153,181,193,236,250,279,292,311,305,378,386,440,402,437,496,478
경기도 포천시 군내면(4165031000),"9,780","1,200",60,63,40,53,58,50,55,55,59,65,56,73,67,55,73,69,67,58,64,60
경기도 포천시 내촌면(4165032000),"4,046",158,7,5,7,2,2,5,6,1,5,8,8,6,19,10,15,11,8,12,10,11
경기도 포천시 가산면(4165033000),"7,487",455,14,15,12,12,11,13,20,12,16,18,25,21,24,41,34,30,35,28,38,36
경기도 포천시 신북면(4165034000),"10,862",954,29,41,25,22,27,27,31,40,48,44,45,52,47,53,64,63,80,66,72,78
경기도 포천시 창수면(4165035000),"1,897",71,0,0,1,0,2,0,4,6,2,5,5,2,6,4,5,8,6,4,4,7
경기도 포천시 영중면(4165036000),"4,393",263,9,5,2,6,7,8,5,9,8,9,15,18,17,21,25,24,23,15,23,14
경기도 포천시 일동면(4165037000),"8,629",864,31,11,22,16,29,20,27,35,35,40,45,53,47,50,65,70,67,60,79,62
경기도 포천시 이동면(4165038000),"5,511",549,44,32,31,31,31,27,13,28,31,29,21,32,35,24,19,24,25,27,18,27
경기도 포천시 영북면(4165039000),"7,191",796,45,34,42,45,46,26,40,36,40,55,37,54,48,39,51,31,30,36,32,29
경기도 포천시 관인면(4165040000),"2,395",113,1,3,3,3,3,3,3,1,2,5,7,4,4,7,11,15,9,5,9,15
경기도 포천시 화현면(4165041000),"2,353",191,6,6,9,7,13,5,8,11,11,5,13,12,8,9,10,12,8,9,14,15
경기도 포천시 포천동(4165051000),"19,082","2,331",78,78,82,68,90,85,98,77,101,108,122,137,134,138,148,141,163,156,158,169
경기도 포천시 선단동(4165052000),"13,973","1,265",34,35,38,32,35,39,45,42,46,61,76,68,71,83,81,82,86,88,114,109
경기도 여주시 가남읍(4167025000),"13,897","1,415",33,32,37,31,42,41,52,58,64,57,79,84,93,93,100,99,123,103,95,99
경기도 여주시 점동면(4167031000),"4,549",336,5,3,8,12,12,16,15,22,19,17,13,24,20,27,16,14,25,23,33,12
경기도 여주시 흥천면(4167032000),"4,811",319,10,4,7,8,12,6,11,13,11,15,14,13,21,24,26,22,18,30,27,27
경기도 여주시 금사면(4167033000),"2,788",147,4,4,3,5,4,7,6,3,6,3,1,7,6,12,7,16,11,14,16,12
경기도 여주시 세종대왕면(4167034500),"5,539",417,5,3,6,7,12,14,17,15,23,25,17,24,21,29,34,39,30,28,28,40
경기도 여주시 대신면(4167035000),"6,378",415,6,8,8,5,14,5,11,18,16,17,24,21,19,22,34,39,33,50,32,33
경기도 여주시 북내면(4167036000),"4,477",297,1,4,4,7,3,17,5,9,10,15,10,13,19,23,28,26,33,25,21,24
경기도 여주시 강천면(4167037000),"4,240",259,5,10,5,5,6,6,9,7,9,6,15,14,14,25,19,21,17,23,20,23
경기도 여주시 산북면(4167038000),"2,464",269,7,2,6,7,4,9,7,4,4,7,13,8,11,21,10,15,18,14,34,68
경기도 여주시 여흥동(4167051000),"20,576","2,347",60,54,58,76,70,58,63,80,102,102,122,126,150,144,168,171,176,159,189,219
경기도 여주시 중앙동(4167052000),"25,350","4,513",174,185,148,159,172,205,229,201,196,240,269,274,247,283,249,296,223,257,248,258
경기도 여주시 오학동(4167053000),"18,279","3,087",94,93,102,88,118,109,119,155,138,169,183,186,207,187,193,252,176,193,175,150
경기도 연천군 연천읍(4180025000),"8,265",969,73,80,58,43,57,51,49,42,43,57,61,51,37,38,33,37,38,32,40,49
경기도 연천군 전곡읍(4180025300),"19,618","2,817",109,81,67,83,85,109,118,133,114,136,148,162,158,195,163,226,177,189,188,176
경기도 연천군 군남면(4180031000),"2,945",154,2,3,6,1,0,2,3,7,10,5,12,2,14,13,9,8,15,12,13,17
경기도 연천군 청산면(4180032000),"3,890",232,7,9,6,6,4,7,11,7,13,12,8,17,13,20,12,16,14,14,19,17
경기도 연천군 백학면(4180033000),"2,470",147,1,2,0,4,3,6,5,4,5,9,6,4,10,11,12,14,10,14,16,11
경기도 연천군 미산면(4180034000),"1,698",70,2,0,5,2,2,4,2,3,3,3,7,1,4,2,5,4,5,5,2,9
경기도 연천군 왕징면(4180035000),977,43,2,0,1,0,2,3,0,2,0,1,1,1,1,2,1,7,2,8,5,4
경기도 연천군 신서면(4180036000),"2,388",110,0,0,3,2,3,2,4,2,2,6,9,9,7,7,7,4,10,11,7,15
경기도 연천군 중면(4180037000),162,9,0,1,0,0,1,0,0,0,0,0,1,0,0,1,1,1,1,0,1,1
경기도 연천군 장남면(4180038000),730,36,0,3,2,0,0,1,0,0,3,1,2,2,3,3,2,3,4,2,4,1
경기도 가평군 가평읍(4182025000),"21,115","2,728",116,96,92,81,78,95,85,115,108,135,163,155,150,163,194,191,179,180,189,163
경기도 가평군 설악면(4182031000),"10,024","1,092",41,25,48,30,43,29,53,37,54,61,50,66,57,67,63,71,77,59,81,80
경기도 가평군 청평면(4182032500),"13,080","1,058",15,23,20,22,37,37,40,24,53,53,65,55,46,64,88,77,73,96,83,87
경기도 가평군 상면(4182033000),"5,380",286,4,10,9,8,12,6,7,11,11,18,18,16,19,14,22,20,21,14,20,26
경기도 가평군 조종면(4182034500),"8,980","1,081",51,50,51,38,43,50,47,45,55,46,52,49,52,46,60,62,63,56,70,95
경기도 가평군 북면(4182035000),"3,467",210,1,3,3,6,4,8,8,9,4,10,8,15,13,7,18,17,16,20,19,21
경기도 양평군 양평읍(4183025000),"38,413","6,060",219,203,203,202,205,202,240,232,265,299,323,353,371,360,413,394,385,378,424,389
경기도 양평군 강상면(4183031000),"10,089","1,431",35,44,42,45,53,56,38,66,76,95,66,95,96,90,93,108,72,101,86,74
경기도 양평군 강하면(4183032000),"4,734",296,13,11,9,8,8,14,18,18,10,23,9,9,14,15,17,25,15,15,23,22
경기도 양평군 양서면(4183033000),"14,028","1,614",39,33,38,39,45,54,45,63,55,79,88,86,78,90,102,113,107,104,163,193
경기도 양평군 옥천면(4183034000),"7,913",827,19,23,12,27,30,26,33,32,34,50,49,46,41,55,69,65,60,56,58,42
경기도 양평군 서종면(4183035000),"9,812","1,237",16,23,24,31,26,30,35,50,62,85,63,90,97,82,85,120,72,76,93,77
경기도 양평군 단월면(4183036000),"3,823",269,6,4,6,4,3,7,6,6,10,4,12,15,17,35,39,19,23,20,20,13
경기도 양평군 청운면(4183037000),"3,642",170,3,3,2,3,4,1,7,7,8,14,15,8,15,16,14,11,8,11,9,11
경기도 양평군 양동면(4183038000),"4,421",251,5,7,7,3,12,9,8,6,9,12,13,8,16,18,22,16,23,23,18,16
경기도 양평군 지평면(4183039500),"6,528",433,13,10,12,15,6,15,11,20,22,22,29,17,28,25,32,24,30,30,34,38
경기도 양평군 용문면(4183040000),"18,748","2,504",78,83,69,71,56,82,70,97,109,112,139,165,137,169,151,167,157,146,210,236
경기도 양평군 개군면(4183041000),"4,986",399,6,8,10,7,6,13,12,16,16,21,22,31,21,24,34,29,26,35,24,38
